# Blender 4.5.4 LTS
# www.blender.org
mtllib robin-green-sh-scene.mtl
o floor
v -2.146089 -0.105304 2.166122
v 2.359635 -0.105304 2.166122
v -2.146089 -0.105304 -2.339602
v 2.359635 -0.105304 -2.339602
v -2.146089 -0.105304 2.166122
v 2.359635 -0.105304 2.166122
v -2.146089 -0.105304 -2.339602
v 2.359635 -0.105304 -2.339602
vn -0.0000 1.0000 -0.0000
vn -0.0000 -1.0000 -0.0000
vt 1.000000 0.000000
vt 0.000000 1.000000
vt 0.000000 0.000000
vt 1.000000 1.000000
s 0
usemtl Material.004
f 2/1/1 3/2/1 1/3/1
f 7/2/2 6/1/2 5/3/2
f 4/4/1 6/1/1 8/4/1
f 1/3/1 7/2/1 5/3/1
f 3/2/1 8/4/1 7/2/1
f 2/1/1 5/3/1 6/1/1
f 2/1/1 4/4/1 3/2/1
f 7/2/2 8/4/2 6/1/2
f 4/4/1 2/1/1 6/1/1
f 1/3/1 3/2/1 7/2/1
f 3/2/1 4/4/1 8/4/1
f 2/1/1 1/3/1 5/3/1
o wall_back
v -2.193585 -0.894675 1.436756
v 2.312139 -0.894675 1.436756
v -2.193585 3.611049 1.436756
v 2.312139 3.611049 1.436756
v -2.193585 -0.894675 1.436756
v 2.312139 -0.894675 1.436756
v -2.193585 3.611049 1.436756
v 2.312139 3.611049 1.436756
vn -0.0000 -0.0000 1.0000
vn -0.0000 -0.0000 -1.0000
vt 1.000000 0.000000
vt 0.000000 1.000000
vt 0.000000 0.000000
vt 1.000000 1.000000
s 0
usemtl Material.003
f 10/5/3 11/6/3 9/7/3
f 15/6/4 14/5/4 13/7/4
f 12/8/3 14/5/3 16/8/3
f 9/7/3 15/6/3 13/7/3
f 11/6/3 16/8/3 15/6/3
f 10/5/3 13/7/3 14/5/3
f 10/5/3 12/8/3 11/6/3
f 15/6/4 16/8/4 14/5/4
f 12/8/3 10/5/3 14/5/3
f 9/7/3 11/6/3 15/6/3
f 11/6/3 12/8/3 16/8/3
f 10/5/3 9/7/3 13/7/3
o wall_right
v 1.606773 -0.858166 2.166122
v 1.606773 -0.858166 -2.339602
v 1.606773 3.647558 2.166122
v 1.606773 3.647558 -2.339602
v 1.606773 -0.858166 2.166122
v 1.606773 -0.858166 -2.339602
v 1.606773 3.647558 2.166122
v 1.606773 3.647558 -2.339602
vn 1.0000 -0.0000 -0.0000
vn -1.0000 -0.0000 -0.0000
vt 1.000000 0.000000
vt 0.000000 1.000000
vt 0.000000 0.000000
vt 1.000000 1.000000
s 0
usemtl Material.003
f 18/9/5 19/10/5 17/11/5
f 23/10/6 22/9/6 21/11/6
f 18/9/5 21/11/5 22/9/5
f 20/12/5 22/9/5 24/12/5
f 17/11/5 23/10/5 21/11/5
f 19/10/5 24/12/5 23/10/5
f 18/9/5 20/12/5 19/10/5
f 23/10/6 24/12/6 22/9/6
f 18/9/5 17/11/5 21/11/5
f 20/12/5 18/9/5 22/9/5
f 17/11/5 19/10/5 23/10/5
f 19/10/5 20/12/5 24/12/5
o Torus
v 0.874175 0.141556 -1.312321
v 0.871952 0.149246 -1.312321
v 0.866094 0.154492 -1.312321
v 0.892635 0.160609 -1.312321
v 0.915584 0.040165 -1.312321
v 0.821069 0.117459 -1.312321
v 0.845548 0.141556 -1.312321
v 0.847148 0.134945 -1.312321
v 0.851760 0.129700 -1.312321
v 0.858615 0.127236 -1.312321
v 0.866094 0.128620 -1.312321
v 0.871952 0.133866 -1.312321
v 0.869604 0.141556 -1.382067
v 0.867400 0.149246 -1.381777
v 0.861591 0.154492 -1.381012
v 0.867460 0.158561 -1.401883
v 0.841834 0.161707 -1.419175
v 0.829395 0.138098 -1.402506
v 0.841221 0.141556 -1.378331
v 0.842808 0.134945 -1.378540
v 0.847380 0.129700 -1.379142
v 0.854177 0.127236 -1.380036
v 0.861591 0.128620 -1.381012
v 0.867400 0.133866 -1.381777
v 0.855968 0.141556 -1.450620
v 0.853820 0.149246 -1.450045
v 0.848162 0.154492 -1.448528
v 0.840938 0.155877 -1.446593
v 0.834316 0.153413 -1.444818
v 0.829862 0.148167 -1.443625
v 0.828316 0.141556 -1.443211
v 0.829862 0.134945 -1.443625
v 0.834316 0.129700 -1.444818
v 0.840938 0.127236 -1.446593
v 0.848162 0.128620 -1.448528
v 0.853820 0.133866 -1.450045
v 0.833501 0.141556 -1.516806
v 0.831447 0.149246 -1.515955
v 0.826034 0.154492 -1.513714
v 0.819125 0.155877 -1.510852
v 0.812792 0.153413 -1.508228
v 0.808531 0.148167 -1.506464
v 0.807052 0.141556 -1.505851
v 0.808531 0.134945 -1.506464
v 0.812792 0.129700 -1.508228
v 0.819125 0.127236 -1.510852
v 0.826034 0.128620 -1.513713
v 0.831447 0.133866 -1.515955
v 0.802587 0.141556 -1.579494
v 0.800661 0.149246 -1.578382
v 0.795588 0.154492 -1.575453
v 0.789111 0.155877 -1.571714
v 0.783174 0.153413 -1.568286
v 0.779181 0.148167 -1.565980
v 0.777795 0.141556 -1.565180
v 0.779181 0.134945 -1.565980
v 0.783174 0.129700 -1.568286
v 0.789111 0.127236 -1.571714
v 0.795588 0.128620 -1.575453
v 0.800661 0.133866 -1.578382
v 0.763755 0.141556 -1.637610
v 0.761991 0.149246 -1.636256
v 0.757343 0.154492 -1.632690
v 0.751410 0.155877 -1.628137
v 0.745971 0.153413 -1.623964
v 0.742313 0.148167 -1.621157
v 0.741043 0.141556 -1.620183
v 0.742313 0.134945 -1.621157
v 0.745971 0.129700 -1.623964
v 0.751410 0.127236 -1.628137
v 0.757343 0.128620 -1.632690
v 0.761991 0.133866 -1.636256
v 0.717669 0.141556 -1.690161
v 0.716097 0.149246 -1.688588
v 0.711955 0.154492 -1.684446
v 0.706666 0.155877 -1.679157
v 0.701819 0.153413 -1.674310
v 0.698558 0.148167 -1.671049
v 0.697427 0.141556 -1.669918
v 0.698558 0.134945 -1.671049
v 0.701819 0.129700 -1.674310
v 0.706666 0.127236 -1.679157
v 0.711955 0.128620 -1.684446
v 0.716097 0.133866 -1.688588
v 0.665119 0.141556 -1.736246
v 0.663765 0.149246 -1.734482
v 0.660199 0.154492 -1.729834
v 0.655646 0.155877 -1.723901
v 0.651473 0.153413 -1.718462
v 0.648666 0.148167 -1.714804
v 0.647692 0.141556 -1.713534
v 0.648666 0.134945 -1.714804
v 0.651473 0.129700 -1.718462
v 0.655646 0.127236 -1.723901
v 0.660199 0.128620 -1.729834
v 0.663765 0.133866 -1.734482
v 0.607003 0.141556 -1.775078
v 0.605891 0.149246 -1.773152
v 0.602962 0.154492 -1.768079
v 0.599223 0.155877 -1.761602
v 0.595795 0.153413 -1.755665
v 0.593489 0.148167 -1.751672
v 0.592689 0.141556 -1.750286
v 0.593489 0.134945 -1.751672
v 0.595795 0.129700 -1.755665
v 0.599223 0.127236 -1.761602
v 0.602962 0.128620 -1.768079
v 0.605891 0.133866 -1.773152
v 0.544315 0.141556 -1.805992
v 0.543465 0.149246 -1.803938
v 0.541223 0.154492 -1.798525
v 0.538361 0.155877 -1.791616
v 0.535737 0.153413 -1.785283
v 0.533973 0.148167 -1.781022
v 0.533360 0.141556 -1.779544
v 0.533973 0.134945 -1.781022
v 0.535737 0.129700 -1.785283
v 0.538361 0.127236 -1.791616
v 0.541223 0.128620 -1.798525
v 0.543465 0.133866 -1.803938
v 0.478129 0.141556 -1.828459
v 0.477553 0.149246 -1.826311
v 0.476037 0.154492 -1.820653
v 0.474102 0.155877 -1.813429
v 0.472327 0.153413 -1.806808
v 0.471134 0.148167 -1.802353
v 0.470720 0.141556 -1.800807
v 0.471134 0.134945 -1.802353
v 0.472327 0.129700 -1.806808
v 0.474102 0.127236 -1.813429
v 0.476037 0.128620 -1.820653
v 0.477553 0.133866 -1.826311
v 0.409576 0.141556 -1.842095
v 0.409286 0.149246 -1.839891
v 0.408521 0.154492 -1.834082
v 0.407545 0.155877 -1.826668
v 0.406650 0.153413 -1.819871
v 0.406048 0.148167 -1.815299
v 0.405840 0.141556 -1.813713
v 0.406048 0.134945 -1.815299
v 0.406650 0.129700 -1.819871
v 0.407545 0.127236 -1.826668
v 0.408521 0.128620 -1.834082
v 0.409286 0.133866 -1.839891
v 0.339830 0.141556 -1.846667
v 0.339830 0.149246 -1.844443
v 0.339830 0.154492 -1.838585
v 0.339830 0.155877 -1.831106
v 0.339830 0.153413 -1.824251
v 0.339830 0.148167 -1.819639
v 0.339830 0.141556 -1.818039
v 0.339830 0.134945 -1.819639
v 0.339830 0.129700 -1.824251
v 0.339830 0.127236 -1.831106
v 0.339830 0.128620 -1.838585
v 0.339830 0.133866 -1.844443
v 0.270084 0.141556 -1.842095
v 0.270374 0.149246 -1.839891
v 0.271139 0.154492 -1.834082
v 0.272115 0.155877 -1.826668
v 0.273010 0.153413 -1.819871
v 0.273612 0.148167 -1.815299
v 0.273821 0.141556 -1.813712
v 0.273612 0.134945 -1.815299
v 0.273010 0.129700 -1.819871
v 0.272115 0.127236 -1.826668
v 0.271139 0.128620 -1.834082
v 0.270374 0.133866 -1.839891
v 0.201532 0.141556 -1.828459
v 0.202107 0.149246 -1.826311
v 0.203623 0.154492 -1.820653
v 0.205559 0.155877 -1.813429
v 0.207333 0.153413 -1.806808
v 0.208527 0.148167 -1.802353
v 0.208941 0.141556 -1.800807
v 0.208527 0.134945 -1.802353
v 0.207333 0.129700 -1.806808
v 0.205559 0.127236 -1.813429
v 0.203623 0.128620 -1.820653
v 0.202107 0.133866 -1.826311
v 0.135345 0.141556 -1.805992
v 0.136196 0.149246 -1.803938
v 0.138438 0.154492 -1.798525
v 0.141300 0.155877 -1.791616
v 0.143923 0.153413 -1.785283
v 0.145688 0.148167 -1.781022
v 0.146300 0.141556 -1.779544
v 0.145688 0.134945 -1.781022
v 0.143923 0.129700 -1.785283
v 0.141300 0.127236 -1.791616
v 0.138438 0.128620 -1.798525
v 0.136196 0.133866 -1.803938
v 0.072658 0.141556 -1.775078
v 0.073769 0.149246 -1.773152
v 0.076699 0.154492 -1.768079
v 0.080438 0.155877 -1.761602
v 0.083865 0.153413 -1.755666
v 0.086171 0.148167 -1.751672
v 0.086971 0.141556 -1.750286
v 0.086171 0.134945 -1.751672
v 0.083865 0.129700 -1.755666
v 0.080438 0.127236 -1.761602
v 0.076699 0.128620 -1.768079
v 0.073769 0.133866 -1.773152
v 0.014541 0.141556 -1.736246
v 0.015895 0.149246 -1.734482
v 0.019461 0.154492 -1.729834
v 0.024014 0.155877 -1.723901
v 0.028187 0.153413 -1.718462
v 0.030995 0.148167 -1.714804
v 0.031969 0.141556 -1.713534
v 0.030995 0.134945 -1.714804
v 0.028187 0.129700 -1.718462
v 0.024014 0.127236 -1.723901
v 0.019461 0.128620 -1.729834
v 0.015895 0.133866 -1.734482
v -0.038009 0.141556 -1.690160
v -0.036437 0.149246 -1.688588
v -0.032294 0.154492 -1.684446
v -0.027006 0.155877 -1.679157
v -0.022159 0.153413 -1.674310
v -0.018898 0.148167 -1.671049
v -0.017766 0.141556 -1.669918
v -0.018898 0.134945 -1.671049
v -0.022159 0.129700 -1.674310
v -0.027006 0.127236 -1.679157
v -0.032294 0.128620 -1.684446
v -0.036437 0.133866 -1.688588
v -0.084094 0.141556 -1.637610
v -0.082330 0.149246 -1.636256
v -0.077683 0.154492 -1.632690
v -0.071749 0.155877 -1.628137
v -0.066311 0.153413 -1.623964
v -0.062652 0.148167 -1.621157
v -0.061383 0.141556 -1.620183
v -0.062652 0.134945 -1.621157
v -0.066311 0.129700 -1.623964
v -0.071749 0.127236 -1.628137
v -0.077683 0.128620 -1.632690
v -0.082330 0.133866 -1.636256
v -0.122926 0.141556 -1.579494
v -0.121001 0.149246 -1.578382
v -0.115927 0.154492 -1.575453
v -0.109450 0.155877 -1.571714
v -0.103514 0.153413 -1.568286
v -0.099520 0.148167 -1.565980
v -0.098134 0.141556 -1.565180
v -0.099520 0.134945 -1.565980
v -0.103514 0.129700 -1.568286
v -0.109450 0.127236 -1.571714
v -0.115927 0.128620 -1.575453
v -0.121001 0.133866 -1.578382
v -0.153840 0.141556 -1.516806
v -0.151786 0.149246 -1.515955
v -0.146374 0.154492 -1.513714
v -0.139464 0.155877 -1.510852
v -0.133131 0.153413 -1.508228
v -0.128871 0.148167 -1.506464
v -0.127392 0.141556 -1.505851
v -0.128871 0.134945 -1.506464
v -0.133131 0.129700 -1.508228
v -0.139464 0.127236 -1.510852
v -0.146374 0.128620 -1.513714
v -0.151786 0.133866 -1.515955
v -0.176308 0.141556 -1.450620
v -0.174160 0.149246 -1.450045
v -0.168501 0.154492 -1.448528
v -0.161277 0.155877 -1.446593
v -0.154656 0.153413 -1.444818
v -0.150201 0.148167 -1.443625
v -0.148656 0.141556 -1.443211
v -0.150201 0.134945 -1.443625
v -0.154656 0.129700 -1.444818
v -0.161277 0.127236 -1.446593
v -0.168501 0.128620 -1.448528
v -0.174160 0.133866 -1.450045
v -0.189944 0.141556 -1.382067
v -0.187739 0.149246 -1.381777
v -0.181931 0.154492 -1.381013
v -0.174516 0.155877 -1.380036
v -0.167720 0.153413 -1.379142
v -0.163148 0.148167 -1.378540
v -0.161561 0.141556 -1.378331
v -0.163148 0.134945 -1.378540
v -0.167720 0.129700 -1.379142
v -0.174516 0.127236 -1.380036
v -0.181931 0.128620 -1.381013
v -0.187739 0.133866 -1.381777
v -0.194515 0.141556 -1.312321
v -0.192291 0.149246 -1.312321
v -0.186433 0.154492 -1.312321
v -0.178955 0.155877 -1.312321
v -0.172100 0.153413 -1.312321
v -0.167488 0.148167 -1.312321
v -0.165887 0.141556 -1.312321
v -0.167488 0.134945 -1.312321
v -0.172100 0.129700 -1.312321
v -0.178955 0.127236 -1.312321
v -0.186433 0.128620 -1.312321
v -0.192291 0.133866 -1.312321
v -0.189944 0.141556 -1.242575
v -0.187739 0.149246 -1.242865
v -0.181931 0.154492 -1.243630
v -0.174516 0.155877 -1.244606
v -0.167720 0.153413 -1.245501
v -0.163148 0.148167 -1.246103
v -0.161561 0.141556 -1.246312
v -0.163148 0.134945 -1.246103
v -0.167720 0.129700 -1.245501
v -0.174516 0.127236 -1.244606
v -0.181931 0.128620 -1.243630
v -0.187739 0.133866 -1.242865
v -0.176308 0.141556 -1.174023
v -0.174160 0.149246 -1.174598
v -0.168501 0.154492 -1.176114
v -0.161277 0.155877 -1.178050
v -0.154656 0.153413 -1.179824
v -0.150201 0.148167 -1.181018
v -0.148656 0.141556 -1.181432
v -0.150201 0.134945 -1.181018
v -0.154656 0.129700 -1.179824
v -0.161277 0.127236 -1.178050
v -0.168501 0.128620 -1.176114
v -0.174160 0.133866 -1.174598
v -0.153841 0.141556 -1.107836
v -0.151786 0.149246 -1.108687
v -0.146374 0.154492 -1.110929
v -0.139465 0.155877 -1.113791
v -0.133131 0.153413 -1.116414
v -0.128871 0.148167 -1.118179
v -0.127392 0.141556 -1.118792
v -0.128871 0.134945 -1.118179
v -0.133131 0.129700 -1.116414
v -0.139465 0.127236 -1.113791
v -0.146374 0.128620 -1.110929
v -0.151786 0.133866 -1.108687
v -0.122926 0.141556 -1.045149
v -0.121001 0.149246 -1.046261
v -0.115927 0.154492 -1.049190
v -0.109451 0.155877 -1.052929
v -0.103514 0.153413 -1.056357
v -0.099520 0.148167 -1.058662
v -0.098134 0.141556 -1.059463
v -0.099520 0.134945 -1.058662
v -0.103514 0.129700 -1.056357
v -0.109451 0.127236 -1.052929
v -0.115927 0.128620 -1.049190
v -0.121001 0.133866 -1.046261
v -0.084094 0.141556 -0.987033
v -0.082330 0.149246 -0.988386
v -0.077683 0.154492 -0.991952
v -0.071749 0.155877 -0.996505
v -0.066311 0.153413 -1.000678
v -0.062652 0.148167 -1.003486
v -0.061383 0.141556 -1.004460
v -0.062652 0.134945 -1.003486
v -0.066311 0.129700 -1.000678
v -0.071749 0.127236 -0.996505
v -0.077683 0.128620 -0.991952
v -0.082330 0.133866 -0.988386
v -0.038009 0.141556 -0.934482
v -0.036437 0.149246 -0.936055
v -0.032294 0.154492 -0.940197
v -0.027006 0.155877 -0.945485
v -0.022159 0.153413 -0.950332
v -0.018898 0.148167 -0.953593
v -0.017766 0.141556 -0.954725
v -0.018898 0.134945 -0.953593
v -0.022159 0.129700 -0.950332
v -0.027006 0.127236 -0.945485
v -0.032294 0.128620 -0.940197
v -0.036437 0.133866 -0.936055
v 0.014541 0.141556 -0.888397
v 0.015895 0.149246 -0.890161
v 0.019461 0.154492 -0.894809
v 0.024014 0.155877 -0.900742
v 0.028187 0.153413 -0.906180
v 0.030994 0.148167 -0.909839
v 0.031969 0.141556 -0.911109
v 0.030994 0.134945 -0.909839
v 0.028187 0.129700 -0.906180
v 0.024014 0.127236 -0.900742
v 0.019461 0.128620 -0.894809
v 0.015895 0.133866 -0.890161
v 0.072658 0.141556 -0.849565
v 0.073769 0.149246 -0.851490
v 0.076699 0.154492 -0.856564
v 0.080438 0.155877 -0.863040
v 0.083865 0.153413 -0.868977
v 0.086171 0.148167 -0.872971
v 0.086971 0.141556 -0.874357
v 0.086171 0.134945 -0.872971
v 0.083865 0.129700 -0.868977
v 0.080438 0.127236 -0.863040
v 0.076699 0.128620 -0.856564
v 0.073769 0.133866 -0.851490
v 0.135345 0.141556 -0.818651
v 0.136196 0.149246 -0.820705
v 0.138438 0.154492 -0.826117
v 0.141300 0.155877 -0.833027
v 0.143923 0.153413 -0.839360
v 0.145688 0.148167 -0.843621
v 0.146300 0.141556 -0.845099
v 0.145688 0.134945 -0.843621
v 0.143923 0.129700 -0.839360
v 0.141300 0.127236 -0.833027
v 0.138438 0.128620 -0.826117
v 0.136196 0.133866 -0.820705
v 0.201531 0.141556 -0.796183
v 0.202107 0.149246 -0.798331
v 0.203623 0.154492 -0.803990
v 0.205559 0.155877 -0.811214
v 0.207333 0.153413 -0.817835
v 0.208526 0.148167 -0.822290
v 0.208941 0.141556 -0.823836
v 0.208526 0.134945 -0.822290
v 0.207333 0.129700 -0.817835
v 0.205559 0.127236 -0.811214
v 0.203623 0.128620 -0.803990
v 0.202107 0.133866 -0.798331
v 0.270084 0.141556 -0.782548
v 0.270374 0.149246 -0.784752
v 0.271139 0.154492 -0.790560
v 0.272115 0.155877 -0.797975
v 0.273010 0.153413 -0.804771
v 0.273612 0.148167 -0.809343
v 0.273821 0.141556 -0.810930
v 0.273612 0.134945 -0.809343
v 0.273010 0.129700 -0.804771
v 0.272115 0.127236 -0.797975
v 0.271139 0.128620 -0.790560
v 0.270374 0.133866 -0.784752
v 0.339830 0.141556 -0.777976
v 0.339830 0.149246 -0.780200
v 0.339830 0.154492 -0.786058
v 0.339830 0.155877 -0.793537
v 0.339830 0.153413 -0.800392
v 0.339830 0.148167 -0.805003
v 0.339830 0.141556 -0.806604
v 0.339830 0.134945 -0.805003
v 0.339830 0.129700 -0.800392
v 0.339830 0.127236 -0.793537
v 0.339830 0.128620 -0.786058
v 0.339830 0.133866 -0.780200
v 0.409576 0.141556 -0.782547
v 0.409286 0.149246 -0.784752
v 0.408521 0.154492 -0.790560
v 0.407545 0.155877 -0.797975
v 0.406650 0.153413 -0.804771
v 0.406048 0.148167 -0.809343
v 0.405840 0.141556 -0.810930
v 0.406048 0.134945 -0.809343
v 0.406650 0.129700 -0.804771
v 0.407545 0.127236 -0.797975
v 0.408521 0.128620 -0.790560
v 0.409286 0.133866 -0.784752
v 0.478129 0.141556 -0.796183
v 0.477553 0.149246 -0.798331
v 0.476037 0.154492 -0.803990
v 0.474101 0.155877 -0.811214
v 0.472327 0.153413 -0.817835
v 0.471134 0.148167 -0.822290
v 0.470719 0.141556 -0.823835
v 0.471134 0.134945 -0.822290
v 0.472327 0.129700 -0.817835
v 0.474101 0.127236 -0.811214
v 0.476037 0.128620 -0.803990
v 0.477553 0.133866 -0.798331
v 0.544315 0.141556 -0.818651
v 0.543465 0.149246 -0.820705
v 0.541223 0.154492 -0.826117
v 0.538361 0.155877 -0.833027
v 0.535737 0.153413 -0.839360
v 0.533973 0.148167 -0.843621
v 0.533360 0.141556 -0.845099
v 0.533973 0.134945 -0.843621
v 0.535737 0.129700 -0.839360
v 0.538361 0.127236 -0.833027
v 0.541223 0.128620 -0.826117
v 0.543465 0.133866 -0.820705
v 0.607003 0.141556 -0.849565
v 0.605891 0.149246 -0.851490
v 0.602962 0.154492 -0.856564
v 0.599223 0.155877 -0.863041
v 0.595795 0.153413 -0.868977
v 0.593489 0.148167 -0.872971
v 0.592689 0.141556 -0.874357
v 0.593489 0.134945 -0.872971
v 0.595795 0.129700 -0.868977
v 0.599223 0.127236 -0.863041
v 0.602962 0.128620 -0.856564
v 0.605891 0.133866 -0.851490
v 0.665119 0.141556 -0.888397
v 0.663765 0.149246 -0.890161
v 0.660199 0.154492 -0.894808
v 0.655646 0.155877 -0.900742
v 0.651473 0.153413 -0.906180
v 0.648666 0.148167 -0.909839
v 0.647691 0.141556 -0.911108
v 0.648666 0.134945 -0.909839
v 0.651473 0.129700 -0.906180
v 0.655646 0.127236 -0.900742
v 0.660199 0.128620 -0.894808
v 0.663765 0.133866 -0.890161
v 0.717669 0.141556 -0.934482
v 0.716097 0.149246 -0.936054
v 0.711954 0.154492 -0.940197
v 0.706666 0.155877 -0.945485
v 0.701819 0.153413 -0.950332
v 0.698558 0.148167 -0.953593
v 0.697426 0.141556 -0.954725
v 0.698558 0.134945 -0.953593
v 0.701819 0.129700 -0.950332
v 0.706666 0.127236 -0.945485
v 0.711954 0.128620 -0.940197
v 0.716097 0.133866 -0.936054
v 0.763755 0.141556 -0.987033
v 0.761991 0.149246 -0.988386
v 0.757343 0.154492 -0.991953
v 0.751410 0.155877 -0.996505
v 0.745971 0.153413 -1.000678
v 0.742313 0.148167 -1.003486
v 0.741043 0.141556 -1.004460
v 0.742313 0.134945 -1.003486
v 0.745971 0.129700 -1.000678
v 0.751410 0.127236 -0.996505
v 0.757343 0.128620 -0.991953
v 0.761991 0.133866 -0.988386
v 0.802587 0.141556 -1.045149
v 0.800661 0.149246 -1.046260
v 0.795588 0.154492 -1.049190
v 0.789111 0.155877 -1.052929
v 0.783174 0.153413 -1.056356
v 0.779181 0.148167 -1.058662
v 0.777794 0.141556 -1.059462
v 0.779181 0.134945 -1.058662
v 0.783174 0.129700 -1.056356
v 0.789111 0.127236 -1.052929
v 0.795588 0.128620 -1.049190
v 0.800661 0.133866 -1.046260
v 0.833501 0.141556 -1.107836
v 0.831447 0.149246 -1.108687
v 0.826034 0.154492 -1.110929
v 0.819125 0.155877 -1.113791
v 0.812792 0.153413 -1.116414
v 0.808531 0.148167 -1.118179
v 0.807052 0.141556 -1.118791
v 0.808531 0.134945 -1.118179
v 0.812792 0.129700 -1.116414
v 0.819125 0.127236 -1.113791
v 0.826034 0.128620 -1.110929
v 0.831447 0.133866 -1.108687
v 0.855968 0.141556 -1.174023
v 0.853820 0.149246 -1.174598
v 0.848162 0.154492 -1.176114
v 0.840938 0.155877 -1.178050
v 0.834316 0.153413 -1.179824
v 0.829862 0.148167 -1.181018
v 0.828316 0.141556 -1.181432
v 0.829862 0.134945 -1.181018
v 0.834316 0.129700 -1.179824
v 0.840938 0.127236 -1.178050
v 0.848162 0.128620 -1.176114
v 0.853820 0.133866 -1.174598
v 0.869604 0.141556 -1.242575
v 0.867400 0.149246 -1.242865
v 0.861591 0.154492 -1.243630
v 0.867460 0.158561 -1.222759
v 0.841834 0.161707 -1.205468
v 0.829395 0.138098 -1.222137
v 0.841221 0.141556 -1.246312
v 0.842808 0.134945 -1.246103
v 0.847380 0.129700 -1.245501
v 0.854177 0.127236 -1.244606
v 0.861591 0.128620 -1.243630
v 0.867400 0.133866 -1.242865
v 1.105564 0.141556 -1.312321
v 1.072952 0.263874 -1.312321
v 0.983638 0.353800 -1.312321
v 0.827089 0.382519 -1.312321
v 0.804139 0.242947 -1.312321
v 0.673474 0.295661 -1.312321
v 0.614160 0.141556 -1.312321
v 0.647395 0.018159 -1.312321
v 0.737956 -0.071768 -1.312321
v 0.861108 -0.104139 -1.312321
v 0.983638 -0.070688 -1.312321
v 1.072952 0.019238 -1.312321
v 1.099013 0.141556 -1.412270
v 1.066680 0.263874 -1.408013
v 0.978130 0.353800 -1.396355
v 0.843365 0.384567 -1.358515
v 0.740095 0.346585 -1.324254
v 0.658177 0.275022 -1.328501
v 0.611813 0.141556 -1.348128
v 0.644764 0.018159 -1.352467
v 0.734550 -0.071768 -1.364287
v 0.856649 -0.104139 -1.380362
v 0.978130 -0.070688 -1.396355
v 1.066680 0.019238 -1.408013
v 1.079472 0.141556 -1.510508
v 1.047971 0.263874 -1.502067
v 0.961700 0.353800 -1.478951
v 0.843346 0.387251 -1.447238
v 0.724390 0.354880 -1.415364
v 0.636915 0.264953 -1.391925
v 0.604812 0.141556 -1.383323
v 0.636915 0.018159 -1.391925
v 0.724390 -0.071768 -1.415364
v 0.843346 -0.104139 -1.447238
v 0.961700 -0.070688 -1.478951
v 1.047971 0.019238 -1.502067
v 1.047276 0.141556 -1.605355
v 1.017146 0.263874 -1.592875
v 0.934631 0.353800 -1.558696
v 0.821428 0.387251 -1.511806
v 0.707650 0.354880 -1.464677
v 0.623983 0.264953 -1.430021
v 0.593278 0.141556 -1.417303
v 0.623983 0.018159 -1.430021
v 0.707650 -0.071768 -1.464677
v 0.821428 -0.104139 -1.511806
v 0.934631 -0.070688 -1.558696
v 1.017146 0.019238 -1.592875
v 1.002975 0.141556 -1.695188
v 0.974732 0.263874 -1.678882
v 0.897384 0.353800 -1.634225
v 0.791270 0.387251 -1.572960
v 0.684617 0.354880 -1.511384
v 0.606189 0.264953 -1.466104
v 0.577407 0.141556 -1.449486
v 0.606189 0.018159 -1.466104
v 0.684617 -0.071768 -1.511384
v 0.791270 -0.104139 -1.572960
v 0.897384 -0.070688 -1.634225
v 0.974732 0.019238 -1.678882
v 0.947327 0.141556 -1.778470
v 0.921455 0.263874 -1.758617
v 0.850597 0.353800 -1.704246
v 0.753388 0.387251 -1.629655
v 0.655684 0.354880 -1.554685
v 0.583838 0.264953 -1.499555
v 0.557470 0.141556 -1.479322
v 0.583838 0.018159 -1.499555
v 0.655684 -0.071768 -1.554685
v 0.753388 -0.104139 -1.629655
v 0.850597 -0.070688 -1.704246
v 0.921455 0.019238 -1.758617
v 0.881285 0.141556 -1.853777
v 0.858225 0.263874 -1.830716
v 0.795071 0.353800 -1.767562
v 0.708429 0.387251 -1.680921
v 0.621347 0.354880 -1.593838
v 0.557311 0.264953 -1.529802
v 0.533810 0.141556 -1.506302
v 0.557311 0.018159 -1.529802
v 0.621347 -0.071768 -1.593838
v 0.708429 -0.104139 -1.680921
v 0.795071 -0.070688 -1.767562
v 0.858225 0.019238 -1.830716
v 0.805979 0.141556 -1.919818
v 0.786126 0.263874 -1.893946
v 0.731755 0.353800 -1.823088
v 0.657164 0.387251 -1.725879
v 0.582194 0.354880 -1.628175
v 0.527064 0.264953 -1.556329
v 0.506831 0.141556 -1.529961
v 0.527064 0.018159 -1.556329
v 0.582194 -0.071768 -1.628175
v 0.657164 -0.104139 -1.725879
v 0.731755 -0.070688 -1.823088
v 0.786126 0.019238 -1.893946
v 0.722697 0.141556 -1.975466
v 0.706391 0.263874 -1.947223
v 0.661734 0.353800 -1.869875
v 0.600469 0.387251 -1.763761
v 0.538893 0.354880 -1.657108
v 0.493612 0.264953 -1.578680
v 0.476995 0.141556 -1.549898
v 0.493612 0.018159 -1.578680
v 0.538893 -0.071768 -1.657108
v 0.600469 -0.104139 -1.763761
v 0.661734 -0.070688 -1.869875
v 0.706391 0.019238 -1.947223
v 0.632864 0.141556 -2.019767
v 0.620384 0.263874 -1.989637
v 0.586205 0.353800 -1.907122
v 0.539315 0.387251 -1.793919
v 0.492186 0.354880 -1.680141
v 0.457530 0.264953 -1.596474
v 0.444812 0.141556 -1.565769
v 0.457530 0.018159 -1.596474
v 0.492186 -0.071768 -1.680141
v 0.539315 -0.104139 -1.793919
v 0.586205 -0.070688 -1.907122
v 0.620384 0.019238 -1.989637
v 0.538017 0.141556 -2.051963
v 0.529576 0.263874 -2.020462
v 0.506460 0.353800 -1.934191
v 0.474747 0.387251 -1.815837
v 0.442873 0.354880 -1.696881
v 0.419434 0.264953 -1.609406
v 0.410832 0.141556 -1.577303
v 0.419434 0.018159 -1.609406
v 0.442873 -0.071768 -1.696881
v 0.474747 -0.104139 -1.815837
v 0.506460 -0.070688 -1.934191
v 0.529576 0.019238 -2.020462
v 0.439778 0.141556 -2.071504
v 0.435522 0.263874 -2.039171
v 0.423864 0.353800 -1.950621
v 0.407871 0.387251 -1.829140
v 0.391796 0.354880 -1.707041
v 0.379975 0.264953 -1.617255
v 0.375637 0.141556 -1.584304
v 0.379975 0.018159 -1.617255
v 0.391796 -0.071768 -1.707041
v 0.407871 -0.104139 -1.829140
v 0.423864 -0.070688 -1.950621
v 0.435522 0.019238 -2.039171
v 0.339830 0.141556 -2.078055
v 0.339830 0.263874 -2.045443
v 0.339830 0.353800 -1.956129
v 0.339830 0.387251 -1.833599
v 0.339830 0.354880 -1.710447
v 0.339830 0.264953 -1.619886
v 0.339830 0.141556 -1.586651
v 0.339830 0.018159 -1.619886
v 0.339830 -0.071768 -1.710447
v 0.339830 -0.104139 -1.833599
v 0.339830 -0.070688 -1.956129
v 0.339830 0.019238 -2.045443
v 0.239882 0.141556 -2.071504
v 0.244139 0.263874 -2.039171
v 0.255796 0.353800 -1.950621
v 0.271790 0.387251 -1.829140
v 0.287864 0.354880 -1.707041
v 0.299685 0.264953 -1.617255
v 0.304023 0.141556 -1.584304
v 0.299685 0.018159 -1.617255
v 0.287864 -0.071768 -1.707041
v 0.271790 -0.104139 -1.829140
v 0.255796 -0.070688 -1.950621
v 0.244139 0.019238 -2.039171
v 0.141644 0.141556 -2.051963
v 0.150085 0.263874 -2.020462
v 0.173201 0.353800 -1.934191
v 0.204914 0.387251 -1.815837
v 0.236788 0.354880 -1.696881
v 0.260227 0.264953 -1.609406
v 0.268829 0.141556 -1.577303
v 0.260227 0.018159 -1.609406
v 0.236788 -0.071768 -1.696881
v 0.204914 -0.104139 -1.815837
v 0.173201 -0.070688 -1.934191
v 0.150085 0.019238 -2.020462
v 0.046797 0.141556 -2.019767
v 0.059277 0.263874 -1.989637
v 0.093456 0.353800 -1.907122
v 0.140346 0.387251 -1.793919
v 0.187474 0.354880 -1.680141
v 0.222130 0.264953 -1.596474
v 0.234849 0.141556 -1.565769
v 0.222130 0.018159 -1.596474
v 0.187474 -0.071768 -1.680141
v 0.140346 -0.104139 -1.793919
v 0.093456 -0.070688 -1.907122
v 0.059277 0.019238 -1.989637
v -0.043036 0.141556 -1.975466
v -0.026730 0.263874 -1.947223
v 0.017927 0.353800 -1.869875
v 0.079191 0.387251 -1.763762
v 0.140768 0.354880 -1.657108
v 0.186048 0.264953 -1.578680
v 0.202666 0.141556 -1.549898
v 0.186048 0.018159 -1.578680
v 0.140768 -0.071768 -1.657108
v 0.079191 -0.104139 -1.763762
v 0.017927 -0.070688 -1.869875
v -0.026730 0.019238 -1.947223
v -0.126319 0.141556 -1.919818
v -0.106466 0.263874 -1.893946
v -0.052095 0.353800 -1.823088
v 0.022496 0.387251 -1.725879
v 0.097467 0.354880 -1.628175
v 0.152597 0.264953 -1.556329
v 0.172829 0.141556 -1.529962
v 0.152597 0.018159 -1.556329
v 0.097467 -0.071768 -1.628175
v 0.022496 -0.104139 -1.725879
v -0.052095 -0.070688 -1.823088
v -0.106466 0.019238 -1.893946
v -0.201625 0.141556 -1.853776
v -0.178565 0.263874 -1.830716
v -0.115410 0.353800 -1.767562
v -0.028769 0.387251 -1.680920
v 0.058313 0.354880 -1.593838
v 0.122349 0.264953 -1.529802
v 0.145850 0.141556 -1.506302
v 0.122349 0.018159 -1.529802
v 0.058313 -0.071768 -1.593838
v -0.028769 -0.104139 -1.680920
v -0.115410 -0.070688 -1.767562
v -0.178565 0.019238 -1.830716
v -0.267667 0.141556 -1.778470
v -0.241794 0.263874 -1.758617
v -0.170937 0.353800 -1.704246
v -0.073728 0.387251 -1.629655
v 0.023976 0.354880 -1.554685
v 0.095823 0.264953 -1.499555
v 0.122190 0.141556 -1.479322
v 0.095823 0.018159 -1.499555
v 0.023976 -0.071768 -1.554685
v -0.073728 -0.104139 -1.629655
v -0.170937 -0.070688 -1.704246
v -0.241794 0.019238 -1.758617
v -0.323314 0.141556 -1.695188
v -0.295071 0.263874 -1.678882
v -0.217723 0.353800 -1.634225
v -0.111610 0.387251 -1.572960
v -0.004956 0.354880 -1.511384
v 0.073472 0.264953 -1.466104
v 0.102254 0.141556 -1.449486
v 0.073472 0.018159 -1.466104
v -0.004956 -0.071768 -1.511384
v -0.111610 -0.104139 -1.572960
v -0.217723 -0.070688 -1.634225
v -0.295071 0.019238 -1.678882
v -0.367615 0.141556 -1.605355
v -0.337486 0.263874 -1.592875
v -0.254970 0.353800 -1.558696
v -0.141768 0.387251 -1.511806
v -0.027990 0.354880 -1.464677
v 0.055678 0.264953 -1.430021
v 0.086383 0.141556 -1.417303
v 0.055678 0.018159 -1.430021
v -0.027990 -0.071768 -1.464677
v -0.141768 -0.104139 -1.511806
v -0.254970 -0.070688 -1.558696
v -0.337486 0.019238 -1.592875
v -0.399812 0.141556 -1.510508
v -0.368311 0.263874 -1.502067
v -0.282040 0.353800 -1.478951
v -0.163686 0.387251 -1.447238
v -0.044729 0.354880 -1.415364
v 0.042746 0.264953 -1.391925
v 0.074848 0.141556 -1.383323
v 0.042746 0.018159 -1.391925
v -0.044729 -0.071768 -1.415364
v -0.163686 -0.104139 -1.447238
v -0.282040 -0.070688 -1.478951
v -0.368311 0.019238 -1.502067
v -0.419352 0.141556 -1.412270
v -0.387019 0.263874 -1.408013
v -0.298469 0.353800 -1.396355
v -0.176988 0.387251 -1.380362
v -0.054889 0.354880 -1.364287
v 0.034897 0.264953 -1.352467
v 0.067848 0.141556 -1.348129
v 0.034897 0.018159 -1.352467
v -0.054889 -0.071768 -1.364287
v -0.176988 -0.104139 -1.380362
v -0.298469 -0.070688 -1.396355
v -0.387019 0.019238 -1.408013
v -0.425903 0.141556 -1.312321
v -0.393291 0.263874 -1.312321
v -0.303977 0.353800 -1.312321
v -0.181448 0.387251 -1.312321
v -0.058295 0.354880 -1.312321
v 0.032266 0.264953 -1.312321
v 0.065501 0.141556 -1.312321
v 0.032266 0.018159 -1.312321
v -0.058295 -0.071768 -1.312321
v -0.181448 -0.104139 -1.312321
v -0.303977 -0.070688 -1.312321
v -0.393291 0.019238 -1.312321
v -0.419352 0.141556 -1.212373
v -0.387019 0.263874 -1.216630
v -0.298469 0.353800 -1.228287
v -0.176988 0.387251 -1.244281
v -0.054889 0.354880 -1.260355
v 0.034897 0.264953 -1.272176
v 0.067848 0.141556 -1.276514
v 0.034897 0.018159 -1.272176
v -0.054889 -0.071768 -1.260355
v -0.176988 -0.104139 -1.244281
v -0.298469 -0.070688 -1.228287
v -0.387019 0.019238 -1.216630
v -0.399812 0.141556 -1.114135
v -0.368311 0.263874 -1.122576
v -0.282040 0.353800 -1.145692
v -0.163686 0.387251 -1.177405
v -0.044729 0.354880 -1.209279
v 0.042746 0.264953 -1.232718
v 0.074848 0.141556 -1.241320
v 0.042746 0.018159 -1.232718
v -0.044729 -0.071768 -1.209279
v -0.163686 -0.104139 -1.177405
v -0.282040 -0.070688 -1.145692
v -0.368311 0.019238 -1.122576
v -0.367615 0.141556 -1.019288
v -0.337486 0.263874 -1.031768
v -0.254970 0.353800 -1.065947
v -0.141768 0.387251 -1.112837
v -0.027990 0.354880 -1.159966
v 0.055678 0.264953 -1.194622
v 0.086383 0.141556 -1.207340
v 0.055678 0.018159 -1.194622
v -0.027990 -0.071768 -1.159966
v -0.141768 -0.104139 -1.112837
v -0.254970 -0.070688 -1.065947
v -0.337486 0.019238 -1.031768
v -0.323314 0.141556 -0.929455
v -0.295072 0.263874 -0.945761
v -0.217723 0.353800 -0.990418
v -0.111610 0.387251 -1.051682
v -0.004956 0.354880 -1.113259
v 0.073471 0.264953 -1.158539
v 0.102254 0.141556 -1.175157
v 0.073471 0.018159 -1.158539
v -0.004956 -0.071768 -1.113259
v -0.111610 -0.104139 -1.051682
v -0.217723 -0.070688 -0.990418
v -0.295072 0.019238 -0.945761
v -0.267667 0.141556 -0.846172
v -0.241794 0.263874 -0.866025
v -0.170937 0.353800 -0.920396
v -0.073728 0.387251 -0.994987
v 0.023976 0.354880 -1.069958
v 0.095823 0.264953 -1.125088
v 0.122190 0.141556 -1.145320
v 0.095823 0.018159 -1.125088
v 0.023976 -0.071768 -1.069958
v -0.073728 -0.104139 -0.994987
v -0.170937 -0.070688 -0.920396
v -0.241794 0.019238 -0.866025
v -0.201625 0.141556 -0.770866
v -0.178565 0.263874 -0.793926
v -0.115411 0.353800 -0.857081
v -0.028769 0.387251 -0.943722
v 0.058313 0.354880 -1.030804
v 0.122349 0.264953 -1.094840
v 0.145850 0.141556 -1.118341
v 0.122349 0.018159 -1.094840
v 0.058313 -0.071768 -1.030804
v -0.028769 -0.104139 -0.943722
v -0.115411 -0.070688 -0.857081
v -0.178565 0.019238 -0.793926
v -0.126319 0.141556 -0.704824
v -0.106466 0.263874 -0.730697
v -0.052095 0.353800 -0.801555
v 0.022496 0.387251 -0.898764
v 0.097467 0.354880 -0.996467
v 0.152597 0.264953 -1.068314
v 0.172829 0.141556 -1.094681
v 0.152597 0.018159 -1.068314
v 0.097467 -0.071768 -0.996467
v 0.022496 -0.104139 -0.898764
v -0.052095 -0.070688 -0.801555
v -0.106466 0.019238 -0.730697
v -0.043036 0.141556 -0.649177
v -0.026730 0.263874 -0.677419
v 0.017927 0.353800 -0.754768
v 0.079191 0.387251 -0.860881
v 0.140768 0.354880 -0.967535
v 0.186048 0.264953 -1.045963
v 0.202666 0.141556 -1.074745
v 0.186048 0.018159 -1.045963
v 0.140768 -0.071768 -0.967535
v 0.079191 -0.104139 -0.860881
v 0.017927 -0.070688 -0.754768
v -0.026730 0.019238 -0.677419
v 0.046797 0.141556 -0.604876
v 0.059277 0.263874 -0.635005
v 0.093456 0.353800 -0.717521
v 0.140346 0.387251 -0.830723
v 0.187474 0.354880 -0.944502
v 0.222130 0.264953 -1.028169
v 0.234849 0.141556 -1.058874
v 0.222130 0.018159 -1.028169
v 0.187474 -0.071768 -0.944502
v 0.140346 -0.104139 -0.830723
v 0.093456 -0.070688 -0.717521
v 0.059277 0.019238 -0.635005
v 0.141644 0.141556 -0.572680
v 0.150084 0.263874 -0.604181
v 0.173200 0.353800 -0.690451
v 0.204913 0.387251 -0.808805
v 0.236788 0.354880 -0.927762
v 0.260227 0.264953 -1.015237
v 0.268828 0.141556 -1.047339
v 0.260227 0.018159 -1.015237
v 0.236788 -0.071768 -0.927762
v 0.204913 -0.104139 -0.808805
v 0.173200 -0.070688 -0.690451
v 0.150084 0.019238 -0.604181
v 0.239882 0.141556 -0.553139
v 0.244138 0.263874 -0.585472
v 0.255796 0.353800 -0.674022
v 0.271789 0.387251 -0.795503
v 0.287864 0.354880 -0.917602
v 0.299685 0.264953 -1.007388
v 0.304023 0.141556 -1.040339
v 0.299685 0.018159 -1.007388
v 0.287864 -0.071768 -0.917602
v 0.271789 -0.104139 -0.795503
v 0.255796 -0.070688 -0.674022
v 0.244138 0.019238 -0.585472
v 0.339830 0.141556 -0.546588
v 0.339830 0.263874 -0.579200
v 0.339830 0.353800 -0.668514
v 0.339830 0.387251 -0.791043
v 0.339830 0.354880 -0.914196
v 0.339830 0.264953 -1.004757
v 0.339830 0.141556 -1.037992
v 0.339830 0.018159 -1.004757
v 0.339830 -0.071768 -0.914196
v 0.339830 -0.104139 -0.791043
v 0.339830 -0.070688 -0.668514
v 0.339830 0.019238 -0.579200
v 0.439778 0.141556 -0.553139
v 0.435522 0.263874 -0.585472
v 0.423864 0.353800 -0.674022
v 0.407871 0.387251 -0.795503
v 0.391796 0.354880 -0.917602
v 0.379975 0.264953 -1.007388
v 0.375637 0.141556 -1.040339
v 0.379975 0.018159 -1.007388
v 0.391796 -0.071768 -0.917602
v 0.407871 -0.104139 -0.795503
v 0.423864 -0.070688 -0.674022
v 0.435522 0.019238 -0.585472
v 0.538016 0.141556 -0.572680
v 0.529576 0.263874 -0.604180
v 0.506460 0.353800 -0.690451
v 0.474747 0.387251 -0.808805
v 0.442872 0.354880 -0.927762
v 0.419434 0.264953 -1.015237
v 0.410832 0.141556 -1.047339
v 0.419434 0.018159 -1.015237
v 0.442872 -0.071768 -0.927762
v 0.474747 -0.104139 -0.808805
v 0.506460 -0.070688 -0.690451
v 0.529576 0.019238 -0.604180
v 0.632864 0.141556 -0.604876
v 0.620384 0.263874 -0.635005
v 0.586205 0.353800 -0.717521
v 0.539315 0.387251 -0.830723
v 0.492186 0.354880 -0.944502
v 0.457530 0.264953 -1.028169
v 0.444812 0.141556 -1.058874
v 0.457530 0.018159 -1.028169
v 0.492186 -0.071768 -0.944502
v 0.539315 -0.104139 -0.830723
v 0.586205 -0.070688 -0.717521
v 0.620384 0.019238 -0.635005
v 0.722697 0.141556 -0.649177
v 0.706391 0.263874 -0.677420
v 0.661734 0.353800 -0.754768
v 0.600469 0.387251 -0.860881
v 0.538893 0.354880 -0.967535
v 0.493612 0.264953 -1.045963
v 0.476995 0.141556 -1.074745
v 0.493612 0.018159 -1.045963
v 0.538893 -0.071768 -0.967535
v 0.600469 -0.104139 -0.860881
v 0.661734 -0.070688 -0.754768
v 0.706391 0.019238 -0.677420
v 0.805979 0.141556 -0.704824
v 0.786126 0.263874 -0.730697
v 0.731755 0.353800 -0.801554
v 0.657164 0.387251 -0.898764
v 0.582193 0.354880 -0.996467
v 0.527064 0.264953 -1.068314
v 0.506831 0.141556 -1.094681
v 0.527064 0.018159 -1.068314
v 0.582193 -0.071768 -0.996467
v 0.657164 -0.104139 -0.898764
v 0.731755 -0.070688 -0.801554
v 0.786126 0.019238 -0.730697
v 0.881285 0.141556 -0.770866
v 0.858225 0.263874 -0.793926
v 0.795071 0.353800 -0.857080
v 0.708429 0.387251 -0.943722
v 0.621347 0.354880 -1.030804
v 0.557311 0.264953 -1.094840
v 0.533810 0.141556 -1.118341
v 0.557311 0.018159 -1.094840
v 0.621347 -0.071768 -1.030804
v 0.708429 -0.104139 -0.943722
v 0.795071 -0.070688 -0.857080
v 0.858225 0.019238 -0.793926
v 0.947327 0.141556 -0.846172
v 0.921455 0.263874 -0.866025
v 0.850597 0.353800 -0.920396
v 0.753388 0.387251 -0.994987
v 0.655684 0.354880 -1.069958
v 0.583838 0.264953 -1.125088
v 0.557470 0.141556 -1.145320
v 0.583838 0.018159 -1.125088
v 0.655684 -0.071768 -1.069958
v 0.753388 -0.104139 -0.994987
v 0.850597 -0.070688 -0.920396
v 0.921455 0.019238 -0.866025
v 1.002975 0.141556 -0.929455
v 0.974732 0.263874 -0.945760
v 0.897384 0.353800 -0.990417
v 0.791270 0.387251 -1.051682
v 0.684617 0.354880 -1.113259
v 0.606189 0.264953 -1.158539
v 0.577407 0.141556 -1.175157
v 0.606189 0.018159 -1.158539
v 0.684617 -0.071768 -1.113259
v 0.791270 -0.104139 -1.051682
v 0.897384 -0.070688 -0.990417
v 0.974732 0.019238 -0.945760
v 1.047276 0.141556 -1.019288
v 1.017146 0.263874 -1.031768
v 0.934631 0.353800 -1.065947
v 0.821428 0.387251 -1.112837
v 0.707650 0.354880 -1.159965
v 0.623983 0.264953 -1.194621
v 0.593278 0.141556 -1.207340
v 0.623983 0.018159 -1.194621
v 0.707650 -0.071768 -1.159965
v 0.821428 -0.104139 -1.112837
v 0.934631 -0.070688 -1.065947
v 1.017146 0.019238 -1.031768
v 1.079472 0.141556 -1.114135
v 1.047971 0.263874 -1.122576
v 0.961700 0.353800 -1.145692
v 0.843346 0.387251 -1.177405
v 0.724390 0.354880 -1.209279
v 0.636915 0.264953 -1.232718
v 0.604812 0.141556 -1.241320
v 0.636915 0.018159 -1.232718
v 0.724390 -0.071768 -1.209279
v 0.843346 -0.104139 -1.177405
v 0.961700 -0.070688 -1.145692
v 1.047971 0.019238 -1.122576
v 1.099013 0.141556 -1.212373
v 1.066680 0.263874 -1.216630
v 0.978130 0.353800 -1.228288
v 0.843365 0.384567 -1.266128
v 0.740095 0.346585 -1.300389
v 0.658177 0.275022 -1.296142
v 0.611813 0.141556 -1.276514
v 0.644764 0.018159 -1.272176
v 0.734550 -0.071768 -1.260355
v 0.856649 -0.104139 -1.244281
v 0.978130 -0.070688 -1.228288
v 1.066680 0.019238 -1.216630
vn -1.0000 -0.0000 -0.0000
vn -0.8499 -0.5269 -0.0000
vn -0.9660 0.2586 -0.0000
vn 0.6123 0.7906 -0.0000
vn 0.5166 -0.8562 -0.0000
vn -0.9920 -0.1266 -0.0000
vn 0.3071 0.9517 -0.0000
vn 0.8851 0.4653 -0.0000
vn 0.5553 0.8317 -0.0000
vn 0.0701 0.9975 -0.0000
vn -0.4500 0.8931 -0.0000
vn -0.8499 0.5269 -0.0000
vn -0.9914 -0.0000 0.1305
vn -0.8427 -0.5269 0.1109
vn -0.9686 0.1888 0.1620
vn 0.3969 0.6328 -0.6649
vn 0.3294 -0.9207 -0.2095
vn -0.4912 0.2426 -0.8366
vn 0.3897 0.9209 -0.0093
vn 0.8776 0.4653 -0.1155
vn 0.5505 0.8317 -0.0725
vn 0.0695 0.9975 -0.0091
vn -0.4461 0.8931 0.0587
vn -0.8427 0.5269 0.1109
vn -0.9659 -0.0000 0.2588
vn -0.8210 -0.5269 0.2200
vn -0.4346 -0.8931 0.1165
vn 0.0457 -0.9970 0.0620
vn 0.5755 -0.8162 -0.0503
vn 0.8681 -0.4664 -0.1697
vn 0.9753 0.0241 -0.2196
vn 0.8550 0.4653 -0.2291
vn 0.5363 0.8317 -0.1437
vn 0.0677 0.9975 -0.0181
vn -0.4346 0.8930 0.1165
vn -0.8210 0.5269 0.2200
vn -0.9239 -0.0000 0.3827
vn -0.7852 -0.5269 0.3253
vn -0.4157 -0.8931 0.1722
vn 0.0648 -0.9975 -0.0268
vn 0.5130 -0.8317 -0.2125
vn 0.8178 -0.4653 -0.3387
vn 0.9239 -0.0000 -0.3827
vn 0.8178 0.4653 -0.3387
vn 0.5130 0.8317 -0.2125
vn 0.0648 0.9975 -0.0268
vn -0.4157 0.8931 0.1722
vn -0.7852 0.5269 0.3253
vn -0.8660 -0.0000 0.5000
vn -0.7361 -0.5269 0.4250
vn -0.3897 -0.8930 0.2250
vn 0.0607 -0.9975 -0.0350
vn 0.4809 -0.8317 -0.2776
vn 0.7666 -0.4653 -0.4426
vn 0.8660 -0.0000 -0.5000
vn 0.7666 0.4653 -0.4426
vn 0.4809 0.8317 -0.2776
vn 0.0607 0.9975 -0.0350
vn -0.3897 0.8930 0.2250
vn -0.7361 0.5269 0.4250
vn -0.7934 -0.0000 0.6088
vn -0.6743 -0.5269 0.5174
vn -0.3570 -0.8930 0.2739
vn 0.0556 -0.9975 -0.0427
vn 0.4405 -0.8317 -0.3380
vn 0.7022 -0.4653 -0.5388
vn 0.7934 -0.0000 -0.6088
vn 0.7022 0.4653 -0.5388
vn 0.4405 0.8317 -0.3380
vn 0.0556 0.9975 -0.0427
vn -0.3570 0.8930 0.2739
vn -0.6743 0.5269 0.5174
vn -0.7071 -0.0000 0.7071
vn -0.6010 -0.5269 0.6010
vn -0.3182 -0.8930 0.3182
vn 0.0496 -0.9975 -0.0496
vn 0.3926 -0.8317 -0.3926
vn 0.6259 -0.4653 -0.6259
vn 0.7071 -0.0000 -0.7071
vn 0.6259 0.4653 -0.6259
vn 0.3926 0.8317 -0.3926
vn 0.0496 0.9975 -0.0496
vn -0.3182 0.8930 0.3182
vn -0.6010 0.5269 0.6010
vn -0.6088 -0.0000 0.7934
vn -0.5174 -0.5269 0.6743
vn -0.2739 -0.8931 0.3570
vn 0.0427 -0.9975 -0.0556
vn 0.3380 -0.8317 -0.4405
vn 0.5388 -0.4653 -0.7022
vn 0.6088 -0.0000 -0.7934
vn 0.5388 0.4653 -0.7022
vn 0.3380 0.8317 -0.4405
vn 0.0427 0.9975 -0.0556
vn -0.2739 0.8930 0.3570
vn -0.5174 0.5269 0.6743
vn -0.5000 -0.0000 0.8660
vn -0.4250 -0.5269 0.7361
vn -0.2250 -0.8931 0.3897
vn 0.0350 -0.9975 -0.0607
vn 0.2776 -0.8317 -0.4809
vn 0.4426 -0.4653 -0.7666
vn 0.5000 -0.0000 -0.8660
vn 0.4426 0.4653 -0.7666
vn 0.2776 0.8317 -0.4809
vn 0.0350 0.9975 -0.0607
vn -0.2250 0.8931 0.3897
vn -0.4250 0.5269 0.7361
vn -0.3827 -0.0000 0.9239
vn -0.3253 -0.5269 0.7852
vn -0.1722 -0.8930 0.4157
vn 0.0268 -0.9975 -0.0648
vn 0.2125 -0.8317 -0.5130
vn 0.3387 -0.4653 -0.8178
vn 0.3827 -0.0000 -0.9239
vn 0.3387 0.4653 -0.8178
vn 0.2125 0.8317 -0.5130
vn 0.0268 0.9975 -0.0648
vn -0.1722 0.8930 0.4157
vn -0.3253 0.5269 0.7852
vn -0.2588 -0.0000 0.9659
vn -0.2200 -0.5269 0.8210
vn -0.1165 -0.8931 0.4346
vn 0.0181 -0.9975 -0.0677
vn 0.1437 -0.8317 -0.5363
vn 0.2291 -0.4653 -0.8550
vn 0.2588 -0.0000 -0.9659
vn 0.2291 0.4653 -0.8550
vn 0.1437 0.8317 -0.5363
vn 0.0181 0.9975 -0.0677
vn -0.1165 0.8930 0.4346
vn -0.2200 0.5269 0.8210
vn -0.1305 -0.0000 0.9914
vn -0.1109 -0.5269 0.8427
vn -0.0587 -0.8931 0.4461
vn 0.0091 -0.9975 -0.0695
vn 0.0725 -0.8317 -0.5505
vn 0.1155 -0.4653 -0.8776
vn 0.1305 -0.0000 -0.9914
vn 0.1155 0.4653 -0.8776
vn 0.0725 0.8317 -0.5505
vn 0.0091 0.9975 -0.0695
vn -0.0587 0.8931 0.4461
vn -0.1109 0.5269 0.8427
vn -0.0000 -0.0000 1.0000
vn -0.0000 -0.5269 0.8499
vn -0.0000 -0.8930 0.4500
vn -0.0000 -0.9975 -0.0701
vn -0.0000 -0.8317 -0.5553
vn -0.0000 -0.4653 -0.8851
vn -0.0000 -0.0000 -1.0000
vn -0.0000 0.4653 -0.8851
vn -0.0000 0.8317 -0.5553
vn -0.0000 0.9975 -0.0701
vn -0.0000 0.8931 0.4500
vn -0.0000 0.5269 0.8499
vn 0.1305 -0.0000 0.9914
vn 0.1109 -0.5269 0.8427
vn 0.0587 -0.8930 0.4461
vn -0.0091 -0.9975 -0.0695
vn -0.0725 -0.8317 -0.5505
vn -0.1155 -0.4653 -0.8776
vn -0.1305 -0.0000 -0.9914
vn -0.1155 0.4653 -0.8776
vn -0.0725 0.8317 -0.5505
vn -0.0091 0.9975 -0.0695
vn 0.0587 0.8930 0.4461
vn 0.1109 0.5269 0.8427
vn 0.2588 -0.0000 0.9659
vn 0.2200 -0.5269 0.8210
vn 0.1165 -0.8930 0.4346
vn -0.0181 -0.9975 -0.0677
vn -0.1437 -0.8317 -0.5363
vn -0.2291 -0.4653 -0.8550
vn -0.2588 -0.0000 -0.9659
vn -0.2291 0.4653 -0.8550
vn -0.1437 0.8317 -0.5363
vn -0.0181 0.9975 -0.0677
vn 0.1165 0.8930 0.4346
vn 0.2200 0.5269 0.8210
vn 0.3827 -0.0000 0.9239
vn 0.3253 -0.5269 0.7852
vn 0.1722 -0.8930 0.4157
vn -0.0268 -0.9975 -0.0648
vn -0.2125 -0.8317 -0.5130
vn -0.3387 -0.4653 -0.8178
vn -0.3827 -0.0000 -0.9239
vn -0.3387 0.4653 -0.8178
vn -0.2125 0.8317 -0.5130
vn -0.0268 0.9975 -0.0647
vn 0.1722 0.8930 0.4157
vn 0.3253 0.5269 0.7852
vn 0.5000 -0.0000 0.8660
vn 0.4250 -0.5269 0.7361
vn 0.2250 -0.8930 0.3897
vn -0.0350 -0.9975 -0.0607
vn -0.2776 -0.8317 -0.4809
vn -0.4426 -0.4653 -0.7666
vn -0.5000 -0.0000 -0.8660
vn -0.4426 0.4653 -0.7666
vn -0.2776 0.8317 -0.4809
vn -0.0350 0.9975 -0.0607
vn 0.2250 0.8930 0.3897
vn 0.4250 0.5269 0.7361
vn 0.6088 -0.0000 0.7934
vn 0.5174 -0.5269 0.6743
vn 0.2739 -0.8930 0.3570
vn -0.0427 -0.9975 -0.0556
vn -0.3380 -0.8317 -0.4405
vn -0.5388 -0.4653 -0.7022
vn -0.6088 -0.0000 -0.7934
vn -0.5388 0.4653 -0.7022
vn -0.3380 0.8317 -0.4405
vn -0.0427 0.9975 -0.0556
vn 0.2739 0.8930 0.3570
vn 0.5174 0.5269 0.6743
vn 0.7071 -0.0000 0.7071
vn 0.6010 -0.5269 0.6010
vn 0.3182 -0.8930 0.3182
vn -0.0496 -0.9975 -0.0496
vn -0.3926 -0.8317 -0.3926
vn -0.6259 -0.4653 -0.6259
vn -0.7071 -0.0000 -0.7071
vn -0.6259 0.4653 -0.6259
vn -0.3926 0.8317 -0.3926
vn -0.0496 0.9975 -0.0496
vn 0.3182 0.8931 0.3182
vn 0.6010 0.5269 0.6010
vn 0.7934 -0.0000 0.6088
vn 0.6743 -0.5269 0.5174
vn 0.3570 -0.8930 0.2739
vn -0.0556 -0.9975 -0.0427
vn -0.4405 -0.8317 -0.3380
vn -0.7022 -0.4653 -0.5388
vn -0.7934 -0.0000 -0.6088
vn -0.7022 0.4653 -0.5388
vn -0.4405 0.8317 -0.3380
vn -0.0556 0.9975 -0.0427
vn 0.3570 0.8930 0.2739
vn 0.6743 0.5269 0.5174
vn 0.8660 -0.0000 0.5000
vn 0.7361 -0.5269 0.4250
vn 0.3897 -0.8930 0.2250
vn -0.0607 -0.9975 -0.0350
vn -0.4809 -0.8317 -0.2776
vn -0.7666 -0.4653 -0.4426
vn -0.8660 -0.0000 -0.5000
vn -0.7666 0.4653 -0.4426
vn -0.4809 0.8317 -0.2776
vn -0.0607 0.9975 -0.0350
vn 0.3897 0.8930 0.2250
vn 0.7361 0.5269 0.4250
vn 0.9239 -0.0000 0.3827
vn 0.7852 -0.5269 0.3253
vn 0.4157 -0.8930 0.1722
vn -0.0647 -0.9975 -0.0268
vn -0.5130 -0.8317 -0.2125
vn -0.8178 -0.4653 -0.3387
vn -0.9239 -0.0000 -0.3827
vn -0.8178 0.4653 -0.3387
vn -0.5130 0.8317 -0.2125
vn -0.0648 0.9975 -0.0268
vn 0.4157 0.8931 0.1722
vn 0.7852 0.5269 0.3253
vn 0.9659 -0.0000 0.2588
vn 0.8210 -0.5269 0.2200
vn 0.4346 -0.8930 0.1165
vn -0.0677 -0.9975 -0.0181
vn -0.5363 -0.8317 -0.1437
vn -0.8550 -0.4653 -0.2291
vn -0.9659 -0.0000 -0.2588
vn -0.8550 0.4653 -0.2291
vn -0.5363 0.8317 -0.1437
vn -0.0677 0.9975 -0.0181
vn 0.4346 0.8930 0.1165
vn 0.8210 0.5269 0.2200
vn 0.9914 -0.0000 0.1305
vn 0.8427 -0.5269 0.1109
vn 0.4461 -0.8931 0.0587
vn -0.0695 -0.9975 -0.0091
vn -0.5505 -0.8317 -0.0725
vn -0.8776 -0.4653 -0.1155
vn -0.9914 -0.0000 -0.1305
vn -0.8776 0.4653 -0.1155
vn -0.5505 0.8317 -0.0725
vn -0.0695 0.9975 -0.0091
vn 0.4461 0.8930 0.0587
vn 0.8427 0.5269 0.1109
vn 1.0000 -0.0000 -0.0000
vn 0.8499 -0.5269 -0.0000
vn 0.4500 -0.8930 -0.0000
vn -0.0701 -0.9975 -0.0000
vn -0.5553 -0.8317 -0.0000
vn -0.8851 -0.4653 -0.0000
vn -0.8851 0.4653 -0.0000
vn -0.5553 0.8317 -0.0000
vn -0.0701 0.9975 -0.0000
vn 0.4500 0.8931 -0.0000
vn 0.8499 0.5269 -0.0000
vn 0.9914 -0.0000 -0.1305
vn 0.8427 -0.5269 -0.1109
vn 0.4461 -0.8931 -0.0587
vn -0.0695 -0.9975 0.0091
vn -0.5505 -0.8317 0.0725
vn -0.8776 -0.4653 0.1155
vn -0.8776 0.4653 0.1155
vn -0.5505 0.8317 0.0725
vn -0.0695 0.9975 0.0091
vn 0.4461 0.8930 -0.0587
vn 0.8427 0.5269 -0.1109
vn 0.9659 -0.0000 -0.2588
vn 0.8210 -0.5269 -0.2200
vn 0.4346 -0.8931 -0.1165
vn -0.0677 -0.9975 0.0181
vn -0.5363 -0.8317 0.1437
vn -0.8550 -0.4653 0.2291
vn -0.8550 0.4653 0.2291
vn -0.5363 0.8317 0.1437
vn -0.0677 0.9975 0.0181
vn 0.4346 0.8931 -0.1165
vn 0.8210 0.5269 -0.2200
vn 0.7852 -0.5269 -0.3253
vn 0.4157 -0.8930 -0.1722
vn -0.0648 -0.9975 0.0268
vn -0.5130 -0.8317 0.2125
vn -0.8178 -0.4653 0.3387
vn -0.8178 0.4653 0.3387
vn -0.5130 0.8317 0.2125
vn -0.0648 0.9975 0.0268
vn 0.4157 0.8930 -0.1722
vn 0.7852 0.5269 -0.3253
vn 0.7361 -0.5269 -0.4250
vn 0.3897 -0.8930 -0.2250
vn -0.0607 -0.9975 0.0350
vn -0.4809 -0.8317 0.2776
vn -0.7666 -0.4653 0.4426
vn -0.7666 0.4653 0.4426
vn -0.4809 0.8317 0.2776
vn -0.0607 0.9975 0.0350
vn 0.3897 0.8931 -0.2250
vn 0.7361 0.5269 -0.4250
vn 0.6743 -0.5269 -0.5174
vn 0.3570 -0.8930 -0.2739
vn -0.0556 -0.9975 0.0427
vn -0.4405 -0.8317 0.3380
vn -0.7022 -0.4653 0.5388
vn -0.7022 0.4653 0.5388
vn -0.4405 0.8317 0.3380
vn -0.0556 0.9975 0.0427
vn 0.3570 0.8930 -0.2739
vn 0.6743 0.5269 -0.5174
vn 0.6010 -0.5269 -0.6010
vn 0.3182 -0.8930 -0.3182
vn -0.0496 -0.9975 0.0496
vn -0.3926 -0.8317 0.3926
vn -0.6259 -0.4653 0.6259
vn -0.6259 0.4653 0.6259
vn -0.3926 0.8317 0.3926
vn -0.0496 0.9975 0.0496
vn 0.3182 0.8930 -0.3182
vn 0.6010 0.5269 -0.6010
vn 0.5174 -0.5269 -0.6743
vn 0.2739 -0.8930 -0.3570
vn -0.0427 -0.9975 0.0556
vn -0.3380 -0.8317 0.4405
vn -0.5388 -0.4653 0.7022
vn -0.5388 0.4653 0.7022
vn -0.3380 0.8317 0.4405
vn -0.0427 0.9975 0.0556
vn 0.2739 0.8930 -0.3570
vn 0.5174 0.5269 -0.6743
vn 0.4250 -0.5269 -0.7361
vn 0.2250 -0.8930 -0.3897
vn -0.0350 -0.9975 0.0607
vn -0.2776 -0.8317 0.4809
vn -0.4426 -0.4653 0.7666
vn -0.4426 0.4653 0.7666
vn -0.2776 0.8317 0.4809
vn -0.0350 0.9975 0.0607
vn 0.2250 0.8930 -0.3897
vn 0.4250 0.5269 -0.7361
vn 0.3253 -0.5269 -0.7852
vn 0.1722 -0.8931 -0.4157
vn -0.0268 -0.9975 0.0647
vn -0.2125 -0.8317 0.5130
vn -0.3387 -0.4653 0.8178
vn -0.3387 0.4653 0.8178
vn -0.2125 0.8317 0.5130
vn -0.0268 0.9975 0.0648
vn 0.1722 0.8930 -0.4157
vn 0.3253 0.5269 -0.7852
vn 0.2200 -0.5269 -0.8210
vn 0.1165 -0.8930 -0.4346
vn -0.0181 -0.9975 0.0677
vn -0.1437 -0.8317 0.5363
vn -0.2291 -0.4653 0.8550
vn -0.2291 0.4653 0.8550
vn -0.1437 0.8317 0.5363
vn -0.0181 0.9975 0.0677
vn 0.1165 0.8931 -0.4346
vn 0.2200 0.5269 -0.8210
vn 0.1109 -0.5269 -0.8427
vn 0.0587 -0.8931 -0.4461
vn -0.0091 -0.9975 0.0695
vn -0.0725 -0.8317 0.5505
vn -0.1155 -0.4653 0.8776
vn -0.1155 0.4653 0.8776
vn -0.0725 0.8317 0.5505
vn -0.0091 0.9975 0.0695
vn 0.0587 0.8930 -0.4461
vn 0.1109 0.5269 -0.8427
vn -0.0000 -0.5269 -0.8499
vn -0.0000 -0.8930 -0.4500
vn -0.0000 -0.9975 0.0701
vn -0.0000 -0.8317 0.5553
vn -0.0000 -0.4653 0.8851
vn -0.0000 0.4653 0.8851
vn -0.0000 0.8317 0.5553
vn -0.0000 0.9975 0.0701
vn -0.0000 0.8931 -0.4500
vn -0.0000 0.5269 -0.8499
vn -0.1109 -0.5269 -0.8427
vn -0.0587 -0.8930 -0.4461
vn 0.0091 -0.9975 0.0695
vn 0.0725 -0.8317 0.5505
vn 0.1155 -0.4653 0.8776
vn 0.1155 0.4653 0.8776
vn 0.0725 0.8317 0.5505
vn 0.0091 0.9975 0.0695
vn -0.0587 0.8930 -0.4461
vn -0.1109 0.5269 -0.8427
vn -0.2200 -0.5269 -0.8210
vn -0.1165 -0.8931 -0.4346
vn 0.0181 -0.9975 0.0677
vn 0.1437 -0.8317 0.5363
vn 0.2291 -0.4653 0.8550
vn 0.2291 0.4653 0.8550
vn 0.1437 0.8317 0.5363
vn 0.0181 0.9975 0.0677
vn -0.1165 0.8930 -0.4346
vn -0.2200 0.5269 -0.8210
vn -0.3253 -0.5269 -0.7852
vn -0.1722 -0.8930 -0.4157
vn 0.0268 -0.9975 0.0648
vn 0.2125 -0.8317 0.5130
vn 0.3387 -0.4653 0.8178
vn 0.3387 0.4653 0.8178
vn 0.2125 0.8317 0.5130
vn 0.0268 0.9975 0.0648
vn -0.1722 0.8930 -0.4157
vn -0.3253 0.5269 -0.7852
vn -0.4250 -0.5269 -0.7361
vn -0.2250 -0.8931 -0.3897
vn 0.0350 -0.9975 0.0607
vn 0.2776 -0.8317 0.4809
vn 0.4426 -0.4653 0.7666
vn 0.4426 0.4653 0.7666
vn 0.2776 0.8317 0.4809
vn 0.0350 0.9975 0.0607
vn -0.2250 0.8931 -0.3897
vn -0.4250 0.5269 -0.7361
vn -0.5174 -0.5269 -0.6743
vn -0.2739 -0.8930 -0.3570
vn 0.0427 -0.9975 0.0556
vn 0.3380 -0.8317 0.4405
vn 0.5388 -0.4653 0.7022
vn 0.5388 0.4653 0.7022
vn 0.3380 0.8317 0.4405
vn 0.0427 0.9975 0.0556
vn -0.2739 0.8930 -0.3570
vn -0.5174 0.5269 -0.6743
vn -0.6010 -0.5269 -0.6010
vn -0.3182 -0.8930 -0.3182
vn 0.0496 -0.9975 0.0496
vn 0.3926 -0.8317 0.3926
vn 0.6259 -0.4653 0.6259
vn 0.6259 0.4653 0.6259
vn 0.3926 0.8317 0.3926
vn 0.0496 0.9975 0.0496
vn -0.3182 0.8931 -0.3182
vn -0.6010 0.5269 -0.6010
vn -0.6743 -0.5269 -0.5174
vn -0.3570 -0.8930 -0.2739
vn 0.0556 -0.9975 0.0427
vn 0.4405 -0.8317 0.3380
vn 0.7022 -0.4653 0.5388
vn 0.7022 0.4653 0.5388
vn 0.4405 0.8317 0.3380
vn 0.0556 0.9975 0.0427
vn -0.3570 0.8930 -0.2739
vn -0.6743 0.5269 -0.5174
vn -0.7361 -0.5269 -0.4250
vn -0.3897 -0.8931 -0.2250
vn 0.0607 -0.9975 0.0350
vn 0.4809 -0.8317 0.2776
vn 0.7666 -0.4653 0.4426
vn 0.7666 0.4653 0.4426
vn 0.4809 0.8317 0.2776
vn 0.0607 0.9975 0.0350
vn -0.3897 0.8930 -0.2250
vn -0.7361 0.5269 -0.4250
vn -0.7852 -0.5269 -0.3253
vn -0.4157 -0.8931 -0.1722
vn 0.0647 -0.9975 0.0268
vn 0.5130 -0.8317 0.2125
vn 0.8178 -0.4653 0.3387
vn 0.8178 0.4653 0.3387
vn 0.5130 0.8317 0.2125
vn 0.0648 0.9975 0.0268
vn -0.4157 0.8931 -0.1722
vn -0.7852 0.5269 -0.3253
vn -0.8210 -0.5269 -0.2200
vn -0.4425 -0.8841 -0.1505
vn 0.0692 -0.9944 -0.0800
vn 0.5755 -0.8162 0.0503
vn 0.8723 -0.4468 0.1987
vn 0.8550 0.4653 0.2291
vn 0.5363 0.8317 0.1437
vn 0.0677 0.9975 0.0181
vn -0.4346 0.8930 -0.1165
vn -0.8210 0.5269 -0.2200
vn -0.8427 -0.5269 -0.1109
vn -0.9699 0.1896 -0.1529
vn 0.2940 0.6266 0.7218
vn 0.3294 -0.9207 0.2095
vn -0.7238 0.0577 0.6875
vn 0.3912 0.9203 0.0031
vn 0.8776 0.4653 0.1155
vn 0.5505 0.8317 0.0725
vn 0.0695 0.9975 0.0091
vn -0.4461 0.8930 -0.0587
vn -0.8427 0.5269 -0.1109
vn 0.8698 0.4934 -0.0000
vn 0.4890 0.8723 -0.0000
vn -0.3860 0.8790 0.2800
vn -0.3949 0.9174 0.0497
vn -0.5001 0.7624 -0.4107
vn -0.9994 0.0332 -0.0000
vn -0.8620 -0.5068 -0.0000
vn -0.4882 -0.8727 -0.0000
vn 0.0155 -0.9999 -0.0000
vn 0.5115 -0.8593 -0.0000
vn 0.8698 -0.4934 -0.0000
vn 0.8624 0.4934 -0.1135
vn 0.4960 0.8663 -0.0588
vn -0.0248 0.9988 0.0414
vn -0.3984 0.6163 0.6794
vn -0.7879 0.5588 0.2589
vn -0.9899 0.0160 0.1408
vn -0.8547 -0.5068 0.1125
vn -0.4840 -0.8727 0.0637
vn 0.0154 -0.9999 -0.0020
vn 0.5071 -0.8593 -0.0668
vn 0.8624 -0.4934 -0.1135
vn 0.8402 0.4934 -0.2251
vn 0.4940 0.8593 -0.1324
vn 0.0241 0.9997 0.0046
vn -0.4681 0.8722 0.1421
vn -0.8340 0.4974 0.2387
vn -0.8327 -0.5068 0.2231
vn -0.4715 -0.8727 0.1264
vn 0.0150 -0.9999 -0.0040
vn 0.4940 -0.8593 -0.1324
vn 0.8402 -0.4934 -0.2251
vn 0.8036 0.4934 -0.3329
vn 0.4725 0.8593 -0.1957
vn 0.0143 0.9999 -0.0059
vn -0.4510 0.8727 0.1868
vn -0.7964 0.5068 0.3299
vn -0.7964 -0.5068 0.3299
vn -0.4510 -0.8727 0.1868
vn 0.0143 -0.9999 -0.0059
vn 0.4725 -0.8593 -0.1957
vn 0.8036 -0.4934 -0.3329
vn 0.7533 0.4934 -0.4349
vn 0.4429 0.8593 -0.2557
vn 0.0134 0.9999 -0.0078
vn -0.4228 0.8727 0.2441
vn -0.7466 0.5068 0.4310
vn -0.7465 -0.5068 0.4310
vn -0.4228 -0.8727 0.2441
vn 0.0134 -0.9999 -0.0078
vn 0.4429 -0.8593 -0.2557
vn 0.7533 -0.4934 -0.4349
vn 0.6901 0.4934 -0.5295
vn 0.4058 0.8593 -0.3114
vn 0.0123 0.9999 -0.0094
vn -0.3873 0.8727 0.2972
vn -0.6839 0.5068 0.5248
vn -0.6839 -0.5068 0.5248
vn -0.3873 -0.8727 0.2972
vn 0.0123 -0.9999 -0.0094
vn 0.4058 -0.8593 -0.3114
vn 0.6901 -0.4934 -0.5295
vn 0.6150 0.4934 -0.6150
vn 0.3617 0.8593 -0.3617
vn 0.0110 0.9999 -0.0110
vn -0.3452 0.8727 0.3452
vn -0.6096 0.5068 0.6096
vn -0.6096 -0.5068 0.6096
vn -0.3452 -0.8727 0.3452
vn 0.0110 -0.9999 -0.0110
vn 0.3617 -0.8593 -0.3617
vn 0.6150 -0.4934 -0.6150
vn 0.5295 0.4934 -0.6901
vn 0.3114 0.8593 -0.4058
vn 0.0094 0.9999 -0.0123
vn -0.2972 0.8727 0.3873
vn -0.5248 0.5068 0.6839
vn -0.5248 -0.5068 0.6839
vn -0.2972 -0.8727 0.3873
vn 0.0094 -0.9999 -0.0123
vn 0.3114 -0.8593 -0.4058
vn 0.5295 -0.4934 -0.6901
vn 0.4349 0.4934 -0.7533
vn 0.2557 0.8593 -0.4429
vn 0.0078 0.9999 -0.0134
vn -0.2441 0.8727 0.4228
vn -0.4310 0.5068 0.7466
vn -0.4310 -0.5068 0.7466
vn -0.2441 -0.8727 0.4228
vn 0.0078 -0.9999 -0.0134
vn 0.2557 -0.8593 -0.4429
vn 0.4349 -0.4934 -0.7533
vn 0.3329 0.4934 -0.8036
vn 0.1957 0.8593 -0.4725
vn 0.0059 0.9999 -0.0143
vn -0.1868 0.8727 0.4510
vn -0.3299 0.5068 0.7964
vn -0.3299 -0.5068 0.7964
vn -0.1868 -0.8727 0.4510
vn 0.0059 -0.9999 -0.0143
vn 0.1957 -0.8593 -0.4725
vn 0.3329 -0.4934 -0.8036
vn 0.2251 0.4934 -0.8402
vn 0.1324 0.8593 -0.4940
vn 0.0040 0.9999 -0.0150
vn -0.1264 0.8727 0.4716
vn -0.2231 0.5068 0.8327
vn -0.2231 -0.5068 0.8327
vn -0.1264 -0.8727 0.4716
vn 0.0040 -0.9999 -0.0150
vn 0.1324 -0.8593 -0.4940
vn 0.2251 -0.4934 -0.8402
vn 0.1135 0.4934 -0.8624
vn 0.0668 0.8593 -0.5071
vn 0.0020 0.9999 -0.0154
vn -0.0637 0.8727 0.4840
vn -0.1125 0.5068 0.8547
vn -0.1125 -0.5068 0.8547
vn -0.0637 -0.8727 0.4840
vn 0.0020 -0.9999 -0.0154
vn 0.0668 -0.8593 -0.5071
vn 0.1135 -0.4934 -0.8624
vn -0.0000 0.4934 -0.8698
vn -0.0000 0.8593 -0.5115
vn -0.0000 0.9999 -0.0155
vn -0.0000 0.8727 0.4882
vn -0.0000 0.5068 0.8620
vn -0.0000 -0.5068 0.8620
vn -0.0000 -0.8727 0.4882
vn -0.0000 -0.9999 -0.0155
vn -0.0000 -0.8593 -0.5115
vn -0.0000 -0.4934 -0.8698
vn -0.1135 0.4934 -0.8624
vn -0.0668 0.8593 -0.5071
vn -0.0020 0.9999 -0.0154
vn 0.0637 0.8727 0.4840
vn 0.1125 0.5068 0.8547
vn 0.1125 -0.5068 0.8547
vn 0.0637 -0.8727 0.4840
vn -0.0020 -0.9999 -0.0154
vn -0.0668 -0.8593 -0.5071
vn -0.1135 -0.4934 -0.8624
vn -0.2251 0.4934 -0.8402
vn -0.1324 0.8593 -0.4940
vn -0.0040 0.9999 -0.0150
vn 0.1264 0.8727 0.4716
vn 0.2231 0.5068 0.8327
vn 0.2231 -0.5068 0.8327
vn 0.1264 -0.8727 0.4716
vn -0.0040 -0.9999 -0.0150
vn -0.1324 -0.8593 -0.4940
vn -0.2251 -0.4934 -0.8402
vn -0.3329 0.4934 -0.8036
vn -0.1957 0.8593 -0.4725
vn -0.0059 0.9999 -0.0143
vn 0.1868 0.8727 0.4510
vn 0.3299 0.5068 0.7964
vn 0.3299 -0.5068 0.7964
vn 0.1868 -0.8727 0.4510
vn -0.0059 -0.9999 -0.0143
vn -0.1957 -0.8593 -0.4725
vn -0.3329 -0.4934 -0.8036
vn -0.4349 0.4934 -0.7533
vn -0.2557 0.8593 -0.4429
vn -0.0078 0.9999 -0.0134
vn 0.2441 0.8727 0.4228
vn 0.4310 0.5068 0.7466
vn 0.4310 -0.5068 0.7466
vn 0.2441 -0.8727 0.4228
vn -0.0078 -0.9999 -0.0134
vn -0.2557 -0.8593 -0.4429
vn -0.4349 -0.4934 -0.7533
vn -0.5295 0.4934 -0.6901
vn -0.3114 0.8593 -0.4058
vn -0.0094 0.9999 -0.0123
vn 0.2972 0.8727 0.3873
vn 0.5248 0.5068 0.6839
vn 0.5248 -0.5068 0.6839
vn 0.2972 -0.8727 0.3873
vn -0.0094 -0.9999 -0.0123
vn -0.3114 -0.8593 -0.4058
vn -0.5295 -0.4934 -0.6901
vn -0.6150 0.4934 -0.6150
vn -0.3617 0.8593 -0.3617
vn -0.0110 0.9999 -0.0110
vn 0.3452 0.8727 0.3452
vn 0.6096 0.5068 0.6096
vn 0.6096 -0.5068 0.6096
vn 0.3452 -0.8727 0.3452
vn -0.0110 -0.9999 -0.0110
vn -0.3617 -0.8593 -0.3617
vn -0.6150 -0.4934 -0.6150
vn -0.6901 0.4934 -0.5295
vn -0.4058 0.8593 -0.3114
vn -0.0123 0.9999 -0.0094
vn 0.3873 0.8727 0.2972
vn 0.6839 0.5068 0.5248
vn 0.6839 -0.5068 0.5248
vn 0.3873 -0.8727 0.2972
vn -0.0123 -0.9999 -0.0094
vn -0.4058 -0.8593 -0.3114
vn -0.6901 -0.4934 -0.5295
vn -0.7533 0.4934 -0.4349
vn -0.4429 0.8593 -0.2557
vn -0.0134 0.9999 -0.0078
vn 0.4228 0.8727 0.2441
vn 0.7466 0.5068 0.4310
vn 0.7466 -0.5068 0.4310
vn 0.4228 -0.8727 0.2441
vn -0.0134 -0.9999 -0.0078
vn -0.4429 -0.8593 -0.2557
vn -0.7533 -0.4934 -0.4349
vn -0.8036 0.4934 -0.3329
vn -0.4725 0.8593 -0.1957
vn -0.0143 0.9999 -0.0059
vn 0.4510 0.8727 0.1868
vn 0.7964 0.5068 0.3299
vn 0.7964 -0.5068 0.3299
vn 0.4510 -0.8727 0.1868
vn -0.0143 -0.9999 -0.0059
vn -0.4725 -0.8593 -0.1957
vn -0.8036 -0.4934 -0.3329
vn -0.8402 0.4934 -0.2251
vn -0.4940 0.8593 -0.1324
vn -0.0150 0.9999 -0.0040
vn 0.4716 0.8727 0.1264
vn 0.8327 0.5068 0.2231
vn 0.8327 -0.5068 0.2231
vn 0.4716 -0.8727 0.1264
vn -0.0150 -0.9999 -0.0040
vn -0.4940 -0.8593 -0.1324
vn -0.8402 -0.4934 -0.2251
vn -0.8624 0.4934 -0.1135
vn -0.5071 0.8593 -0.0668
vn -0.0154 0.9999 -0.0020
vn 0.4840 0.8727 0.0637
vn 0.8547 0.5068 0.1125
vn 0.8547 -0.5068 0.1125
vn 0.4840 -0.8727 0.0637
vn -0.0154 -0.9999 -0.0020
vn -0.5071 -0.8593 -0.0668
vn -0.8624 -0.4934 -0.1135
vn -0.8698 0.4934 -0.0000
vn -0.5115 0.8593 -0.0000
vn -0.0155 0.9999 -0.0000
vn 0.4882 0.8727 -0.0000
vn 0.8620 0.5068 -0.0000
vn 0.8620 -0.5068 -0.0000
vn 0.4882 -0.8727 -0.0000
vn -0.0155 -0.9999 -0.0000
vn -0.5115 -0.8593 -0.0000
vn -0.8698 -0.4934 -0.0000
vn -0.8624 0.4934 0.1135
vn -0.5071 0.8593 0.0668
vn -0.0154 0.9999 0.0020
vn 0.4840 0.8727 -0.0637
vn 0.8547 0.5068 -0.1125
vn 0.8547 -0.5068 -0.1125
vn 0.4840 -0.8727 -0.0637
vn -0.0154 -0.9999 0.0020
vn -0.5071 -0.8593 0.0668
vn -0.8624 -0.4934 0.1135
vn -0.8402 0.4934 0.2251
vn -0.4940 0.8593 0.1324
vn -0.0150 0.9999 0.0040
vn 0.4716 0.8727 -0.1264
vn 0.8327 0.5068 -0.2231
vn 0.8327 -0.5068 -0.2231
vn 0.4715 -0.8727 -0.1264
vn -0.0150 -0.9999 0.0040
vn -0.4940 -0.8593 0.1324
vn -0.8402 -0.4934 0.2251
vn -0.8036 0.4934 0.3329
vn -0.4725 0.8593 0.1957
vn -0.0143 0.9999 0.0059
vn 0.4510 0.8727 -0.1868
vn 0.7964 0.5068 -0.3299
vn 0.7964 -0.5068 -0.3299
vn 0.4510 -0.8727 -0.1868
vn -0.0143 -0.9999 0.0059
vn -0.4725 -0.8593 0.1957
vn -0.8036 -0.4934 0.3329
vn -0.7533 0.4934 0.4349
vn -0.4429 0.8593 0.2557
vn -0.0134 0.9999 0.0078
vn 0.4228 0.8727 -0.2441
vn 0.7466 0.5068 -0.4310
vn 0.7466 -0.5068 -0.4310
vn 0.4228 -0.8727 -0.2441
vn -0.0134 -0.9999 0.0078
vn -0.4429 -0.8593 0.2557
vn -0.7533 -0.4934 0.4349
vn -0.6901 0.4934 0.5295
vn -0.4058 0.8593 0.3114
vn -0.0123 0.9999 0.0094
vn 0.3873 0.8727 -0.2972
vn 0.6839 0.5068 -0.5248
vn 0.6839 -0.5068 -0.5248
vn 0.3873 -0.8727 -0.2972
vn -0.0123 -0.9999 0.0094
vn -0.4058 -0.8593 0.3114
vn -0.6901 -0.4934 0.5295
vn -0.6150 0.4934 0.6150
vn -0.3617 0.8593 0.3617
vn -0.0110 0.9999 0.0110
vn 0.3452 0.8727 -0.3452
vn 0.6096 0.5068 -0.6096
vn 0.6096 -0.5068 -0.6096
vn 0.3452 -0.8727 -0.3452
vn -0.0110 -0.9999 0.0110
vn -0.3617 -0.8593 0.3617
vn -0.6150 -0.4934 0.6150
vn -0.5295 0.4934 0.6901
vn -0.3114 0.8593 0.4058
vn -0.0094 0.9999 0.0123
vn 0.2972 0.8727 -0.3873
vn 0.5248 0.5068 -0.6839
vn 0.5248 -0.5068 -0.6839
vn 0.2972 -0.8727 -0.3873
vn -0.0094 -0.9999 0.0123
vn -0.3114 -0.8593 0.4058
vn -0.5295 -0.4934 0.6901
vn -0.4349 0.4934 0.7533
vn -0.2557 0.8593 0.4429
vn -0.0078 0.9999 0.0134
vn 0.2441 0.8727 -0.4228
vn 0.4310 0.5068 -0.7466
vn 0.4310 -0.5068 -0.7466
vn 0.2441 -0.8727 -0.4228
vn -0.0078 -0.9999 0.0134
vn -0.2557 -0.8593 0.4429
vn -0.4349 -0.4934 0.7533
vn -0.3329 0.4934 0.8036
vn -0.1957 0.8593 0.4725
vn -0.0059 0.9999 0.0143
vn 0.1868 0.8727 -0.4510
vn 0.3299 0.5068 -0.7964
vn 0.3299 -0.5068 -0.7964
vn 0.1868 -0.8727 -0.4510
vn -0.0059 -0.9999 0.0143
vn -0.1957 -0.8593 0.4725
vn -0.3329 -0.4934 0.8036
vn -0.2251 0.4934 0.8402
vn -0.1324 0.8593 0.4940
vn -0.0040 0.9999 0.0150
vn 0.1264 0.8727 -0.4716
vn 0.2231 0.5068 -0.8327
vn 0.2231 -0.5068 -0.8327
vn 0.1264 -0.8727 -0.4716
vn -0.0040 -0.9999 0.0150
vn -0.1324 -0.8593 0.4940
vn -0.2251 -0.4934 0.8402
vn -0.1135 0.4934 0.8624
vn -0.0668 0.8593 0.5071
vn -0.0020 0.9999 0.0154
vn 0.0637 0.8727 -0.4840
vn 0.1125 0.5068 -0.8547
vn 0.1125 -0.5068 -0.8547
vn 0.0637 -0.8727 -0.4840
vn -0.0020 -0.9999 0.0154
vn -0.0668 -0.8593 0.5071
vn -0.1135 -0.4934 0.8624
vn -0.0000 0.4934 0.8698
vn -0.0000 0.8593 0.5115
vn -0.0000 0.9999 0.0155
vn -0.0000 0.8727 -0.4882
vn -0.0000 0.5068 -0.8620
vn -0.0000 -0.5068 -0.8620
vn -0.0000 -0.8727 -0.4882
vn -0.0000 -0.9999 0.0155
vn -0.0000 -0.8593 0.5115
vn -0.0000 -0.4934 0.8698
vn 0.1135 0.4934 0.8624
vn 0.0668 0.8593 0.5071
vn 0.0020 0.9999 0.0154
vn -0.0637 0.8727 -0.4840
vn -0.1125 0.5068 -0.8547
vn -0.1125 -0.5068 -0.8547
vn -0.0637 -0.8727 -0.4840
vn 0.0020 -0.9999 0.0154
vn 0.0668 -0.8593 0.5071
vn 0.1135 -0.4934 0.8624
vn 0.2251 0.4934 0.8402
vn 0.1324 0.8593 0.4940
vn 0.0040 0.9999 0.0150
vn -0.1264 0.8727 -0.4716
vn -0.2231 0.5068 -0.8327
vn -0.2231 -0.5068 -0.8327
vn -0.1264 -0.8727 -0.4716
vn 0.0040 -0.9999 0.0150
vn 0.1324 -0.8593 0.4940
vn 0.2251 -0.4934 0.8402
vn 0.3329 0.4934 0.8036
vn 0.1957 0.8593 0.4725
vn 0.0059 0.9999 0.0143
vn -0.1868 0.8727 -0.4510
vn -0.3299 0.5068 -0.7964
vn -0.3299 -0.5068 -0.7964
vn -0.1868 -0.8727 -0.4510
vn 0.0059 -0.9999 0.0143
vn 0.1957 -0.8593 0.4725
vn 0.3329 -0.4934 0.8036
vn 0.4349 0.4934 0.7533
vn 0.2557 0.8593 0.4429
vn 0.0078 0.9999 0.0134
vn -0.2441 0.8727 -0.4228
vn -0.4310 0.5068 -0.7466
vn -0.4310 -0.5068 -0.7466
vn -0.2441 -0.8727 -0.4228
vn 0.0078 -0.9999 0.0134
vn 0.2557 -0.8593 0.4429
vn 0.4349 -0.4934 0.7533
vn 0.5295 0.4934 0.6901
vn 0.3114 0.8593 0.4058
vn 0.0094 0.9999 0.0123
vn -0.2972 0.8727 -0.3873
vn -0.5248 0.5068 -0.6839
vn -0.5248 -0.5068 -0.6839
vn -0.2972 -0.8727 -0.3873
vn 0.0094 -0.9999 0.0123
vn 0.3114 -0.8593 0.4058
vn 0.5295 -0.4934 0.6901
vn 0.6150 0.4934 0.6150
vn 0.3617 0.8593 0.3617
vn 0.0110 0.9999 0.0110
vn -0.3452 0.8727 -0.3452
vn -0.6096 0.5068 -0.6096
vn -0.6096 -0.5068 -0.6096
vn -0.3452 -0.8727 -0.3452
vn 0.0110 -0.9999 0.0110
vn 0.3617 -0.8593 0.3617
vn 0.6150 -0.4934 0.6150
vn 0.6901 0.4934 0.5295
vn 0.4058 0.8593 0.3114
vn 0.0123 0.9999 0.0094
vn -0.3873 0.8727 -0.2972
vn -0.6839 0.5068 -0.5248
vn -0.6839 -0.5068 -0.5248
vn -0.3873 -0.8727 -0.2972
vn 0.0123 -0.9999 0.0094
vn 0.4058 -0.8593 0.3114
vn 0.6901 -0.4934 0.5295
vn 0.7533 0.4934 0.4349
vn 0.4429 0.8593 0.2557
vn 0.0134 0.9999 0.0078
vn -0.4228 0.8727 -0.2441
vn -0.7466 0.5068 -0.4310
vn -0.7466 -0.5068 -0.4310
vn -0.4228 -0.8727 -0.2441
vn 0.0134 -0.9999 0.0078
vn 0.4429 -0.8593 0.2557
vn 0.7533 -0.4934 0.4349
vn 0.8036 0.4934 0.3329
vn 0.4725 0.8593 0.1957
vn 0.0143 0.9999 0.0059
vn -0.4510 0.8727 -0.1868
vn -0.7964 0.5068 -0.3299
vn -0.7964 -0.5068 -0.3299
vn -0.4510 -0.8727 -0.1868
vn 0.0143 -0.9999 0.0059
vn 0.4725 -0.8593 0.1957
vn 0.8036 -0.4934 0.3329
vn 0.8402 0.4934 0.2251
vn 0.4940 0.8593 0.1324
vn 0.0241 0.9997 -0.0046
vn -0.4681 0.8722 -0.1421
vn -0.8340 0.4974 -0.2387
vn -0.8327 -0.5068 -0.2231
vn -0.4716 -0.8727 -0.1264
vn 0.0150 -0.9999 0.0040
vn 0.4940 -0.8593 0.1324
vn 0.8402 -0.4934 0.2251
vn 0.8624 0.4934 0.1135
vn 0.4960 0.8663 0.0588
vn -0.1195 0.9825 -0.1429
vn -0.2392 0.6804 -0.6927
vn -0.8374 0.4984 -0.2244
vn -0.9899 0.0160 -0.1408
vn -0.8547 -0.5068 -0.1125
vn -0.4840 -0.8727 -0.0637
vn 0.0154 -0.9999 0.0020
vn 0.5071 -0.8593 0.0668
vn 0.8624 -0.4934 0.1135
vt 0.500000 0.500000
vt 0.520833 0.583333
vt 0.520833 0.500000
vt 0.500000 0.666667
vt 0.500000 0.583333
vt 0.500000 0.750000
vt 0.520833 0.666667
vt 0.500000 0.833333
vt 0.520833 0.750000
vt 0.520833 0.916667
vt 0.520833 0.833333
vt 0.500000 0.916667
vt 0.520833 1.000000
vt 0.500000 0.083333
vt 0.520833 0.000000
vt 0.500000 0.000000
vt 0.520833 0.166667
vt 0.520833 0.083333
vt 0.500000 0.250000
vt 0.500000 0.166667
vt 0.500000 0.333333
vt 0.520833 0.250000
vt 0.500000 0.416667
vt 0.520833 0.333333
vt 0.520833 0.416667
vt 0.541667 0.500000
vt 0.541667 0.583333
vt 0.541667 0.750000
vt 0.541667 0.666667
vt 0.541667 0.916667
vt 0.541667 0.833333
vt 0.541667 1.000000
vt 0.541667 0.000000
vt 0.541667 0.083333
vt 0.541667 0.166667
vt 0.541667 0.333333
vt 0.541667 0.250000
vt 0.541667 0.416667
vt 0.562500 0.583333
vt 0.562500 0.500000
vt 0.562500 0.666667
vt 0.562500 0.833333
vt 0.562500 0.750000
vt 0.562500 0.916667
vt 0.562500 0.000000
vt 0.562500 0.083333
vt 0.562500 0.166667
vt 0.562500 0.333333
vt 0.562500 0.250000
vt 0.562500 0.416667
vt 0.583333 0.583333
vt 0.583333 0.500000
vt 0.583333 0.666667
vt 0.583333 0.750000
vt 0.583333 0.916667
vt 0.583333 0.833333
vt 0.562500 1.000000
vt 0.583333 0.000000
vt 0.583333 0.083333
vt 0.583333 0.166667
vt 0.583333 0.333333
vt 0.583333 0.250000
vt 0.583333 0.416667
vt 0.604167 0.500000
vt 0.604167 0.583333
vt 0.604167 0.666667
vt 0.604167 0.833333
vt 0.604167 0.750000
vt 0.604167 0.916667
vt 0.583333 1.000000
vt 0.604167 0.000000
vt 0.604167 0.083333
vt 0.604167 0.166667
vt 0.604167 0.333333
vt 0.604167 0.250000
vt 0.604167 0.416667
vt 0.625000 0.583333
vt 0.625000 0.500000
vt 0.625000 0.666667
vt 0.625000 0.750000
vt 0.625000 0.916667
vt 0.625000 0.833333
vt 0.604167 1.000000
vt 0.625000 0.000000
vt 0.625000 0.083333
vt 0.625000 0.250000
vt 0.625000 0.166667
vt 0.625000 0.333333
vt 0.625000 0.416667
vt 0.645833 0.583333
vt 0.645833 0.500000
vt 0.645833 0.666667
vt 0.645833 0.750000
vt 0.645833 0.916667
vt 0.645833 0.833333
vt 0.645833 1.000000
vt 0.645833 0.000000
vt 0.645833 0.083333
vt 0.645833 0.250000
vt 0.645833 0.166667
vt 0.645833 0.333333
vt 0.645833 0.416667
vt 0.666667 0.500000
vt 0.666667 0.666667
vt 0.666667 0.583333
vt 0.666667 0.750000
vt 0.666667 0.916667
vt 0.666667 0.833333
vt 0.666667 1.000000
vt 0.666667 0.000000
vt 0.666667 0.083333
vt 0.666667 0.250000
vt 0.666667 0.166667
vt 0.666667 0.333333
vt 0.666667 0.416667
vt 0.687500 0.500000
vt 0.687500 0.666667
vt 0.687500 0.583333
vt 0.687500 0.750000
vt 0.687500 0.916667
vt 0.687500 0.833333
vt 0.687500 0.083333
vt 0.687500 0.000000
vt 0.687500 0.250000
vt 0.687500 0.166667
vt 0.687500 0.333333
vt 0.687500 0.416667
vt 0.708333 0.500000
vt 0.708333 0.583333
vt 0.708333 0.750000
vt 0.708333 0.666667
vt 0.708333 0.833333
vt 0.687500 1.000000
vt 0.708333 0.916667
vt 0.708333 0.083333
vt 0.708333 0.000000
vt 0.708333 0.250000
vt 0.708333 0.166667
vt 0.708333 0.333333
vt 0.708333 0.416667
vt 0.729167 0.500000
vt 0.729167 0.666667
vt 0.729167 0.583333
vt 0.729167 0.750000
vt 0.729167 0.833333
vt 0.708333 1.000000
vt 0.729167 0.916667
vt 0.729167 0.083333
vt 0.729167 0.000000
vt 0.729167 0.250000
vt 0.729167 0.166667
vt 0.729167 0.333333
vt 0.729167 0.416667
vt 0.750000 0.500000
vt 0.750000 0.583333
vt 0.750000 0.666667
vt 0.750000 0.833333
vt 0.750000 0.750000
vt 0.729167 1.000000
vt 0.750000 0.916667
vt 0.750000 0.000000
vt 0.750000 0.083333
vt 0.750000 0.166667
vt 0.750000 0.250000
vt 0.750000 0.333333
vt 0.750000 0.416667
vt 0.770833 0.500000
vt 0.770833 0.583333
vt 0.770833 0.666667
vt 0.770833 0.750000
vt 0.770833 0.916667
vt 0.770833 0.833333
vt 0.750000 1.000000
vt 0.770833 0.000000
vt 0.770833 0.083333
vt 0.770833 0.166667
vt 0.770833 0.333333
vt 0.770833 0.250000
vt 0.770833 0.416667
vt 0.791667 0.583333
vt 0.791667 0.500000
vt 0.791667 0.666667
vt 0.791667 0.833333
vt 0.791667 0.750000
vt 0.791667 1.000000
vt 0.791667 0.916667
vt 0.791667 0.000000
vt 0.791667 0.083333
vt 0.791667 0.166667
vt 0.791667 0.333333
vt 0.791667 0.250000
vt 0.791667 0.416667
vt 0.812500 0.583333
vt 0.812500 0.500000
vt 0.812500 0.666667
vt 0.812500 0.833333
vt 0.812500 0.750000
vt 0.812500 1.000000
vt 0.812500 0.916667
vt 0.812500 0.000000
vt 0.812500 0.166667
vt 0.812500 0.083333
vt 0.812500 0.250000
vt 0.812500 0.333333
vt 0.812500 0.416667
vt 0.833333 0.583333
vt 0.833333 0.500000
vt 0.833333 0.666667
vt 0.833333 0.833333
vt 0.833333 0.750000
vt 0.833333 1.000000
vt 0.833333 0.916667
vt 0.833333 0.000000
vt 0.833333 0.166667
vt 0.833333 0.083333
vt 0.833333 0.333333
vt 0.833333 0.250000
vt 0.833333 0.416667
vt 0.854167 0.500000
vt 0.854167 0.583333
vt 0.854167 0.666667
vt 0.854167 0.833333
vt 0.854167 0.750000
vt 0.854167 1.000000
vt 0.854167 0.916667
vt 0.854167 0.000000
vt 0.854167 0.166667
vt 0.854167 0.083333
vt 0.854167 0.333333
vt 0.854167 0.250000
vt 0.854167 0.416667
vt 0.875000 0.583333
vt 0.875000 0.500000
vt 0.875000 0.750000
vt 0.875000 0.666667
vt 0.875000 0.833333
vt 0.875000 1.000000
vt 0.875000 0.916667
vt 0.875000 0.000000
vt 0.875000 0.166667
vt 0.875000 0.083333
vt 0.875000 0.250000
vt 0.875000 0.416667
vt 0.875000 0.333333
vt 0.895833 0.583333
vt 0.895833 0.500000
vt 0.895833 0.750000
vt 0.895833 0.666667
vt 0.895833 0.833333
vt 0.895833 1.000000
vt 0.895833 0.916667
vt 0.895833 0.000000
vt 0.895833 0.083333
vt 0.895833 0.166667
vt 0.895833 0.333333
vt 0.895833 0.250000
vt 0.895833 0.416667
vt 0.916667 0.583333
vt 0.916667 0.500000
vt 0.916667 0.750000
vt 0.916667 0.666667
vt 0.916667 0.833333
vt 0.916667 1.000000
vt 0.916667 0.916667
vt 0.916667 0.000000
vt 0.916667 0.083333
vt 0.916667 0.250000
vt 0.916667 0.166667
vt 0.916667 0.416667
vt 0.916667 0.333333
vt 0.937500 0.583333
vt 0.937500 0.500000
vt 0.937500 0.750000
vt 0.937500 0.666667
vt 0.937500 0.833333
vt 0.937500 0.916667
vt 0.937500 0.000000
vt 0.937500 0.083333
vt 0.937500 0.166667
vt 0.937500 0.250000
vt 0.937500 0.416667
vt 0.937500 0.333333
vt 0.958333 0.583333
vt 0.958333 0.500000
vt 0.958333 0.666667
vt 0.958333 0.750000
vt 0.958333 0.833333
vt 0.958333 0.916667
vt 0.937500 1.000000
vt 0.958333 0.000000
vt 0.958333 0.083333
vt 0.958333 0.166667
vt 0.958333 0.250000
vt 0.958333 0.333333
vt 0.958333 0.416667
vt 0.979167 0.500000
vt 0.979167 0.583333
vt 0.979167 0.750000
vt 0.979167 0.666667
vt 0.979167 0.833333
vt 0.958333 1.000000
vt 0.979167 0.916667
vt 0.979167 0.083333
vt 0.979167 0.000000
vt 0.979167 0.166667
vt 0.979167 0.250000
vt 0.979167 0.416667
vt 0.979167 0.333333
vt 1.000000 0.500000
vt 1.000000 0.583333
vt 1.000000 0.666667
vt 1.000000 0.750000
vt 1.000000 0.833333
vt 0.979167 1.000000
vt 1.000000 0.916667
vt 1.000000 0.000000
vt 1.000000 0.166667
vt 1.000000 0.083333
vt 1.000000 0.250000
vt 1.000000 0.416667
vt 1.000000 0.333333
vt 0.000000 0.500000
vt 0.020833 0.583333
vt 0.020833 0.500000
vt 0.000000 0.666667
vt 0.000000 0.583333
vt 0.020833 0.750000
vt 0.020833 0.666667
vt 0.000000 0.750000
vt 0.020833 0.833333
vt 0.000000 0.916667
vt 0.000000 0.833333
vt 0.000000 1.000000
vt 0.020833 0.916667
vt 0.000000 0.083333
vt 0.020833 0.000000
vt 0.000000 0.000000
vt 0.000000 0.166667
vt 0.020833 0.083333
vt 0.000000 0.250000
vt 0.020833 0.166667
vt 0.000000 0.333333
vt 0.020833 0.250000
vt 0.000000 0.416667
vt 0.020833 0.333333
vt 0.020833 0.416667
vt 0.041667 0.583333
vt 0.041667 0.500000
vt 0.041667 0.666667
vt 0.041667 0.750000
vt 0.041667 0.833333
vt 0.020833 1.000000
vt 0.041667 0.916667
vt 0.041667 0.083333
vt 0.041667 0.000000
vt 0.041667 0.166667
vt 0.041667 0.250000
vt 0.041667 0.333333
vt 0.041667 0.416667
vt 0.062500 0.583333
vt 0.062500 0.500000
vt 0.062500 0.666667
vt 0.062500 0.750000
vt 0.062500 0.833333
vt 0.062500 1.000000
vt 0.062500 0.916667
vt 0.062500 0.000000
vt 0.062500 0.083333
vt 0.062500 0.250000
vt 0.062500 0.166667
vt 0.062500 0.333333
vt 0.062500 0.416667
vt 0.083333 0.500000
vt 0.083333 0.583333
vt 0.083333 0.666667
vt 0.083333 0.750000
vt 0.083333 0.833333
vt 0.083333 0.916667
vt 0.083333 0.083333
vt 0.083333 0.000000
vt 0.083333 0.166667
vt 0.083333 0.250000
vt 0.083333 0.416667
vt 0.083333 0.333333
vt 0.104167 0.500000
vt 0.104167 0.583333
vt 0.104167 0.750000
vt 0.104167 0.666667
vt 0.104167 0.833333
vt 0.104167 1.000000
vt 0.104167 0.916667
vt 0.104167 0.000000
vt 0.104167 0.166667
vt 0.104167 0.083333
vt 0.104167 0.250000
vt 0.104167 0.333333
vt 0.104167 0.416667
vt 0.125000 0.500000
vt 0.125000 0.583333
vt 0.125000 0.750000
vt 0.125000 0.666667
vt 0.125000 0.833333
vt 0.125000 0.916667
vt 0.125000 0.000000
vt 0.125000 0.166667
vt 0.125000 0.083333
vt 0.125000 0.250000
vt 0.125000 0.333333
vt 0.125000 0.416667
vt 0.145833 0.500000
vt 0.145833 0.666667
vt 0.145833 0.583333
vt 0.145833 0.750000
vt 0.145833 0.833333
vt 0.145833 1.000000
vt 0.145833 0.916667
vt 0.145833 0.000000
vt 0.145833 0.083333
vt 0.145833 0.250000
vt 0.145833 0.166667
vt 0.145833 0.333333
vt 0.145833 0.416667
vt 0.166667 0.583333
vt 0.166667 0.500000
vt 0.166667 0.666667
vt 0.166667 0.750000
vt 0.166667 0.833333
vt 0.166667 0.916667
vt 0.166667 0.083333
vt 0.166667 0.000000
vt 0.166667 0.166667
vt 0.166667 0.250000
vt 0.166667 0.333333
vt 0.166667 0.416667
vt 0.187500 0.500000
vt 0.187500 0.583333
vt 0.187500 0.750000
vt 0.187500 0.666667
vt 0.187500 0.833333
vt 0.187500 0.916667
vt 0.166667 1.000000
vt 0.187500 0.000000
vt 0.187500 0.083333
vt 0.187500 0.166667
vt 0.187500 0.250000
vt 0.187500 0.416667
vt 0.187500 0.333333
vt 0.208333 0.583333
vt 0.208333 0.500000
vt 0.208333 0.666667
vt 0.208333 0.833333
vt 0.208333 0.750000
vt 0.187500 1.000000
vt 0.208333 0.916667
vt 0.208333 0.000000
vt 0.208333 0.166667
vt 0.208333 0.083333
vt 0.208333 0.250000
vt 0.208333 0.416667
vt 0.208333 0.333333
vt 0.229167 0.583333
vt 0.229167 0.500000
vt 0.229167 0.666667
vt 0.229167 0.750000
vt 0.229167 0.833333
vt 0.208333 1.000000
vt 0.229167 0.916667
vt 0.229167 0.000000
vt 0.229167 0.166667
vt 0.229167 0.083333
vt 0.229167 0.250000
vt 0.229167 0.333333
vt 0.229167 0.416667
vt 0.250000 0.500000
vt 0.250000 0.583333
vt 0.250000 0.666667
vt 0.250000 0.833333
vt 0.250000 0.750000
vt 0.229167 1.000000
vt 0.250000 0.916667
vt 0.250000 0.000000
vt 0.250000 0.083333
vt 0.250000 0.166667
vt 0.250000 0.250000
vt 0.250000 0.416667
vt 0.250000 0.333333
vt 0.270833 0.500000
vt 0.270833 0.583333
vt 0.270833 0.666667
vt 0.270833 0.750000
vt 0.270833 0.833333
vt 0.250000 1.000000
vt 0.270833 0.916667
vt 0.270833 0.000000
vt 0.270833 0.083333
vt 0.270833 0.166667
vt 0.270833 0.250000
vt 0.270833 0.333333
vt 0.270833 0.416667
vt 0.291667 0.583333
vt 0.291667 0.500000
vt 0.291667 0.666667
vt 0.291667 0.750000
vt 0.291667 0.833333
vt 0.270833 1.000000
vt 0.291667 0.916667
vt 0.291667 0.000000
vt 0.291667 0.166667
vt 0.291667 0.083333
vt 0.291667 0.250000
vt 0.291667 0.333333
vt 0.291667 0.416667
vt 0.312500 0.500000
vt 0.312500 0.666667
vt 0.312500 0.583333
vt 0.312500 0.833333
vt 0.312500 0.750000
vt 0.312500 1.000000
vt 0.312500 0.916667
vt 0.312500 0.000000
vt 0.312500 0.166667
vt 0.312500 0.083333
vt 0.312500 0.250000
vt 0.312500 0.333333
vt 0.312500 0.416667
vt 0.333333 0.500000
vt 0.333333 0.583333
vt 0.333333 0.750000
vt 0.333333 0.666667
vt 0.333333 0.833333
vt 0.333333 1.000000
vt 0.333333 0.916667
vt 0.333333 0.000000
vt 0.333333 0.083333
vt 0.333333 0.166667
vt 0.333333 0.250000
vt 0.333333 0.333333
vt 0.333333 0.416667
vt 0.354167 0.500000
vt 0.354167 0.583333
vt 0.354167 0.750000
vt 0.354167 0.666667
vt 0.354167 0.916667
vt 0.354167 0.833333
vt 0.354167 0.000000
vt 0.354167 0.166667
vt 0.354167 0.083333
vt 0.354167 0.250000
vt 0.354167 0.333333
vt 0.354167 0.416667
vt 0.375000 0.583333
vt 0.375000 0.500000
vt 0.375000 0.666667
vt 0.375000 0.750000
vt 0.375000 0.833333
vt 0.375000 1.000000
vt 0.375000 0.916667
vt 0.375000 0.000000
vt 0.375000 0.166667
vt 0.375000 0.083333
vt 0.375000 0.250000
vt 0.375000 0.416667
vt 0.375000 0.333333
vt 0.395833 0.583333
vt 0.395833 0.500000
vt 0.395833 0.666667
vt 0.395833 0.833333
vt 0.395833 0.750000
vt 0.395833 1.000000
vt 0.395833 0.916667
vt 0.395833 0.000000
vt 0.395833 0.166667
vt 0.395833 0.083333
vt 0.395833 0.250000
vt 0.395833 0.333333
vt 0.395833 0.416667
vt 0.416667 0.583333
vt 0.416667 0.500000
vt 0.416667 0.750000
vt 0.416667 0.666667
vt 0.416667 0.833333
vt 0.416667 1.000000
vt 0.416667 0.916667
vt 0.416667 0.000000
vt 0.416667 0.166667
vt 0.416667 0.083333
vt 0.416667 0.250000
vt 0.416667 0.333333
vt 0.416667 0.416667
vt 0.437500 0.583333
vt 0.437500 0.500000
vt 0.437500 0.666667
vt 0.437500 0.750000
vt 0.437500 0.833333
vt 0.437500 1.000000
vt 0.437500 0.916667
vt 0.437500 0.000000
vt 0.437500 0.166667
vt 0.437500 0.083333
vt 0.437500 0.250000
vt 0.437500 0.416667
vt 0.437500 0.333333
vt 0.458333 0.500000
vt 0.458333 0.666667
vt 0.458333 0.583333
vt 0.458333 0.833333
vt 0.458333 0.750000
vt 0.458333 1.000000
vt 0.458333 0.916667
vt 0.458333 0.000000
vt 0.458333 0.166667
vt 0.458333 0.083333
vt 0.458333 0.250000
vt 0.458333 0.333333
vt 0.458333 0.416667
vt 0.479167 0.500000
vt 0.479167 0.666667
vt 0.479167 0.583333
vt 0.479167 0.750000
vt 0.479167 0.833333
vt 0.479167 1.000000
vt 0.479167 0.916667
vt 0.479167 0.000000
vt 0.479167 0.083333
vt 0.479167 0.166667
vt 0.479167 0.250000
vt 0.479167 0.333333
vt 0.479167 0.416667
vt 0.500000 1.000000
vt 0.625000 1.000000
vt 0.770833 1.000000
vt 1.000000 1.000000
vt 0.041667 1.000000
vt 0.083333 1.000000
vt 0.125000 1.000000
vt 0.291667 1.000000
vt 0.354167 1.000000
s 1
usemtl Material.002
f 25/13/7 38/14/20 37/15/19
f 27/16/9 38/14/20 26/17/8
f 28/18/10 39/19/21 27/16/9
f 29/20/11 40/21/22 28/18/10
f 29/20/11 42/22/24 41/23/23
f 30/24/12 43/25/25 42/22/24
f 32/26/14 43/27/25 31/28/13
f 32/26/14 45/29/27 44/30/26
f 34/31/16 45/29/27 33/32/15
f 35/33/17 46/34/28 34/31/16
f 36/35/18 47/36/29 35/33/17
f 25/13/7 48/37/30 36/35/18
f 38/14/20 49/38/31 37/15/19
f 39/19/21 50/39/32 38/14/20
f 39/19/21 52/40/34 51/41/33
f 41/23/23 52/40/34 40/21/22
f 41/23/23 54/42/36 53/43/35
f 42/22/24 55/44/37 54/42/36
f 44/30/26 55/45/37 43/27/25
f 45/29/27 56/46/38 44/30/26
f 46/34/28 57/47/39 45/29/27
f 46/34/28 59/48/41 58/49/40
f 47/36/29 60/50/42 59/48/41
f 48/37/30 49/38/31 60/50/42
f 49/38/31 62/51/44 61/52/43
f 51/41/33 62/51/44 50/39/32
f 52/40/34 63/53/45 51/41/33
f 52/40/34 65/54/47 64/55/46
f 54/42/36 65/54/47 53/43/35
f 55/44/37 66/56/48 54/42/36
f 56/46/38 67/57/49 55/45/37
f 57/47/39 68/58/50 56/46/38
f 58/49/40 69/59/51 57/47/39
f 58/49/40 71/60/53 70/61/52
f 60/50/42 71/60/53 59/48/41
f 49/38/31 72/62/54 60/50/42
f 61/52/43 74/63/56 73/64/55
f 63/53/45 74/63/56 62/51/44
f 64/55/46 75/65/57 63/53/45
f 65/54/47 76/66/58 64/55/46
f 65/54/47 78/67/60 77/68/59
f 67/69/49 78/67/60 66/56/48
f 68/58/50 79/70/61 67/57/49
f 69/59/51 80/71/62 68/58/50
f 70/61/52 81/72/63 69/59/51
f 70/61/52 83/73/65 82/74/64
f 72/62/54 83/73/65 71/60/53
f 61/52/43 84/75/66 72/62/54
f 74/63/56 85/76/67 73/64/55
f 75/65/57 86/77/68 74/63/56
f 76/66/58 87/78/69 75/65/57
f 76/66/58 89/79/71 88/80/70
f 77/68/59 90/81/72 89/79/71
f 79/82/61 90/81/72 78/67/60
f 80/71/62 91/83/73 79/70/61
f 81/72/63 92/84/74 80/71/62
f 82/74/64 93/85/75 81/72/63
f 82/74/64 95/86/77 94/87/76
f 84/75/66 95/86/77 83/73/65
f 73/64/55 96/88/78 84/75/66
f 85/76/67 98/89/80 97/90/79
f 87/78/69 98/89/80 86/77/68
f 88/80/70 99/91/81 87/78/69
f 89/79/71 100/92/82 88/80/70
f 89/79/71 102/93/84 101/94/83
f 91/95/73 102/93/84 90/81/72
f 92/84/74 103/96/85 91/83/73
f 93/85/75 104/97/86 92/84/74
f 93/85/75 106/98/88 105/99/87
f 94/87/76 107/100/89 106/98/88
f 96/88/78 107/100/89 95/86/77
f 96/88/78 97/90/79 108/101/90
f 97/90/79 110/102/92 109/103/91
f 99/91/81 110/102/92 98/89/80
f 100/92/82 111/104/93 99/91/81
f 101/94/83 112/105/94 100/92/82
f 101/94/83 114/106/96 113/107/95
f 102/93/84 115/108/97 114/106/96
f 104/97/86 115/109/97 103/96/85
f 105/99/87 116/110/98 104/97/86
f 105/99/87 118/111/100 117/112/99
f 106/98/88 119/113/101 118/111/100
f 108/101/90 119/113/101 107/100/89
f 97/90/79 120/114/102 108/101/90
f 110/102/92 121/115/103 109/103/91
f 110/102/92 123/116/105 122/117/104
f 111/104/93 124/118/106 123/116/105
f 113/107/95 124/118/106 112/105/94
f 113/107/95 126/119/108 125/120/107
f 114/106/96 127/121/109 126/119/108
f 116/110/98 127/122/109 115/109/97
f 117/112/99 128/123/110 116/110/98
f 117/112/99 130/124/112 129/125/111
f 119/113/101 130/124/112 118/111/100
f 120/114/102 131/126/113 119/113/101
f 120/114/102 121/115/103 132/127/114
f 122/117/104 133/128/115 121/115/103
f 122/117/104 135/129/117 134/130/116
f 124/118/106 135/129/117 123/116/105
f 125/120/107 136/131/118 124/118/106
f 125/120/107 138/132/120 137/133/119
f 127/121/109 138/132/120 126/119/108
f 127/122/109 140/134/122 139/135/121
f 129/125/111 140/134/122 128/123/110
f 129/125/111 142/136/124 141/137/123
f 130/124/112 143/138/125 142/136/124
f 132/127/114 143/138/125 131/126/113
f 132/127/114 133/128/115 144/139/126
f 134/130/116 145/140/127 133/128/115
f 135/129/117 146/141/128 134/130/116
f 135/129/117 148/142/130 147/143/129
f 137/133/119 148/142/130 136/131/118
f 138/132/120 149/144/131 137/133/119
f 139/145/121 150/146/132 138/132/120
f 139/135/121 152/147/134 151/148/133
f 141/137/123 152/147/134 140/134/122
f 141/137/123 154/149/136 153/150/135
f 142/136/124 155/151/137 154/149/136
f 144/139/126 155/151/137 143/138/125
f 144/139/126 145/140/127 156/152/138
f 146/141/128 157/153/139 145/140/127
f 146/141/128 159/154/141 158/155/140
f 147/143/129 160/156/142 159/154/141
f 149/144/131 160/156/142 148/142/130
f 150/146/132 161/157/143 149/144/131
f 151/158/133 162/159/144 150/146/132
f 151/148/133 164/160/146 163/161/145
f 153/150/135 164/160/146 152/147/134
f 153/150/135 166/162/148 165/163/147
f 155/151/137 166/162/148 154/149/136
f 156/152/138 167/164/149 155/151/137
f 156/152/138 157/153/139 168/165/150
f 158/155/140 169/166/151 157/153/139
f 159/154/141 170/167/152 158/155/140
f 160/156/142 171/168/153 159/154/141
f 160/156/142 173/169/155 172/170/154
f 162/159/144 173/169/155 161/157/143
f 163/171/145 174/172/156 162/159/144
f 164/160/146 175/173/157 163/161/145
f 165/163/147 176/174/158 164/160/146
f 166/162/148 177/175/159 165/163/147
f 167/164/149 178/176/160 166/162/148
f 168/165/150 179/177/161 167/164/149
f 157/153/139 180/178/162 168/165/150
f 170/167/152 181/179/163 169/166/151
f 171/168/153 182/180/164 170/167/152
f 172/170/154 183/181/165 171/168/153
f 173/169/155 184/182/166 172/170/154
f 173/169/155 186/183/168 185/184/167
f 175/185/157 186/183/168 174/172/156
f 176/174/158 187/186/169 175/173/157
f 177/175/159 188/187/170 176/174/158
f 178/176/160 189/188/171 177/175/159
f 178/176/160 191/189/173 190/190/172
f 179/177/161 192/191/174 191/189/173
f 169/166/151 192/191/174 180/178/162
f 181/179/163 194/192/176 193/193/175
f 182/180/164 195/194/177 194/192/176
f 184/182/166 195/194/177 183/181/165
f 184/182/166 197/195/179 196/196/178
f 186/183/168 197/195/179 185/184/167
f 186/183/168 199/197/181 198/198/180
f 188/187/170 199/199/181 187/186/169
f 189/188/171 200/200/182 188/187/170
f 190/190/172 201/201/183 189/188/171
f 190/190/172 203/202/185 202/203/184
f 192/191/174 203/202/185 191/189/173
f 181/179/163 204/204/186 192/191/174
f 193/193/175 206/205/188 205/206/187
f 194/192/176 207/207/189 206/205/188
f 196/196/178 207/207/189 195/194/177
f 196/196/178 209/208/191 208/209/190
f 198/198/180 209/208/191 197/195/179
f 198/198/180 211/210/193 210/211/192
f 200/200/182 211/212/193 199/199/181
f 200/200/182 213/213/195 212/214/194
f 202/203/184 213/213/195 201/201/183
f 203/202/185 214/215/196 202/203/184
f 204/204/186 215/216/197 203/202/185
f 193/193/175 216/217/198 204/204/186
f 205/206/187 218/218/200 217/219/199
f 207/207/189 218/218/200 206/205/188
f 208/209/190 219/220/201 207/207/189
f 208/209/190 221/221/203 220/222/202
f 210/211/192 221/221/203 209/208/191
f 210/211/192 223/223/205 222/224/204
f 212/214/194 223/225/205 211/212/193
f 212/214/194 225/226/207 224/227/206
f 214/215/196 225/226/207 213/213/195
f 214/215/196 227/228/209 226/229/208
f 215/216/197 228/230/210 227/228/209
f 205/206/187 228/230/210 216/217/198
f 218/218/200 229/231/211 217/219/199
f 219/220/201 230/232/212 218/218/200
f 220/222/202 231/233/213 219/220/201
f 220/222/202 233/234/215 232/235/214
f 222/224/204 233/234/215 221/221/203
f 222/224/204 235/236/217 234/237/216
f 224/227/206 235/238/217 223/225/205
f 224/227/206 237/239/219 236/240/218
f 226/229/208 237/239/219 225/226/207
f 226/229/208 239/241/221 238/242/220
f 227/228/209 240/243/222 239/241/221
f 228/230/210 229/231/211 240/243/222
f 229/231/211 242/244/224 241/245/223
f 231/233/213 242/244/224 230/232/212
f 231/233/213 244/246/226 243/247/225
f 232/235/214 245/248/227 244/246/226
f 234/237/216 245/248/227 233/234/215
f 234/237/216 247/249/229 246/250/228
f 236/240/218 247/251/229 235/238/217
f 236/240/218 249/252/231 248/253/230
f 238/242/220 249/252/231 237/239/219
f 239/241/221 250/254/232 238/242/220
f 239/241/221 252/255/234 251/256/233
f 229/231/211 252/255/234 240/243/222
f 241/245/223 254/257/236 253/258/235
f 243/247/225 254/257/236 242/244/224
f 243/247/225 256/259/238 255/260/237
f 244/246/226 257/261/239 256/259/238
f 246/250/228 257/261/239 245/248/227
f 246/250/228 259/262/241 258/263/240
f 248/253/230 259/264/241 247/251/229
f 249/252/231 260/265/242 248/253/230
f 250/254/232 261/266/243 249/252/231
f 250/254/232 263/267/245 262/268/244
f 252/255/234 263/267/245 251/256/233
f 241/245/223 264/269/246 252/255/234
f 253/258/235 266/270/248 265/271/247
f 255/260/237 266/270/248 254/257/236
f 255/260/237 268/272/250 267/273/249
f 257/261/239 268/272/250 256/259/238
f 258/263/240 269/274/251 257/261/239
f 258/263/240 271/275/253 270/276/252
f 260/265/242 271/277/253 259/264/241
f 261/266/243 272/278/254 260/265/242
f 261/266/243 274/279/256 273/280/255
f 263/267/245 274/279/256 262/268/244
f 263/267/245 276/281/258 275/282/257
f 253/258/235 276/281/258 264/269/246
f 265/271/247 278/283/260 277/284/259
f 267/273/249 278/283/260 266/270/248
f 267/273/249 280/285/262 279/286/261
f 269/274/251 280/285/262 268/272/250
f 270/276/252 281/287/263 269/274/251
f 271/275/253 282/288/264 270/276/252
f 272/278/254 283/289/265 271/277/253
f 273/280/255 284/290/266 272/278/254
f 274/279/256 285/291/267 273/280/255
f 275/282/257 286/292/268 274/279/256
f 275/282/257 288/293/270 287/294/269
f 265/271/247 288/293/270 276/281/258
f 277/284/259 290/295/272 289/296/271
f 278/283/260 291/297/273 290/295/272
f 279/286/261 292/298/274 291/297/273
f 280/285/262 293/299/275 292/298/274
f 281/287/263 294/300/276 293/299/275
f 283/301/265 294/300/276 282/288/264
f 284/290/266 295/302/277 283/289/265
f 285/291/267 296/303/278 284/290/266
f 286/292/268 297/304/279 285/291/267
f 287/294/269 298/305/280 286/292/268
f 288/293/270 299/306/281 287/294/269
f 277/284/259 300/307/282 288/293/270
f 290/295/272 301/308/283 289/296/271
f 291/297/273 302/309/284 290/295/272
f 291/297/273 304/310/286 303/311/285
f 293/299/275 304/310/286 292/298/274
f 294/300/276 305/312/287 293/299/275
f 295/313/277 306/314/288 294/300/276
f 295/302/277 308/315/290 307/316/289
f 297/304/279 308/315/290 296/303/278
f 298/305/280 309/317/291 297/304/279
f 299/306/281 310/318/292 298/305/280
f 299/306/281 312/319/294 311/320/293
f 289/296/271 312/319/294 300/307/282
f 302/309/284 313/321/295 301/308/283
f 303/311/285 314/322/296 302/309/284
f 304/310/286 315/323/297 303/311/285
f 305/312/287 316/324/298 304/310/286
f 306/314/288 317/325/299 305/312/287
f 307/326/289 318/327/300 306/314/288
f 308/315/290 319/328/7 307/316/289
f 308/315/290 321/329/302 320/330/301
f 309/317/291 322/331/303 321/329/302
f 311/320/293 322/331/303 310/318/292
f 311/320/293 324/332/305 323/333/304
f 301/308/283 324/332/305 312/319/294
f 313/334/295 326/335/307 325/336/306
f 315/337/297 326/335/307 314/338/296
f 315/337/297 328/339/309 327/340/308
f 316/341/298 329/342/310 328/339/309
f 318/343/300 329/342/310 317/344/299
f 319/345/7 330/346/311 318/343/300
f 320/347/301 331/348/19 319/349/7
f 321/350/302 332/351/312 320/347/301
f 322/352/303 333/353/313 321/350/302
f 323/354/304 334/355/314 322/352/303
f 324/356/305 335/357/315 323/354/304
f 313/334/295 336/358/316 324/356/305
f 325/336/306 338/359/318 337/360/317
f 326/335/307 339/361/319 338/359/318
f 327/340/308 340/362/320 339/361/319
f 328/339/309 341/363/321 340/362/320
f 330/346/311 341/363/321 329/342/310
f 331/364/19 342/365/322 330/346/311
f 331/348/19 344/366/323 343/367/31
f 333/353/313 344/366/323 332/351/312
f 334/355/314 345/368/324 333/353/313
f 335/357/315 346/369/325 334/355/314
f 336/358/316 347/370/326 335/357/315
f 325/336/306 348/371/327 336/358/316
f 337/360/317 350/372/328 349/373/49
f 338/359/318 351/374/329 350/372/328
f 340/362/320 351/374/329 339/361/319
f 341/363/321 352/375/330 340/362/320
f 342/365/322 353/376/331 341/363/321
f 342/365/322 355/377/43 354/378/332
f 344/366/323 355/379/43 343/367/31
f 345/368/324 356/380/333 344/366/323
f 345/368/324 358/381/335 357/382/334
f 346/369/325 359/383/336 358/381/335
f 347/370/326 360/384/337 359/383/336
f 337/360/317 360/384/337 348/371/327
f 350/372/328 361/385/61 349/373/49
f 351/374/329 362/386/338 350/372/328
f 352/375/330 363/387/339 351/374/329
f 353/376/331 364/388/340 352/375/330
f 354/378/332 365/389/341 353/376/331
f 355/377/43 366/390/342 354/378/332
f 355/379/43 368/391/343 367/392/55
f 356/380/333 369/393/344 368/391/343
f 357/382/334 370/394/345 369/393/344
f 359/383/336 370/394/345 358/381/335
f 359/383/336 372/395/347 371/396/346
f 360/384/337 361/385/61 372/395/347
f 362/386/338 373/397/73 361/385/61
f 363/387/339 374/398/348 362/386/338
f 363/387/339 376/399/350 375/400/349
f 365/389/341 376/399/350 364/388/340
f 366/390/342 377/401/351 365/389/341
f 366/390/342 379/402/67 378/403/352
f 368/391/343 379/404/67 367/392/55
f 368/391/343 381/405/354 380/406/353
f 369/393/344 382/407/355 381/405/354
f 370/394/345 383/408/356 382/407/355
f 371/396/346 384/409/357 383/408/356
f 361/385/61 384/409/357 372/395/347
f 374/398/348 385/410/85 373/397/73
f 375/400/349 386/411/358 374/398/348
f 375/400/349 388/412/360 387/413/359
f 377/401/351 388/412/360 376/399/350
f 378/403/352 389/414/361 377/401/351
f 379/402/67 390/415/362 378/403/352
f 380/406/353 391/416/79 379/404/67
f 380/406/353 393/417/364 392/418/363
f 382/407/355 393/417/364 381/405/354
f 383/408/356 394/419/365 382/407/355
f 384/409/357 395/420/366 383/408/356
f 384/409/357 385/410/85 396/421/367
f 386/411/358 397/422/97 385/410/85
f 386/411/358 399/423/369 398/424/368
f 387/413/359 400/425/370 399/423/369
f 389/414/361 400/425/370 388/412/360
f 390/415/362 401/426/371 389/414/361
f 390/415/362 403/427/91 402/428/372
f 392/418/363 403/429/91 391/416/79
f 393/417/364 404/430/373 392/418/363
f 393/417/364 406/431/375 405/432/374
f 395/420/366 406/431/375 394/419/365
f 396/421/367 407/433/376 395/420/366
f 396/421/367 397/422/97 408/434/377
f 397/422/97 410/435/378 409/436/109
f 398/424/368 411/437/379 410/435/378
f 399/423/369 412/438/380 411/437/379
f 400/425/370 413/439/381 412/438/380
f 402/428/372 413/439/381 401/426/371
f 403/427/91 414/440/382 402/428/372
f 403/429/91 416/441/383 415/442/103
f 404/430/373 417/443/384 416/441/383
f 406/431/375 417/443/384 405/432/374
f 407/433/376 418/444/385 406/431/375
f 408/434/377 419/445/386 407/433/376
f 397/422/97 420/446/387 408/434/377
f 410/435/378 421/447/121 409/436/109
f 411/437/379 422/448/388 410/435/378
f 411/437/379 424/449/390 423/450/389
f 412/438/380 425/451/391 424/449/390
f 413/439/381 426/452/392 425/451/391
f 415/453/103 426/452/392 414/440/382
f 416/441/383 427/454/115 415/442/103
f 417/443/384 428/455/393 416/441/383
f 418/444/385 429/456/394 417/443/384
f 419/445/386 430/457/395 418/444/385
f 419/445/386 432/458/397 431/459/396
f 420/446/387 421/447/121 432/458/397
f 421/447/121 434/460/398 433/461/133
f 423/450/389 434/460/398 422/448/388
f 424/449/390 435/462/399 423/450/389
f 424/449/390 437/463/401 436/464/400
f 426/452/392 437/463/401 425/451/391
f 427/465/115 438/466/402 426/452/392
f 428/455/393 439/467/127 427/454/115
f 428/455/393 441/468/404 440/469/403
f 430/457/395 441/468/404 429/456/394
f 431/459/396 442/470/405 430/457/395
f 431/459/396 444/471/407 443/472/406
f 421/447/121 444/471/407 432/458/397
f 433/461/133 446/473/408 445/474/145
f 435/462/399 446/473/408 434/460/398
f 436/464/400 447/475/409 435/462/399
f 437/463/401 448/476/410 436/464/400
f 438/466/402 449/477/411 437/463/401
f 439/478/127 450/479/412 438/466/402
f 440/469/403 451/480/139 439/467/127
f 440/469/403 453/481/414 452/482/413
f 441/468/404 454/483/415 453/481/414
f 442/470/405 455/484/416 454/483/415
f 443/472/406 456/485/417 455/484/416
f 433/461/133 456/485/417 444/471/407
f 446/473/408 457/486/157 445/474/145
f 447/475/409 458/487/418 446/473/408
f 448/476/410 459/488/419 447/475/409
f 448/476/410 461/489/421 460/490/420
f 450/479/412 461/489/421 449/477/411
f 451/491/139 462/492/422 450/479/412
f 452/482/413 463/493/151 451/480/139
f 453/481/414 464/494/423 452/482/413
f 454/483/415 465/495/424 453/481/414
f 455/484/416 466/496/425 454/483/415
f 455/484/416 468/497/427 467/498/426
f 445/474/145 468/497/427 456/485/417
f 458/487/418 469/499/169 457/486/157
f 459/488/419 470/500/428 458/487/418
f 460/490/420 471/501/429 459/488/419
f 461/489/421 472/502/430 460/490/420
f 462/492/422 473/503/431 461/489/421
f 463/504/151 474/505/432 462/492/422
f 464/494/423 475/506/163 463/493/151
f 465/495/424 476/507/433 464/494/423
f 466/496/425 477/508/434 465/495/424
f 467/498/426 478/509/435 466/496/425
f 468/497/427 479/510/436 467/498/426
f 457/486/157 480/511/437 468/497/427
f 469/499/169 482/512/438 481/513/181
f 471/501/429 482/512/438 470/500/428
f 472/502/430 483/514/439 471/501/429
f 473/503/431 484/515/440 472/502/430
f 474/505/432 485/516/441 473/503/431
f 475/517/163 486/518/442 474/505/432
f 476/507/433 487/519/175 475/506/163
f 476/507/433 489/520/444 488/521/443
f 477/508/434 490/522/445 489/520/444
f 478/509/435 491/523/446 490/522/445
f 479/510/436 492/524/447 491/523/446
f 469/499/169 492/524/447 480/511/437
f 482/512/438 493/525/193 481/513/181
f 482/512/438 495/526/449 494/527/448
f 484/515/440 495/526/449 483/514/439
f 484/515/440 497/528/451 496/529/450
f 486/518/442 497/528/451 485/516/441
f 486/518/442 499/530/187 498/531/452
f 488/521/443 499/532/187 487/519/175
f 488/521/443 501/533/454 500/534/453
f 490/522/445 501/533/454 489/520/444
f 491/523/446 502/535/455 490/522/445
f 492/524/447 503/536/456 491/523/446
f 481/513/181 504/537/457 492/524/447
f 494/527/448 505/538/205 493/525/193
f 495/526/449 506/539/458 494/527/448
f 495/526/449 508/540/460 507/541/459
f 496/529/450 509/542/461 508/540/460
f 498/531/452 509/542/461 497/528/451
f 498/531/452 511/543/199 510/544/462
f 500/534/453 511/545/199 499/532/187
f 501/533/454 512/546/463 500/534/453
f 502/535/455 513/547/464 501/533/454
f 503/536/456 514/548/465 502/535/455
f 504/537/457 515/549/466 503/536/456
f 504/537/457 505/538/205 516/550/467
f 506/539/458 517/551/217 505/538/205
f 507/541/459 518/552/468 506/539/458
f 507/541/459 520/553/470 519/554/469
f 509/542/461 520/553/470 508/540/460
f 509/542/461 522/555/472 521/556/471
f 511/543/199 522/555/472 510/544/462
f 512/546/463 523/557/211 511/545/199
f 512/546/463 525/558/474 524/559/473
f 513/547/464 526/560/475 525/558/474
f 514/548/465 527/561/476 526/560/475
f 516/550/467 527/561/476 515/549/466
f 516/550/467 517/551/217 528/562/477
f 517/551/217 530/563/478 529/564/229
f 519/554/469 530/563/478 518/552/468
f 520/553/470 531/565/479 519/554/469
f 521/556/471 532/566/480 520/553/470
f 522/555/472 533/567/481 521/556/471
f 522/555/472 535/568/223 534/569/482
f 524/559/473 535/570/223 523/557/211
f 524/559/473 537/571/484 536/572/483
f 526/560/475 537/571/484 525/558/474
f 527/561/476 538/573/485 526/560/475
f 527/561/476 540/574/487 539/575/486
f 517/551/217 540/574/487 528/562/477
f 529/564/229 542/576/488 541/577/241
f 531/565/479 542/576/488 530/563/478
f 532/566/480 543/578/489 531/565/479
f 532/566/480 545/579/491 544/580/490
f 534/569/482 545/579/491 533/567/481
f 534/569/482 547/581/235 546/582/492
f 536/572/483 547/583/235 535/570/223
f 536/572/483 549/584/494 548/585/493
f 538/573/485 549/584/494 537/571/484
f 539/575/486 550/586/495 538/573/485
f 540/574/487 551/587/496 539/575/486
f 529/564/229 552/588/497 540/574/487
f 541/577/241 554/589/498 553/590/253
f 543/578/489 554/589/498 542/576/488
f 543/578/489 556/591/500 555/592/499
f 544/580/490 557/593/501 556/591/500
f 546/582/492 557/593/501 545/579/491
f 546/582/492 559/594/247 558/595/502
f 548/585/493 559/596/247 547/583/235
f 548/585/493 561/597/504 560/598/503
f 550/586/495 561/597/504 549/584/494
f 551/587/496 562/599/505 550/586/495
f 552/588/497 563/600/506 551/587/496
f 541/577/241 564/601/507 552/588/497
f 553/590/253 566/602/508 565/603/265
f 554/589/498 567/604/509 566/602/508
f 555/592/499 568/605/510 567/604/509
f 556/591/500 569/606/511 568/605/510
f 558/595/502 569/606/511 557/593/501
f 558/595/502 571/607/259 570/608/512
f 560/598/503 571/609/259 559/596/247
f 560/598/503 573/610/514 572/611/513
f 562/599/505 573/610/514 561/597/504
f 563/600/506 574/612/515 562/599/505
f 563/600/506 576/613/517 575/614/516
f 553/590/253 576/613/517 564/601/507
f 566/602/508 577/615/277 565/603/265
f 566/602/508 579/616/519 578/617/518
f 568/605/510 579/616/519 567/604/509
f 568/605/510 581/618/521 580/619/520
f 570/608/512 581/618/521 569/606/511
f 570/608/512 583/620/271 582/621/522
f 572/611/513 583/622/271 571/609/259
f 572/611/513 585/623/524 584/624/523
f 574/612/515 585/623/524 573/610/514
f 575/614/516 586/625/525 574/612/515
f 576/613/517 587/626/526 575/614/516
f 565/603/265 588/627/527 576/613/517
f 578/617/518 589/628/289 577/615/277
f 578/617/518 591/629/529 590/630/528
f 579/616/519 592/631/530 591/629/529
f 580/619/520 593/632/531 592/631/530
f 582/621/522 593/632/531 581/618/521
f 582/621/522 595/633/533 594/634/532
f 584/624/523 595/635/533 583/622/271
f 585/623/524 596/636/534 584/624/523
f 586/625/525 597/637/535 585/623/524
f 587/626/526 598/638/536 586/625/525
f 588/627/527 599/639/537 587/626/526
f 588/627/527 589/628/289 600/640/538
f 590/630/528 25/13/7 589/628/289
f 591/629/529 26/17/8 590/630/528
f 591/629/529 28/18/10 27/16/9
f 592/631/530 29/20/11 28/18/10
f 594/634/532 29/20/11 593/632/531
f 595/633/533 30/24/12 594/634/532
f 596/636/534 31/28/13 595/635/533
f 597/637/535 32/26/14 596/636/534
f 598/638/536 33/32/15 597/637/535
f 599/639/537 34/31/16 598/638/536
f 599/639/537 36/35/18 35/33/17
f 589/628/289 36/35/18 600/640/538
f 601/13/295 614/14/550 602/17/539
f 602/17/539 615/19/551 603/16/540
f 603/16/540 616/21/552 604/18/541
f 604/18/541 617/23/553 605/20/542
f 605/20/542 618/22/554 606/24/543
f 618/22/554 607/641/544 606/24/543
f 619/27/555 608/26/545 607/28/544
f 620/30/556 609/32/546 608/26/545
f 621/29/557 610/31/547 609/32/546
f 622/34/558 611/33/548 610/31/547
f 623/36/559 612/35/549 611/33/548
f 624/37/560 601/13/295 612/35/549
f 613/15/306 626/39/561 614/14/550
f 614/14/550 627/41/562 615/19/551
f 615/19/551 628/40/563 616/21/552
f 616/21/552 629/43/564 617/23/553
f 629/43/564 618/22/554 617/23/553
f 630/42/565 619/25/555 618/22/554
f 631/45/31 620/30/556 619/27/555
f 620/30/556 633/47/567 621/29/557
f 621/29/557 634/49/568 622/34/558
f 622/34/558 635/48/569 623/36/559
f 623/36/559 636/50/570 624/37/560
f 636/50/570 613/15/306 624/37/560
f 625/38/317 638/51/571 626/39/561
f 638/51/571 627/41/562 626/39/561
f 639/53/572 628/40/563 627/41/562
f 640/55/573 629/43/564 628/40/563
f 629/43/564 642/56/575 630/42/565
f 642/56/575 631/44/31 630/42/565
f 643/57/43 632/46/566 631/45/31
f 644/58/576 633/47/567 632/46/566
f 645/59/577 634/49/568 633/47/567
f 646/61/578 635/48/569 634/49/568
f 635/48/569 648/62/580 636/50/570
f 648/62/580 625/38/317 636/50/570
f 637/52/49 650/63/581 638/51/571
f 650/63/581 639/53/572 638/51/571
f 651/65/582 640/55/573 639/53/572
f 652/66/583 641/54/574 640/55/573
f 641/54/574 654/67/585 642/56/575
f 654/67/585 643/69/43 642/56/575
f 643/57/43 656/71/586 644/58/576
f 656/71/586 645/59/577 644/58/576
f 645/59/577 658/74/588 646/61/578
f 658/74/588 647/60/579 646/61/578
f 647/60/579 660/75/590 648/62/580
f 660/75/590 637/52/49 648/62/580
f 661/76/73 650/63/581 649/64/61
f 650/63/581 663/78/592 651/65/582
f 651/65/582 664/80/593 652/66/583
f 652/66/583 665/79/594 653/68/584
f 665/79/594 654/67/585 653/68/584
f 666/81/595 655/82/55 654/67/585
f 667/83/67 656/71/586 655/70/55
f 668/84/596 657/72/587 656/71/586
f 669/85/597 658/74/588 657/72/587
f 670/87/598 659/73/589 658/74/588
f 671/86/599 660/75/590 659/73/589
f 672/88/600 649/64/61 660/75/590
f 673/90/85 662/77/591 661/76/73
f 674/89/601 663/78/592 662/77/591
f 675/91/602 664/80/593 663/78/592
f 664/80/593 677/94/604 665/79/594
f 677/94/604 666/81/595 665/79/594
f 678/93/605 667/95/67 666/81/595
f 679/96/79 668/84/596 667/83/67
f 680/97/606 669/85/597 668/84/596
f 681/99/607 670/87/598 669/85/597
f 670/87/598 683/100/609 671/86/599
f 683/100/609 672/88/600 671/86/599
f 684/101/610 661/76/73 672/88/600
f 685/103/97 674/89/601 673/90/85
f 674/89/601 687/104/612 675/91/602
f 687/104/612 676/92/603 675/91/602
f 688/105/613 677/94/604 676/92/603
f 689/107/614 678/93/605 677/94/604
f 690/106/615 679/642/79 678/93/605
f 679/96/79 692/110/616 680/97/606
f 680/97/606 693/112/617 681/99/607
f 681/99/607 694/111/618 682/98/608
f 682/98/608 695/113/619 683/100/609
f 695/113/619 684/101/610 683/100/609
f 696/114/620 673/90/85 684/101/610
f 685/103/97 698/117/621 686/102/611
f 698/117/621 687/104/612 686/102/611
f 699/116/622 688/105/613 687/104/612
f 688/105/613 701/120/624 689/107/614
f 689/107/614 702/119/625 690/106/615
f 690/106/615 703/121/103 691/108/91
f 703/122/103 692/110/616 691/109/91
f 704/123/626 693/112/617 692/110/616
f 705/125/627 694/111/618 693/112/617
f 694/111/618 707/126/629 695/113/619
f 695/113/619 708/127/630 696/114/620
f 708/127/630 685/103/97 696/114/620
f 697/115/109 710/130/631 698/117/621
f 710/130/631 699/116/622 698/117/621
f 711/129/632 700/118/623 699/116/622
f 712/131/633 701/120/624 700/118/623
f 713/133/634 702/119/625 701/120/624
f 714/132/635 703/121/103 702/119/625
f 703/122/103 716/134/636 704/123/626
f 704/123/626 717/137/637 705/125/627
f 705/125/627 718/136/638 706/124/628
f 706/124/628 719/138/639 707/126/629
f 719/138/639 708/127/630 707/126/629
f 720/139/640 697/115/109 708/127/630
f 721/140/133 710/130/631 709/128/121
f 710/130/631 723/143/642 711/129/632
f 711/129/632 724/142/643 712/131/633
f 712/131/633 725/144/644 713/133/634
f 713/133/634 726/146/645 714/132/635
f 726/146/645 715/145/115 714/132/635
f 727/148/127 716/134/636 715/135/115
f 728/147/646 717/137/637 716/134/636
f 729/150/647 718/136/638 717/137/637
f 730/149/648 719/138/639 718/136/638
f 731/151/649 720/139/640 719/138/639
f 732/152/650 709/128/121 720/139/640
f 733/153/145 722/141/641 721/140/133
f 722/141/641 735/154/652 723/143/642
f 735/154/652 724/142/643 723/143/642
f 736/156/653 725/144/644 724/142/643
f 737/157/654 726/146/645 725/144/644
f 738/159/655 727/158/127 726/146/645
f 739/161/139 728/147/646 727/148/127
f 740/160/656 729/150/647 728/147/646
f 729/150/647 742/162/658 730/149/648
f 730/149/648 743/164/659 731/151/649
f 731/151/649 744/165/660 732/152/650
f 744/165/660 721/140/133 732/152/650
f 745/166/157 734/155/651 733/153/145
f 746/167/661 735/154/652 734/155/651
f 735/154/652 748/170/663 736/156/653
f 748/170/663 737/157/654 736/156/653
f 737/157/654 750/172/665 738/159/655
f 750/172/665 739/171/139 738/159/655
f 751/173/151 740/160/656 739/161/139
f 752/174/666 741/163/657 740/160/656
f 741/163/657 754/176/668 742/162/658
f 742/162/658 755/177/669 743/164/659
f 743/164/659 756/178/670 744/165/660
f 756/178/670 733/153/145 744/165/660
f 757/179/169 746/167/661 745/166/157
f 758/180/671 747/168/662 746/167/661
f 759/181/672 748/170/663 747/168/662
f 748/170/663 761/184/674 749/169/664
f 761/184/674 750/172/665 749/169/664
f 762/183/675 751/185/151 750/172/665
f 763/186/163 752/174/666 751/173/151
f 764/187/676 753/175/667 752/174/666
f 765/188/677 754/176/668 753/175/667
f 754/176/668 767/189/679 755/177/669
f 755/177/669 768/191/680 756/178/670
f 768/191/680 745/166/157 756/178/670
f 757/179/169 770/192/681 758/180/671
f 758/180/671 771/194/682 759/181/672
f 759/181/672 772/196/683 760/182/673
f 760/182/673 773/195/684 761/184/674
f 761/184/674 774/198/685 762/183/675
f 774/198/685 763/643/163 762/183/675
f 763/186/163 776/200/686 764/187/676
f 776/200/686 765/188/677 764/187/676
f 777/201/687 766/190/678 765/188/677
f 778/203/688 767/189/679 766/190/678
f 779/202/689 768/191/680 767/189/679
f 780/204/690 757/179/169 768/191/680
f 781/206/193 770/192/681 769/193/181
f 782/205/691 771/194/682 770/192/681
f 783/207/692 772/196/683 771/194/682
f 784/209/693 773/195/684 772/196/683
f 785/208/694 774/198/685 773/195/684
f 786/211/695 775/197/175 774/198/685
f 775/199/175 788/214/696 776/200/686
f 776/200/686 789/213/697 777/201/687
f 777/201/687 790/215/698 778/203/688
f 790/215/698 779/202/689 778/203/688
f 779/202/689 792/217/700 780/204/690
f 780/204/690 781/206/193 769/193/181
f 793/219/205 782/205/691 781/206/193
f 782/205/691 795/220/702 783/207/692
f 783/207/692 796/222/703 784/209/693
f 784/209/693 797/221/704 785/208/694
f 797/221/704 786/211/695 785/208/694
f 786/211/695 799/223/199 787/210/187
f 799/225/199 788/214/696 787/212/187
f 788/214/696 801/226/707 789/213/697
f 801/226/707 790/215/698 789/213/697
f 802/229/708 791/216/699 790/215/698
f 803/228/709 792/217/700 791/216/699
f 804/230/710 781/206/193 792/217/700
f 805/231/217 794/218/701 793/219/205
f 806/232/711 795/220/702 794/218/701
f 807/233/712 796/222/703 795/220/702
f 808/235/713 797/221/704 796/222/703
f 797/221/704 810/237/715 798/224/705
f 810/237/715 799/223/199 798/224/705
f 799/225/199 812/240/716 800/227/706
f 812/240/716 801/226/707 800/227/706
f 813/239/717 802/229/708 801/226/707
f 802/229/708 815/241/719 803/228/709
f 803/228/709 816/243/720 804/230/710
f 816/243/720 793/219/205 804/230/710
f 805/231/217 818/244/721 806/232/711
f 806/232/711 819/247/722 807/233/712
f 807/233/712 820/246/723 808/235/713
f 820/246/723 809/234/714 808/235/713
f 821/248/724 810/237/715 809/234/714
f 822/250/725 811/236/211 810/237/715
f 811/238/211 824/253/726 812/240/716
f 812/240/716 825/252/727 813/239/717
f 813/239/717 826/254/728 814/242/718
f 826/254/728 815/241/719 814/242/718
f 827/256/729 816/243/720 815/241/719
f 828/255/730 805/231/217 816/243/720
f 829/258/241 818/244/721 817/245/229
f 830/257/731 819/247/722 818/244/721
f 831/260/732 820/246/723 819/247/722
f 832/259/733 821/248/724 820/246/723
f 833/261/734 822/250/725 821/248/724
f 834/263/735 823/249/223 822/250/725
f 835/264/235 824/253/726 823/251/223
f 836/265/736 825/252/727 824/253/726
f 837/266/737 826/254/728 825/252/727
f 838/268/738 827/256/729 826/254/728
f 827/256/729 840/269/740 828/255/730
f 840/269/740 817/245/229 828/255/730
f 829/258/241 842/270/741 830/257/731
f 842/270/741 831/260/732 830/257/731
f 831/260/732 844/272/743 832/259/733
f 844/272/743 833/261/734 832/259/733
f 845/274/744 834/263/735 833/261/734
f 846/276/745 835/262/235 834/263/735
f 847/277/247 836/265/736 835/264/235
f 848/278/746 837/266/737 836/265/736
f 849/280/747 838/268/738 837/266/737
f 850/279/748 839/267/739 838/268/738
f 851/282/749 840/269/740 839/267/739
f 852/281/750 829/258/241 840/269/740
f 853/284/265 842/270/741 841/271/253
f 842/270/741 855/286/752 843/273/742
f 855/286/752 844/272/743 843/273/742
f 856/285/753 845/274/744 844/272/743
f 857/287/754 846/276/745 845/274/744
f 858/288/755 847/275/247 846/276/745
f 859/289/259 848/278/746 847/277/247
f 860/290/756 849/280/747 848/278/746
f 849/280/747 862/292/758 850/279/748
f 850/279/748 863/294/759 851/282/749
f 851/282/749 864/293/760 852/281/750
f 864/293/760 841/271/253 852/281/750
f 865/296/277 854/283/751 853/284/265
f 854/283/751 867/297/762 855/286/752
f 867/297/762 856/285/753 855/286/752
f 856/285/753 869/299/764 857/287/754
f 869/299/764 858/288/755 857/287/754
f 858/288/755 871/313/271 859/301/259
f 859/289/259 872/303/766 860/290/756
f 872/303/766 861/291/757 860/290/756
f 873/304/767 862/292/758 861/291/757
f 874/305/768 863/294/759 862/292/758
f 875/306/769 864/293/760 863/294/759
f 876/307/770 853/284/265 864/293/760
f 877/308/289 866/295/761 865/296/277
f 878/309/771 867/297/762 866/295/761
f 879/311/772 868/298/763 867/297/762
f 880/310/773 869/299/764 868/298/763
f 881/312/774 870/300/765 869/299/764
f 882/314/775 871/313/271 870/300/765
f 883/316/283 872/303/766 871/302/271
f 884/315/776 873/304/767 872/303/766
f 873/304/767 886/318/778 874/305/768
f 874/305/768 887/320/779 875/306/769
f 875/306/769 888/319/780 876/307/770
f 876/307/770 877/308/289 865/296/277
f 889/321/7 878/309/771 877/308/289
f 878/309/771 891/323/782 879/311/772
f 879/311/772 892/324/783 880/310/773
f 892/324/783 881/312/774 880/310/773
f 893/325/784 882/314/775 881/312/774
f 882/314/775 895/644/295 883/326/283
f 883/316/283 896/330/786 884/315/776
f 884/315/776 897/329/787 885/317/777
f 885/317/777 898/331/788 886/318/778
f 898/331/788 887/320/779 886/318/778
f 899/333/789 888/319/780 887/320/779
f 900/332/790 877/308/289 888/319/780
f 889/334/7 902/335/791 890/338/781
f 902/335/791 891/337/782 890/338/781
f 903/340/792 892/341/783 891/337/782
f 904/339/793 893/344/784 892/341/783
f 905/342/794 894/343/785 893/344/784
f 906/346/795 895/345/295 894/343/785
f 907/348/306 896/347/786 895/349/295
f 908/351/796 897/350/787 896/347/786
f 909/353/797 898/352/788 897/350/787
f 898/352/788 911/357/799 899/354/789
f 899/354/789 912/358/800 900/356/790
f 900/356/790 901/336/19 889/334/7
f 913/360/31 902/335/791 901/336/19
f 902/335/791 915/361/802 903/340/792
f 903/340/792 916/362/803 904/339/793
f 904/339/793 917/363/804 905/342/794
f 905/342/794 918/365/805 906/346/795
f 918/365/805 907/364/306 906/346/795
f 919/367/317 908/351/796 907/348/306
f 908/351/796 921/368/807 909/353/797
f 921/368/807 910/355/798 909/353/797
f 922/369/808 911/357/799 910/355/798
f 923/370/809 912/358/800 911/357/799
f 924/371/810 901/336/19 912/358/800
f 925/373/43 914/359/801 913/360/31
f 926/372/811 915/361/802 914/359/801
f 927/374/812 916/362/803 915/361/802
f 928/375/813 917/363/804 916/362/803
f 917/363/804 930/378/815 918/365/805
f 930/378/815 919/645/317 918/365/805
f 919/367/317 932/380/816 920/366/806
f 932/380/816 921/368/807 920/366/806
f 921/368/807 934/381/818 922/369/808
f 934/381/818 923/370/809 922/369/808
f 935/383/819 924/371/810 923/370/809
f 936/384/820 913/360/31 924/371/810
f 937/385/55 926/372/811 925/373/43
f 926/372/811 939/387/822 927/374/812
f 939/387/822 928/375/813 927/374/812
f 928/375/813 941/389/824 929/376/814
f 941/389/824 930/378/815 929/376/814
f 942/390/825 931/377/49 930/378/815
f 943/392/61 932/380/816 931/379/49
f 944/391/826 933/382/817 932/380/816
f 945/393/827 934/381/818 933/382/817
f 946/394/828 935/383/819 934/381/818
f 947/396/829 936/384/820 935/383/819
f 948/395/830 925/373/43 936/384/820
f 949/397/67 938/386/821 937/385/55
f 950/398/831 939/387/822 938/386/821
f 951/400/832 940/388/823 939/387/822
f 940/388/823 953/401/834 941/389/824
f 953/401/834 942/390/825 941/389/824
f 954/403/835 943/646/61 942/390/825
f 943/392/61 956/406/836 944/391/826
f 956/406/836 945/393/827 944/391/826
f 957/405/837 946/394/828 945/393/827
f 946/394/828 959/408/839 947/396/829
f 947/396/829 960/409/840 948/395/830
f 960/409/840 937/385/55 948/395/830
f 961/410/79 950/398/831 949/397/67
f 950/398/831 963/413/842 951/400/832
f 951/400/832 964/412/843 952/399/833
f 964/412/843 953/401/834 952/399/833
f 965/414/844 954/403/835 953/401/834
f 966/415/845 955/402/73 954/403/835
f 955/404/73 968/418/846 956/406/836
f 968/418/846 957/405/837 956/406/836
f 969/417/847 958/407/838 957/405/837
f 970/419/848 959/408/839 958/407/838
f 971/420/849 960/409/840 959/408/839
f 960/409/840 961/410/79 949/397/67
f 973/422/91 962/411/841 961/410/79
f 974/424/851 963/413/842 962/411/841
f 975/423/852 964/412/843 963/413/842
f 964/412/843 977/426/854 965/414/844
f 965/414/844 978/428/855 966/415/845
f 978/428/855 967/647/85 966/415/845
f 979/429/97 968/418/846 967/416/85
f 980/430/856 969/417/847 968/418/846
f 981/432/857 970/419/848 969/417/847
f 970/419/848 983/433/859 971/420/849
f 983/433/859 972/421/850 971/420/849
f 984/434/860 961/410/79 972/421/850
f 985/436/103 974/424/851 973/422/91
f 986/435/861 975/423/852 974/424/851
f 975/423/852 988/438/863 976/425/853
f 976/425/853 989/439/864 977/426/854
f 989/439/864 978/428/855 977/426/854
f 990/440/865 979/427/97 978/428/855
f 991/442/109 980/430/856 979/429/97
f 992/441/866 981/432/857 980/430/856
f 981/432/857 994/444/868 982/431/858
f 994/444/868 983/433/859 982/431/858
f 983/433/859 996/446/870 984/434/860
f 984/434/860 985/436/103 973/422/91
f 997/447/115 986/435/861 985/436/103
f 998/448/871 987/437/862 986/435/861
f 999/450/872 988/438/863 987/437/862
f 1000/449/873 989/439/864 988/438/863
f 1001/451/874 990/440/865 989/439/864
f 1002/452/875 991/453/109 990/440/865
f 1003/454/121 992/441/866 991/442/109
f 992/441/866 1005/456/877 993/443/867
f 993/443/867 1006/457/878 994/444/868
f 994/444/868 1007/459/879 995/445/869
f 995/445/869 1008/458/880 996/446/870
f 1008/458/880 985/436/103 996/446/870
f 1009/461/127 998/448/871 997/447/115
f 1010/460/881 999/450/872 998/448/871
f 1011/462/882 1000/449/873 999/450/872
f 1000/449/873 1013/463/884 1001/451/874
f 1013/463/884 1002/452/875 1001/451/874
f 1014/466/885 1003/465/121 1002/452/875
f 1015/467/133 1004/455/876 1003/454/121
f 1016/469/886 1005/456/877 1004/455/876
f 1017/468/887 1006/457/878 1005/456/877
f 1018/470/888 1007/459/879 1006/457/878
f 1019/472/889 1008/458/880 1007/459/879
f 1020/471/890 997/447/115 1008/458/880
f 1009/461/127 1022/473/891 1010/460/881
f 1010/460/881 1023/475/892 1011/462/882
f 1023/475/892 1012/464/883 1011/462/882
f 1024/476/893 1013/463/884 1012/464/883
f 1025/477/894 1014/466/885 1013/463/884
f 1026/479/895 1015/478/133 1014/466/885
f 1015/467/133 1028/482/896 1016/469/886
f 1028/482/896 1017/468/887 1016/469/886
f 1029/481/897 1018/470/888 1017/468/887
f 1030/483/898 1019/472/889 1018/470/888
f 1031/484/899 1020/471/890 1019/472/889
f 1032/485/900 1009/461/127 1020/471/890
f 1033/486/151 1022/473/891 1021/474/139
f 1034/487/901 1023/475/892 1022/473/891
f 1035/488/902 1024/476/893 1023/475/892
f 1036/490/903 1025/477/894 1024/476/893
f 1025/477/894 1038/492/905 1026/479/895
f 1038/492/905 1027/491/145 1026/479/895
f 1039/493/157 1028/482/896 1027/480/145
f 1040/494/906 1029/481/897 1028/482/896
f 1041/495/907 1030/483/898 1029/481/897
f 1030/483/898 1043/498/909 1031/484/899
f 1031/484/899 1044/497/910 1032/485/900
f 1032/485/900 1033/486/151 1021/474/139
f 1045/499/163 1034/487/901 1033/486/151
f 1046/500/911 1035/488/902 1034/487/901
f 1047/501/912 1036/490/903 1035/488/902
f 1048/502/913 1037/489/904 1036/490/903
f 1049/503/914 1038/492/905 1037/489/904
f 1050/505/915 1039/504/157 1038/492/905
f 1039/493/157 1052/507/916 1040/494/906
f 1052/507/916 1041/495/907 1040/494/906
f 1041/495/907 1054/509/918 1042/496/908
f 1054/509/918 1043/498/909 1042/496/908
f 1055/510/919 1044/497/910 1043/498/909
f 1044/497/910 1045/499/163 1033/486/151
f 1057/513/175 1046/500/911 1045/499/163
f 1058/512/921 1047/501/912 1046/500/911
f 1047/501/912 1060/515/923 1048/502/913
f 1060/515/923 1049/503/914 1048/502/913
f 1061/516/924 1050/505/915 1049/503/914
f 1062/518/925 1051/517/169 1050/505/915
f 1063/519/181 1052/507/916 1051/506/169
f 1064/521/926 1053/508/917 1052/507/916
f 1065/520/927 1054/509/918 1053/508/917
f 1066/522/928 1055/510/919 1054/509/918
f 1067/523/929 1056/511/920 1055/510/919
f 1068/524/930 1045/499/163 1056/511/920
f 1069/525/187 1058/512/921 1057/513/175
f 1070/527/931 1059/514/922 1058/512/921
f 1071/526/932 1060/515/923 1059/514/922
f 1072/529/933 1061/516/924 1060/515/923
f 1073/528/934 1062/518/925 1061/516/924
f 1062/518/925 1075/530/193 1063/648/181
f 1063/519/181 1076/534/936 1064/521/926
f 1076/534/936 1065/520/927 1064/521/926
f 1077/533/937 1066/522/928 1065/520/927
f 1078/535/938 1067/523/929 1066/522/928
f 1067/523/929 1080/537/940 1068/524/930
f 1068/524/930 1069/525/187 1057/513/175
f 1069/525/187 1082/539/941 1070/527/931
f 1082/539/941 1071/526/932 1070/527/931
f 1071/526/932 1084/540/943 1072/529/933
f 1072/529/933 1085/542/944 1073/528/934
f 1073/528/934 1086/544/945 1074/531/935
f 1086/544/945 1075/530/193 1074/531/935
f 1087/545/205 1076/534/936 1075/532/193
f 1088/546/946 1077/533/937 1076/534/936
f 1089/547/947 1078/535/938 1077/533/937
f 1090/548/948 1079/536/939 1078/535/938
f 1091/549/949 1080/537/940 1079/536/939
f 1092/550/950 1069/525/187 1080/537/940
f 1093/551/211 1082/539/941 1081/538/199
f 1094/552/951 1083/541/942 1082/539/941
f 1095/554/952 1084/540/943 1083/541/942
f 1096/553/953 1085/542/944 1084/540/943
f 1097/556/954 1086/544/945 1085/542/944
f 1098/555/955 1087/543/205 1086/544/945
f 1087/545/205 1100/559/956 1088/546/946
f 1088/546/946 1101/558/957 1089/547/947
f 1089/547/947 1102/560/958 1090/548/948
f 1090/548/948 1103/561/959 1091/549/949
f 1091/549/949 1104/562/960 1092/550/950
f 1104/562/960 1081/538/199 1092/550/950
f 1093/551/211 1106/563/961 1094/552/951
f 1094/552/951 1107/565/962 1095/554/952
f 1095/554/952 1108/566/963 1096/553/953
f 1096/553/953 1109/567/964 1097/556/954
f 1097/556/954 1110/569/965 1098/555/955
f 1110/569/965 1099/649/217 1098/555/955
f 1099/557/217 1112/572/966 1100/559/956
f 1112/572/966 1101/558/957 1100/559/956
f 1113/571/967 1102/560/958 1101/558/957
f 1114/573/968 1103/561/959 1102/560/958
f 1115/575/969 1104/562/960 1103/561/959
f 1116/574/970 1093/551/211 1104/562/960
f 1117/577/235 1106/563/961 1105/564/223
f 1118/576/971 1107/565/962 1106/563/961
f 1107/565/962 1120/580/973 1108/566/963
f 1120/580/973 1109/567/964 1108/566/963
f 1109/567/964 1122/582/975 1110/569/965
f 1122/582/975 1111/568/229 1110/569/965
f 1123/583/241 1112/572/966 1111/570/229
f 1112/572/966 1125/584/977 1113/571/967
f 1113/571/967 1126/586/978 1114/573/968
f 1126/586/978 1115/575/969 1114/573/968
f 1115/575/969 1128/588/980 1116/574/970
f 1128/588/980 1105/564/223 1116/574/970
f 1129/590/247 1118/576/971 1117/577/235
f 1130/589/981 1119/578/972 1118/576/971
f 1131/592/982 1120/580/973 1119/578/972
f 1120/580/973 1133/593/984 1121/579/974
f 1133/593/984 1122/582/975 1121/579/974
f 1122/582/975 1135/594/253 1123/581/241
f 1135/596/253 1124/585/976 1123/583/241
f 1124/585/976 1137/597/987 1125/584/977
f 1137/597/987 1126/586/978 1125/584/977
f 1138/599/988 1127/587/979 1126/586/978
f 1127/587/979 1140/601/990 1128/588/980
f 1140/601/990 1117/577/235 1128/588/980
f 1129/590/247 1142/602/991 1130/589/981
f 1142/602/991 1131/592/982 1130/589/981
f 1131/592/982 1144/605/993 1132/591/983
f 1132/591/983 1145/606/994 1133/593/984
f 1145/606/994 1134/595/985 1133/593/984
f 1146/608/995 1135/594/253 1134/595/985
f 1147/609/265 1136/598/986 1135/596/253
f 1148/611/996 1137/597/987 1136/598/986
f 1149/610/997 1138/599/988 1137/597/987
f 1150/612/998 1139/600/989 1138/599/988
f 1151/614/999 1140/601/990 1139/600/989
f 1152/613/1000 1129/590/247 1140/601/990
f 1153/615/271 1142/602/991 1141/603/259
f 1154/617/1001 1143/604/992 1142/602/991
f 1155/616/1002 1144/605/993 1143/604/992
f 1144/605/993 1157/618/1004 1145/606/994
f 1157/618/1004 1146/608/995 1145/606/994
f 1158/621/1005 1147/607/265 1146/608/995
f 1147/609/265 1160/624/1006 1148/611/996
f 1160/624/1006 1149/610/997 1148/611/996
f 1161/623/1007 1150/612/998 1149/610/997
f 1150/612/998 1163/626/1009 1151/614/999
f 1163/626/1009 1152/613/1000 1151/614/999
f 1152/613/1000 1153/615/271 1141/603/259
f 1165/628/283 1154/617/1001 1153/615/271
f 1154/617/1001 1167/629/1012 1155/616/1002
f 1167/629/1012 1156/619/1003 1155/616/1002
f 1168/631/1013 1157/618/1004 1156/619/1003
f 1157/618/1004 1170/634/1015 1158/621/1005
f 1158/621/1005 1171/633/1016 1159/620/277
f 1171/635/1016 1160/624/1006 1159/622/277
f 1172/636/1017 1161/623/1007 1160/624/1006
f 1161/623/1007 1174/638/1019 1162/625/1008
f 1174/638/1019 1163/626/1009 1162/625/1008
f 1175/639/1020 1164/627/1010 1163/626/1009
f 1176/640/1021 1153/615/271 1164/627/1010
f 601/13/295 1166/630/1011 1165/628/283
f 1166/630/1011 603/16/540 1167/629/1012
f 603/16/540 1168/631/1013 1167/629/1012
f 1168/631/1013 605/20/542 1169/632/1014
f 1169/632/1014 606/24/543 1170/634/1015
f 1170/634/1015 607/641/544 1171/633/1016
f 607/28/544 1172/636/1017 1171/635/1016
f 1172/636/1017 609/32/546 1173/637/1018
f 609/32/546 1174/638/1019 1173/637/1018
f 1174/638/1019 611/33/548 1175/639/1020
f 611/33/548 1176/640/1021 1175/639/1020
f 1176/640/1021 601/13/295 1165/628/283
f 25/13/7 26/17/8 38/14/20
f 27/16/9 39/19/21 38/14/20
f 28/18/10 40/21/22 39/19/21
f 29/20/11 41/23/23 40/21/22
f 29/20/11 30/24/12 42/22/24
f 30/24/12 31/641/13 43/25/25
f 32/26/14 44/30/26 43/27/25
f 32/26/14 33/32/15 45/29/27
f 34/31/16 46/34/28 45/29/27
f 35/33/17 47/36/29 46/34/28
f 36/35/18 48/37/30 47/36/29
f 25/13/7 37/15/19 48/37/30
f 38/14/20 50/39/32 49/38/31
f 39/19/21 51/41/33 50/39/32
f 39/19/21 40/21/22 52/40/34
f 41/23/23 53/43/35 52/40/34
f 41/23/23 42/22/24 54/42/36
f 42/22/24 43/25/25 55/44/37
f 44/30/26 56/46/38 55/45/37
f 45/29/27 57/47/39 56/46/38
f 46/34/28 58/49/40 57/47/39
f 46/34/28 47/36/29 59/48/41
f 47/36/29 48/37/30 60/50/42
f 48/37/30 37/15/19 49/38/31
f 49/38/31 50/39/32 62/51/44
f 51/41/33 63/53/45 62/51/44
f 52/40/34 64/55/46 63/53/45
f 52/40/34 53/43/35 65/54/47
f 54/42/36 66/56/48 65/54/47
f 55/44/37 67/69/49 66/56/48
f 56/46/38 68/58/50 67/57/49
f 57/47/39 69/59/51 68/58/50
f 58/49/40 70/61/52 69/59/51
f 58/49/40 59/48/41 71/60/53
f 60/50/42 72/62/54 71/60/53
f 49/38/31 61/52/43 72/62/54
f 61/52/43 62/51/44 74/63/56
f 63/53/45 75/65/57 74/63/56
f 64/55/46 76/66/58 75/65/57
f 65/54/47 77/68/59 76/66/58
f 65/54/47 66/56/48 78/67/60
f 67/69/49 79/82/61 78/67/60
f 68/58/50 80/71/62 79/70/61
f 69/59/51 81/72/63 80/71/62
f 70/61/52 82/74/64 81/72/63
f 70/61/52 71/60/53 83/73/65
f 72/62/54 84/75/66 83/73/65
f 61/52/43 73/64/55 84/75/66
f 74/63/56 86/77/68 85/76/67
f 75/65/57 87/78/69 86/77/68
f 76/66/58 88/80/70 87/78/69
f 76/66/58 77/68/59 89/79/71
f 77/68/59 78/67/60 90/81/72
f 79/82/61 91/95/73 90/81/72
f 80/71/62 92/84/74 91/83/73
f 81/72/63 93/85/75 92/84/74
f 82/74/64 94/87/76 93/85/75
f 82/74/64 83/73/65 95/86/77
f 84/75/66 96/88/78 95/86/77
f 73/64/55 85/76/67 96/88/78
f 85/76/67 86/77/68 98/89/80
f 87/78/69 99/91/81 98/89/80
f 88/80/70 100/92/82 99/91/81
f 89/79/71 101/94/83 100/92/82
f 89/79/71 90/81/72 102/93/84
f 91/95/73 103/642/85 102/93/84
f 92/84/74 104/97/86 103/96/85
f 93/85/75 105/99/87 104/97/86
f 93/85/75 94/87/76 106/98/88
f 94/87/76 95/86/77 107/100/89
f 96/88/78 108/101/90 107/100/89
f 96/88/78 85/76/67 97/90/79
f 97/90/79 98/89/80 110/102/92
f 99/91/81 111/104/93 110/102/92
f 100/92/82 112/105/94 111/104/93
f 101/94/83 113/107/95 112/105/94
f 101/94/83 102/93/84 114/106/96
f 102/93/84 103/642/85 115/108/97
f 104/97/86 116/110/98 115/109/97
f 105/99/87 117/112/99 116/110/98
f 105/99/87 106/98/88 118/111/100
f 106/98/88 107/100/89 119/113/101
f 108/101/90 120/114/102 119/113/101
f 97/90/79 109/103/91 120/114/102
f 110/102/92 122/117/104 121/115/103
f 110/102/92 111/104/93 123/116/105
f 111/104/93 112/105/94 124/118/106
f 113/107/95 125/120/107 124/118/106
f 113/107/95 114/106/96 126/119/108
f 114/106/96 115/108/97 127/121/109
f 116/110/98 128/123/110 127/122/109
f 117/112/99 129/125/111 128/123/110
f 117/112/99 118/111/100 130/124/112
f 119/113/101 131/126/113 130/124/112
f 120/114/102 132/127/114 131/126/113
f 120/114/102 109/103/91 121/115/103
f 122/117/104 134/130/116 133/128/115
f 122/117/104 123/116/105 135/129/117
f 124/118/106 136/131/118 135/129/117
f 125/120/107 137/133/119 136/131/118
f 125/120/107 126/119/108 138/132/120
f 127/121/109 139/145/121 138/132/120
f 127/122/109 128/123/110 140/134/122
f 129/125/111 141/137/123 140/134/122
f 129/125/111 130/124/112 142/136/124
f 130/124/112 131/126/113 143/138/125
f 132/127/114 144/139/126 143/138/125
f 132/127/114 121/115/103 133/128/115
f 134/130/116 146/141/128 145/140/127
f 135/129/117 147/143/129 146/141/128
f 135/129/117 136/131/118 148/142/130
f 137/133/119 149/144/131 148/142/130
f 138/132/120 150/146/132 149/144/131
f 139/145/121 151/158/133 150/146/132
f 139/135/121 140/134/122 152/147/134
f 141/137/123 153/150/135 152/147/134
f 141/137/123 142/136/124 154/149/136
f 142/136/124 143/138/125 155/151/137
f 144/139/126 156/152/138 155/151/137
f 144/139/126 133/128/115 145/140/127
f 146/141/128 158/155/140 157/153/139
f 146/141/128 147/143/129 159/154/141
f 147/143/129 148/142/130 160/156/142
f 149/144/131 161/157/143 160/156/142
f 150/146/132 162/159/144 161/157/143
f 151/158/133 163/171/145 162/159/144
f 151/148/133 152/147/134 164/160/146
f 153/150/135 165/163/147 164/160/146
f 153/150/135 154/149/136 166/162/148
f 155/151/137 167/164/149 166/162/148
f 156/152/138 168/165/150 167/164/149
f 156/152/138 145/140/127 157/153/139
f 158/155/140 170/167/152 169/166/151
f 159/154/141 171/168/153 170/167/152
f 160/156/142 172/170/154 171/168/153
f 160/156/142 161/157/143 173/169/155
f 162/159/144 174/172/156 173/169/155
f 163/171/145 175/185/157 174/172/156
f 164/160/146 176/174/158 175/173/157
f 165/163/147 177/175/159 176/174/158
f 166/162/148 178/176/160 177/175/159
f 167/164/149 179/177/161 178/176/160
f 168/165/150 180/178/162 179/177/161
f 157/153/139 169/166/151 180/178/162
f 170/167/152 182/180/164 181/179/163
f 171/168/153 183/181/165 182/180/164
f 172/170/154 184/182/166 183/181/165
f 173/169/155 185/184/167 184/182/166
f 173/169/155 174/172/156 186/183/168
f 175/185/157 187/643/169 186/183/168
f 176/174/158 188/187/170 187/186/169
f 177/175/159 189/188/171 188/187/170
f 178/176/160 190/190/172 189/188/171
f 178/176/160 179/177/161 191/189/173
f 179/177/161 180/178/162 192/191/174
f 169/166/151 181/179/163 192/191/174
f 181/179/163 182/180/164 194/192/176
f 182/180/164 183/181/165 195/194/177
f 184/182/166 196/196/178 195/194/177
f 184/182/166 185/184/167 197/195/179
f 186/183/168 198/198/180 197/195/179
f 186/183/168 187/643/169 199/197/181
f 188/187/170 200/200/182 199/199/181
f 189/188/171 201/201/183 200/200/182
f 190/190/172 202/203/184 201/201/183
f 190/190/172 191/189/173 203/202/185
f 192/191/174 204/204/186 203/202/185
f 181/179/163 193/193/175 204/204/186
f 193/193/175 194/192/176 206/205/188
f 194/192/176 195/194/177 207/207/189
f 196/196/178 208/209/190 207/207/189
f 196/196/178 197/195/179 209/208/191
f 198/198/180 210/211/192 209/208/191
f 198/198/180 199/197/181 211/210/193
f 200/200/182 212/214/194 211/212/193
f 200/200/182 201/201/183 213/213/195
f 202/203/184 214/215/196 213/213/195
f 203/202/185 215/216/197 214/215/196
f 204/204/186 216/217/198 215/216/197
f 193/193/175 205/206/187 216/217/198
f 205/206/187 206/205/188 218/218/200
f 207/207/189 219/220/201 218/218/200
f 208/209/190 220/222/202 219/220/201
f 208/209/190 209/208/191 221/221/203
f 210/211/192 222/224/204 221/221/203
f 210/211/192 211/210/193 223/223/205
f 212/214/194 224/227/206 223/225/205
f 212/214/194 213/213/195 225/226/207
f 214/215/196 226/229/208 225/226/207
f 214/215/196 215/216/197 227/228/209
f 215/216/197 216/217/198 228/230/210
f 205/206/187 217/219/199 228/230/210
f 218/218/200 230/232/212 229/231/211
f 219/220/201 231/233/213 230/232/212
f 220/222/202 232/235/214 231/233/213
f 220/222/202 221/221/203 233/234/215
f 222/224/204 234/237/216 233/234/215
f 222/224/204 223/223/205 235/236/217
f 224/227/206 236/240/218 235/238/217
f 224/227/206 225/226/207 237/239/219
f 226/229/208 238/242/220 237/239/219
f 226/229/208 227/228/209 239/241/221
f 227/228/209 228/230/210 240/243/222
f 228/230/210 217/219/199 229/231/211
f 229/231/211 230/232/212 242/244/224
f 231/233/213 243/247/225 242/244/224
f 231/233/213 232/235/214 244/246/226
f 232/235/214 233/234/215 245/248/227
f 234/237/216 246/250/228 245/248/227
f 234/237/216 235/236/217 247/249/229
f 236/240/218 248/253/230 247/251/229
f 236/240/218 237/239/219 249/252/231
f 238/242/220 250/254/232 249/252/231
f 239/241/221 251/256/233 250/254/232
f 239/241/221 240/243/222 252/255/234
f 229/231/211 241/245/223 252/255/234
f 241/245/223 242/244/224 254/257/236
f 243/247/225 255/260/237 254/257/236
f 243/247/225 244/246/226 256/259/238
f 244/246/226 245/248/227 257/261/239
f 246/250/228 258/263/240 257/261/239
f 246/250/228 247/249/229 259/262/241
f 248/253/230 260/265/242 259/264/241
f 249/252/231 261/266/243 260/265/242
f 250/254/232 262/268/244 261/266/243
f 250/254/232 251/256/233 263/267/245
f 252/255/234 264/269/246 263/267/245
f 241/245/223 253/258/235 264/269/246
f 253/258/235 254/257/236 266/270/248
f 255/260/237 267/273/249 266/270/248
f 255/260/237 256/259/238 268/272/250
f 257/261/239 269/274/251 268/272/250
f 258/263/240 270/276/252 269/274/251
f 258/263/240 259/262/241 271/275/253
f 260/265/242 272/278/254 271/277/253
f 261/266/243 273/280/255 272/278/254
f 261/266/243 262/268/244 274/279/256
f 263/267/245 275/282/257 274/279/256
f 263/267/245 264/269/246 276/281/258
f 253/258/235 265/271/247 276/281/258
f 265/271/247 266/270/248 278/283/260
f 267/273/249 279/286/261 278/283/260
f 267/273/249 268/272/250 280/285/262
f 269/274/251 281/287/263 280/285/262
f 270/276/252 282/288/264 281/287/263
f 271/275/253 283/301/265 282/288/264
f 272/278/254 284/290/266 283/289/265
f 273/280/255 285/291/267 284/290/266
f 274/279/256 286/292/268 285/291/267
f 275/282/257 287/294/269 286/292/268
f 275/282/257 276/281/258 288/293/270
f 265/271/247 277/284/259 288/293/270
f 277/284/259 278/283/260 290/295/272
f 278/283/260 279/286/261 291/297/273
f 279/286/261 280/285/262 292/298/274
f 280/285/262 281/287/263 293/299/275
f 281/287/263 282/288/264 294/300/276
f 283/301/265 295/313/277 294/300/276
f 284/290/266 296/303/278 295/302/277
f 285/291/267 297/304/279 296/303/278
f 286/292/268 298/305/280 297/304/279
f 287/294/269 299/306/281 298/305/280
f 288/293/270 300/307/282 299/306/281
f 277/284/259 289/296/271 300/307/282
f 290/295/272 302/309/284 301/308/283
f 291/297/273 303/311/285 302/309/284
f 291/297/273 292/298/274 304/310/286
f 293/299/275 305/312/287 304/310/286
f 294/300/276 306/314/288 305/312/287
f 295/313/277 307/326/289 306/314/288
f 295/302/277 296/303/278 308/315/290
f 297/304/279 309/317/291 308/315/290
f 298/305/280 310/318/292 309/317/291
f 299/306/281 311/320/293 310/318/292
f 299/306/281 300/307/282 312/319/294
f 289/296/271 301/308/283 312/319/294
f 302/309/284 314/322/296 313/321/295
f 303/311/285 315/323/297 314/322/296
f 304/310/286 316/324/298 315/323/297
f 305/312/287 317/325/299 316/324/298
f 306/314/288 318/327/300 317/325/299
f 307/326/289 319/644/7 318/327/300
f 308/315/290 320/330/301 319/328/7
f 308/315/290 309/317/291 321/329/302
f 309/317/291 310/318/292 322/331/303
f 311/320/293 323/333/304 322/331/303
f 311/320/293 312/319/294 324/332/305
f 301/308/283 313/321/295 324/332/305
f 313/334/295 314/338/296 326/335/307
f 315/337/297 327/340/308 326/335/307
f 315/337/297 316/341/298 328/339/309
f 316/341/298 317/344/299 329/342/310
f 318/343/300 330/346/311 329/342/310
f 319/345/7 331/364/19 330/346/311
f 320/347/301 332/351/312 331/348/19
f 321/350/302 333/353/313 332/351/312
f 322/352/303 334/355/314 333/353/313
f 323/354/304 335/357/315 334/355/314
f 324/356/305 336/358/316 335/357/315
f 313/334/295 325/336/306 336/358/316
f 325/336/306 326/335/307 338/359/318
f 326/335/307 327/340/308 339/361/319
f 327/340/308 328/339/309 340/362/320
f 328/339/309 329/342/310 341/363/321
f 330/346/311 342/365/322 341/363/321
f 331/364/19 343/645/31 342/365/322
f 331/348/19 332/351/312 344/366/323
f 333/353/313 345/368/324 344/366/323
f 334/355/314 346/369/325 345/368/324
f 335/357/315 347/370/326 346/369/325
f 336/358/316 348/371/327 347/370/326
f 325/336/306 337/360/317 348/371/327
f 337/360/317 338/359/318 350/372/328
f 338/359/318 339/361/319 351/374/329
f 340/362/320 352/375/330 351/374/329
f 341/363/321 353/376/331 352/375/330
f 342/365/322 354/378/332 353/376/331
f 342/365/322 343/645/31 355/377/43
f 344/366/323 356/380/333 355/379/43
f 345/368/324 357/382/334 356/380/333
f 345/368/324 346/369/325 358/381/335
f 346/369/325 347/370/326 359/383/336
f 347/370/326 348/371/327 360/384/337
f 337/360/317 349/373/49 360/384/337
f 350/372/328 362/386/338 361/385/61
f 351/374/329 363/387/339 362/386/338
f 352/375/330 364/388/340 363/387/339
f 353/376/331 365/389/341 364/388/340
f 354/378/332 366/390/342 365/389/341
f 355/377/43 367/646/55 366/390/342
f 355/379/43 356/380/333 368/391/343
f 356/380/333 357/382/334 369/393/344
f 357/382/334 358/381/335 370/394/345
f 359/383/336 371/396/346 370/394/345
f 359/383/336 360/384/337 372/395/347
f 360/384/337 349/373/49 361/385/61
f 362/386/338 374/398/348 373/397/73
f 363/387/339 375/400/349 374/398/348
f 363/387/339 364/388/340 376/399/350
f 365/389/341 377/401/351 376/399/350
f 366/390/342 378/403/352 377/401/351
f 366/390/342 367/646/55 379/402/67
f 368/391/343 380/406/353 379/404/67
f 368/391/343 369/393/344 381/405/354
f 369/393/344 370/394/345 382/407/355
f 370/394/345 371/396/346 383/408/356
f 371/396/346 372/395/347 384/409/357
f 361/385/61 373/397/73 384/409/357
f 374/398/348 386/411/358 385/410/85
f 375/400/349 387/413/359 386/411/358
f 375/400/349 376/399/350 388/412/360
f 377/401/351 389/414/361 388/412/360
f 378/403/352 390/415/362 389/414/361
f 379/402/67 391/647/79 390/415/362
f 380/406/353 392/418/363 391/416/79
f 380/406/353 381/405/354 393/417/364
f 382/407/355 394/419/365 393/417/364
f 383/408/356 395/420/366 394/419/365
f 384/409/357 396/421/367 395/420/366
f 384/409/357 373/397/73 385/410/85
f 386/411/358 398/424/368 397/422/97
f 386/411/358 387/413/359 399/423/369
f 387/413/359 388/412/360 400/425/370
f 389/414/361 401/426/371 400/425/370
f 390/415/362 402/428/372 401/426/371
f 390/415/362 391/647/79 403/427/91
f 392/418/363 404/430/373 403/429/91
f 393/417/364 405/432/374 404/430/373
f 393/417/364 394/419/365 406/431/375
f 395/420/366 407/433/376 406/431/375
f 396/421/367 408/434/377 407/433/376
f 396/421/367 385/410/85 397/422/97
f 397/422/97 398/424/368 410/435/378
f 398/424/368 399/423/369 411/437/379
f 399/423/369 400/425/370 412/438/380
f 400/425/370 401/426/371 413/439/381
f 402/428/372 414/440/382 413/439/381
f 403/427/91 415/453/103 414/440/382
f 403/429/91 404/430/373 416/441/383
f 404/430/373 405/432/374 417/443/384
f 406/431/375 418/444/385 417/443/384
f 407/433/376 419/445/386 418/444/385
f 408/434/377 420/446/387 419/445/386
f 397/422/97 409/436/109 420/446/387
f 410/435/378 422/448/388 421/447/121
f 411/437/379 423/450/389 422/448/388
f 411/437/379 412/438/380 424/449/390
f 412/438/380 413/439/381 425/451/391
f 413/439/381 414/440/382 426/452/392
f 415/453/103 427/465/115 426/452/392
f 416/441/383 428/455/393 427/454/115
f 417/443/384 429/456/394 428/455/393
f 418/444/385 430/457/395 429/456/394
f 419/445/386 431/459/396 430/457/395
f 419/445/386 420/446/387 432/458/397
f 420/446/387 409/436/109 421/447/121
f 421/447/121 422/448/388 434/460/398
f 423/450/389 435/462/399 434/460/398
f 424/449/390 436/464/400 435/462/399
f 424/449/390 425/451/391 437/463/401
f 426/452/392 438/466/402 437/463/401
f 427/465/115 439/478/127 438/466/402
f 428/455/393 440/469/403 439/467/127
f 428/455/393 429/456/394 441/468/404
f 430/457/395 442/470/405 441/468/404
f 431/459/396 443/472/406 442/470/405
f 431/459/396 432/458/397 444/471/407
f 421/447/121 433/461/133 444/471/407
f 433/461/133 434/460/398 446/473/408
f 435/462/399 447/475/409 446/473/408
f 436/464/400 448/476/410 447/475/409
f 437/463/401 449/477/411 448/476/410
f 438/466/402 450/479/412 449/477/411
f 439/478/127 451/491/139 450/479/412
f 440/469/403 452/482/413 451/480/139
f 440/469/403 441/468/404 453/481/414
f 441/468/404 442/470/405 454/483/415
f 442/470/405 443/472/406 455/484/416
f 443/472/406 444/471/407 456/485/417
f 433/461/133 445/474/145 456/485/417
f 446/473/408 458/487/418 457/486/157
f 447/475/409 459/488/419 458/487/418
f 448/476/410 460/490/420 459/488/419
f 448/476/410 449/477/411 461/489/421
f 450/479/412 462/492/422 461/489/421
f 451/491/139 463/504/151 462/492/422
f 452/482/413 464/494/423 463/493/151
f 453/481/414 465/495/424 464/494/423
f 454/483/415 466/496/425 465/495/424
f 455/484/416 467/498/426 466/496/425
f 455/484/416 456/485/417 468/497/427
f 445/474/145 457/486/157 468/497/427
f 458/487/418 470/500/428 469/499/169
f 459/488/419 471/501/429 470/500/428
f 460/490/420 472/502/430 471/501/429
f 461/489/421 473/503/431 472/502/430
f 462/492/422 474/505/432 473/503/431
f 463/504/151 475/517/163 474/505/432
f 464/494/423 476/507/433 475/506/163
f 465/495/424 477/508/434 476/507/433
f 466/496/425 478/509/435 477/508/434
f 467/498/426 479/510/436 478/509/435
f 468/497/427 480/511/437 479/510/436
f 457/486/157 469/499/169 480/511/437
f 469/499/169 470/500/428 482/512/438
f 471/501/429 483/514/439 482/512/438
f 472/502/430 484/515/440 483/514/439
f 473/503/431 485/516/441 484/515/440
f 474/505/432 486/518/442 485/516/441
f 475/517/163 487/648/175 486/518/442
f 476/507/433 488/521/443 487/519/175
f 476/507/433 477/508/434 489/520/444
f 477/508/434 478/509/435 490/522/445
f 478/509/435 479/510/436 491/523/446
f 479/510/436 480/511/437 492/524/447
f 469/499/169 481/513/181 492/524/447
f 482/512/438 494/527/448 493/525/193
f 482/512/438 483/514/439 495/526/449
f 484/515/440 496/529/450 495/526/449
f 484/515/440 485/516/441 497/528/451
f 486/518/442 498/531/452 497/528/451
f 486/518/442 487/648/175 499/530/187
f 488/521/443 500/534/453 499/532/187
f 488/521/443 489/520/444 501/533/454
f 490/522/445 502/535/455 501/533/454
f 491/523/446 503/536/456 502/535/455
f 492/524/447 504/537/457 503/536/456
f 481/513/181 493/525/193 504/537/457
f 494/527/448 506/539/458 505/538/205
f 495/526/449 507/541/459 506/539/458
f 495/526/449 496/529/450 508/540/460
f 496/529/450 497/528/451 509/542/461
f 498/531/452 510/544/462 509/542/461
f 498/531/452 499/530/187 511/543/199
f 500/534/453 512/546/463 511/545/199
f 501/533/454 513/547/464 512/546/463
f 502/535/455 514/548/465 513/547/464
f 503/536/456 515/549/466 514/548/465
f 504/537/457 516/550/467 515/549/466
f 504/537/457 493/525/193 505/538/205
f 506/539/458 518/552/468 517/551/217
f 507/541/459 519/554/469 518/552/468
f 507/541/459 508/540/460 520/553/470
f 509/542/461 521/556/471 520/553/470
f 509/542/461 510/544/462 522/555/472
f 511/543/199 523/649/211 522/555/472
f 512/546/463 524/559/473 523/557/211
f 512/546/463 513/547/464 525/558/474
f 513/547/464 514/548/465 526/560/475
f 514/548/465 515/549/466 527/561/476
f 516/550/467 528/562/477 527/561/476
f 516/550/467 505/538/205 517/551/217
f 517/551/217 518/552/468 530/563/478
f 519/554/469 531/565/479 530/563/478
f 520/553/470 532/566/480 531/565/479
f 521/556/471 533/567/481 532/566/480
f 522/555/472 534/569/482 533/567/481
f 522/555/472 523/649/211 535/568/223
f 524/559/473 536/572/483 535/570/223
f 524/559/473 525/558/474 537/571/484
f 526/560/475 538/573/485 537/571/484
f 527/561/476 539/575/486 538/573/485
f 527/561/476 528/562/477 540/574/487
f 517/551/217 529/564/229 540/574/487
f 529/564/229 530/563/478 542/576/488
f 531/565/479 543/578/489 542/576/488
f 532/566/480 544/580/490 543/578/489
f 532/566/480 533/567/481 545/579/491
f 534/569/482 546/582/492 545/579/491
f 534/569/482 535/568/223 547/581/235
f 536/572/483 548/585/493 547/583/235
f 536/572/483 537/571/484 549/584/494
f 538/573/485 550/586/495 549/584/494
f 539/575/486 551/587/496 550/586/495
f 540/574/487 552/588/497 551/587/496
f 529/564/229 541/577/241 552/588/497
f 541/577/241 542/576/488 554/589/498
f 543/578/489 555/592/499 554/589/498
f 543/578/489 544/580/490 556/591/500
f 544/580/490 545/579/491 557/593/501
f 546/582/492 558/595/502 557/593/501
f 546/582/492 547/581/235 559/594/247
f 548/585/493 560/598/503 559/596/247
f 548/585/493 549/584/494 561/597/504
f 550/586/495 562/599/505 561/597/504
f 551/587/496 563/600/506 562/599/505
f 552/588/497 564/601/507 563/600/506
f 541/577/241 553/590/253 564/601/507
f 553/590/253 554/589/498 566/602/508
f 554/589/498 555/592/499 567/604/509
f 555/592/499 556/591/500 568/605/510
f 556/591/500 557/593/501 569/606/511
f 558/595/502 570/608/512 569/606/511
f 558/595/502 559/594/247 571/607/259
f 560/598/503 572/611/513 571/609/259
f 560/598/503 561/597/504 573/610/514
f 562/599/505 574/612/515 573/610/514
f 563/600/506 575/614/516 574/612/515
f 563/600/506 564/601/507 576/613/517
f 553/590/253 565/603/265 576/613/517
f 566/602/508 578/617/518 577/615/277
f 566/602/508 567/604/509 579/616/519
f 568/605/510 580/619/520 579/616/519
f 568/605/510 569/606/511 581/618/521
f 570/608/512 582/621/522 581/618/521
f 570/608/512 571/607/259 583/620/271
f 572/611/513 584/624/523 583/622/271
f 572/611/513 573/610/514 585/623/524
f 574/612/515 586/625/525 585/623/524
f 575/614/516 587/626/526 586/625/525
f 576/613/517 588/627/527 587/626/526
f 565/603/265 577/615/277 588/627/527
f 578/617/518 590/630/528 589/628/289
f 578/617/518 579/616/519 591/629/529
f 579/616/519 580/619/520 592/631/530
f 580/619/520 581/618/521 593/632/531
f 582/621/522 594/634/532 593/632/531
f 582/621/522 583/620/271 595/633/533
f 584/624/523 596/636/534 595/635/533
f 585/623/524 597/637/535 596/636/534
f 586/625/525 598/638/536 597/637/535
f 587/626/526 599/639/537 598/638/536
f 588/627/527 600/640/538 599/639/537
f 588/627/527 577/615/277 589/628/289
f 590/630/528 26/17/8 25/13/7
f 591/629/529 27/16/9 26/17/8
f 591/629/529 592/631/530 28/18/10
f 592/631/530 593/632/531 29/20/11
f 594/634/532 30/24/12 29/20/11
f 595/633/533 31/641/13 30/24/12
f 596/636/534 32/26/14 31/28/13
f 597/637/535 33/32/15 32/26/14
f 598/638/536 34/31/16 33/32/15
f 599/639/537 35/33/17 34/31/16
f 599/639/537 600/640/538 36/35/18
f 589/628/289 25/13/7 36/35/18
f 601/13/295 613/15/306 614/14/550
f 602/17/539 614/14/550 615/19/551
f 603/16/540 615/19/551 616/21/552
f 604/18/541 616/21/552 617/23/553
f 605/20/542 617/23/553 618/22/554
f 618/22/554 619/25/555 607/641/544
f 619/27/555 620/30/556 608/26/545
f 620/30/556 621/29/557 609/32/546
f 621/29/557 622/34/558 610/31/547
f 622/34/558 623/36/559 611/33/548
f 623/36/559 624/37/560 612/35/549
f 624/37/560 613/15/306 601/13/295
f 613/15/306 625/38/317 626/39/561
f 614/14/550 626/39/561 627/41/562
f 615/19/551 627/41/562 628/40/563
f 616/21/552 628/40/563 629/43/564
f 629/43/564 630/42/565 618/22/554
f 630/42/565 631/44/31 619/25/555
f 631/45/31 632/46/566 620/30/556
f 620/30/556 632/46/566 633/47/567
f 621/29/557 633/47/567 634/49/568
f 622/34/558 634/49/568 635/48/569
f 623/36/559 635/48/569 636/50/570
f 636/50/570 625/38/317 613/15/306
f 625/38/317 637/52/49 638/51/571
f 638/51/571 639/53/572 627/41/562
f 639/53/572 640/55/573 628/40/563
f 640/55/573 641/54/574 629/43/564
f 629/43/564 641/54/574 642/56/575
f 642/56/575 643/69/43 631/44/31
f 643/57/43 644/58/576 632/46/566
f 644/58/576 645/59/577 633/47/567
f 645/59/577 646/61/578 634/49/568
f 646/61/578 647/60/579 635/48/569
f 635/48/569 647/60/579 648/62/580
f 648/62/580 637/52/49 625/38/317
f 637/52/49 649/64/61 650/63/581
f 650/63/581 651/65/582 639/53/572
f 651/65/582 652/66/583 640/55/573
f 652/66/583 653/68/584 641/54/574
f 641/54/574 653/68/584 654/67/585
f 654/67/585 655/82/55 643/69/43
f 643/57/43 655/70/55 656/71/586
f 656/71/586 657/72/587 645/59/577
f 645/59/577 657/72/587 658/74/588
f 658/74/588 659/73/589 647/60/579
f 647/60/579 659/73/589 660/75/590
f 660/75/590 649/64/61 637/52/49
f 661/76/73 662/77/591 650/63/581
f 650/63/581 662/77/591 663/78/592
f 651/65/582 663/78/592 664/80/593
f 652/66/583 664/80/593 665/79/594
f 665/79/594 666/81/595 654/67/585
f 666/81/595 667/95/67 655/82/55
f 667/83/67 668/84/596 656/71/586
f 668/84/596 669/85/597 657/72/587
f 669/85/597 670/87/598 658/74/588
f 670/87/598 671/86/599 659/73/589
f 671/86/599 672/88/600 660/75/590
f 672/88/600 661/76/73 649/64/61
f 673/90/85 674/89/601 662/77/591
f 674/89/601 675/91/602 663/78/592
f 675/91/602 676/92/603 664/80/593
f 664/80/593 676/92/603 677/94/604
f 677/94/604 678/93/605 666/81/595
f 678/93/605 679/642/79 667/95/67
f 679/96/79 680/97/606 668/84/596
f 680/97/606 681/99/607 669/85/597
f 681/99/607 682/98/608 670/87/598
f 670/87/598 682/98/608 683/100/609
f 683/100/609 684/101/610 672/88/600
f 684/101/610 673/90/85 661/76/73
f 685/103/97 686/102/611 674/89/601
f 674/89/601 686/102/611 687/104/612
f 687/104/612 688/105/613 676/92/603
f 688/105/613 689/107/614 677/94/604
f 689/107/614 690/106/615 678/93/605
f 690/106/615 691/108/91 679/642/79
f 679/96/79 691/109/91 692/110/616
f 680/97/606 692/110/616 693/112/617
f 681/99/607 693/112/617 694/111/618
f 682/98/608 694/111/618 695/113/619
f 695/113/619 696/114/620 684/101/610
f 696/114/620 685/103/97 673/90/85
f 685/103/97 697/115/109 698/117/621
f 698/117/621 699/116/622 687/104/612
f 699/116/622 700/118/623 688/105/613
f 688/105/613 700/118/623 701/120/624
f 689/107/614 701/120/624 702/119/625
f 690/106/615 702/119/625 703/121/103
f 703/122/103 704/123/626 692/110/616
f 704/123/626 705/125/627 693/112/617
f 705/125/627 706/124/628 694/111/618
f 694/111/618 706/124/628 707/126/629
f 695/113/619 707/126/629 708/127/630
f 708/127/630 697/115/109 685/103/97
f 697/115/109 709/128/121 710/130/631
f 710/130/631 711/129/632 699/116/622
f 711/129/632 712/131/633 700/118/623
f 712/131/633 713/133/634 701/120/624
f 713/133/634 714/132/635 702/119/625
f 714/132/635 715/145/115 703/121/103
f 703/122/103 715/135/115 716/134/636
f 704/123/626 716/134/636 717/137/637
f 705/125/627 717/137/637 718/136/638
f 706/124/628 718/136/638 719/138/639
f 719/138/639 720/139/640 708/127/630
f 720/139/640 709/128/121 697/115/109
f 721/140/133 722/141/641 710/130/631
f 710/130/631 722/141/641 723/143/642
f 711/129/632 723/143/642 724/142/643
f 712/131/633 724/142/643 725/144/644
f 713/133/634 725/144/644 726/146/645
f 726/146/645 727/158/127 715/145/115
f 727/148/127 728/147/646 716/134/636
f 728/147/646 729/150/647 717/137/637
f 729/150/647 730/149/648 718/136/638
f 730/149/648 731/151/649 719/138/639
f 731/151/649 732/152/650 720/139/640
f 732/152/650 721/140/133 709/128/121
f 733/153/145 734/155/651 722/141/641
f 722/141/641 734/155/651 735/154/652
f 735/154/652 736/156/653 724/142/643
f 736/156/653 737/157/654 725/144/644
f 737/157/654 738/159/655 726/146/645
f 738/159/655 739/171/139 727/158/127
f 739/161/139 740/160/656 728/147/646
f 740/160/656 741/163/657 729/150/647
f 729/150/647 741/163/657 742/162/658
f 730/149/648 742/162/658 743/164/659
f 731/151/649 743/164/659 744/165/660
f 744/165/660 733/153/145 721/140/133
f 745/166/157 746/167/661 734/155/651
f 746/167/661 747/168/662 735/154/652
f 735/154/652 747/168/662 748/170/663
f 748/170/663 749/169/664 737/157/654
f 737/157/654 749/169/664 750/172/665
f 750/172/665 751/185/151 739/171/139
f 751/173/151 752/174/666 740/160/656
f 752/174/666 753/175/667 741/163/657
f 741/163/657 753/175/667 754/176/668
f 742/162/658 754/176/668 755/177/669
f 743/164/659 755/177/669 756/178/670
f 756/178/670 745/166/157 733/153/145
f 757/179/169 758/180/671 746/167/661
f 758/180/671 759/181/672 747/168/662
f 759/181/672 760/182/673 748/170/663
f 748/170/663 760/182/673 761/184/674
f 761/184/674 762/183/675 750/172/665
f 762/183/675 763/643/163 751/185/151
f 763/186/163 764/187/676 752/174/666
f 764/187/676 765/188/677 753/175/667
f 765/188/677 766/190/678 754/176/668
f 754/176/668 766/190/678 767/189/679
f 755/177/669 767/189/679 768/191/680
f 768/191/680 757/179/169 745/166/157
f 757/179/169 769/193/181 770/192/681
f 758/180/671 770/192/681 771/194/682
f 759/181/672 771/194/682 772/196/683
f 760/182/673 772/196/683 773/195/684
f 761/184/674 773/195/684 774/198/685
f 774/198/685 775/197/175 763/643/163
f 763/186/163 775/199/175 776/200/686
f 776/200/686 777/201/687 765/188/677
f 777/201/687 778/203/688 766/190/678
f 778/203/688 779/202/689 767/189/679
f 779/202/689 780/204/690 768/191/680
f 780/204/690 769/193/181 757/179/169
f 781/206/193 782/205/691 770/192/681
f 782/205/691 783/207/692 771/194/682
f 783/207/692 784/209/693 772/196/683
f 784/209/693 785/208/694 773/195/684
f 785/208/694 786/211/695 774/198/685
f 786/211/695 787/210/187 775/197/175
f 775/199/175 787/212/187 788/214/696
f 776/200/686 788/214/696 789/213/697
f 777/201/687 789/213/697 790/215/698
f 790/215/698 791/216/699 779/202/689
f 779/202/689 791/216/699 792/217/700
f 780/204/690 792/217/700 781/206/193
f 793/219/205 794/218/701 782/205/691
f 782/205/691 794/218/701 795/220/702
f 783/207/692 795/220/702 796/222/703
f 784/209/693 796/222/703 797/221/704
f 797/221/704 798/224/705 786/211/695
f 786/211/695 798/224/705 799/223/199
f 799/225/199 800/227/706 788/214/696
f 788/214/696 800/227/706 801/226/707
f 801/226/707 802/229/708 790/215/698
f 802/229/708 803/228/709 791/216/699
f 803/228/709 804/230/710 792/217/700
f 804/230/710 793/219/205 781/206/193
f 805/231/217 806/232/711 794/218/701
f 806/232/711 807/233/712 795/220/702
f 807/233/712 808/235/713 796/222/703
f 808/235/713 809/234/714 797/221/704
f 797/221/704 809/234/714 810/237/715
f 810/237/715 811/236/211 799/223/199
f 799/225/199 811/238/211 812/240/716
f 812/240/716 813/239/717 801/226/707
f 813/239/717 814/242/718 802/229/708
f 802/229/708 814/242/718 815/241/719
f 803/228/709 815/241/719 816/243/720
f 816/243/720 805/231/217 793/219/205
f 805/231/217 817/245/229 818/244/721
f 806/232/711 818/244/721 819/247/722
f 807/233/712 819/247/722 820/246/723
f 820/246/723 821/248/724 809/234/714
f 821/248/724 822/250/725 810/237/715
f 822/250/725 823/249/223 811/236/211
f 811/238/211 823/251/223 824/253/726
f 812/240/716 824/253/726 825/252/727
f 813/239/717 825/252/727 826/254/728
f 826/254/728 827/256/729 815/241/719
f 827/256/729 828/255/730 816/243/720
f 828/255/730 817/245/229 805/231/217
f 829/258/241 830/257/731 818/244/721
f 830/257/731 831/260/732 819/247/722
f 831/260/732 832/259/733 820/246/723
f 832/259/733 833/261/734 821/248/724
f 833/261/734 834/263/735 822/250/725
f 834/263/735 835/262/235 823/249/223
f 835/264/235 836/265/736 824/253/726
f 836/265/736 837/266/737 825/252/727
f 837/266/737 838/268/738 826/254/728
f 838/268/738 839/267/739 827/256/729
f 827/256/729 839/267/739 840/269/740
f 840/269/740 829/258/241 817/245/229
f 829/258/241 841/271/253 842/270/741
f 842/270/741 843/273/742 831/260/732
f 831/260/732 843/273/742 844/272/743
f 844/272/743 845/274/744 833/261/734
f 845/274/744 846/276/745 834/263/735
f 846/276/745 847/275/247 835/262/235
f 847/277/247 848/278/746 836/265/736
f 848/278/746 849/280/747 837/266/737
f 849/280/747 850/279/748 838/268/738
f 850/279/748 851/282/749 839/267/739
f 851/282/749 852/281/750 840/269/740
f 852/281/750 841/271/253 829/258/241
f 853/284/265 854/283/751 842/270/741
f 842/270/741 854/283/751 855/286/752
f 855/286/752 856/285/753 844/272/743
f 856/285/753 857/287/754 845/274/744
f 857/287/754 858/288/755 846/276/745
f 858/288/755 859/301/259 847/275/247
f 859/289/259 860/290/756 848/278/746
f 860/290/756 861/291/757 849/280/747
f 849/280/747 861/291/757 862/292/758
f 850/279/748 862/292/758 863/294/759
f 851/282/749 863/294/759 864/293/760
f 864/293/760 853/284/265 841/271/253
f 865/296/277 866/295/761 854/283/751
f 854/283/751 866/295/761 867/297/762
f 867/297/762 868/298/763 856/285/753
f 856/285/753 868/298/763 869/299/764
f 869/299/764 870/300/765 858/288/755
f 858/288/755 870/300/765 871/313/271
f 859/289/259 871/302/271 872/303/766
f 872/303/766 873/304/767 861/291/757
f 873/304/767 874/305/768 862/292/758
f 874/305/768 875/306/769 863/294/759
f 875/306/769 876/307/770 864/293/760
f 876/307/770 865/296/277 853/284/265
f 877/308/289 878/309/771 866/295/761
f 878/309/771 879/311/772 867/297/762
f 879/311/772 880/310/773 868/298/763
f 880/310/773 881/312/774 869/299/764
f 881/312/774 882/314/775 870/300/765
f 882/314/775 883/326/283 871/313/271
f 883/316/283 884/315/776 872/303/766
f 884/315/776 885/317/777 873/304/767
f 873/304/767 885/317/777 886/318/778
f 874/305/768 886/318/778 887/320/779
f 875/306/769 887/320/779 888/319/780
f 876/307/770 888/319/780 877/308/289
f 889/321/7 890/322/781 878/309/771
f 878/309/771 890/322/781 891/323/782
f 879/311/772 891/323/782 892/324/783
f 892/324/783 893/325/784 881/312/774
f 893/325/784 894/327/785 882/314/775
f 882/314/775 894/327/785 895/644/295
f 883/316/283 895/328/295 896/330/786
f 884/315/776 896/330/786 897/329/787
f 885/317/777 897/329/787 898/331/788
f 898/331/788 899/333/789 887/320/779
f 899/333/789 900/332/790 888/319/780
f 900/332/790 889/321/7 877/308/289
f 889/334/7 901/336/19 902/335/791
f 902/335/791 903/340/792 891/337/782
f 903/340/792 904/339/793 892/341/783
f 904/339/793 905/342/794 893/344/784
f 905/342/794 906/346/795 894/343/785
f 906/346/795 907/364/306 895/345/295
f 907/348/306 908/351/796 896/347/786
f 908/351/796 909/353/797 897/350/787
f 909/353/797 910/355/798 898/352/788
f 898/352/788 910/355/798 911/357/799
f 899/354/789 911/357/799 912/358/800
f 900/356/790 912/358/800 901/336/19
f 913/360/31 914/359/801 902/335/791
f 902/335/791 914/359/801 915/361/802
f 903/340/792 915/361/802 916/362/803
f 904/339/793 916/362/803 917/363/804
f 905/342/794 917/363/804 918/365/805
f 918/365/805 919/645/317 907/364/306
f 919/367/317 920/366/806 908/351/796
f 908/351/796 920/366/806 921/368/807
f 921/368/807 922/369/808 910/355/798
f 922/369/808 923/370/809 911/357/799
f 923/370/809 924/371/810 912/358/800
f 924/371/810 913/360/31 901/336/19
f 925/373/43 926/372/811 914/359/801
f 926/372/811 927/374/812 915/361/802
f 927/374/812 928/375/813 916/362/803
f 928/375/813 929/376/814 917/363/804
f 917/363/804 929/376/814 930/378/815
f 930/378/815 931/377/49 919/645/317
f 919/367/317 931/379/49 932/380/816
f 932/380/816 933/382/817 921/368/807
f 921/368/807 933/382/817 934/381/818
f 934/381/818 935/383/819 923/370/809
f 935/383/819 936/384/820 924/371/810
f 936/384/820 925/373/43 913/360/31
f 937/385/55 938/386/821 926/372/811
f 926/372/811 938/386/821 939/387/822
f 939/387/822 940/388/823 928/375/813
f 928/375/813 940/388/823 941/389/824
f 941/389/824 942/390/825 930/378/815
f 942/390/825 943/646/61 931/377/49
f 943/392/61 944/391/826 932/380/816
f 944/391/826 945/393/827 933/382/817
f 945/393/827 946/394/828 934/381/818
f 946/394/828 947/396/829 935/383/819
f 947/396/829 948/395/830 936/384/820
f 948/395/830 937/385/55 925/373/43
f 949/397/67 950/398/831 938/386/821
f 950/398/831 951/400/832 939/387/822
f 951/400/832 952/399/833 940/388/823
f 940/388/823 952/399/833 953/401/834
f 953/401/834 954/403/835 942/390/825
f 954/403/835 955/402/73 943/646/61
f 943/392/61 955/404/73 956/406/836
f 956/406/836 957/405/837 945/393/827
f 957/405/837 958/407/838 946/394/828
f 946/394/828 958/407/838 959/408/839
f 947/396/829 959/408/839 960/409/840
f 960/409/840 949/397/67 937/385/55
f 961/410/79 962/411/841 950/398/831
f 950/398/831 962/411/841 963/413/842
f 951/400/832 963/413/842 964/412/843
f 964/412/843 965/414/844 953/401/834
f 965/414/844 966/415/845 954/403/835
f 966/415/845 967/647/85 955/402/73
f 955/404/73 967/416/85 968/418/846
f 968/418/846 969/417/847 957/405/837
f 969/417/847 970/419/848 958/407/838
f 970/419/848 971/420/849 959/408/839
f 971/420/849 972/421/850 960/409/840
f 960/409/840 972/421/850 961/410/79
f 973/422/91 974/424/851 962/411/841
f 974/424/851 975/423/852 963/413/842
f 975/423/852 976/425/853 964/412/843
f 964/412/843 976/425/853 977/426/854
f 965/414/844 977/426/854 978/428/855
f 978/428/855 979/427/97 967/647/85
f 979/429/97 980/430/856 968/418/846
f 980/430/856 981/432/857 969/417/847
f 981/432/857 982/431/858 970/419/848
f 970/419/848 982/431/858 983/433/859
f 983/433/859 984/434/860 972/421/850
f 984/434/860 973/422/91 961/410/79
f 985/436/103 986/435/861 974/424/851
f 986/435/861 987/437/862 975/423/852
f 975/423/852 987/437/862 988/438/863
f 976/425/853 988/438/863 989/439/864
f 989/439/864 990/440/865 978/428/855
f 990/440/865 991/453/109 979/427/97
f 991/442/109 992/441/866 980/430/856
f 992/441/866 993/443/867 981/432/857
f 981/432/857 993/443/867 994/444/868
f 994/444/868 995/445/869 983/433/859
f 983/433/859 995/445/869 996/446/870
f 984/434/860 996/446/870 985/436/103
f 997/447/115 998/448/871 986/435/861
f 998/448/871 999/450/872 987/437/862
f 999/450/872 1000/449/873 988/438/863
f 1000/449/873 1001/451/874 989/439/864
f 1001/451/874 1002/452/875 990/440/865
f 1002/452/875 1003/465/121 991/453/109
f 1003/454/121 1004/455/876 992/441/866
f 992/441/866 1004/455/876 1005/456/877
f 993/443/867 1005/456/877 1006/457/878
f 994/444/868 1006/457/878 1007/459/879
f 995/445/869 1007/459/879 1008/458/880
f 1008/458/880 997/447/115 985/436/103
f 1009/461/127 1010/460/881 998/448/871
f 1010/460/881 1011/462/882 999/450/872
f 1011/462/882 1012/464/883 1000/449/873
f 1000/449/873 1012/464/883 1013/463/884
f 1013/463/884 1014/466/885 1002/452/875
f 1014/466/885 1015/478/133 1003/465/121
f 1015/467/133 1016/469/886 1004/455/876
f 1016/469/886 1017/468/887 1005/456/877
f 1017/468/887 1018/470/888 1006/457/878
f 1018/470/888 1019/472/889 1007/459/879
f 1019/472/889 1020/471/890 1008/458/880
f 1020/471/890 1009/461/127 997/447/115
f 1009/461/127 1021/474/139 1022/473/891
f 1010/460/881 1022/473/891 1023/475/892
f 1023/475/892 1024/476/893 1012/464/883
f 1024/476/893 1025/477/894 1013/463/884
f 1025/477/894 1026/479/895 1014/466/885
f 1026/479/895 1027/491/145 1015/478/133
f 1015/467/133 1027/480/145 1028/482/896
f 1028/482/896 1029/481/897 1017/468/887
f 1029/481/897 1030/483/898 1018/470/888
f 1030/483/898 1031/484/899 1019/472/889
f 1031/484/899 1032/485/900 1020/471/890
f 1032/485/900 1021/474/139 1009/461/127
f 1033/486/151 1034/487/901 1022/473/891
f 1034/487/901 1035/488/902 1023/475/892
f 1035/488/902 1036/490/903 1024/476/893
f 1036/490/903 1037/489/904 1025/477/894
f 1025/477/894 1037/489/904 1038/492/905
f 1038/492/905 1039/504/157 1027/491/145
f 1039/493/157 1040/494/906 1028/482/896
f 1040/494/906 1041/495/907 1029/481/897
f 1041/495/907 1042/496/908 1030/483/898
f 1030/483/898 1042/496/908 1043/498/909
f 1031/484/899 1043/498/909 1044/497/910
f 1032/485/900 1044/497/910 1033/486/151
f 1045/499/163 1046/500/911 1034/487/901
f 1046/500/911 1047/501/912 1035/488/902
f 1047/501/912 1048/502/913 1036/490/903
f 1048/502/913 1049/503/914 1037/489/904
f 1049/503/914 1050/505/915 1038/492/905
f 1050/505/915 1051/517/169 1039/504/157
f 1039/493/157 1051/506/169 1052/507/916
f 1052/507/916 1053/508/917 1041/495/907
f 1041/495/907 1053/508/917 1054/509/918
f 1054/509/918 1055/510/919 1043/498/909
f 1055/510/919 1056/511/920 1044/497/910
f 1044/497/910 1056/511/920 1045/499/163
f 1057/513/175 1058/512/921 1046/500/911
f 1058/512/921 1059/514/922 1047/501/912
f 1047/501/912 1059/514/922 1060/515/923
f 1060/515/923 1061/516/924 1049/503/914
f 1061/516/924 1062/518/925 1050/505/915
f 1062/518/925 1063/648/181 1051/517/169
f 1063/519/181 1064/521/926 1052/507/916
f 1064/521/926 1065/520/927 1053/508/917
f 1065/520/927 1066/522/928 1054/509/918
f 1066/522/928 1067/523/929 1055/510/919
f 1067/523/929 1068/524/930 1056/511/920
f 1068/524/930 1057/513/175 1045/499/163
f 1069/525/187 1070/527/931 1058/512/921
f 1070/527/931 1071/526/932 1059/514/922
f 1071/526/932 1072/529/933 1060/515/923
f 1072/529/933 1073/528/934 1061/516/924
f 1073/528/934 1074/531/935 1062/518/925
f 1062/518/925 1074/531/935 1075/530/193
f 1063/519/181 1075/532/193 1076/534/936
f 1076/534/936 1077/533/937 1065/520/927
f 1077/533/937 1078/535/938 1066/522/928
f 1078/535/938 1079/536/939 1067/523/929
f 1067/523/929 1079/536/939 1080/537/940
f 1068/524/930 1080/537/940 1069/525/187
f 1069/525/187 1081/538/199 1082/539/941
f 1082/539/941 1083/541/942 1071/526/932
f 1071/526/932 1083/541/942 1084/540/943
f 1072/529/933 1084/540/943 1085/542/944
f 1073/528/934 1085/542/944 1086/544/945
f 1086/544/945 1087/543/205 1075/530/193
f 1087/545/205 1088/546/946 1076/534/936
f 1088/546/946 1089/547/947 1077/533/937
f 1089/547/947 1090/548/948 1078/535/938
f 1090/548/948 1091/549/949 1079/536/939
f 1091/549/949 1092/550/950 1080/537/940
f 1092/550/950 1081/538/199 1069/525/187
f 1093/551/211 1094/552/951 1082/539/941
f 1094/552/951 1095/554/952 1083/541/942
f 1095/554/952 1096/553/953 1084/540/943
f 1096/553/953 1097/556/954 1085/542/944
f 1097/556/954 1098/555/955 1086/544/945
f 1098/555/955 1099/649/217 1087/543/205
f 1087/545/205 1099/557/217 1100/559/956
f 1088/546/946 1100/559/956 1101/558/957
f 1089/547/947 1101/558/957 1102/560/958
f 1090/548/948 1102/560/958 1103/561/959
f 1091/549/949 1103/561/959 1104/562/960
f 1104/562/960 1093/551/211 1081/538/199
f 1093/551/211 1105/564/223 1106/563/961
f 1094/552/951 1106/563/961 1107/565/962
f 1095/554/952 1107/565/962 1108/566/963
f 1096/553/953 1108/566/963 1109/567/964
f 1097/556/954 1109/567/964 1110/569/965
f 1110/569/965 1111/568/229 1099/649/217
f 1099/557/217 1111/570/229 1112/572/966
f 1112/572/966 1113/571/967 1101/558/957
f 1113/571/967 1114/573/968 1102/560/958
f 1114/573/968 1115/575/969 1103/561/959
f 1115/575/969 1116/574/970 1104/562/960
f 1116/574/970 1105/564/223 1093/551/211
f 1117/577/235 1118/576/971 1106/563/961
f 1118/576/971 1119/578/972 1107/565/962
f 1107/565/962 1119/578/972 1120/580/973
f 1120/580/973 1121/579/974 1109/567/964
f 1109/567/964 1121/579/974 1122/582/975
f 1122/582/975 1123/581/241 1111/568/229
f 1123/583/241 1124/585/976 1112/572/966
f 1112/572/966 1124/585/976 1125/584/977
f 1113/571/967 1125/584/977 1126/586/978
f 1126/586/978 1127/587/979 1115/575/969
f 1115/575/969 1127/587/979 1128/588/980
f 1128/588/980 1117/577/235 1105/564/223
f 1129/590/247 1130/589/981 1118/576/971
f 1130/589/981 1131/592/982 1119/578/972
f 1131/592/982 1132/591/983 1120/580/973
f 1120/580/973 1132/591/983 1133/593/984
f 1133/593/984 1134/595/985 1122/582/975
f 1122/582/975 1134/595/985 1135/594/253
f 1135/596/253 1136/598/986 1124/585/976
f 1124/585/976 1136/598/986 1137/597/987
f 1137/597/987 1138/599/988 1126/586/978
f 1138/599/988 1139/600/989 1127/587/979
f 1127/587/979 1139/600/989 1140/601/990
f 1140/601/990 1129/590/247 1117/577/235
f 1129/590/247 1141/603/259 1142/602/991
f 1142/602/991 1143/604/992 1131/592/982
f 1131/592/982 1143/604/992 1144/605/993
f 1132/591/983 1144/605/993 1145/606/994
f 1145/606/994 1146/608/995 1134/595/985
f 1146/608/995 1147/607/265 1135/594/253
f 1147/609/265 1148/611/996 1136/598/986
f 1148/611/996 1149/610/997 1137/597/987
f 1149/610/997 1150/612/998 1138/599/988
f 1150/612/998 1151/614/999 1139/600/989
f 1151/614/999 1152/613/1000 1140/601/990
f 1152/613/1000 1141/603/259 1129/590/247
f 1153/615/271 1154/617/1001 1142/602/991
f 1154/617/1001 1155/616/1002 1143/604/992
f 1155/616/1002 1156/619/1003 1144/605/993
f 1144/605/993 1156/619/1003 1157/618/1004
f 1157/618/1004 1158/621/1005 1146/608/995
f 1158/621/1005 1159/620/277 1147/607/265
f 1147/609/265 1159/622/277 1160/624/1006
f 1160/624/1006 1161/623/1007 1149/610/997
f 1161/623/1007 1162/625/1008 1150/612/998
f 1150/612/998 1162/625/1008 1163/626/1009
f 1163/626/1009 1164/627/1010 1152/613/1000
f 1152/613/1000 1164/627/1010 1153/615/271
f 1165/628/283 1166/630/1011 1154/617/1001
f 1154/617/1001 1166/630/1011 1167/629/1012
f 1167/629/1012 1168/631/1013 1156/619/1003
f 1168/631/1013 1169/632/1014 1157/618/1004
f 1157/618/1004 1169/632/1014 1170/634/1015
f 1158/621/1005 1170/634/1015 1171/633/1016
f 1171/635/1016 1172/636/1017 1160/624/1006
f 1172/636/1017 1173/637/1018 1161/623/1007
f 1161/623/1007 1173/637/1018 1174/638/1019
f 1174/638/1019 1175/639/1020 1163/626/1009
f 1175/639/1020 1176/640/1021 1164/627/1010
f 1176/640/1021 1165/628/283 1153/615/271
f 601/13/295 602/17/539 1166/630/1011
f 1166/630/1011 602/17/539 603/16/540
f 603/16/540 604/18/541 1168/631/1013
f 1168/631/1013 604/18/541 605/20/542
f 1169/632/1014 605/20/542 606/24/543
f 1170/634/1015 606/24/543 607/641/544
f 607/28/544 608/26/545 1172/636/1017
f 1172/636/1017 608/26/545 609/32/546
f 609/32/546 610/31/547 1174/638/1019
f 1174/638/1019 610/31/547 611/33/548
f 611/33/548 612/35/549 1176/640/1021
f 1176/640/1021 612/35/549 601/13/295
o Icosphere
v 0.418176 -0.247206 0.349234
v 1.195350 0.346496 0.913878
v 0.121327 0.346495 1.262855
v -0.542463 0.346500 0.349234
v 0.121327 0.346495 -0.564387
v 1.195350 0.346496 -0.215410
v 0.715024 1.307148 1.262855
v -0.358999 1.307148 0.913878
v -0.358999 1.307148 -0.215410
v 0.715024 1.307148 -0.564387
v 1.378814 1.307144 0.349234
v 0.418176 1.900850 0.349234
v 0.243694 -0.086805 0.886243
v 0.874984 -0.086804 0.681121
v 0.700504 0.262165 1.218135
v 1.331795 0.262167 0.349234
v 0.874984 -0.086804 0.017347
v -0.146473 -0.086802 0.349234
v -0.320959 0.262167 0.886245
v 0.243694 -0.086805 -0.187775
v -0.320959 0.262167 -0.187777
v 0.700504 0.262165 -0.519667
v 1.439638 0.826822 0.681122
v 1.439638 0.826822 0.017346
v 0.418176 0.826822 1.423262
v 1.049474 0.826822 1.218140
v -0.603287 0.826822 0.681122
v -0.213122 0.826822 1.218140
v -0.213122 0.826822 -0.519673
v -0.603287 0.826822 0.017346
v 1.049474 0.826822 -0.519673
v 0.418176 0.826822 -0.724794
v 1.157310 1.391477 0.886245
v 0.135847 1.391479 1.218135
v -0.495444 1.391477 0.349234
v 0.135847 1.391479 -0.519667
v 1.157310 1.391477 -0.187777
v 0.592658 1.740448 0.886243
v 0.982824 1.740446 0.349234
v -0.038633 1.740448 0.681121
v -0.038633 1.740448 0.017347
v 0.592658 1.740448 -0.187775
vn 0.1024 -0.9435 0.3151
vn 0.7002 -0.6617 0.2680
vn -0.2680 -0.9435 0.1947
vn -0.2680 -0.9435 -0.1947
vn 0.1024 -0.9435 -0.3151
vn 0.9050 -0.3304 0.2680
vn 0.0247 -0.3304 0.9435
vn -0.8897 -0.3304 0.3151
vn -0.5746 -0.3304 -0.7488
vn 0.5346 -0.3304 -0.7779
vn 0.8026 -0.1256 0.5831
vn -0.3066 -0.1256 0.9435
vn -0.9921 -0.1256 -0.0000
vn -0.3066 -0.1256 -0.9435
vn 0.8026 -0.1256 -0.5831
vn 0.4089 0.6617 0.6284
vn -0.4713 0.6617 0.5831
vn -0.7002 0.6617 -0.2680
vn 0.0385 0.6617 -0.7488
vn 0.7240 0.6617 -0.1947
vn 0.2680 0.9435 -0.1947
vn 0.4911 0.7947 -0.3568
vn 0.4089 0.6617 -0.6284
vn -0.1024 0.9435 -0.3151
vn -0.1876 0.7947 -0.5773
vn -0.4713 0.6617 -0.5831
vn -0.3313 0.9435 -0.0000
vn -0.6071 0.7947 -0.0000
vn -0.7002 0.6617 0.2680
vn -0.1024 0.9435 0.3151
vn -0.1876 0.7947 0.5773
vn 0.0385 0.6617 0.7488
vn 0.2680 0.9435 0.1947
vn 0.4911 0.7947 0.3568
vn 0.7240 0.6617 0.1947
vn 0.8897 0.3304 -0.3151
vn 0.7947 0.1876 -0.5773
vn 0.5746 0.3304 -0.7488
vn -0.0247 0.3304 -0.9435
vn -0.3035 0.1876 -0.9342
vn -0.5346 0.3304 -0.7779
vn -0.9050 0.3304 -0.2680
vn -0.9822 0.1876 -0.0000
vn -0.9050 0.3304 0.2680
vn -0.5346 0.3304 0.7779
vn -0.3035 0.1876 0.9342
vn -0.0247 0.3304 0.9435
vn 0.5746 0.3304 0.7488
vn 0.7947 0.1876 0.5773
vn 0.8897 0.3304 0.3151
vn 0.3066 0.1256 -0.9435
vn 0.3035 -0.1876 -0.9342
vn 0.0247 -0.3304 -0.9435
vn -0.8026 0.1256 -0.5831
vn -0.7947 -0.1876 -0.5773
vn -0.8897 -0.3304 -0.3151
vn -0.8026 0.1256 0.5831
vn -0.7947 -0.1876 0.5773
vn -0.5746 -0.3304 0.7488
vn 0.3066 0.1256 0.9435
vn 0.3035 -0.1876 0.9342
vn 0.5346 -0.3304 0.7779
vn 0.9921 0.1256 -0.0000
vn 0.9822 -0.1876 -0.0000
vn 0.9050 -0.3304 -0.2680
vn 0.4713 -0.6617 -0.5831
vn 0.1876 -0.7947 -0.5773
vn -0.0385 -0.6617 -0.7488
vn -0.4089 -0.6617 -0.6284
vn -0.4911 -0.7947 -0.3568
vn -0.7240 -0.6617 -0.1947
vn -0.7240 -0.6617 0.1947
vn -0.4911 -0.7947 0.3568
vn -0.4089 -0.6617 0.6284
vn 0.7002 -0.6617 -0.2680
vn 0.6071 -0.7947 -0.0000
vn 0.3313 -0.9435 -0.0000
vn -0.0385 -0.6617 0.7488
vn 0.1876 -0.7947 0.5773
vn 0.4713 -0.6617 0.5831
vt 0.181819 0.000000
vt 0.227273 0.078731
vt 0.136365 0.078731
vt 0.272728 0.157461
vt 0.318182 0.078731
vt 0.363637 0.157461
vt 0.909091 0.000000
vt 0.954545 0.078731
vt 0.863636 0.078731
vt 0.727273 0.000000
vt 0.772727 0.078731
vt 0.681818 0.078731
vt 0.545455 0.000000
vt 0.590909 0.078731
vt 0.500000 0.078731
vt 0.318182 0.236191
vt 0.090910 0.157461
vt 0.181819 0.157461
vt 0.136365 0.236191
vt 0.818182 0.157461
vt 0.909091 0.157461
vt 0.863636 0.236191
vt 0.636364 0.157461
vt 0.727273 0.157461
vt 0.681818 0.236191
vt 0.454546 0.157461
vt 0.545455 0.157461
vt 0.500000 0.236191
vt 0.227273 0.236191
vt 0.045455 0.236191
vt 0.772727 0.236191
vt 0.590909 0.236191
vt 0.409092 0.236191
vt 0.181819 0.314921
vt 0.272728 0.314921
vt 0.227273 0.393651
vt 0.000000 0.314921
vt 0.090910 0.314921
vt 0.045455 0.393651
vt 0.727273 0.314921
vt 0.818182 0.314921
vt 0.772727 0.393651
vt 0.545455 0.314921
vt 0.636364 0.314921
vt 0.590909 0.393651
vt 0.363637 0.314921
vt 0.454546 0.314921
vt 0.409092 0.393651
vt 0.500000 0.393651
vt 0.454546 0.472382
vt 0.681818 0.393651
vt 0.636364 0.472382
vt 0.863636 0.393651
vt 0.818182 0.472382
vt 0.909091 0.314921
vt 0.136365 0.393651
vt 0.090910 0.472382
vt 0.318182 0.393651
vt 0.272728 0.472382
vt 0.954545 0.236191
vt 1.000000 0.157461
vt 0.409092 0.078731
vt 0.363637 0.000000
s 0
usemtl Material.001
f 1177/650/1022 1190/651/1022 1189/652/1022
f 1178/653/1023 1190/654/1023 1192/655/1023
f 1177/656/1024 1189/657/1024 1194/658/1024
f 1177/659/1025 1194/660/1025 1196/661/1025
f 1177/662/1026 1196/663/1026 1193/664/1026
f 1178/653/1027 1192/655/1027 1199/665/1027
f 1179/666/1028 1191/667/1028 1201/668/1028
f 1180/669/1029 1195/670/1029 1203/671/1029
f 1181/672/1030 1197/673/1030 1205/674/1030
f 1182/675/1031 1198/676/1031 1207/677/1031
f 1178/653/1032 1199/665/1032 1202/678/1032
f 1179/666/1033 1201/668/1033 1204/679/1033
f 1180/669/1034 1203/671/1034 1206/680/1034
f 1181/672/1035 1205/674/1035 1208/681/1035
f 1182/675/1036 1207/677/1036 1200/682/1036
f 1183/683/1037 1209/684/1037 1214/685/1037
f 1184/686/1038 1210/687/1038 1216/688/1038
f 1185/689/1039 1211/690/1039 1217/691/1039
f 1186/692/1040 1212/693/1040 1218/694/1040
f 1187/695/1041 1213/696/1041 1215/697/1041
f 1215/697/1042 1218/698/1042 1188/699/1042
f 1215/697/1043 1213/696/1043 1218/698/1043
f 1213/696/1044 1186/692/1044 1218/698/1044
f 1218/694/1045 1217/700/1045 1188/701/1045
f 1218/694/1046 1212/693/1046 1217/700/1046
f 1212/693/1047 1185/689/1047 1217/700/1047
f 1217/691/1048 1216/702/1048 1188/703/1048
f 1217/691/1049 1211/690/1049 1216/702/1049
f 1211/690/1050 1184/704/1050 1216/702/1050
f 1216/688/1051 1214/705/1051 1188/706/1051
f 1216/688/1052 1210/687/1052 1214/705/1052
f 1210/687/1053 1183/683/1053 1214/705/1053
f 1214/685/1054 1215/707/1054 1188/708/1054
f 1214/685/1055 1209/684/1055 1215/707/1055
f 1209/684/1056 1187/695/1056 1215/707/1056
f 1200/682/1057 1213/696/1057 1187/695/1057
f 1200/682/1058 1207/677/1058 1213/696/1058
f 1207/677/1059 1186/692/1059 1213/696/1059
f 1208/681/1060 1212/693/1060 1186/692/1060
f 1208/681/1061 1205/674/1061 1212/693/1061
f 1205/674/1062 1185/689/1062 1212/693/1062
f 1206/680/1063 1211/690/1063 1185/689/1063
f 1206/680/1064 1203/671/1064 1211/690/1064
f 1203/671/1065 1184/704/1065 1211/690/1065
f 1204/679/1066 1210/687/1066 1184/686/1066
f 1204/679/1067 1201/668/1067 1210/687/1067
f 1201/668/1068 1183/683/1068 1210/687/1068
f 1202/678/1069 1209/684/1069 1183/683/1069
f 1202/678/1070 1199/665/1070 1209/684/1070
f 1199/665/1071 1187/695/1071 1209/684/1071
f 1207/677/1072 1208/681/1072 1186/692/1072
f 1207/677/1073 1198/676/1073 1208/681/1073
f 1198/676/1074 1181/672/1074 1208/681/1074
f 1205/674/1075 1206/680/1075 1185/689/1075
f 1205/674/1076 1197/673/1076 1206/680/1076
f 1197/673/1077 1180/669/1077 1206/680/1077
f 1203/671/1078 1204/709/1078 1184/704/1078
f 1203/671/1079 1195/670/1079 1204/709/1079
f 1195/670/1080 1179/710/1080 1204/709/1080
f 1201/668/1081 1202/678/1081 1183/683/1081
f 1201/668/1082 1191/667/1082 1202/678/1082
f 1191/667/1083 1178/653/1083 1202/678/1083
f 1199/665/1084 1200/682/1084 1187/695/1084
f 1199/665/1085 1192/655/1085 1200/682/1085
f 1192/655/1086 1182/675/1086 1200/682/1086
f 1193/664/1087 1198/676/1087 1182/675/1087
f 1193/664/1088 1196/663/1088 1198/676/1088
f 1196/663/1089 1181/672/1089 1198/676/1089
f 1196/661/1090 1197/673/1090 1181/672/1090
f 1196/661/1091 1194/660/1091 1197/673/1091
f 1194/660/1092 1180/669/1092 1197/673/1092
f 1194/658/1093 1195/670/1093 1180/669/1093
f 1194/658/1094 1189/657/1094 1195/670/1094
f 1189/657/1095 1179/710/1095 1195/670/1095
f 1192/655/1096 1193/711/1096 1182/675/1096
f 1192/655/1097 1190/654/1097 1193/711/1097
f 1190/654/1098 1177/712/1098 1193/711/1098
f 1189/652/1099 1191/667/1099 1179/666/1099
f 1189/652/1100 1190/651/1100 1191/667/1100
f 1190/651/1101 1178/653/1101 1191/667/1101
o Sphere.001
v -1.637386 0.143311 -1.539268
v -1.593809 -0.009555 -1.394347
v -1.536873 -0.092286 -1.204999
v -1.506060 -0.102932 -1.102525
v -1.475246 -0.092286 -1.000051
v -1.418310 -0.009555 -0.810702
v -1.681165 0.345118 -1.611626
v -1.691595 0.243176 -1.575896
v -1.694896 0.149226 -1.521975
v -1.690939 0.066878 -1.451935
v -1.679878 -0.000703 -1.368467
v -1.662137 -0.050920 -1.274779
v -1.638398 -0.081844 -1.174471
v -1.609574 -0.092286 -1.071399
v -1.576771 -0.081844 -0.969522
v -1.541251 -0.050920 -0.872757
v -1.504379 -0.000703 -0.784822
v -1.467571 0.066878 -0.709096
v -1.432242 0.149226 -0.648489
v -1.399750 0.243176 -0.605330
v -1.371344 0.345118 -0.581279
v -1.700583 0.351269 -1.605787
v -1.729686 0.255242 -1.564443
v -1.750195 0.166743 -1.505347
v -1.761322 0.089173 -1.430771
v -1.762640 0.025513 -1.343581
v -1.754097 -0.021791 -1.247127
v -1.736022 -0.050920 -1.145116
v -1.709110 -0.060756 -1.041469
v -1.674395 -0.050920 -0.940167
v -1.633211 -0.021791 -0.845105
v -1.587140 0.025513 -0.759936
v -1.537954 0.089173 -0.687932
v -1.487542 0.166743 -0.631861
v -1.437841 0.255242 -0.593877
v -1.390762 0.351269 -0.575440
v -1.718480 0.361258 -1.600406
v -1.764791 0.274836 -1.553887
v -1.801159 0.195189 -1.490022
v -1.826187 0.125378 -1.411266
v -1.838913 0.068085 -1.320646
v -1.838847 0.025513 -1.221643
v -1.825993 -0.000703 -1.118062
v -1.800843 -0.009555 -1.013885
v -1.764366 -0.000703 -0.913113
v -1.717961 0.025513 -0.819621
v -1.663414 0.068085 -0.737001
v -1.602819 0.125377 -0.668427
v -1.538506 0.195189 -0.616536
v -1.472946 0.274836 -0.583321
v -1.408659 0.361258 -0.570058
v -1.734166 0.374700 -1.595689
v -1.795560 0.301205 -1.544634
v -1.845830 0.233470 -1.476590
v -1.883042 0.174101 -1.394170
v -1.905767 0.125378 -1.300543
v -1.913132 0.089173 -1.199306
v -1.904853 0.066878 -1.094350
v -1.881248 0.059350 -0.989707
v -1.843225 0.066878 -0.889401
v -1.792246 0.089173 -0.797284
v -1.730268 0.125378 -0.716898
v -1.659674 0.174101 -0.651331
v -1.583176 0.233470 -0.603104
v -1.503716 0.301204 -0.574069
v -1.424345 0.374700 -0.565342
v -1.747039 0.391080 -1.591818
v -1.820812 0.333335 -1.537041
v -1.882490 0.280117 -1.465566
v -1.929702 0.233470 -1.380140
v -1.960633 0.195189 -1.284045
v -1.974095 0.166743 -1.180974
v -1.969571 0.149226 -1.074889
v -1.947235 0.143311 -0.969865
v -1.907944 0.149226 -0.869940
v -1.853209 0.166743 -0.778953
v -1.785133 0.195189 -0.700400
v -1.706333 0.233470 -0.637301
v -1.619836 0.280117 -0.592080
v -1.528967 0.333335 -0.566475
v -1.437218 0.391080 -0.561471
v -1.664005 0.451134 -1.627791
v -1.756605 0.409768 -1.588942
v -1.839576 0.369993 -1.531399
v -1.909731 0.333335 -1.457375
v -1.964373 0.301204 -1.369714
v -2.001402 0.274836 -1.271786
v -2.019395 0.255242 -1.167353
v -2.017661 0.243176 -1.060428
v -1.996267 0.239102 -0.955122
v -1.956034 0.243176 -0.855480
v -1.898509 0.255242 -0.765331
v -1.825902 0.274836 -0.688141
v -1.741004 0.301204 -0.626876
v -1.647077 0.333335 -0.583889
v -1.547731 0.369992 -0.560833
v -1.446784 0.409768 -0.558594
v -1.762495 0.430046 -1.587170
v -1.851131 0.409768 -1.527925
v -1.926506 0.391080 -1.452331
v -1.985723 0.374700 -1.363295
v -2.026507 0.361258 -1.264237
v -2.047291 0.351269 -1.158965
v -2.047275 0.345118 -1.051524
v -2.026461 0.343041 -0.946042
v -1.985648 0.345118 -0.846575
v -1.926405 0.351269 -0.756943
v -1.851008 0.361258 -0.680592
v -1.762355 0.374700 -0.620456
v -1.663852 0.391080 -0.578845
v -1.559286 0.409768 -0.557359
v -1.452674 0.430046 -0.556823
v -1.764484 0.451134 -1.586572
v -1.855033 0.451134 -1.526751
v -1.932170 0.451134 -1.450628
v -1.992932 0.451133 -1.361127
v -2.034984 0.451134 -1.261688
v -2.056710 0.451133 -1.156132
v -2.057275 0.451134 -1.048517
v -2.036656 0.451134 -0.942977
v -1.995647 0.451134 -0.843568
v -1.935824 0.451133 -0.754111
v -1.859485 0.451134 -0.678043
v -1.769564 0.451133 -0.618288
v -1.669517 0.451133 -0.577142
v -1.563188 0.451133 -0.556186
v -1.454663 0.451133 -0.556225
v -1.762495 0.472221 -1.587170
v -1.851131 0.492499 -1.527925
v -1.926506 0.511187 -1.452331
v -1.985723 0.527567 -1.363295
v -2.026507 0.541009 -1.264237
v -2.047291 0.550998 -1.158965
v -2.047275 0.557149 -1.051524
v -2.026461 0.559226 -0.946042
v -1.985648 0.557149 -0.846575
v -1.926405 0.550998 -0.756943
v -1.851008 0.541009 -0.680592
v -1.762355 0.527567 -0.620456
v -1.663852 0.511187 -0.578845
v -1.559286 0.492499 -0.557359
v -1.452674 0.472221 -0.556823
v -1.756605 0.492499 -1.588942
v -1.839576 0.532275 -1.531399
v -1.909731 0.568932 -1.457375
v -1.964373 0.601063 -1.369714
v -2.001402 0.627431 -1.271786
v -2.019395 0.647025 -1.167353
v -2.017661 0.659091 -1.060428
v -1.996267 0.663165 -0.955122
v -1.956034 0.659091 -0.855480
v -1.898509 0.647025 -0.765331
v -1.825902 0.627431 -0.688141
v -1.741004 0.601062 -0.626876
v -1.647077 0.568932 -0.583889
v -1.547731 0.532274 -0.560833
v -1.446784 0.492499 -0.558594
v -1.747039 0.511187 -1.591818
v -1.820812 0.568932 -1.537041
v -1.882490 0.622150 -1.465566
v -1.929702 0.668797 -1.380140
v -1.960633 0.707078 -1.284045
v -1.974095 0.735524 -1.180974
v -1.969571 0.753041 -1.074889
v -1.947234 0.758956 -0.969866
v -1.907944 0.753041 -0.869940
v -1.853209 0.735524 -0.778953
v -1.785133 0.707078 -0.700400
v -1.706333 0.668797 -0.637301
v -1.619836 0.622150 -0.592080
v -1.528967 0.568932 -0.566475
v -1.437218 0.511187 -0.561471
v -1.734166 0.527567 -1.595689
v -1.795560 0.601063 -1.544634
v -1.845830 0.668797 -1.476590
v -1.883042 0.728166 -1.394170
v -1.905767 0.776889 -1.300543
v -1.913132 0.813094 -1.199306
v -1.904853 0.835389 -1.094350
v -1.881248 0.842917 -0.989707
v -1.843225 0.835389 -0.889401
v -1.792246 0.813094 -0.797284
v -1.730268 0.776889 -0.716898
v -1.659674 0.728166 -0.651331
v -1.583176 0.668797 -0.603104
v -1.503716 0.601062 -0.574069
v -1.424345 0.527567 -0.565342
v -1.718479 0.541009 -1.600406
v -1.764791 0.627431 -1.553887
v -1.801159 0.707078 -1.490022
v -1.826187 0.776890 -1.411266
v -1.838913 0.834182 -1.320646
v -1.838847 0.876754 -1.221643
v -1.825993 0.902970 -1.118062
v -1.800843 0.911822 -1.013885
v -1.764365 0.902970 -0.913113
v -1.717961 0.876754 -0.819621
v -1.663413 0.834182 -0.737001
v -1.602819 0.776889 -0.668427
v -1.538506 0.707078 -0.616536
v -1.472946 0.627431 -0.583321
v -1.408659 0.541009 -0.570058
v -1.700583 0.550998 -1.605787
v -1.729686 0.647025 -1.564443
v -1.750195 0.735524 -1.505347
v -1.761322 0.813094 -1.430771
v -1.762640 0.876754 -1.343581
v -1.754097 0.924058 -1.247127
v -1.736022 0.953187 -1.145116
v -1.709110 0.963023 -1.041469
v -1.674395 0.953187 -0.940167
v -1.633211 0.924058 -0.845105
v -1.587140 0.876754 -0.759936
v -1.537954 0.813094 -0.687932
v -1.487542 0.735524 -0.631861
v -1.437841 0.647025 -0.593877
v -1.390762 0.550998 -0.575440
v -1.681165 0.557149 -1.611626
v -1.691595 0.659091 -1.575896
v -1.694896 0.753041 -1.521975
v -1.690939 0.835389 -1.451935
v -1.679878 0.902970 -1.368467
v -1.662137 0.953187 -1.274779
v -1.638398 0.984111 -1.174471
v -1.609574 0.994552 -1.071399
v -1.576771 0.984111 -0.969522
v -1.541251 0.953187 -0.872757
v -1.504379 0.902970 -0.784822
v -1.467571 0.835389 -0.709096
v -1.432242 0.753041 -0.648489
v -1.399750 0.659091 -0.605330
v -1.371344 0.557149 -0.581279
v -1.660970 0.559226 -1.617698
v -1.651982 0.663165 -1.587808
v -1.637386 0.758956 -1.539268
v -1.617744 0.842917 -1.473944
v -1.593809 0.911822 -1.394347
v -1.566503 0.963023 -1.303536
v -1.536873 0.994553 -1.204999
v -1.506059 1.005199 -1.102525
v -1.475246 0.994553 -1.000050
v -1.445616 0.963023 -0.901514
v -1.418310 0.911822 -0.810702
v -1.394375 0.842917 -0.731105
v -1.374733 0.758956 -0.665782
v -1.360137 0.663165 -0.617242
v -1.351149 0.559226 -0.587351
v -1.640775 0.557149 -1.623771
v -1.612369 0.659091 -1.599719
v -1.579877 0.753041 -1.556561
v -1.544548 0.835389 -1.495954
v -1.507740 0.902970 -1.420228
v -1.470868 0.953187 -1.332293
v -1.435348 0.984111 -1.235528
v -1.402545 0.994552 -1.133651
v -1.373721 0.984111 -1.030579
v -1.349982 0.953187 -0.930271
v -1.332241 0.902970 -0.836583
v -1.321180 0.835389 -0.753115
v -1.317223 0.753041 -0.683075
v -1.320524 0.659091 -0.629153
v -1.330954 0.557149 -0.593424
v -1.621357 0.550998 -1.629610
v -1.574278 0.647025 -1.611173
v -1.524577 0.735524 -1.573189
v -1.474165 0.813094 -1.517118
v -1.424979 0.876754 -1.445114
v -1.378908 0.924058 -1.359944
v -1.337724 0.953187 -1.264883
v -1.303009 0.963023 -1.163581
v -1.276097 0.953187 -1.059934
v -1.258022 0.924058 -0.957923
v -1.249479 0.876754 -0.861469
v -1.250797 0.813094 -0.774279
v -1.261924 0.735524 -0.699703
v -1.282433 0.647025 -0.640607
v -1.311536 0.550998 -0.599263
v -1.603461 0.541009 -1.634991
v -1.539173 0.627431 -1.621729
v -1.473613 0.707078 -1.588514
v -1.409300 0.776889 -1.536622
v -1.348706 0.834182 -1.468049
v -1.294158 0.876754 -1.385428
v -1.247754 0.902970 -1.291936
v -1.211276 0.911822 -1.191165
v -1.186126 0.902970 -1.086987
v -1.173272 0.876754 -0.983407
v -1.173206 0.834182 -0.884404
v -1.185932 0.776889 -0.793783
v -1.210960 0.707078 -0.715028
v -1.247328 0.627431 -0.651163
v -1.293640 0.541009 -0.604644
v -1.587774 0.527567 -1.639708
v -1.508404 0.601062 -1.630981
v -1.428943 0.668797 -1.601946
v -1.352445 0.728166 -1.553718
v -1.281852 0.776889 -1.488152
v -1.219874 0.813094 -1.407766
v -1.168894 0.835389 -1.315649
v -1.130871 0.842916 -1.215342
v -1.107267 0.835389 -1.110700
v -1.098988 0.813094 -1.005744
v -1.106352 0.776889 -0.904507
v -1.129077 0.728166 -0.810879
v -1.166289 0.668796 -0.728460
v -1.216559 0.601062 -0.660415
v -1.277953 0.527567 -0.609361
v -1.348114 0.451133 -0.577258
v -1.574901 0.511187 -1.643579
v -1.483152 0.568932 -1.638574
v -1.392283 0.622150 -1.612970
v -1.305786 0.668797 -1.567749
v -1.226986 0.707078 -1.504650
v -1.158910 0.735524 -1.426097
v -1.104175 0.753041 -1.335110
v -1.064885 0.758955 -1.235184
v -1.042548 0.753041 -1.130161
v -1.038024 0.735524 -1.024075
v -1.051486 0.707078 -0.921005
v -1.082417 0.668797 -0.824910
v -1.129629 0.622150 -0.739483
v -1.191307 0.568932 -0.668009
v -1.265080 0.511187 -0.613232
v -1.565335 0.492499 -1.646455
v -1.464388 0.532274 -1.644217
v -1.365042 0.568932 -1.621161
v -1.271115 0.601062 -1.578174
v -1.186217 0.627431 -1.516909
v -1.113610 0.647025 -1.439718
v -1.056085 0.659091 -1.349570
v -1.015852 0.663165 -1.249928
v -0.994458 0.659091 -1.144621
v -0.992724 0.647025 -1.037697
v -1.010717 0.627431 -0.933264
v -1.047746 0.601062 -0.835335
v -1.102388 0.568932 -0.747675
v -1.172543 0.532274 -0.673651
v -1.255514 0.492499 -0.616108
v -1.559445 0.472221 -1.648227
v -1.452833 0.492499 -1.647691
v -1.348267 0.511187 -1.626205
v -1.249764 0.527567 -1.584594
v -1.161111 0.541009 -1.524458
v -1.085714 0.550998 -1.448107
v -1.026471 0.557149 -1.358475
v -0.985658 0.559226 -1.259007
v -0.964844 0.557149 -1.153526
v -0.964828 0.550998 -1.046085
v -0.985612 0.541009 -0.940813
v -1.026396 0.527567 -0.841755
v -1.085613 0.511186 -0.752719
v -1.160988 0.492499 -0.677125
v -1.249624 0.472221 -0.617879
v -1.557456 0.451133 -1.648825
v -1.448931 0.451133 -1.648864
v -1.342603 0.451133 -1.627908
v -1.242555 0.451133 -1.586762
v -1.152634 0.451133 -1.527007
v -1.076295 0.451133 -1.450939
v -1.016472 0.451133 -1.361482
v -0.975463 0.451133 -1.262073
v -0.954845 0.451133 -1.156533
v -0.955409 0.451133 -1.048917
v -0.977135 0.451133 -0.943362
v -1.019187 0.451133 -0.843923
v -1.079949 0.451133 -0.754422
v -1.157087 0.451133 -0.678298
v -1.247635 0.451133 -0.618478
v -1.559445 0.430046 -1.648227
v -1.452833 0.409768 -1.647691
v -1.348267 0.391080 -1.626205
v -1.249764 0.374700 -1.584594
v -1.161111 0.361258 -1.524458
v -1.085714 0.351269 -1.448107
v -1.026471 0.345118 -1.358475
v -0.985659 0.343041 -1.259007
v -0.964844 0.345118 -1.153526
v -0.964828 0.351269 -1.046085
v -0.985612 0.361258 -0.940813
v -1.026396 0.374700 -0.841755
v -1.085613 0.391080 -0.752719
v -1.160988 0.409768 -0.677125
v -1.249624 0.430046 -0.617879
v -1.565335 0.409768 -1.646455
v -1.464388 0.369993 -1.644217
v -1.365042 0.333335 -1.621161
v -1.271115 0.301205 -1.578174
v -1.186217 0.274836 -1.516909
v -1.113610 0.255242 -1.439718
v -1.056085 0.243176 -1.349570
v -1.015853 0.239102 -1.249928
v -0.994458 0.243176 -1.144621
v -0.992724 0.255242 -1.037697
v -1.010717 0.274836 -0.933264
v -1.047746 0.301204 -0.835335
v -1.102388 0.333335 -0.747675
v -1.172543 0.369992 -0.673651
v -1.255514 0.409768 -0.616108
v -1.574901 0.391080 -1.643579
v -1.483152 0.333335 -1.638574
v -1.392283 0.280117 -1.612970
v -1.305786 0.233470 -1.567749
v -1.226986 0.195189 -1.504650
v -1.158910 0.166743 -1.426097
v -1.104175 0.149226 -1.335110
v -1.064885 0.143311 -1.235184
v -1.042548 0.149226 -1.130161
v -1.038024 0.166743 -1.024075
v -1.051486 0.195189 -0.921005
v -1.082417 0.233470 -0.824910
v -1.129629 0.280117 -0.739483
v -1.191307 0.333335 -0.668009
v -1.265080 0.391080 -0.613232
v -1.587774 0.374700 -1.639708
v -1.508404 0.301205 -1.630981
v -1.428943 0.233470 -1.601946
v -1.352445 0.174101 -1.553718
v -1.281852 0.125378 -1.488152
v -1.219874 0.089173 -1.407766
v -1.168894 0.066878 -1.315649
v -1.130872 0.059350 -1.215342
v -1.107267 0.066878 -1.110700
v -1.098988 0.089173 -1.005744
v -1.106352 0.125378 -0.904507
v -1.129077 0.174101 -0.810879
v -1.166289 0.233470 -0.728460
v -1.216559 0.301205 -0.660415
v -1.277953 0.374700 -0.609361
v -1.603461 0.361258 -1.634991
v -1.539173 0.274836 -1.621729
v -1.473614 0.195189 -1.588514
v -1.409300 0.125378 -1.536622
v -1.348706 0.068085 -1.468049
v -1.294158 0.025513 -1.385429
v -1.247754 -0.000703 -1.291936
v -1.211276 -0.009555 -1.191165
v -1.186127 -0.000703 -1.086987
v -1.173272 0.025513 -0.983407
v -1.173206 0.068085 -0.884404
v -1.185932 0.125378 -0.793783
v -1.210960 0.195189 -0.715028
v -1.247328 0.274836 -0.651163
v -1.293640 0.361258 -0.604644
v -1.621357 0.351269 -1.629610
v -1.574278 0.255242 -1.611173
v -1.524578 0.166743 -1.573189
v -1.474165 0.089173 -1.517118
v -1.424979 0.025513 -1.445114
v -1.378908 -0.021791 -1.359944
v -1.337724 -0.050920 -1.264882
v -1.303009 -0.060756 -1.163581
v -1.276097 -0.050920 -1.059934
v -1.258022 -0.021791 -0.957923
v -1.249480 0.025513 -0.861469
v -1.250797 0.089173 -0.774279
v -1.261924 0.166743 -0.699703
v -1.282433 0.255242 -0.640607
v -1.311536 0.351269 -0.599263
v -1.640775 0.345118 -1.623771
v -1.612369 0.243176 -1.599719
v -1.579877 0.149226 -1.556561
v -1.544548 0.066878 -1.495954
v -1.507740 -0.000703 -1.420228
v -1.470868 -0.050920 -1.332293
v -1.435348 -0.081844 -1.235528
v -1.402546 -0.092285 -1.133651
v -1.373721 -0.081844 -1.030579
v -1.349982 -0.050920 -0.930271
v -1.332241 -0.000703 -0.836583
v -1.321180 0.066878 -0.753115
v -1.317224 0.149226 -0.683075
v -1.320524 0.243176 -0.629153
v -1.330954 0.345118 -0.593424
v -1.660970 0.343041 -1.617698
v -1.651982 0.239102 -1.587808
v -1.617744 0.059350 -1.473944
v -1.566503 -0.060756 -1.303536
v -1.445616 -0.060756 -0.901514
v -1.394375 0.059350 -0.731105
v -1.374733 0.143312 -0.665782
v -1.360137 0.239102 -0.617242
v -1.351149 0.343041 -0.587351
v -1.520471 1.007749 -1.150454
v -1.199907 1.007749 -0.084377
v -1.416481 0.997053 -1.181723
v -1.095916 0.997053 -0.115647
v -1.316486 0.965379 -1.211791
v -0.995922 0.965379 -0.145715
v -1.224331 0.913942 -1.239502
v -0.903767 0.913942 -0.173425
v -1.143556 0.844720 -1.263790
v -0.822992 0.844720 -0.197714
v -1.077266 0.760372 -1.283724
v -0.756702 0.760372 -0.217647
v -1.028008 0.664141 -1.298535
v -0.707444 0.664141 -0.232459
v -0.997675 0.559724 -1.307656
v -0.677111 0.559724 -0.241580
v -0.987433 0.451134 -1.310736
v -0.666869 0.451134 -0.244659
v -0.997675 0.342544 -1.307656
v -0.677111 0.342544 -0.241580
v -1.028008 0.238126 -1.298535
v -0.707444 0.238126 -0.232459
v -1.077266 0.141895 -1.283724
v -0.756702 0.141895 -0.217647
v -1.143556 0.057548 -1.263790
v -0.822992 0.057548 -0.197714
v -1.224331 -0.011675 -1.239502
v -0.903767 -0.011675 -0.173425
v -1.316486 -0.063111 -1.211791
v -0.995922 -0.063111 -0.145715
v -1.416481 -0.094786 -1.181723
v -1.095916 -0.094786 -0.115647
v -1.520471 -0.105481 -1.150454
v -1.199907 -0.105481 -0.084377
v -1.624462 -0.094786 -1.119184
v -1.303897 -0.094786 -0.053108
v -1.724456 -0.063111 -1.089116
v -1.403892 -0.063111 -0.023040
v -1.816612 -0.011675 -1.061406
v -1.496047 -0.011675 0.004671
v -1.897386 0.057548 -1.037117
v -1.576822 0.057548 0.028960
v -1.963676 0.141895 -1.017184
v -1.643112 0.141895 0.048893
v -2.012934 0.238126 -1.002372
v -1.692370 0.238126 0.063704
v -2.043267 0.342544 -0.993251
v -1.722703 0.342544 0.072825
v -2.053510 0.451134 -0.990171
v -1.732945 0.451134 0.075905
v -2.043267 0.559724 -0.993251
v -1.722703 0.559724 0.072825
v -2.012934 0.664141 -1.002372
v -1.692370 0.664141 0.063704
v -1.963676 0.760372 -1.017184
v -1.643112 0.760372 0.048893
v -1.897386 0.844720 -1.037117
v -1.576822 0.844720 0.028960
v -1.816612 0.913942 -1.061406
v -1.496047 0.913942 0.004671
v -1.724456 0.965379 -1.089116
v -1.403892 0.965379 -0.023040
v -1.624462 0.997053 -1.119184
v -1.303897 0.997053 -0.053108
v -1.339418 0.143311 -0.548340
v -1.295841 -0.009555 -0.403419
v -1.238905 -0.092286 -0.214071
v -1.208092 -0.102932 -0.111597
v -1.177278 -0.092286 -0.009122
v -1.120342 -0.009555 0.180226
v -1.383197 0.345118 -0.620698
v -1.393627 0.243176 -0.584968
v -1.396928 0.149226 -0.531047
v -1.392972 0.066878 -0.461006
v -1.381910 -0.000703 -0.377538
v -1.364169 -0.050920 -0.283850
v -1.340431 -0.081844 -0.183543
v -1.311606 -0.092286 -0.080470
v -1.278803 -0.081844 0.021406
v -1.243283 -0.050920 0.118171
v -1.206411 -0.000703 0.206106
v -1.169603 0.066878 0.281833
v -1.134274 0.149226 0.342439
v -1.101782 0.243176 0.385598
v -1.073376 0.345118 0.409649
v -1.402615 0.351269 -0.614859
v -1.431718 0.255242 -0.573514
v -1.452227 0.166743 -0.514419
v -1.463354 0.089173 -0.439843
v -1.464672 0.025513 -0.352652
v -1.456129 -0.021791 -0.256199
v -1.438054 -0.050920 -0.154188
v -1.411142 -0.060756 -0.050540
v -1.376427 -0.050920 0.050761
v -1.335243 -0.021791 0.145823
v -1.289172 0.025513 0.230992
v -1.239986 0.089173 0.302996
v -1.189574 0.166743 0.359068
v -1.139873 0.255242 0.397052
v -1.092794 0.351269 0.415488
v -1.420512 0.361258 -0.609477
v -1.466823 0.274836 -0.562958
v -1.503191 0.195189 -0.499094
v -1.528219 0.125378 -0.420338
v -1.540945 0.068085 -0.329717
v -1.540879 0.025513 -0.230715
v -1.528025 -0.000703 -0.127134
v -1.502875 -0.009555 -0.022956
v -1.466398 -0.000703 0.077815
v -1.419993 0.025513 0.171307
v -1.365446 0.068085 0.253927
v -1.304851 0.125378 0.322501
v -1.240538 0.195189 0.374392
v -1.174978 0.274836 0.407607
v -1.110691 0.361258 0.420870
v -1.436198 0.374701 -0.604761
v -1.497593 0.301205 -0.553706
v -1.547862 0.233471 -0.485662
v -1.585074 0.174101 -0.403242
v -1.607799 0.125378 -0.309615
v -1.615164 0.089173 -0.208378
v -1.606885 0.066878 -0.103421
v -1.583280 0.059350 0.001221
v -1.545257 0.066878 0.101528
v -1.494278 0.089173 0.193644
v -1.432300 0.125378 0.274030
v -1.361706 0.174101 0.339597
v -1.285208 0.233471 0.387825
v -1.205748 0.301205 0.416860
v -1.126377 0.374701 0.425587
v -1.449071 0.391081 -0.600890
v -1.522845 0.333335 -0.546113
v -1.584522 0.280117 -0.474638
v -1.631734 0.233471 -0.389212
v -1.662665 0.195189 -0.293117
v -1.676127 0.166743 -0.190046
v -1.671603 0.149226 -0.083961
v -1.649267 0.143312 0.021063
v -1.609976 0.149226 0.120988
v -1.555241 0.166743 0.211976
v -1.487165 0.195189 0.290528
v -1.408365 0.233470 0.353627
v -1.321869 0.280117 0.398848
v -1.231000 0.333335 0.424453
v -1.139250 0.391081 0.429458
v -1.366037 0.451134 -0.636863
v -1.458637 0.409768 -0.598013
v -1.541608 0.369993 -0.540471
v -1.611763 0.333335 -0.466447
v -1.666405 0.301205 -0.378786
v -1.703434 0.274836 -0.280858
v -1.721427 0.255242 -0.176425
v -1.719694 0.243176 -0.069500
v -1.698299 0.239102 0.035807
v -1.658066 0.243176 0.135449
v -1.600541 0.255242 0.225597
v -1.527934 0.274836 0.302787
v -1.443036 0.301205 0.364053
v -1.349110 0.333335 0.407039
v -1.249763 0.369993 0.430095
v -1.148816 0.409768 0.432334
v -1.464527 0.430046 -0.596242
v -1.553163 0.409768 -0.536996
v -1.628538 0.391081 -0.461403
v -1.687755 0.374701 -0.372366
v -1.728539 0.361258 -0.273309
v -1.749323 0.351269 -0.168036
v -1.749307 0.345118 -0.060595
v -1.728493 0.343041 0.044886
v -1.687680 0.345118 0.144353
v -1.628437 0.351269 0.233985
v -1.553040 0.361258 0.310336
v -1.464387 0.374701 0.370473
v -1.365884 0.391081 0.412083
v -1.261318 0.409768 0.433570
v -1.154706 0.430046 0.434105
v -1.466516 0.451134 -0.595644
v -1.557065 0.451134 -0.535823
v -1.634202 0.451134 -0.459700
v -1.694964 0.451134 -0.370198
v -1.737016 0.451134 -0.270760
v -1.758742 0.451134 -0.165204
v -1.759307 0.451134 -0.057588
v -1.738688 0.451134 0.047952
v -1.697680 0.451134 0.147360
v -1.637856 0.451134 0.236817
v -1.561517 0.451134 0.312885
v -1.471596 0.451134 0.372640
v -1.371549 0.451134 0.413787
v -1.265220 0.451134 0.434743
v -1.156695 0.451134 0.434703
v -1.464527 0.472222 -0.596242
v -1.553163 0.492499 -0.536996
v -1.628538 0.511187 -0.461403
v -1.687755 0.527567 -0.372366
v -1.728539 0.541010 -0.273309
v -1.749323 0.550998 -0.168036
v -1.749307 0.557150 -0.060595
v -1.728493 0.559227 0.044886
v -1.687680 0.557150 0.144353
v -1.628437 0.550998 0.233985
v -1.553040 0.541010 0.310336
v -1.464387 0.527567 0.370473
v -1.365884 0.511187 0.412083
v -1.261318 0.492499 0.433570
v -1.154706 0.472222 0.434105
v -1.458637 0.492499 -0.598013
v -1.541608 0.532275 -0.540471
v -1.611763 0.568932 -0.466447
v -1.666405 0.601063 -0.378786
v -1.703434 0.627432 -0.280858
v -1.721427 0.647025 -0.176425
v -1.719693 0.659091 -0.069500
v -1.698299 0.663165 0.035807
v -1.658066 0.659091 0.135449
v -1.600541 0.647025 0.225597
v -1.527934 0.627432 0.302787
v -1.443036 0.601063 0.364053
v -1.349110 0.568932 0.407039
v -1.249763 0.532275 0.430095
v -1.148816 0.492499 0.432334
v -1.449071 0.511187 -0.600890
v -1.522845 0.568932 -0.546113
v -1.584522 0.622151 -0.474638
v -1.631734 0.668797 -0.389212
v -1.662665 0.707079 -0.293117
v -1.676127 0.735524 -0.190046
v -1.671603 0.753041 -0.083961
v -1.649266 0.758956 0.021063
v -1.609976 0.753041 0.120988
v -1.555241 0.735524 0.211976
v -1.487165 0.707079 0.290528
v -1.408365 0.668797 0.353627
v -1.321869 0.622151 0.398848
v -1.231000 0.568932 0.424453
v -1.139250 0.511187 0.429458
v -1.436198 0.527567 -0.604761
v -1.497593 0.601063 -0.553706
v -1.547862 0.668797 -0.485662
v -1.585074 0.728166 -0.403242
v -1.607799 0.776890 -0.309615
v -1.615164 0.813094 -0.208378
v -1.606885 0.835389 -0.103421
v -1.583280 0.842917 0.001221
v -1.545257 0.835389 0.101528
v -1.494278 0.813094 0.193644
v -1.432300 0.776890 0.274030
v -1.361706 0.728166 0.339597
v -1.285208 0.668797 0.387825
v -1.205748 0.601063 0.416860
v -1.126377 0.527567 0.425587
v -1.420512 0.541010 -0.609477
v -1.466823 0.627432 -0.562958
v -1.503191 0.707079 -0.499094
v -1.528219 0.776890 -0.420338
v -1.540945 0.834182 -0.329717
v -1.540879 0.876754 -0.230715
v -1.528025 0.902970 -0.127134
v -1.502875 0.911822 -0.022956
v -1.466398 0.902970 0.077815
v -1.419993 0.876754 0.171307
v -1.365445 0.834182 0.253927
v -1.304851 0.776890 0.322501
v -1.240538 0.707078 0.374392
v -1.174978 0.627432 0.407607
v -1.110691 0.541010 0.420870
v -1.402615 0.550998 -0.614859
v -1.431718 0.647025 -0.573514
v -1.452227 0.735524 -0.514419
v -1.463354 0.813094 -0.439843
v -1.464672 0.876754 -0.352652
v -1.456129 0.924058 -0.256199
v -1.438054 0.953187 -0.154188
v -1.411142 0.963023 -0.050540
v -1.376427 0.953187 0.050761
v -1.335243 0.924058 0.145823
v -1.289172 0.876754 0.230992
v -1.239986 0.813094 0.302996
v -1.189574 0.735524 0.359068
v -1.139873 0.647025 0.397052
v -1.092794 0.550998 0.415488
v -1.383197 0.557149 -0.620698
v -1.393627 0.659091 -0.584968
v -1.396928 0.753041 -0.531047
v -1.392972 0.835389 -0.461006
v -1.381910 0.902970 -0.377538
v -1.364169 0.953187 -0.283850
v -1.340430 0.984111 -0.183543
v -1.311606 0.994553 -0.080470
v -1.278803 0.984111 0.021406
v -1.243283 0.953187 0.118171
v -1.206411 0.902970 0.206106
v -1.169603 0.835389 0.281833
v -1.134274 0.753041 0.342439
v -1.101782 0.659091 0.385598
v -1.073376 0.557149 0.409649
v -1.363002 0.559226 -0.626770
v -1.354014 0.663165 -0.596880
v -1.339418 0.758956 -0.548340
v -1.319776 0.842917 -0.483016
v -1.295841 0.911822 -0.403419
v -1.268535 0.963023 -0.312607
v -1.238905 0.994553 -0.214071
v -1.208091 1.005199 -0.111597
v -1.177278 0.994553 -0.009122
v -1.147649 0.963023 0.089414
v -1.120342 0.911822 0.180226
v -1.096407 0.842917 0.259823
v -1.076765 0.758956 0.325146
v -1.062169 0.663165 0.373686
v -1.053181 0.559226 0.403577
v -1.342808 0.557149 -0.632843
v -1.314401 0.659091 -0.608791
v -1.281909 0.753041 -0.565633
v -1.246580 0.835389 -0.505026
v -1.209772 0.902970 -0.429300
v -1.172900 0.953187 -0.341364
v -1.137380 0.984111 -0.244599
v -1.104577 0.994552 -0.142723
v -1.075753 0.984111 -0.039650
v -1.052014 0.953187 0.060657
v -1.034273 0.902970 0.154345
v -1.023212 0.835389 0.237813
v -1.019255 0.753041 0.307854
v -1.022556 0.659091 0.361775
v -1.032987 0.557149 0.397505
v -1.323389 0.550998 -0.638682
v -1.276310 0.647025 -0.620245
v -1.226610 0.735524 -0.582261
v -1.176198 0.813094 -0.526189
v -1.127011 0.876754 -0.454186
v -1.080940 0.924058 -0.369016
v -1.039756 0.953187 -0.273954
v -1.005041 0.963023 -0.172653
v -0.978129 0.953187 -0.069005
v -0.960054 0.924058 0.033005
v -0.951512 0.876754 0.129459
v -0.952829 0.813094 0.216650
v -0.963956 0.735524 0.291225
v -0.984465 0.647025 0.350321
v -1.013568 0.550998 0.391665
v -1.305493 0.541010 -0.644063
v -1.241205 0.627432 -0.630801
v -1.175645 0.707078 -0.597585
v -1.111332 0.776890 -0.545694
v -1.050738 0.834182 -0.477121
v -0.996190 0.876754 -0.394500
v -0.949786 0.902970 -0.301008
v -0.913308 0.911822 -0.200237
v -0.888159 0.902970 -0.096059
v -0.875304 0.876754 0.007521
v -0.875238 0.834182 0.106524
v -0.887964 0.776890 0.197145
v -0.912992 0.707078 0.275901
v -0.949360 0.627432 0.339765
v -0.995672 0.541009 0.386284
v -1.289807 0.527567 -0.648780
v -1.210436 0.601063 -0.640053
v -1.130975 0.668797 -0.611018
v -1.054478 0.728166 -0.562790
v -0.983884 0.776890 -0.497223
v -0.921906 0.813094 -0.416837
v -0.870926 0.835389 -0.324721
v -0.832903 0.842917 -0.224414
v -0.809299 0.835389 -0.119772
v -0.801020 0.813094 -0.014816
v -0.808384 0.776889 0.086421
v -0.831109 0.728166 0.180049
v -0.868321 0.668797 0.262468
v -0.918591 0.601063 0.330513
v -0.979986 0.527567 0.381567
v -1.050146 0.451134 0.413670
v -1.276933 0.511187 -0.652651
v -1.185184 0.568932 -0.647646
v -1.094315 0.622150 -0.622041
v -1.007818 0.668797 -0.576820
v -0.929018 0.707078 -0.513721
v -0.860942 0.735524 -0.435169
v -0.806207 0.753041 -0.344181
v -0.766917 0.758955 -0.244256
v -0.744580 0.753041 -0.139233
v -0.740056 0.735524 -0.033147
v -0.753518 0.707078 0.069924
v -0.784450 0.668797 0.166019
v -0.831661 0.622150 0.251445
v -0.893339 0.568932 0.322920
v -0.967112 0.511187 0.377696
v -1.267367 0.492499 -0.655527
v -1.166420 0.532275 -0.653288
v -1.067074 0.568932 -0.630232
v -0.973147 0.601063 -0.587246
v -0.888249 0.627431 -0.525980
v -0.815642 0.647025 -0.448790
v -0.758117 0.659091 -0.358642
v -0.717885 0.663165 -0.259000
v -0.696490 0.659091 -0.153693
v -0.694756 0.647025 -0.046769
v -0.712749 0.627431 0.057665
v -0.749779 0.601063 0.155593
v -0.804420 0.568932 0.243254
v -0.874575 0.532275 0.317278
v -0.957547 0.492499 0.374820
v -1.261477 0.472222 -0.657298
v -1.154865 0.492499 -0.656763
v -1.050299 0.511187 -0.635277
v -0.951797 0.527567 -0.593666
v -0.863144 0.541009 -0.533529
v -0.787747 0.550998 -0.457178
v -0.728503 0.557149 -0.367547
v -0.687691 0.559226 -0.268079
v -0.666876 0.557149 -0.162598
v -0.666860 0.550998 -0.055157
v -0.687644 0.541009 0.050115
v -0.728428 0.527567 0.149173
v -0.787646 0.511187 0.238209
v -0.863020 0.492499 0.313803
v -0.951656 0.472222 0.373049
v -1.259488 0.451134 -0.657896
v -1.150964 0.451134 -0.657936
v -1.044635 0.451134 -0.636980
v -0.944587 0.451134 -0.595834
v -0.854667 0.451134 -0.536078
v -0.778327 0.451134 -0.460011
v -0.718504 0.451134 -0.370553
v -0.677495 0.451133 -0.271145
v -0.656877 0.451134 -0.165605
v -0.657441 0.451134 -0.057989
v -0.679167 0.451134 0.047567
v -0.721219 0.451134 0.147005
v -0.781981 0.451134 0.236506
v -0.859119 0.451134 0.312630
v -0.949667 0.451134 0.372451
v -1.261477 0.430046 -0.657298
v -1.154865 0.409768 -0.656763
v -1.050299 0.391081 -0.635277
v -0.951797 0.374701 -0.593666
v -0.863144 0.361258 -0.533529
v -0.787747 0.351269 -0.457178
v -0.728503 0.345118 -0.367547
v -0.687691 0.343041 -0.268079
v -0.666876 0.345118 -0.162598
v -0.666860 0.351269 -0.055157
v -0.687644 0.361258 0.050115
v -0.728428 0.374701 0.149173
v -0.787646 0.391080 0.238209
v -0.863020 0.409768 0.313803
v -0.951656 0.430046 0.373049
v -1.267367 0.409768 -0.655527
v -1.166420 0.369993 -0.653288
v -1.067074 0.333335 -0.630232
v -0.973147 0.301205 -0.587246
v -0.888249 0.274836 -0.525980
v -0.815642 0.255242 -0.448790
v -0.758117 0.243176 -0.358642
v -0.717885 0.239102 -0.259000
v -0.696490 0.243176 -0.153693
v -0.694756 0.255242 -0.046769
v -0.712750 0.274836 0.057665
v -0.749779 0.301205 0.155593
v -0.804421 0.333335 0.243254
v -0.874575 0.369993 0.317278
v -0.957547 0.409768 0.374820
v -1.276933 0.391081 -0.652651
v -1.185184 0.333335 -0.647646
v -1.094315 0.280117 -0.622041
v -1.007818 0.233471 -0.576820
v -0.929018 0.195189 -0.513721
v -0.860942 0.166743 -0.435169
v -0.806208 0.149226 -0.344181
v -0.766917 0.143312 -0.244256
v -0.744580 0.149226 -0.139233
v -0.740056 0.166743 -0.033147
v -0.753519 0.195189 0.069924
v -0.784450 0.233471 0.166019
v -0.831661 0.280117 0.251445
v -0.893339 0.333335 0.322920
v -0.967112 0.391081 0.377696
v -1.289807 0.374701 -0.648780
v -1.210436 0.301205 -0.640053
v -1.130975 0.233471 -0.611018
v -1.054478 0.174101 -0.562790
v -0.983884 0.125378 -0.497223
v -0.921906 0.089173 -0.416837
v -0.870926 0.066878 -0.324721
v -0.832904 0.059351 -0.224414
v -0.809299 0.066878 -0.119772
v -0.801020 0.089173 -0.014816
v -0.808384 0.125378 0.086421
v -0.831109 0.174101 0.180049
v -0.868322 0.233471 0.262468
v -0.918591 0.301205 0.330513
v -0.979986 0.374701 0.381567
v -1.305493 0.361258 -0.644063
v -1.241205 0.274836 -0.630801
v -1.175646 0.195189 -0.597585
v -1.111332 0.125378 -0.545694
v -1.050738 0.068085 -0.477121
v -0.996190 0.025513 -0.394500
v -0.949786 -0.000703 -0.301008
v -0.913308 -0.009555 -0.200237
v -0.888159 -0.000703 -0.096059
v -0.875304 0.025513 0.007521
v -0.875238 0.068085 0.106524
v -0.887964 0.125378 0.197145
v -0.912992 0.195189 0.275901
v -0.949360 0.274836 0.339765
v -0.995672 0.361258 0.386284
v -1.323389 0.351269 -0.638682
v -1.276310 0.255242 -0.620245
v -1.226610 0.166743 -0.582261
v -1.176198 0.089173 -0.526190
v -1.127011 0.025513 -0.454186
v -1.080941 -0.021790 -0.369016
v -1.039757 -0.050920 -0.273954
v -1.005042 -0.060755 -0.172653
v -0.978129 -0.050920 -0.069005
v -0.960054 -0.021791 0.033005
v -0.951512 0.025513 0.129459
v -0.952829 0.089173 0.216650
v -0.963956 0.166743 0.291225
v -0.984465 0.255242 0.350321
v -1.013568 0.351269 0.391665
v -1.342808 0.345118 -0.632843
v -1.314401 0.243176 -0.608791
v -1.281909 0.149227 -0.565632
v -1.246580 0.066878 -0.505026
v -1.209773 -0.000703 -0.429300
v -1.172900 -0.050920 -0.341364
v -1.137380 -0.081844 -0.244599
v -1.104578 -0.092285 -0.142723
v -1.075753 -0.081844 -0.039650
v -1.052014 -0.050920 0.060657
v -1.034273 -0.000703 0.154345
v -1.023212 0.066878 0.237813
v -1.019256 0.149226 0.307854
v -1.022556 0.243176 0.361775
v -1.032987 0.345118 0.397505
v -1.363002 0.343041 -0.626770
v -1.354014 0.239102 -0.596880
v -1.319776 0.059350 -0.483016
v -1.268535 -0.060756 -0.312607
v -1.147649 -0.060756 0.089414
v -1.096407 0.059350 0.259823
v -1.076765 0.143312 0.325146
v -1.062169 0.239102 0.373686
v -1.053181 0.343041 0.403577
vn -0.2394 -0.5559 -0.7960
vn -0.1603 -0.8308 -0.5331
vn -0.0564 -0.9806 -0.1875
vn -0.0000 -1.0000 -0.0000
vn 0.0564 -0.9806 0.1875
vn 0.1603 -0.8308 0.5331
vn -0.3194 -0.1952 -0.9273
vn -0.3377 -0.3772 -0.8624
vn -0.3432 -0.5452 -0.7648
vn -0.3358 -0.6930 -0.6380
vn -0.3155 -0.8148 -0.4864
vn -0.2830 -0.9057 -0.3157
vn -0.2396 -0.9618 -0.1324
vn -0.1868 -0.9808 0.0562
vn -0.1268 -0.9618 0.2426
vn -0.0620 -0.9057 0.4194
vn 0.0051 -0.8148 0.5797
vn 0.0718 -0.6930 0.7174
vn 0.1355 -0.5452 0.8273
vn 0.1940 -0.3772 0.9056
vn 0.2450 -0.1952 0.9497
vn -0.3551 -0.1839 -0.9166
vn -0.4067 -0.3553 -0.8416
vn -0.4431 -0.5136 -0.7348
vn -0.4627 -0.6528 -0.5998
vn -0.4647 -0.7675 -0.4415
vn -0.4489 -0.8531 -0.2658
vn -0.4158 -0.9060 -0.0795
vn -0.3665 -0.9239 0.1102
vn -0.3030 -0.9060 0.2956
vn -0.2279 -0.8531 0.4693
vn -0.1442 -0.7675 0.6246
vn -0.0552 -0.6528 0.7555
vn 0.0356 -0.5136 0.8573
vn 0.1249 -0.3553 0.9264
vn 0.2093 -0.1839 0.9604
vn -0.3881 -0.1655 -0.9066
vn -0.4704 -0.3198 -0.8225
vn -0.5351 -0.4622 -0.7071
vn -0.5797 -0.5875 -0.5646
vn -0.6023 -0.6907 -0.4002
vn -0.6018 -0.7678 -0.2198
vn -0.5781 -0.8154 -0.0306
vn -0.5320 -0.8315 0.1600
vn -0.4653 -0.8154 0.3444
vn -0.3808 -0.7678 0.5153
vn -0.2817 -0.6907 0.6660
vn -0.1722 -0.5875 0.7907
vn -0.0564 -0.4622 0.8850
vn 0.0612 -0.3198 0.9455
vn 0.1763 -0.1655 0.9703
vn -0.4170 -0.1407 -0.8980
vn -0.5262 -0.2719 -0.8057
vn -0.6158 -0.3931 -0.6829
vn -0.6822 -0.4996 -0.5338
vn -0.7228 -0.5874 -0.3639
vn -0.7358 -0.6529 -0.1796
vn -0.7204 -0.6934 0.0121
vn -0.6772 -0.7071 0.2036
vn -0.6077 -0.6934 0.3872
vn -0.5148 -0.6529 0.5556
vn -0.4023 -0.5874 0.7022
vn -0.2747 -0.4996 0.8215
vn -0.1371 -0.3931 0.9092
vn 0.0054 -0.2719 0.9623
vn 0.1474 -0.1407 0.9790
vn -0.4407 -0.1106 -0.8908
vn -0.5720 -0.2137 -0.7919
vn -0.6820 -0.3088 -0.6629
vn -0.7664 -0.3926 -0.5085
vn -0.8218 -0.4615 -0.3342
vn -0.8458 -0.5130 -0.1465
vn -0.8372 -0.5448 0.0473
vn -0.7963 -0.5556 0.2394
vn -0.7244 -0.5448 0.4223
vn -0.6247 -0.5130 0.5887
vn -0.5012 -0.4615 0.7320
vn -0.3588 -0.3926 0.8468
vn -0.2033 -0.3088 0.9291
vn -0.0404 -0.2137 0.9761
vn 0.1237 -0.1106 0.9861
vn -0.2880 -0.0000 -0.9576
vn -0.4583 -0.0762 -0.8855
vn -0.6061 -0.1472 -0.7817
vn -0.7312 -0.2127 -0.6482
vn -0.8289 -0.2704 -0.4897
vn -0.8953 -0.3179 -0.3120
vn -0.9275 -0.3534 -0.1219
vn -0.9240 -0.3753 0.0734
vn -0.8847 -0.3827 0.2660
vn -0.8112 -0.3753 0.4484
vn -0.7064 -0.3534 0.6132
vn -0.5747 -0.3179 0.7541
vn -0.4214 -0.2704 0.8656
vn -0.2525 -0.2127 0.9439
vn -0.0744 -0.1472 0.9863
vn 0.1061 -0.0762 0.9914
vn -0.4691 -0.0388 -0.8823
vn -0.6270 -0.0750 -0.7754
vn -0.7615 -0.1084 -0.6390
vn -0.8674 -0.1378 -0.4781
vn -0.9406 -0.1621 -0.2984
vn -0.9778 -0.1801 -0.1068
vn -0.9774 -0.1913 0.0894
vn -0.9392 -0.1951 0.2824
vn -0.8647 -0.1913 0.4645
vn -0.7568 -0.1801 0.6284
vn -0.6200 -0.1621 0.7677
vn -0.4599 -0.1378 0.8772
vn -0.2828 -0.1084 0.9530
vn -0.0954 -0.0750 0.9926
vn 0.0953 -0.0388 0.9947
vn -0.4728 -0.0000 -0.8812
vn -0.6341 -0.0000 -0.7733
vn -0.7717 -0.0000 -0.6360
vn -0.8804 -0.0000 -0.4742
vn -0.9559 -0.0000 -0.2938
vn -0.9948 -0.0000 -0.1017
vn -0.9955 -0.0000 0.0949
vn -0.9576 -0.0000 0.2880
vn -0.8827 -0.0000 0.4699
vn -0.7738 -0.0000 0.6335
vn -0.6353 -0.0000 0.7723
vn -0.4729 -0.0000 0.8811
vn -0.2930 -0.0000 0.9561
vn -0.1025 -0.0000 0.9947
vn 0.0916 -0.0000 0.9958
vn -0.4691 0.0388 -0.8823
vn -0.6270 0.0750 -0.7754
vn -0.7615 0.1085 -0.6390
vn -0.8674 0.1378 -0.4781
vn -0.9406 0.1621 -0.2984
vn -0.9778 0.1801 -0.1068
vn -0.9774 0.1913 0.0894
vn -0.9392 0.1951 0.2824
vn -0.8647 0.1913 0.4645
vn -0.7568 0.1801 0.6284
vn -0.6200 0.1621 0.7677
vn -0.4599 0.1378 0.8772
vn -0.2828 0.1084 0.9530
vn -0.0954 0.0750 0.9926
vn 0.0953 0.0388 0.9947
vn -0.4583 0.0762 -0.8855
vn -0.6061 0.1472 -0.7817
vn -0.7312 0.2127 -0.6482
vn -0.8289 0.2704 -0.4897
vn -0.8953 0.3179 -0.3120
vn -0.9275 0.3534 -0.1219
vn -0.9240 0.3753 0.0734
vn -0.8847 0.3827 0.2660
vn -0.8112 0.3753 0.4484
vn -0.7064 0.3534 0.6132
vn -0.5747 0.3179 0.7541
vn -0.4214 0.2704 0.8656
vn -0.2525 0.2127 0.9439
vn -0.0744 0.1472 0.9863
vn 0.1061 0.0762 0.9914
vn -0.4407 0.1106 -0.8908
vn -0.5720 0.2137 -0.7919
vn -0.6820 0.3088 -0.6629
vn -0.7664 0.3926 -0.5085
vn -0.8218 0.4615 -0.3342
vn -0.8458 0.5130 -0.1465
vn -0.8372 0.5448 0.0473
vn -0.7962 0.5556 0.2394
vn -0.7244 0.5448 0.4223
vn -0.6247 0.5130 0.5887
vn -0.5012 0.4615 0.7320
vn -0.3588 0.3926 0.8468
vn -0.2033 0.3088 0.9291
vn -0.0404 0.2137 0.9761
vn 0.1237 0.1106 0.9861
vn -0.4170 0.1407 -0.8980
vn -0.5262 0.2719 -0.8057
vn -0.6158 0.3931 -0.6829
vn -0.6822 0.4996 -0.5338
vn -0.7228 0.5874 -0.3639
vn -0.7358 0.6529 -0.1796
vn -0.7204 0.6934 0.0121
vn -0.6772 0.7071 0.2036
vn -0.6077 0.6934 0.3872
vn -0.5148 0.6529 0.5556
vn -0.4023 0.5874 0.7022
vn -0.2747 0.4996 0.8215
vn -0.1371 0.3931 0.9092
vn 0.0054 0.2719 0.9623
vn 0.1474 0.1407 0.9790
vn -0.3881 0.1655 -0.9066
vn -0.4704 0.3198 -0.8225
vn -0.5351 0.4622 -0.7071
vn -0.5797 0.5875 -0.5646
vn -0.6023 0.6907 -0.4002
vn -0.6018 0.7678 -0.2198
vn -0.5781 0.8154 -0.0306
vn -0.5320 0.8315 0.1600
vn -0.4653 0.8154 0.3444
vn -0.3808 0.7678 0.5153
vn -0.2817 0.6907 0.6660
vn -0.1722 0.5875 0.7907
vn -0.0564 0.4622 0.8850
vn 0.0612 0.3198 0.9455
vn 0.1763 0.1655 0.9703
vn -0.3551 0.1839 -0.9166
vn -0.4067 0.3553 -0.8416
vn -0.4431 0.5136 -0.7348
vn -0.4627 0.6528 -0.5998
vn -0.4647 0.7675 -0.4415
vn -0.4489 0.8531 -0.2658
vn -0.4158 0.9060 -0.0795
vn -0.3665 0.9239 0.1102
vn -0.3030 0.9060 0.2956
vn -0.2279 0.8531 0.4693
vn -0.1442 0.7675 0.6246
vn -0.0552 0.6528 0.7555
vn 0.0356 0.5136 0.8573
vn 0.1249 0.3553 0.9264
vn 0.2093 0.1839 0.9604
vn -0.3194 0.1952 -0.9273
vn -0.3377 0.3772 -0.8624
vn -0.3432 0.5452 -0.7648
vn -0.3358 0.6930 -0.6380
vn -0.3155 0.8148 -0.4864
vn -0.2830 0.9057 -0.3157
vn -0.2396 0.9618 -0.1324
vn -0.1868 0.9808 0.0562
vn -0.1268 0.9618 0.2426
vn -0.0620 0.9057 0.4195
vn 0.0051 0.8148 0.5797
vn 0.0718 0.6930 0.7174
vn 0.1355 0.5452 0.8273
vn 0.1940 0.3772 0.9056
vn 0.2450 0.1952 0.9497
vn -0.2822 0.1990 -0.9385
vn -0.2658 0.3846 -0.8840
vn -0.2394 0.5559 -0.7960
vn -0.2038 0.7066 -0.6777
vn -0.1603 0.8308 -0.5331
vn -0.1105 0.9234 -0.3676
vn -0.0564 0.9806 -0.1875
vn -0.0000 1.0000 -0.0000
vn 0.0564 0.9806 0.1875
vn 0.1105 0.9234 0.3676
vn 0.1603 0.8308 0.5331
vn 0.2038 0.7066 0.6777
vn 0.2394 0.5559 0.7960
vn 0.2658 0.3846 0.8840
vn 0.2822 0.1990 0.9385
vn -0.2450 0.1952 -0.9497
vn -0.1940 0.3772 -0.9056
vn -0.1355 0.5452 -0.8273
vn -0.0718 0.6930 -0.7174
vn -0.0051 0.8148 -0.5797
vn 0.0620 0.9057 -0.4194
vn 0.1268 0.9618 -0.2426
vn 0.1868 0.9808 -0.0562
vn 0.2396 0.9618 0.1324
vn 0.2830 0.9057 0.3157
vn 0.3155 0.8148 0.4864
vn 0.3358 0.6930 0.6380
vn 0.3432 0.5452 0.7648
vn 0.3377 0.3772 0.8624
vn 0.3194 0.1952 0.9273
vn -0.2093 0.1839 -0.9604
vn -0.1249 0.3553 -0.9264
vn -0.0356 0.5136 -0.8573
vn 0.0552 0.6528 -0.7555
vn 0.1442 0.7675 -0.6246
vn 0.2279 0.8531 -0.4693
vn 0.3030 0.9060 -0.2956
vn 0.3665 0.9239 -0.1102
vn 0.4158 0.9060 0.0795
vn 0.4489 0.8531 0.2658
vn 0.4647 0.7675 0.4415
vn 0.4627 0.6528 0.5998
vn 0.4431 0.5136 0.7348
vn 0.4067 0.3553 0.8416
vn 0.3551 0.1839 0.9166
vn -0.1763 0.1655 -0.9703
vn -0.0612 0.3198 -0.9455
vn 0.0564 0.4622 -0.8850
vn 0.1722 0.5875 -0.7907
vn 0.2817 0.6907 -0.6660
vn 0.3808 0.7678 -0.5153
vn 0.4653 0.8154 -0.3444
vn 0.5320 0.8315 -0.1600
vn 0.5781 0.8154 0.0306
vn 0.6018 0.7678 0.2198
vn 0.6023 0.6907 0.4002
vn 0.5797 0.5875 0.5646
vn 0.5351 0.4622 0.7071
vn 0.4704 0.3198 0.8225
vn 0.3881 0.1655 0.9066
vn -0.1474 0.1407 -0.9790
vn -0.0054 0.2719 -0.9623
vn 0.1371 0.3931 -0.9092
vn 0.2747 0.4996 -0.8215
vn 0.4023 0.5874 -0.7022
vn 0.5148 0.6529 -0.5556
vn 0.6077 0.6934 -0.3872
vn 0.6772 0.7071 -0.2036
vn 0.7204 0.6934 -0.0121
vn 0.7358 0.6529 0.1796
vn 0.7228 0.5874 0.3639
vn 0.6822 0.4996 0.5338
vn 0.6158 0.3931 0.6829
vn 0.5262 0.2719 0.8057
vn 0.4170 0.1407 0.8980
vn 0.2880 -0.0000 0.9576
vn -0.1237 0.1106 -0.9861
vn 0.0404 0.2137 -0.9761
vn 0.2033 0.3088 -0.9291
vn 0.3588 0.3926 -0.8468
vn 0.5012 0.4615 -0.7320
vn 0.6247 0.5130 -0.5887
vn 0.7244 0.5448 -0.4223
vn 0.7963 0.5556 -0.2394
vn 0.8372 0.5448 -0.0473
vn 0.8458 0.5130 0.1465
vn 0.8218 0.4615 0.3342
vn 0.7664 0.3926 0.5085
vn 0.6820 0.3088 0.6629
vn 0.5720 0.2137 0.7919
vn 0.4407 0.1106 0.8908
vn -0.1061 0.0762 -0.9914
vn 0.0744 0.1472 -0.9863
vn 0.2525 0.2127 -0.9439
vn 0.4214 0.2704 -0.8656
vn 0.5747 0.3179 -0.7541
vn 0.7064 0.3534 -0.6132
vn 0.8112 0.3753 -0.4484
vn 0.8847 0.3827 -0.2660
vn 0.9240 0.3753 -0.0734
vn 0.9275 0.3534 0.1219
vn 0.8953 0.3179 0.3120
vn 0.8289 0.2704 0.4897
vn 0.7312 0.2127 0.6482
vn 0.6061 0.1472 0.7817
vn 0.4583 0.0762 0.8855
vn -0.0953 0.0388 -0.9947
vn 0.0954 0.0750 -0.9926
vn 0.2828 0.1084 -0.9530
vn 0.4599 0.1378 -0.8772
vn 0.6200 0.1621 -0.7677
vn 0.7568 0.1801 -0.6284
vn 0.8647 0.1913 -0.4645
vn 0.9392 0.1951 -0.2824
vn 0.9774 0.1913 -0.0894
vn 0.9778 0.1801 0.1068
vn 0.9406 0.1621 0.2984
vn 0.8674 0.1378 0.4781
vn 0.7615 0.1084 0.6390
vn 0.6270 0.0750 0.7754
vn 0.4691 0.0388 0.8823
vn -0.0916 -0.0000 -0.9958
vn 0.1025 -0.0000 -0.9947
vn 0.2930 -0.0000 -0.9561
vn 0.4729 -0.0000 -0.8811
vn 0.6353 -0.0000 -0.7723
vn 0.7738 -0.0000 -0.6335
vn 0.8827 -0.0000 -0.4699
vn 0.9576 -0.0000 -0.2880
vn 0.9955 -0.0000 -0.0949
vn 0.9948 -0.0000 0.1017
vn 0.9559 -0.0000 0.2938
vn 0.8804 -0.0000 0.4742
vn 0.7717 -0.0000 0.6360
vn 0.6341 -0.0000 0.7733
vn 0.4728 -0.0000 0.8812
vn -0.0953 -0.0388 -0.9947
vn 0.0954 -0.0750 -0.9926
vn 0.2828 -0.1085 -0.9530
vn 0.4599 -0.1378 -0.8772
vn 0.6200 -0.1621 -0.7677
vn 0.7568 -0.1801 -0.6284
vn 0.8647 -0.1913 -0.4645
vn 0.9392 -0.1951 -0.2824
vn 0.9774 -0.1913 -0.0894
vn 0.9778 -0.1801 0.1068
vn 0.9406 -0.1621 0.2984
vn 0.8674 -0.1378 0.4781
vn 0.7615 -0.1085 0.6390
vn 0.6270 -0.0750 0.7754
vn 0.4691 -0.0388 0.8823
vn -0.1061 -0.0762 -0.9914
vn 0.0744 -0.1472 -0.9863
vn 0.2525 -0.2127 -0.9439
vn 0.4214 -0.2704 -0.8656
vn 0.5747 -0.3179 -0.7541
vn 0.7064 -0.3534 -0.6132
vn 0.8112 -0.3753 -0.4484
vn 0.8847 -0.3827 -0.2660
vn 0.9240 -0.3753 -0.0734
vn 0.9275 -0.3534 0.1219
vn 0.8953 -0.3179 0.3120
vn 0.8289 -0.2704 0.4897
vn 0.7312 -0.2127 0.6482
vn 0.6061 -0.1472 0.7817
vn 0.4583 -0.0762 0.8855
vn -0.1237 -0.1106 -0.9861
vn 0.0404 -0.2137 -0.9761
vn 0.2033 -0.3088 -0.9291
vn 0.3588 -0.3926 -0.8468
vn 0.5012 -0.4615 -0.7320
vn 0.6247 -0.5130 -0.5887
vn 0.7244 -0.5448 -0.4223
vn 0.7962 -0.5556 -0.2394
vn 0.8372 -0.5448 -0.0473
vn 0.8458 -0.5130 0.1465
vn 0.8218 -0.4615 0.3342
vn 0.7664 -0.3926 0.5085
vn 0.6820 -0.3088 0.6629
vn 0.5720 -0.2137 0.7919
vn 0.4407 -0.1106 0.8908
vn -0.1474 -0.1407 -0.9790
vn -0.0054 -0.2719 -0.9623
vn 0.1371 -0.3931 -0.9092
vn 0.2747 -0.4996 -0.8215
vn 0.4023 -0.5874 -0.7022
vn 0.5148 -0.6529 -0.5556
vn 0.6077 -0.6934 -0.3872
vn 0.6772 -0.7071 -0.2036
vn 0.7204 -0.6934 -0.0121
vn 0.7358 -0.6529 0.1796
vn 0.7228 -0.5874 0.3639
vn 0.6822 -0.4996 0.5338
vn 0.6158 -0.3931 0.6829
vn 0.5262 -0.2719 0.8057
vn 0.4170 -0.1407 0.8980
vn -0.1763 -0.1655 -0.9703
vn -0.0612 -0.3198 -0.9455
vn 0.0564 -0.4622 -0.8850
vn 0.1722 -0.5875 -0.7907
vn 0.2817 -0.6907 -0.6660
vn 0.3808 -0.7678 -0.5153
vn 0.4653 -0.8154 -0.3444
vn 0.5320 -0.8315 -0.1600
vn 0.5781 -0.8154 0.0306
vn 0.6018 -0.7678 0.2198
vn 0.6023 -0.6907 0.4002
vn 0.5797 -0.5875 0.5646
vn 0.5351 -0.4622 0.7071
vn 0.4704 -0.3198 0.8225
vn 0.3881 -0.1655 0.9066
vn -0.2093 -0.1839 -0.9604
vn -0.1249 -0.3553 -0.9264
vn -0.0356 -0.5136 -0.8573
vn 0.0552 -0.6528 -0.7555
vn 0.1442 -0.7675 -0.6246
vn 0.2279 -0.8531 -0.4693
vn 0.3030 -0.9060 -0.2956
vn 0.3665 -0.9239 -0.1102
vn 0.4158 -0.9060 0.0795
vn 0.4489 -0.8531 0.2658
vn 0.4647 -0.7675 0.4415
vn 0.4627 -0.6528 0.5998
vn 0.4431 -0.5136 0.7348
vn 0.4067 -0.3553 0.8416
vn 0.3551 -0.1839 0.9166
vn -0.2450 -0.1952 -0.9497
vn -0.1940 -0.3772 -0.9056
vn -0.1355 -0.5452 -0.8273
vn -0.0718 -0.6930 -0.7174
vn -0.0051 -0.8148 -0.5797
vn 0.0620 -0.9057 -0.4195
vn 0.1268 -0.9618 -0.2426
vn 0.1868 -0.9808 -0.0562
vn 0.2396 -0.9618 0.1324
vn 0.2830 -0.9057 0.3157
vn 0.3155 -0.8148 0.4864
vn 0.3358 -0.6930 0.6380
vn 0.3432 -0.5452 0.7648
vn 0.3377 -0.3772 0.8624
vn 0.3194 -0.1952 0.9273
vn -0.2822 -0.1990 -0.9385
vn -0.2658 -0.3846 -0.8840
vn -0.2038 -0.7066 -0.6777
vn -0.1105 -0.9234 -0.3676
vn 0.1105 -0.9234 0.3676
vn 0.2038 -0.7066 0.6777
vn 0.2394 -0.5559 0.7960
vn 0.2658 -0.3846 0.8840
vn 0.2822 -0.1990 0.9385
vn 0.1985 -0.7244 0.6602
vn -0.1985 -0.7244 -0.6602
vn 0.0632 -0.7105 0.7008
vn -0.3338 -0.7105 -0.6195
vn -0.0670 -0.6693 0.7400
vn -0.4640 -0.6693 -0.5803
vn -0.1869 -0.6024 0.7760
vn -0.5839 -0.6023 -0.5443
vn -0.2920 -0.5122 0.8077
vn -0.6891 -0.5122 -0.5126
vn -0.3783 -0.4025 0.8336
vn -0.7753 -0.4025 -0.4867
vn -0.4424 -0.2772 0.8529
vn -0.8394 -0.2772 -0.4674
vn -0.4819 -0.1413 0.8647
vn -0.8789 -0.1413 -0.4556
vn -0.4952 -0.0000 0.8688
vn -0.8922 -0.0000 -0.4515
vn -0.4819 0.1413 0.8648
vn -0.8789 0.1413 -0.4556
vn -0.4424 0.2772 0.8529
vn -0.8395 0.2772 -0.4674
vn -0.3783 0.4025 0.8336
vn -0.7753 0.4025 -0.4867
vn -0.2920 0.5122 0.8077
vn -0.6891 0.5122 -0.5126
vn -0.1869 0.6023 0.7760
vn -0.5839 0.6023 -0.5443
vn -0.0670 0.6693 0.7400
vn -0.4640 0.6693 -0.5803
vn 0.0632 0.7105 0.7008
vn -0.3338 0.7105 -0.6195
vn 0.1985 0.7244 0.6602
vn -0.1985 0.7244 -0.6602
vn 0.3338 0.7105 0.6195
vn -0.0632 0.7105 -0.7009
vn 0.4640 0.6693 0.5803
vn 0.0670 0.6693 -0.7400
vn 0.5839 0.6024 0.5442
vn 0.1869 0.6023 -0.7761
vn 0.6891 0.5122 0.5127
vn 0.2920 0.5122 -0.8077
vn 0.7753 0.4025 0.4867
vn 0.3783 0.4025 -0.8336
vn 0.8394 0.2772 0.4674
vn 0.4425 0.2772 -0.8529
vn 0.8789 0.1413 0.4555
vn 0.4819 0.1413 -0.8648
vn 0.8922 -0.0000 0.4516
vn 0.4952 -0.0000 -0.8688
vn 0.8789 -0.1413 0.4556
vn 0.4819 -0.1413 -0.8648
vn 0.8394 -0.2772 0.4674
vn 0.4425 -0.2772 -0.8529
vn 0.7753 -0.4025 0.4867
vn 0.3783 -0.4025 -0.8336
vn 0.6891 -0.5122 0.5127
vn 0.2920 -0.5122 -0.8077
vn 0.5839 -0.6023 0.5443
vn 0.1869 -0.6023 -0.7761
vn 0.4640 -0.6693 0.5803
vn 0.0670 -0.6693 -0.7400
vn 0.3338 -0.7105 0.6194
vn -0.0632 -0.7105 -0.7009
vn -0.2828 -0.1085 0.9530
vn 0.2828 -0.1084 -0.9530
vn 0.7615 -0.1084 0.6390
vt 0.750000 0.125000
vt 0.718750 0.062500
vt 0.750000 0.062500
vt 0.750000 0.562500
vt 0.718750 0.500000
vt 0.750000 0.500000
vt 0.750000 0.937500
vt 0.734375 1.000000
vt 0.718750 0.937500
vt 0.734375 0.000000
vt 0.718750 0.437500
vt 0.750000 0.437500
vt 0.750000 0.875000
vt 0.718750 0.875000
vt 0.718750 0.375000
vt 0.750000 0.375000
vt 0.750000 0.812500
vt 0.718750 0.812500
vt 0.718750 0.312500
vt 0.750000 0.312500
vt 0.750000 0.750000
vt 0.718750 0.750000
vt 0.718750 0.250000
vt 0.750000 0.250000
vt 0.750000 0.687500
vt 0.718750 0.687500
vt 0.718750 0.187500
vt 0.750000 0.187500
vt 0.750000 0.625000
vt 0.718750 0.625000
vt 0.718750 0.125000
vt 0.718750 0.562500
vt 0.687500 0.625000
vt 0.687500 0.187500
vt 0.687500 0.125000
vt 0.687500 0.562500
vt 0.687500 0.062500
vt 0.687500 0.500000
vt 0.703125 1.000000
vt 0.687500 0.937500
vt 0.703125 0.000000
vt 0.687500 0.437500
vt 0.687500 0.875000
vt 0.687500 0.375000
vt 0.687500 0.812500
vt 0.687500 0.312500
vt 0.687500 0.750000
vt 0.687500 0.250000
vt 0.687500 0.687500
vt 0.656250 0.375000
vt 0.656250 0.812500
vt 0.656250 0.312500
vt 0.656250 0.750000
vt 0.656250 0.250000
vt 0.656250 0.687500
vt 0.656250 0.187500
vt 0.656250 0.625000
vt 0.656250 0.125000
vt 0.656250 0.562500
vt 0.656250 0.062500
vt 0.656250 0.500000
vt 0.671875 1.000000
vt 0.656250 0.937500
vt 0.671875 0.000000
vt 0.656250 0.437500
vt 0.656250 0.875000
vt 0.625000 0.125000
vt 0.625000 0.625000
vt 0.625000 0.562500
vt 0.625000 0.062500
vt 0.625000 0.500000
vt 0.640625 1.000000
vt 0.625000 0.937500
vt 0.640625 0.000000
vt 0.625000 0.437500
vt 0.625000 0.875000
vt 0.625000 0.375000
vt 0.625000 0.812500
vt 0.625000 0.312500
vt 0.625000 0.750000
vt 0.625000 0.250000
vt 0.625000 0.687500
vt 0.625000 0.187500
vt 0.593750 0.375000
vt 0.593750 0.312500
vt 0.593750 0.750000
vt 0.593750 0.250000
vt 0.593750 0.687500
vt 0.593750 0.187500
vt 0.593750 0.625000
vt 0.593750 0.125000
vt 0.593750 0.562500
vt 0.593750 0.062500
vt 0.593750 0.500000
vt 0.609375 1.000000
vt 0.593750 0.937500
vt 0.609375 0.000000
vt 0.593750 0.437500
vt 0.593750 0.875000
vt 0.593750 0.812500
vt 0.562500 0.125000
vt 0.562500 0.062500
vt 0.562500 0.562500
vt 0.562500 0.500000
vt 0.578125 1.000000
vt 0.562500 0.937500
vt 0.578125 0.000000
vt 0.562500 0.437500
vt 0.562500 0.875000
vt 0.562500 0.375000
vt 0.562500 0.812500
vt 0.562500 0.312500
vt 0.562500 0.750000
vt 0.562500 0.250000
vt 0.562500 0.687500
vt 0.562500 0.187500
vt 0.562500 0.625000
vt 0.531250 0.750000
vt 0.531250 0.250000
vt 0.531250 0.687500
vt 0.531250 0.187500
vt 0.531250 0.625000
vt 0.531250 0.125000
vt 0.531250 0.562500
vt 0.531250 0.062500
vt 0.531250 0.500000
vt 0.546875 1.000000
vt 0.531250 0.937500
vt 0.546875 0.000000
vt 0.531250 0.437500
vt 0.531250 0.875000
vt 0.531250 0.375000
vt 0.531250 0.812500
vt 0.531250 0.312500
vt 0.500000 0.562500
vt 0.500000 0.500000
vt 0.515625 1.000000
vt 0.500000 0.937500
vt 0.515625 0.000000
vt 0.500000 0.062500
vt 0.500000 0.437500
vt 0.500000 0.875000
vt 0.500000 0.375000
vt 0.500000 0.812500
vt 0.500000 0.312500
vt 0.500000 0.750000
vt 0.500000 0.250000
vt 0.500000 0.687500
vt 0.500000 0.187500
vt 0.500000 0.625000
vt 0.500000 0.125000
vt 0.468750 0.250000
vt 0.468750 0.750000
vt 0.468750 0.687500
vt 0.468750 0.187500
vt 0.468750 0.625000
vt 0.468750 0.125000
vt 0.468750 0.562500
vt 0.468750 0.062500
vt 0.468750 0.500000
vt 0.484375 1.000000
vt 0.468750 0.937500
vt 0.484375 0.000000
vt 0.468750 0.437500
vt 0.468750 0.875000
vt 0.468750 0.375000
vt 0.468750 0.812500
vt 0.468750 0.312500
vt 0.453125 1.000000
vt 0.437500 0.937500
vt 0.453125 0.000000
vt 0.437500 0.062500
vt 0.437500 0.437500
vt 0.437500 0.875000
vt 0.437500 0.375000
vt 0.437500 0.812500
vt 0.437500 0.312500
vt 0.437500 0.750000
vt 0.437500 0.250000
vt 0.437500 0.687500
vt 0.437500 0.187500
vt 0.437500 0.625000
vt 0.437500 0.125000
vt 0.437500 0.562500
vt 0.437500 0.500000
vt 0.406250 0.750000
vt 0.406250 0.687500
vt 0.406250 0.250000
vt 0.406250 0.187500
vt 0.406250 0.625000
vt 0.406250 0.125000
vt 0.406250 0.562500
vt 0.406250 0.062500
vt 0.406250 0.500000
vt 0.421875 1.000000
vt 0.406250 0.937500
vt 0.421875 0.000000
vt 0.406250 0.437500
vt 0.406250 0.875000
vt 0.406250 0.375000
vt 0.406250 0.812500
vt 0.406250 0.312500
vt 0.375000 0.437500
vt 0.375000 0.875000
vt 0.375000 0.375000
vt 0.375000 0.812500
vt 0.375000 0.312500
vt 0.375000 0.750000
vt 0.375000 0.250000
vt 0.375000 0.687500
vt 0.375000 0.187500
vt 0.375000 0.625000
vt 0.375000 0.125000
vt 0.375000 0.562500
vt 0.375000 0.062500
vt 0.375000 0.500000
vt 0.390625 1.000000
vt 0.375000 0.937500
vt 0.390625 0.000000
vt 0.343750 0.250000
vt 0.343750 0.187500
vt 0.343750 0.625000
vt 0.343750 0.125000
vt 0.343750 0.562500
vt 0.343750 0.062500
vt 0.343750 0.500000
vt 0.359375 1.000000
vt 0.343750 0.937500
vt 0.359375 0.000000
vt 0.343750 0.437500
vt 0.343750 0.875000
vt 0.343750 0.375000
vt 0.343750 0.812500
vt 0.343750 0.312500
vt 0.343750 0.750000
vt 0.343750 0.687500
vt 0.312500 0.375000
vt 0.312500 0.812500
vt 0.312500 0.312500
vt 0.312500 0.750000
vt 0.312500 0.250000
vt 0.312500 0.687500
vt 0.312500 0.187500
vt 0.312500 0.625000
vt 0.312500 0.125000
vt 0.312500 0.562500
vt 0.312500 0.062500
vt 0.312500 0.500000
vt 0.328125 1.000000
vt 0.312500 0.937500
vt 0.328125 0.000000
vt 0.312500 0.437500
vt 0.312500 0.875000
vt 0.281250 0.125000
vt 0.281250 0.625000
vt 0.281250 0.562500
vt 0.281250 0.062500
vt 0.281250 0.500000
vt 0.296875 1.000000
vt 0.281250 0.937500
vt 0.296875 0.000000
vt 0.281250 0.437500
vt 0.281250 0.875000
vt 0.281250 0.375000
vt 0.281250 0.812500
vt 0.281250 0.312500
vt 0.281250 0.750000
vt 0.281250 0.250000
vt 0.281250 0.687500
vt 0.281250 0.187500
vt 0.250000 0.875000
vt 0.250000 0.812500
vt 0.250000 0.375000
vt 0.250000 0.312500
vt 0.250000 0.750000
vt 0.250000 0.250000
vt 0.250000 0.687500
vt 0.250000 0.187500
vt 0.250000 0.625000
vt 0.250000 0.125000
vt 0.250000 0.562500
vt 0.250000 0.062500
vt 0.250000 0.500000
vt 0.265625 1.000000
vt 0.250000 0.937500
vt 0.265625 0.000000
vt 0.250000 0.437500
vt 0.218750 0.625000
vt 0.218750 0.562500
vt 0.218750 0.062500
vt 0.218750 0.500000
vt 0.234375 1.000000
vt 0.218750 0.937500
vt 0.234375 0.000000
vt 0.218750 0.437500
vt 0.218750 0.875000
vt 0.218750 0.375000
vt 0.218750 0.812500
vt 0.218750 0.312500
vt 0.218750 0.750000
vt 0.218750 0.250000
vt 0.218750 0.687500
vt 0.218750 0.187500
vt 0.218750 0.125000
vt 0.187500 0.375000
vt 0.187500 0.312500
vt 0.187500 0.750000
vt 0.187500 0.250000
vt 0.187500 0.687500
vt 0.187500 0.187500
vt 0.187500 0.625000
vt 0.187500 0.125000
vt 0.187500 0.562500
vt 0.187500 0.062500
vt 0.187500 0.500000
vt 0.203125 1.000000
vt 0.187500 0.937500
vt 0.203125 0.000000
vt 0.187500 0.437500
vt 0.187500 0.875000
vt 0.187500 0.812500
vt 0.156250 0.125000
vt 0.156250 0.062500
vt 0.156250 0.562500
vt 0.156250 0.500000
vt 0.171875 1.000000
vt 0.156250 0.937500
vt 0.171875 0.000000
vt 0.156250 0.437500
vt 0.156250 0.875000
vt 0.156250 0.375000
vt 0.156250 0.812500
vt 0.156250 0.312500
vt 0.156250 0.750000
vt 0.156250 0.250000
vt 0.156250 0.687500
vt 0.156250 0.187500
vt 0.156250 0.625000
vt 0.125000 0.750000
vt 0.125000 0.250000
vt 0.125000 0.687500
vt 0.125000 0.187500
vt 0.125000 0.625000
vt 0.125000 0.125000
vt 0.125000 0.562500
vt 0.125000 0.062500
vt 0.125000 0.500000
vt 0.140625 1.000000
vt 0.125000 0.937500
vt 0.140625 0.000000
vt 0.125000 0.437500
vt 0.125000 0.875000
vt 0.125000 0.375000
vt 0.125000 0.812500
vt 0.125000 0.312500
vt 0.093750 0.562500
vt 0.093750 0.500000
vt 0.109375 1.000000
vt 0.093750 0.937500
vt 0.109375 0.000000
vt 0.093750 0.062500
vt 0.093750 0.437500
vt 0.093750 0.875000
vt 0.093750 0.375000
vt 0.093750 0.812500
vt 0.093750 0.312500
vt 0.093750 0.750000
vt 0.093750 0.250000
vt 0.093750 0.687500
vt 0.093750 0.187500
vt 0.093750 0.625000
vt 0.093750 0.125000
vt 0.062500 0.250000
vt 0.062500 0.687500
vt 0.062500 0.187500
vt 0.062500 0.625000
vt 0.062500 0.125000
vt 0.062500 0.562500
vt 0.062500 0.062500
vt 0.062500 0.500000
vt 0.078125 1.000000
vt 0.062500 0.937500
vt 0.078125 0.000000
vt 0.062500 0.437500
vt 0.062500 0.875000
vt 0.062500 0.375000
vt 0.062500 0.812500
vt 0.062500 0.312500
vt 0.062500 0.750000
vt 0.046875 0.000000
vt 0.031250 0.062500
vt 0.031250 0.437500
vt 0.031250 0.875000
vt 0.031250 0.375000
vt 0.031250 0.812500
vt 0.031250 0.312500
vt 0.031250 0.750000
vt 0.031250 0.250000
vt 0.031250 0.687500
vt 0.031250 0.187500
vt 0.031250 0.625000
vt 0.031250 0.125000
vt 0.031250 0.562500
vt 0.031250 0.500000
vt 0.046875 1.000000
vt 0.031250 0.937500
vt 0.000000 0.250000
vt 0.000000 0.187500
vt 0.000000 0.625000
vt 0.000000 0.125000
vt 0.000000 0.562500
vt 0.000000 0.062500
vt 0.000000 0.500000
vt 0.015625 1.000000
vt 0.000000 0.937500
vt 0.015625 0.000000
vt 0.000000 0.437500
vt 0.000000 0.875000
vt 0.000000 0.375000
vt 0.000000 0.812500
vt 0.000000 0.312500
vt 0.000000 0.750000
vt 0.000000 0.687500
vt 1.000000 0.937500
vt 0.968750 0.875000
vt 1.000000 0.875000
vt 1.000000 0.437500
vt 0.968750 0.375000
vt 1.000000 0.375000
vt 1.000000 0.812500
vt 0.968750 0.812500
vt 1.000000 0.312500
vt 0.968750 0.312500
vt 0.968750 0.750000
vt 1.000000 0.750000
vt 0.968750 0.250000
vt 1.000000 0.250000
vt 1.000000 0.687500
vt 0.968750 0.687500
vt 1.000000 0.187500
vt 0.968750 0.187500
vt 0.968750 0.625000
vt 1.000000 0.625000
vt 0.968750 0.125000
vt 1.000000 0.125000
vt 1.000000 0.562500
vt 0.968750 0.562500
vt 0.968750 0.062500
vt 1.000000 0.062500
vt 1.000000 0.500000
vt 0.968750 0.500000
vt 0.984375 1.000000
vt 0.968750 0.937500
vt 0.984375 0.000000
vt 0.968750 0.437500
vt 0.937500 0.625000
vt 0.937500 0.125000
vt 0.937500 0.562500
vt 0.937500 0.062500
vt 0.937500 0.500000
vt 0.953125 1.000000
vt 0.937500 0.937500
vt 0.953125 0.000000
vt 0.937500 0.437500
vt 0.937500 0.875000
vt 0.937500 0.375000
vt 0.937500 0.812500
vt 0.937500 0.312500
vt 0.937500 0.750000
vt 0.937500 0.250000
vt 0.937500 0.687500
vt 0.937500 0.187500
vt 0.906250 0.375000
vt 0.906250 0.812500
vt 0.906250 0.312500
vt 0.906250 0.750000
vt 0.906250 0.250000
vt 0.906250 0.687500
vt 0.906250 0.187500
vt 0.906250 0.625000
vt 0.906250 0.125000
vt 0.906250 0.562500
vt 0.906250 0.062500
vt 0.906250 0.500000
vt 0.921875 1.000000
vt 0.906250 0.937500
vt 0.921875 0.000000
vt 0.906250 0.437500
vt 0.906250 0.875000
vt 0.875000 0.125000
vt 0.875000 0.625000
vt 0.875000 0.562500
vt 0.875000 0.062500
vt 0.875000 0.500000
vt 0.890625 1.000000
vt 0.875000 0.937500
vt 0.890625 0.000000
vt 0.875000 0.437500
vt 0.875000 0.875000
vt 0.875000 0.375000
vt 0.875000 0.812500
vt 0.875000 0.312500
vt 0.875000 0.750000
vt 0.875000 0.250000
vt 0.875000 0.687500
vt 0.875000 0.187500
vt 0.843750 0.875000
vt 0.843750 0.812500
vt 0.843750 0.375000
vt 0.843750 0.312500
vt 0.843750 0.750000
vt 0.843750 0.250000
vt 0.843750 0.687500
vt 0.843750 0.187500
vt 0.843750 0.625000
vt 0.843750 0.125000
vt 0.843750 0.562500
vt 0.843750 0.062500
vt 0.843750 0.500000
vt 0.859375 1.000000
vt 0.843750 0.937500
vt 0.859375 0.000000
vt 0.843750 0.437500
vt 0.812500 0.625000
vt 0.812500 0.562500
vt 0.812500 0.062500
vt 0.812500 0.500000
vt 0.828125 1.000000
vt 0.812500 0.937500
vt 0.828125 0.000000
vt 0.812500 0.437500
vt 0.812500 0.875000
vt 0.812500 0.375000
vt 0.812500 0.812500
vt 0.812500 0.312500
vt 0.812500 0.750000
vt 0.812500 0.250000
vt 0.812500 0.687500
vt 0.812500 0.187500
vt 0.812500 0.125000
vt 0.781250 0.375000
vt 0.781250 0.312500
vt 0.781250 0.750000
vt 0.781250 0.250000
vt 0.781250 0.687500
vt 0.781250 0.187500
vt 0.781250 0.625000
vt 0.781250 0.125000
vt 0.781250 0.562500
vt 0.781250 0.062500
vt 0.781250 0.500000
vt 0.796875 1.000000
vt 0.781250 0.937500
vt 0.796875 0.000000
vt 0.781250 0.437500
vt 0.781250 0.875000
vt 0.781250 0.812500
vt 0.765625 1.000000
vt 0.765625 0.000000
vt 1.000000 1.000000
vt 0.968750 0.500000
vt 0.968750 1.000000
vt 0.937500 0.500000
vt 0.937500 1.000000
vt 0.906250 0.500000
vt 0.906250 1.000000
vt 0.875000 0.500000
vt 0.875000 1.000000
vt 0.843750 0.500000
vt 0.843750 1.000000
vt 0.812500 0.500000
vt 0.812500 1.000000
vt 0.781250 0.500000
vt 0.781250 1.000000
vt 0.750000 1.000000
vt 0.718750 1.000000
vt 0.687500 1.000000
vt 0.656250 1.000000
vt 0.625000 1.000000
vt 0.593750 1.000000
vt 0.562500 1.000000
vt 0.531250 1.000000
vt 0.500000 0.500000
vt 0.500000 1.000000
vt 0.468750 0.500000
vt 0.468750 1.000000
vt 0.437500 0.500000
vt 0.437500 1.000000
vt 0.406250 0.500000
vt 0.406250 1.000000
vt 0.375000 0.500000
vt 0.375000 1.000000
vt 0.343750 0.500000
vt 0.343750 1.000000
vt 0.312500 0.500000
vt 0.312500 1.000000
vt 0.281250 0.500000
vt 0.281250 1.000000
vt 0.250000 0.500000
vt 0.250000 1.000000
vt 0.218750 0.500000
vt 0.218750 1.000000
vt 0.187500 0.500000
vt 0.187500 1.000000
vt 0.156250 0.500000
vt 0.156250 1.000000
vt 0.125000 0.500000
vt 0.125000 1.000000
vt 0.093750 0.500000
vt 0.093750 1.000000
vt 0.062500 0.500000
vt 0.158156 0.028269
vt 0.471731 0.158156
vt 0.341844 0.471731
vt 0.062500 1.000000
vt 0.031250 0.500000
vt 0.031250 1.000000
vt 0.796822 0.014612
vt 0.514612 0.203178
vt 0.703178 0.485388
vt 0.296822 0.485388
vt 0.250000 0.490000
vt 0.203178 0.485388
vt 0.158156 0.471731
vt 0.116663 0.449553
vt 0.080294 0.419706
vt 0.050447 0.383337
vt 0.028269 0.341844
vt 0.014612 0.296822
vt 0.010000 0.250000
vt 0.014612 0.203178
vt 0.028269 0.158156
vt 0.050447 0.116663
vt 0.080294 0.080294
vt 0.116663 0.050447
vt 0.203178 0.014612
vt 0.250000 0.010000
vt 0.296822 0.014612
vt 0.341844 0.028269
vt 0.383337 0.050447
vt 0.419706 0.080294
vt 0.449553 0.116663
vt 0.485388 0.203178
vt 0.490000 0.250000
vt 0.485388 0.296822
vt 0.471731 0.341844
vt 0.449553 0.383337
vt 0.419706 0.419706
vt 0.383337 0.449553
vt 0.000000 1.000000
vt 0.750000 0.490000
vt 0.796822 0.485388
vt 0.841844 0.471731
vt 0.883337 0.449553
vt 0.919706 0.419706
vt 0.949553 0.383337
vt 0.971731 0.341844
vt 0.985388 0.296822
vt 0.990000 0.250000
vt 0.985388 0.203178
vt 0.971731 0.158156
vt 0.949553 0.116663
vt 0.919706 0.080294
vt 0.883337 0.050447
vt 0.841844 0.028269
vt 0.750000 0.010000
vt 0.703178 0.014612
vt 0.658156 0.028269
vt 0.616663 0.050447
vt 0.580294 0.080294
vt 0.550447 0.116663
vt 0.528269 0.158156
vt 0.510000 0.250000
vt 0.514612 0.296822
vt 0.528269 0.341844
vt 0.550447 0.383337
vt 0.580294 0.419706
vt 0.616663 0.449553
vt 0.658156 0.471731
s 1
usemtl Material
f 1699/713/1582 1700/715/1583 1239/714/1122
f 1221/716/1104 1222/718/1105 1232/717/1115
f 1692/719/1575 1225/721/1108 1300/720/1183
f 1526/722/1409 1239/714/1122 1700/715/1583
f 1222/718/1105 1223/724/1106 1233/723/1116
f 1693/725/1576 1226/726/1109 1225/721/1108
f 1223/724/1106 1696/728/1579 1234/727/1117
f 1219/729/1102 1227/730/1110 1226/726/1109
f 1696/728/1579 1224/732/1107 1235/731/1118
f 1694/733/1577 1228/734/1111 1227/730/1110
f 1224/732/1107 1697/736/1580 1236/735/1119
f 1220/737/1103 1229/738/1112 1228/734/1111
f 1697/736/1580 1698/740/1581 1237/739/1120
f 1695/741/1578 1230/742/1113 1229/738/1112
f 1698/740/1581 1699/713/1582 1238/743/1121
f 1221/716/1104 1231/744/1114 1230/742/1113
f 1229/738/1112 1230/742/1113 1245/745/1128
f 1238/743/1121 1253/747/1136 1252/746/1135
f 1231/744/1114 1246/748/1129 1245/745/1128
f 1238/743/1121 1239/714/1122 1254/749/1137
f 1231/744/1114 1232/717/1115 1247/750/1130
f 1225/721/1108 1240/752/1123 1300/751/1183
f 1526/753/1409 1254/749/1137 1239/714/1122
f 1232/717/1115 1233/723/1116 1248/754/1131
f 1225/721/1108 1226/726/1109 1241/755/1124
f 1233/723/1116 1234/727/1117 1249/756/1132
f 1226/726/1109 1227/730/1110 1242/757/1125
f 1234/727/1117 1235/731/1118 1250/758/1133
f 1227/730/1110 1228/734/1111 1243/759/1126
f 1235/731/1118 1236/735/1119 1251/760/1134
f 1228/734/1111 1229/738/1112 1244/761/1127
f 1237/739/1120 1252/746/1135 1251/760/1134
f 1248/754/1131 1249/756/1132 1264/762/1147
f 1241/755/1124 1242/757/1125 1257/763/1140
f 1250/758/1133 1265/764/1148 1264/762/1147
f 1242/757/1125 1243/759/1126 1258/765/1141
f 1251/760/1134 1266/766/1149 1265/764/1148
f 1243/759/1126 1244/761/1127 1259/767/1142
f 1252/746/1135 1267/768/1150 1266/766/1149
f 1244/761/1127 1245/745/1128 1260/769/1143
f 1252/746/1135 1253/747/1136 1268/770/1151
f 1245/745/1128 1246/748/1129 1261/771/1144
f 1253/747/1136 1254/749/1137 1269/772/1152
f 1246/748/1129 1247/750/1130 1262/773/1145
f 1240/752/1123 1255/775/1138 1300/774/1183
f 1526/776/1409 1269/772/1152 1254/749/1137
f 1248/754/1131 1263/777/1146 1262/773/1145
f 1240/752/1123 1241/755/1124 1256/778/1139
f 1267/768/1150 1268/770/1151 1283/779/1166
f 1261/771/1144 1276/781/1159 1275/780/1158
f 1268/770/1151 1269/772/1152 1284/782/1167
f 1262/773/1145 1277/783/1160 1276/781/1159
f 1255/775/1138 1270/785/1153 1300/784/1183
f 1526/786/1409 1284/782/1167 1269/772/1152
f 1262/773/1145 1263/777/1146 1278/787/1161
f 1255/775/1138 1256/778/1139 1271/788/1154
f 1263/777/1146 1264/762/1147 1279/789/1162
f 1256/778/1139 1257/763/1140 1272/790/1155
f 1265/764/1148 1280/791/1163 1279/789/1162
f 1257/763/1140 1258/765/1141 1273/792/1156
f 1265/764/1148 1266/766/1149 1281/793/1164
f 1258/765/1141 1259/767/1142 1274/794/1157
f 1266/766/1149 1267/768/1150 1282/795/1165
f 1259/767/1142 1260/769/1143 1275/780/1158
f 1280/791/1163 1295/797/1178 1294/796/1177
f 1272/790/1155 1273/792/1156 1288/798/1171
f 1280/791/1163 1281/793/1164 1296/799/1179
f 1274/794/1157 1289/800/1172 1288/798/1171
f 1281/793/1164 1282/795/1165 1297/801/1180
f 1274/794/1157 1275/780/1158 1290/802/1173
f 1283/779/1166 1298/803/1181 1297/801/1180
f 1276/781/1159 1291/804/1174 1290/802/1173
f 1283/779/1166 1284/782/1167 1299/805/1182
f 1277/783/1160 1292/806/1175 1291/804/1174
f 1270/785/1153 1285/808/1168 1300/807/1183
f 1526/809/1409 1299/805/1182 1284/782/1167
f 1277/783/1160 1278/787/1161 1293/810/1176
f 1270/785/1153 1271/788/1154 1286/811/1169
f 1278/787/1161 1279/789/1162 1294/796/1177
f 1271/788/1154 1272/790/1155 1287/812/1170
f 1299/805/1182 1315/814/1198 1314/813/1197
f 1292/806/1175 1308/816/1191 1307/815/1190
f 1285/808/1168 1301/818/1184 1300/817/1183
f 1526/819/1409 1315/814/1198 1299/805/1182
f 1292/806/1175 1293/810/1176 1309/820/1192
f 1285/808/1168 1286/811/1169 1302/821/1185
f 1293/810/1176 1294/796/1177 1310/822/1193
f 1286/811/1169 1287/812/1170 1303/823/1186
f 1295/797/1178 1311/824/1194 1310/822/1193
f 1287/812/1170 1288/798/1171 1304/825/1187
f 1295/797/1178 1296/799/1179 1312/826/1195
f 1289/800/1172 1305/827/1188 1304/825/1187
f 1296/799/1179 1297/801/1180 1313/828/1196
f 1289/800/1172 1290/802/1173 1306/829/1189
f 1297/801/1180 1298/803/1181 1314/813/1197
f 1291/804/1174 1307/815/1190 1306/829/1189
f 1303/823/1186 1304/825/1187 1319/830/1202
f 1311/824/1194 1312/826/1195 1327/831/1210
f 1305/827/1188 1320/832/1203 1319/830/1202
f 1313/828/1196 1328/833/1211 1327/831/1210
f 1305/827/1188 1306/829/1189 1321/834/1204
f 1314/813/1197 1329/835/1212 1328/833/1211
f 1307/815/1190 1322/836/1205 1321/834/1204
f 1314/813/1197 1315/814/1198 1330/837/1213
f 1308/816/1191 1323/838/1206 1322/836/1205
f 1301/818/1184 1316/840/1199 1300/839/1183
f 1526/841/1409 1330/837/1213 1315/814/1198
f 1308/816/1191 1309/820/1192 1324/842/1207
f 1302/821/1185 1317/843/1200 1316/840/1199
f 1309/820/1192 1310/822/1193 1325/844/1208
f 1302/821/1185 1303/823/1186 1318/845/1201
f 1311/824/1194 1326/846/1209 1325/844/1208
f 1323/838/1206 1338/848/1221 1337/847/1220
f 1316/840/1199 1331/850/1214 1300/849/1183
f 1526/851/1409 1345/852/1228 1330/837/1213
f 1323/838/1206 1324/842/1207 1339/853/1222
f 1317/843/1200 1332/854/1215 1331/850/1214
f 1324/842/1207 1325/844/1208 1340/855/1223
f 1317/843/1200 1318/845/1201 1333/856/1216
f 1326/846/1209 1341/857/1224 1340/855/1223
f 1318/845/1201 1319/830/1202 1334/858/1217
f 1326/846/1209 1327/831/1210 1342/859/1225
f 1320/832/1203 1335/860/1218 1334/858/1217
f 1328/833/1211 1343/861/1226 1342/859/1225
f 1320/832/1203 1321/834/1204 1336/862/1219
f 1328/833/1211 1329/835/1212 1344/863/1227
f 1322/836/1205 1337/847/1220 1336/862/1219
f 1329/835/1212 1330/837/1213 1345/852/1228
f 1341/857/1224 1342/859/1225 1357/864/1240
f 1335/860/1218 1350/866/1233 1349/865/1232
f 1343/861/1226 1358/867/1241 1357/864/1240
f 1335/860/1218 1336/862/1219 1351/868/1234
f 1343/861/1226 1344/863/1227 1359/869/1242
f 1337/847/1220 1352/870/1235 1351/868/1234
f 1344/863/1227 1345/852/1228 1360/871/1243
f 1338/848/1221 1353/872/1236 1352/870/1235
f 1331/850/1214 1346/874/1229 1300/873/1183
f 1526/875/1409 1360/871/1243 1345/852/1228
f 1338/848/1221 1339/853/1222 1354/876/1237
f 1331/850/1214 1332/854/1215 1347/877/1230
f 1339/853/1222 1340/855/1223 1355/878/1238
f 1332/854/1215 1333/856/1216 1348/879/1231
f 1341/857/1224 1356/880/1239 1355/878/1238
f 1333/856/1216 1334/858/1217 1349/865/1232
f 1346/874/1229 1361/882/1244 1300/881/1183
f 1526/883/1409 1375/884/1258 1360/871/1243
f 1353/872/1236 1354/876/1237 1369/885/1252
f 1346/874/1229 1347/877/1230 1362/886/1245
f 1354/876/1237 1355/878/1238 1370/887/1253
f 1348/879/1231 1363/888/1246 1362/886/1245
f 1356/880/1239 1371/889/1254 1370/887/1253
f 1348/879/1231 1349/865/1232 1364/890/1247
f 1356/880/1239 1357/864/1240 1372/891/1255
f 1350/866/1233 1365/892/1248 1364/890/1247
f 1358/867/1241 1373/893/1256 1372/891/1255
f 1350/866/1233 1351/868/1234 1366/894/1249
f 1358/867/1241 1359/869/1242 1374/895/1257
f 1352/870/1235 1367/896/1250 1366/894/1249
f 1360/871/1243 1375/884/1258 1374/895/1257
f 1353/872/1236 1368/897/1251 1367/896/1250
f 1365/892/1248 1380/899/1263 1379/898/1262
f 1373/893/1256 1388/901/1271 1387/900/1270
f 1365/892/1248 1366/894/1249 1381/902/1264
f 1373/893/1256 1374/895/1257 1389/903/1272
f 1367/896/1250 1382/904/1265 1381/902/1264
f 1374/895/1257 1375/884/1258 1390/905/1273
f 1368/897/1251 1383/906/1266 1382/904/1265
f 1361/882/1244 1376/908/1259 1300/907/1183
f 1526/909/1409 1390/905/1273 1375/884/1258
f 1368/897/1251 1369/885/1252 1384/910/1267
f 1361/882/1244 1362/886/1245 1377/911/1260
f 1369/885/1252 1370/887/1253 1385/912/1268
f 1363/888/1246 1378/913/1261 1377/911/1260
f 1371/889/1254 1386/914/1269 1385/912/1268
f 1363/888/1246 1364/890/1247 1379/898/1262
f 1371/889/1254 1372/891/1255 1387/900/1270
f 1383/906/1266 1384/910/1267 1399/915/1282
f 1376/908/1259 1377/911/1260 1392/916/1275
f 1384/910/1267 1385/912/1268 1400/917/1283
f 1377/911/1260 1378/913/1261 1393/918/1276
f 1386/914/1269 1401/919/1284 1400/917/1283
f 1378/913/1261 1379/898/1262 1394/920/1277
f 1386/914/1269 1387/900/1270 1402/921/1285
f 1380/899/1263 1395/922/1278 1394/920/1277
f 1387/900/1270 1388/901/1271 1403/923/1286
f 1380/899/1263 1381/902/1264 1396/924/1279
f 1389/903/1272 1404/925/1287 1403/923/1286
f 1382/904/1265 1397/926/1280 1396/924/1279
f 1390/905/1273 1405/927/1288 1404/925/1287
f 1383/906/1266 1398/928/1281 1397/926/1280
f 1376/908/1259 1391/930/1274 1300/929/1183
f 1526/931/1409 1405/927/1288 1390/905/1273
f 1403/923/1286 1418/933/1301 1417/932/1300
f 1395/922/1278 1396/924/1279 1411/934/1294
f 1403/923/1286 1404/925/1287 1419/935/1302
f 1397/926/1280 1412/936/1295 1411/934/1294
f 1404/925/1287 1405/927/1288 1420/937/1303
f 1398/928/1281 1413/938/1296 1412/936/1295
f 1391/930/1274 1406/940/1289 1300/939/1183
f 1526/941/1409 1420/937/1303 1405/927/1288
f 1398/928/1281 1399/915/1282 1414/942/1297
f 1392/916/1275 1407/943/1290 1406/940/1289
f 1399/915/1282 1400/917/1283 1415/944/1298
f 1393/918/1276 1408/945/1291 1407/943/1290
f 1401/919/1284 1416/946/1299 1415/944/1298
f 1393/918/1276 1394/920/1277 1409/947/1292
f 1401/919/1284 1402/921/1285 1417/932/1300
f 1395/922/1278 1410/948/1293 1409/947/1292
f 1414/942/1297 1415/944/1298 1430/949/1313
f 1407/943/1290 1408/945/1291 1423/950/1306
f 1416/946/1299 1431/951/1314 1430/949/1313
f 1408/945/1291 1409/947/1292 1424/952/1307
f 1416/946/1299 1417/932/1300 1432/953/1315
f 1410/948/1293 1425/954/1308 1424/952/1307
f 1418/933/1301 1433/955/1316 1432/953/1315
f 1410/948/1293 1411/934/1294 1426/956/1309
f 1418/933/1301 1419/935/1302 1434/957/1317
f 1412/936/1295 1427/958/1310 1426/956/1309
f 1419/935/1302 1420/937/1303 1435/959/1318
f 1413/938/1296 1428/960/1311 1427/958/1310
f 1406/940/1289 1421/962/1304 1300/961/1183
f 1526/963/1409 1435/959/1318 1420/937/1303
f 1413/938/1296 1414/942/1297 1429/964/1312
f 1406/940/1289 1407/943/1290 1422/965/1305
f 1433/955/1316 1434/957/1317 1449/966/1332
f 1427/958/1310 1442/968/1325 1441/967/1324
f 1434/957/1317 1435/959/1318 1450/969/1333
f 1428/960/1311 1443/970/1326 1442/968/1325
f 1421/962/1304 1436/972/1319 1300/971/1183
f 1526/973/1409 1450/969/1333 1435/959/1318
f 1428/960/1311 1429/964/1312 1444/974/1327
f 1421/962/1304 1422/965/1305 1437/975/1320
f 1429/964/1312 1430/949/1313 1445/976/1328
f 1422/965/1305 1423/950/1306 1438/977/1321
f 1431/951/1314 1446/978/1329 1445/976/1328
f 1423/950/1306 1424/952/1307 1439/979/1322
f 1431/951/1314 1432/953/1315 1447/980/1330
f 1425/954/1308 1440/981/1323 1439/979/1322
f 1433/955/1316 1448/982/1331 1447/980/1330
f 1425/954/1308 1426/956/1309 1441/967/1324
f 1438/977/1321 1453/984/1336 1452/983/1335
f 1446/978/1329 1461/986/1344 1460/985/1343
f 1438/977/1321 1439/979/1322 1454/987/1337
f 1446/978/1329 1447/980/1330 1462/988/1345
f 1440/981/1323 1455/989/1338 1454/987/1337
f 1448/982/1331 1463/990/1346 1462/988/1345
f 1440/981/1323 1441/967/1324 1456/991/1339
f 1448/982/1331 1449/966/1332 1464/992/1347
f 1442/968/1325 1457/993/1340 1456/991/1339
f 1450/969/1333 1465/994/1348 1464/992/1347
f 1443/970/1326 1458/995/1341 1457/993/1340
f 1436/972/1319 1451/997/1334 1300/996/1183
f 1526/998/1409 1465/994/1348 1450/969/1333
f 1443/970/1326 1444/974/1327 1459/999/1342
f 1436/972/1319 1437/975/1320 1452/983/1335
f 1444/974/1327 1445/976/1328 1460/985/1343
f 1457/993/1340 1472/1001/1355 1471/1000/1354
f 1464/992/1347 1465/994/1348 1480/1002/1363
f 1458/995/1341 1473/1003/1356 1472/1001/1355
f 1451/997/1334 1466/1005/1349 1300/1004/1183
f 1526/1006/1409 1480/1002/1363 1465/994/1348
f 1458/995/1341 1459/999/1342 1474/1007/1357
f 1451/997/1334 1452/983/1335 1467/1008/1350
f 1459/999/1342 1460/985/1343 1475/1009/1358
f 1452/983/1335 1453/984/1336 1468/1010/1351
f 1461/986/1344 1476/1011/1359 1475/1009/1358
f 1453/984/1336 1454/987/1337 1469/1012/1352
f 1461/986/1344 1462/988/1345 1477/1013/1360
f 1455/989/1338 1470/1014/1353 1469/1012/1352
f 1463/990/1346 1478/1015/1361 1477/1013/1360
f 1455/989/1338 1456/991/1339 1471/1000/1354
f 1463/990/1346 1464/992/1347 1479/1016/1362
f 1476/1011/1359 1491/1018/1374 1490/1017/1373
f 1468/1010/1351 1469/1012/1352 1484/1019/1367
f 1476/1011/1359 1477/1013/1360 1492/1020/1375
f 1470/1014/1353 1485/1021/1368 1484/1019/1367
f 1478/1015/1361 1493/1022/1376 1492/1020/1375
f 1470/1014/1353 1471/1000/1354 1486/1023/1369
f 1478/1015/1361 1479/1016/1362 1494/1024/1377
f 1472/1001/1355 1487/1025/1370 1486/1023/1369
f 1479/1016/1362 1480/1002/1363 1495/1026/1378
f 1473/1003/1356 1488/1027/1371 1487/1025/1370
f 1466/1005/1349 1481/1029/1364 1300/1028/1183
f 1526/1030/1409 1495/1026/1378 1480/1002/1363
f 1473/1003/1356 1474/1007/1357 1489/1031/1372
f 1467/1008/1350 1482/1032/1365 1481/1029/1364
f 1474/1007/1357 1475/1009/1358 1490/1017/1373
f 1467/1008/1350 1468/1010/1351 1483/1033/1366
f 1495/1026/1378 1510/1035/1393 1509/1034/1392
f 1488/1027/1371 1503/1037/1386 1502/1036/1385
f 1481/1029/1364 1496/1039/1379 1300/1038/1183
f 1526/1040/1409 1510/1035/1393 1495/1026/1378
f 1488/1027/1371 1489/1031/1372 1504/1041/1387
f 1482/1032/1365 1497/1042/1380 1496/1039/1379
f 1489/1031/1372 1490/1017/1373 1505/1043/1388
f 1482/1032/1365 1483/1033/1366 1498/1044/1381
f 1491/1018/1374 1506/1045/1389 1505/1043/1388
f 1483/1033/1366 1484/1019/1367 1499/1046/1382
f 1491/1018/1374 1492/1020/1375 1507/1047/1390
f 1485/1021/1368 1500/1048/1383 1499/1046/1382
f 1493/1022/1376 1508/1049/1391 1507/1047/1390
f 1485/1021/1368 1486/1023/1369 1501/1050/1384
f 1493/1022/1376 1494/1024/1377 1509/1034/1392
f 1487/1025/1370 1502/1036/1385 1501/1050/1384
f 1498/1044/1381 1499/1046/1382 1514/1051/1397
f 1506/1045/1389 1507/1047/1390 1522/1052/1405
f 1500/1048/1383 1515/1053/1398 1514/1051/1397
f 1508/1049/1391 1523/1054/1406 1522/1052/1405
f 1500/1048/1383 1501/1050/1384 1516/1055/1399
f 1508/1049/1391 1509/1034/1392 1524/1056/1407
f 1502/1036/1385 1517/1057/1400 1516/1055/1399
f 1510/1035/1393 1525/1058/1408 1524/1056/1407
f 1503/1037/1386 1518/1059/1401 1517/1057/1400
f 1496/1039/1379 1511/1061/1394 1300/1060/1183
f 1526/1062/1409 1525/1058/1408 1510/1035/1393
f 1503/1037/1386 1504/1041/1387 1519/1063/1402
f 1496/1039/1379 1497/1042/1380 1512/1064/1395
f 1504/1041/1387 1505/1043/1388 1520/1065/1403
f 1497/1042/1380 1498/1044/1381 1513/1066/1396
f 1506/1045/1389 1521/1067/1404 1520/1065/1403
f 1518/1059/1401 1534/1069/1417 1533/1068/1416
f 1511/1061/1394 1527/1071/1410 1300/1070/1183
f 1526/1072/1409 1541/1073/1424 1525/1058/1408
f 1518/1059/1401 1519/1063/1402 1535/1074/1418
f 1511/1061/1394 1512/1064/1395 1528/1075/1411
f 1519/1063/1402 1520/1065/1403 1536/1076/1419
f 1512/1064/1395 1513/1066/1396 1529/1077/1412
f 1521/1067/1404 1537/1078/1420 1536/1076/1419
f 1513/1066/1396 1514/1051/1397 1530/1079/1413
f 1521/1067/1404 1522/1052/1405 1538/1080/1421
f 1515/1053/1398 1531/1081/1414 1530/1079/1413
f 1523/1054/1406 1539/1082/1422 1538/1080/1421
f 1515/1053/1398 1516/1055/1399 1532/1083/1415
f 1523/1054/1406 1524/1056/1407 1540/1084/1423
f 1517/1057/1400 1533/1068/1416 1532/1083/1415
f 1524/1056/1407 1525/1058/1408 1541/1073/1424
f 1537/1078/1420 1538/1080/1421 1553/1085/1436
f 1530/1079/1413 1531/1081/1414 1546/1086/1429
f 1539/1082/1422 1554/1087/1437 1553/1085/1436
f 1531/1081/1414 1532/1083/1415 1547/1088/1430
f 1539/1082/1422 1540/1084/1423 1555/1089/1438
f 1533/1068/1416 1548/1090/1431 1547/1088/1430
f 1540/1084/1423 1541/1073/1424 1556/1091/1439
f 1534/1069/1417 1549/1092/1432 1548/1090/1431
f 1527/1071/1410 1542/1094/1425 1300/1093/1183
f 1526/1095/1409 1556/1091/1439 1541/1073/1424
f 1534/1069/1417 1535/1074/1418 1550/1096/1433
f 1527/1071/1410 1528/1075/1411 1543/1097/1426
f 1535/1074/1418 1536/1076/1419 1551/1098/1434
f 1528/1075/1411 1529/1077/1412 1544/1099/1427
f 1537/1078/1420 1552/1100/1435 1551/1098/1434
f 1529/1077/1412 1530/1079/1413 1545/1101/1428
f 1526/1102/1409 1571/1103/1454 1556/1091/1439
f 1549/1092/1432 1550/1096/1433 1565/1104/1448
f 1542/1094/1425 1543/1097/1426 1558/1105/1441
f 1550/1096/1433 1551/1098/1434 1566/1106/1449
f 1543/1097/1426 1544/1099/1427 1559/1107/1442
f 1552/1100/1435 1567/1108/1450 1566/1106/1449
f 1544/1099/1427 1545/1101/1428 1560/1109/1443
f 1552/1100/1435 1553/1085/1436 1568/1110/1451
f 1546/1086/1429 1561/1111/1444 1560/1109/1443
f 1554/1087/1437 1569/1112/1452 1568/1110/1451
f 1546/1086/1429 1547/1088/1430 1562/1113/1445
f 1554/1087/1437 1555/1089/1438 1570/1114/1453
f 1548/1090/1431 1563/1115/1446 1562/1113/1445
f 1555/1089/1438 1556/1091/1439 1571/1103/1454
f 1549/1092/1432 1564/1116/1447 1563/1115/1446
f 1542/1094/1425 1557/1118/1440 1300/1117/1183
f 1569/1112/1452 1584/1120/1467 1583/1119/1466
f 1561/1111/1444 1562/1113/1445 1577/1121/1460
f 1569/1112/1452 1570/1114/1453 1585/1122/1468
f 1563/1115/1446 1578/1123/1461 1577/1121/1460
f 1570/1114/1453 1571/1103/1454 1586/1124/1469
f 1564/1116/1447 1579/1125/1462 1578/1123/1461
f 1557/1118/1440 1572/1127/1455 1300/1126/1183
f 1526/1128/1409 1586/1124/1469 1571/1103/1454
f 1564/1116/1447 1565/1104/1448 1580/1129/1463
f 1557/1118/1440 1558/1105/1441 1573/1130/1456
f 1565/1104/1448 1566/1106/1449 1581/1131/1464
f 1559/1107/1442 1574/1132/1457 1573/1130/1456
f 1567/1108/1450 1582/1133/1465 1581/1131/1464
f 1559/1107/1442 1560/1109/1443 1575/1134/1458
f 1567/1108/1450 1568/1110/1451 1583/1119/1466
f 1561/1111/1444 1576/1135/1459 1575/1134/1458
f 1572/1136/1455 1573/1138/1456 1588/1137/1471
f 1580/1139/1463 1581/1141/1464 1596/1140/1479
f 1574/1142/1457 1589/1143/1472 1588/1137/1471
f 1582/1144/1465 1597/1145/1480 1596/1140/1479
f 1574/1142/1457 1575/1147/1458 1590/1146/1473
f 1582/1144/1465 1583/1149/1466 1598/1148/1481
f 1576/1150/1459 1591/1151/1474 1590/1146/1473
f 1584/1152/1467 1599/1153/1482 1598/1148/1481
f 1576/1150/1459 1577/1155/1460 1592/1154/1475
f 1584/1152/1467 1585/1157/1468 1600/1156/1483
f 1578/1158/1461 1593/1159/1476 1592/1154/1475
f 1585/1157/1468 1586/1161/1469 1601/1160/1484
f 1579/1162/1462 1594/1163/1477 1593/1159/1476
f 1572/1136/1455 1587/1165/1470 1300/1164/1183
f 1526/1166/1409 1601/1160/1484 1586/1161/1469
f 1579/1162/1462 1580/1139/1463 1595/1167/1478
f 1591/1151/1474 1592/1154/1475 1607/1168/1490
f 1599/1153/1482 1600/1156/1483 1615/1169/1498
f 1593/1159/1476 1608/1170/1491 1607/1168/1490
f 1600/1156/1483 1601/1160/1484 1616/1171/1499
f 1594/1163/1477 1609/1172/1492 1608/1170/1491
f 1587/1165/1470 1602/1174/1485 1300/1173/1183
f 1526/1175/1409 1616/1171/1499 1601/1160/1484
f 1594/1163/1477 1595/1167/1478 1610/1176/1493
f 1587/1165/1470 1588/1137/1471 1603/1177/1486
f 1595/1167/1478 1596/1140/1479 1611/1178/1494
f 1589/1143/1472 1604/1179/1487 1603/1177/1486
f 1597/1145/1480 1612/1180/1495 1611/1178/1494
f 1589/1143/1472 1590/1146/1473 1605/1181/1488
f 1597/1145/1480 1598/1148/1481 1613/1182/1496
f 1591/1151/1474 1606/1183/1489 1605/1181/1488
f 1599/1153/1482 1614/1184/1497 1613/1182/1496
f 1610/1176/1493 1611/1178/1494 1626/1185/1509
f 1603/1177/1486 1604/1179/1487 1619/1186/1502
f 1612/1180/1495 1627/1187/1510 1626/1185/1509
f 1604/1179/1487 1605/1181/1488 1620/1188/1503
f 1612/1180/1495 1613/1182/1496 1628/1189/1511
f 1606/1183/1489 1621/1190/1504 1620/1188/1503
f 1614/1184/1497 1629/1191/1512 1628/1189/1511
f 1606/1183/1489 1607/1168/1490 1622/1192/1505
f 1615/1169/1498 1630/1193/1513 1629/1191/1512
f 1608/1170/1491 1623/1194/1506 1622/1192/1505
f 1615/1169/1498 1616/1171/1499 1631/1195/1514
f 1609/1172/1492 1624/1196/1507 1623/1194/1506
f 1602/1174/1485 1617/1198/1500 1300/1197/1183
f 1526/1199/1409 1631/1195/1514 1616/1171/1499
f 1609/1172/1492 1610/1176/1493 1625/1200/1508
f 1603/1177/1486 1618/1201/1501 1617/1198/1500
f 1629/1191/1512 1630/1193/1513 1645/1202/1528
f 1623/1194/1506 1638/1204/1521 1637/1203/1520
f 1630/1193/1513 1631/1195/1514 1646/1205/1529
f 1624/1196/1507 1639/1206/1522 1638/1204/1521
f 1617/1198/1500 1632/1208/1515 1300/1207/1183
f 1526/1209/1409 1646/1205/1529 1631/1195/1514
f 1624/1196/1507 1625/1200/1508 1640/1210/1523
f 1617/1198/1500 1618/1201/1501 1633/1211/1516
f 1625/1200/1508 1626/1185/1509 1641/1212/1524
f 1619/1186/1502 1634/1213/1517 1633/1211/1516
f 1627/1187/1510 1642/1214/1525 1641/1212/1524
f 1619/1186/1502 1620/1188/1503 1635/1215/1518
f 1627/1187/1510 1628/1189/1511 1643/1216/1526
f 1621/1190/1504 1636/1217/1519 1635/1215/1518
f 1629/1191/1512 1644/1218/1527 1643/1216/1526
f 1621/1190/1504 1622/1192/1505 1637/1203/1520
f 1634/1213/1517 1649/1220/1532 1648/1219/1531
f 1642/1214/1525 1657/1222/1540 1656/1221/1539
f 1634/1213/1517 1635/1215/1518 1650/1223/1533
f 1642/1214/1525 1643/1216/1526 1658/1224/1541
f 1636/1217/1519 1651/1225/1534 1650/1223/1533
f 1644/1218/1527 1659/1226/1542 1658/1224/1541
f 1636/1217/1519 1637/1203/1520 1652/1227/1535
f 1644/1218/1527 1645/1202/1528 1660/1228/1543
f 1638/1204/1521 1653/1229/1536 1652/1227/1535
f 1645/1202/1528 1646/1205/1529 1661/1230/1544
f 1639/1206/1522 1654/1231/1537 1653/1229/1536
f 1632/1208/1515 1647/1233/1530 1300/1232/1183
f 1526/1234/1409 1661/1230/1544 1646/1205/1529
f 1639/1206/1522 1640/1210/1523 1655/1235/1538
f 1632/1208/1515 1633/1211/1516 1648/1219/1531
f 1640/1210/1523 1641/1212/1524 1656/1221/1539
f 1653/1229/1536 1668/1237/1551 1667/1236/1550
f 1660/1228/1543 1661/1230/1544 1676/1238/1559
f 1654/1231/1537 1669/1239/1552 1668/1237/1551
f 1647/1233/1530 1662/1241/1545 1300/1240/1183
f 1526/1242/1409 1676/1238/1559 1661/1230/1544
f 1654/1231/1537 1655/1235/1538 1670/1243/1553
f 1648/1219/1531 1663/1244/1546 1662/1241/1545
f 1655/1235/1538 1656/1221/1539 1671/1245/1554
f 1648/1219/1531 1649/1220/1532 1664/1246/1547
f 1657/1222/1540 1672/1247/1555 1671/1245/1554
f 1649/1220/1532 1650/1223/1533 1665/1248/1548
f 1657/1222/1540 1658/1224/1541 1673/1249/1556
f 1651/1225/1534 1666/1250/1549 1665/1248/1548
f 1659/1226/1542 1674/1251/1557 1673/1249/1556
f 1651/1225/1534 1652/1227/1535 1667/1236/1550
f 1659/1226/1542 1660/1228/1543 1675/1252/1558
f 1672/1247/1555 1687/1254/1570 1686/1253/1569
f 1664/1246/1547 1665/1248/1548 1680/1255/1563
f 1672/1247/1555 1673/1249/1556 1688/1256/1571
f 1666/1250/1549 1681/1257/1564 1680/1255/1563
f 1674/1251/1557 1689/1258/1572 1688/1256/1571
f 1666/1250/1549 1667/1236/1550 1682/1259/1565
f 1674/1251/1557 1675/1252/1558 1690/1260/1573
f 1668/1237/1551 1683/1261/1566 1682/1259/1565
f 1676/1238/1559 1691/1262/1574 1690/1260/1573
f 1669/1239/1552 1684/1263/1567 1683/1261/1566
f 1662/1241/1545 1677/1265/1560 1300/1264/1183
f 1526/1266/1409 1691/1262/1574 1676/1238/1559
f 1669/1239/1552 1670/1243/1553 1685/1267/1568
f 1662/1241/1545 1663/1244/1546 1678/1268/1561
f 1670/1243/1553 1671/1245/1554 1686/1253/1569
f 1664/1246/1547 1679/1269/1562 1678/1268/1561
f 1690/1260/1573 1691/1262/1574 1700/715/1583
f 1684/1263/1567 1222/718/1105 1221/716/1104
f 1677/1265/1560 1692/719/1575 1300/1270/1183
f 1526/1271/1409 1700/715/1583 1691/1262/1574
f 1684/1263/1567 1685/1267/1568 1223/724/1106
f 1678/1268/1561 1693/725/1576 1692/719/1575
f 1685/1267/1568 1686/1253/1569 1696/728/1579
f 1679/1269/1562 1219/729/1102 1693/725/1576
f 1686/1253/1569 1687/1254/1570 1224/732/1107
f 1680/1255/1563 1694/733/1577 1219/729/1102
f 1687/1254/1570 1688/1256/1571 1697/736/1580
f 1681/1257/1564 1220/737/1103 1694/733/1577
f 1689/1258/1572 1698/740/1581 1697/736/1580
f 1682/1259/1565 1695/741/1578 1220/737/1103
f 1689/1258/1572 1690/1260/1573 1699/713/1582
f 1683/1261/1566 1221/716/1104 1695/741/1578
f 1702/1272/1585 1701/1162/1584 1703/1273/1586
f 1704/1274/1587 1703/1273/1586 1705/1275/1588
f 1706/1276/1589 1705/1275/1588 1707/1277/1590
f 1708/1278/1591 1707/1277/1590 1709/1279/1592
f 1710/1280/1593 1709/1279/1592 1711/1281/1594
f 1712/1282/1595 1711/1281/1594 1713/1283/1596
f 1714/1284/1597 1713/1283/1596 1715/1285/1598
f 1716/1286/1599 1715/1285/1598 1717/718/1600
f 1718/1287/1601 1717/718/1600 1719/717/1602
f 1720/1288/1603 1719/717/1602 1721/750/1604
f 1722/1289/1605 1721/750/1604 1723/773/1606
f 1724/1290/1607 1723/773/1606 1725/783/1608
f 1726/1291/1609 1725/783/1608 1727/806/1610
f 1728/1292/1611 1727/806/1610 1729/816/1612
f 1730/1293/1613 1729/816/1612 1731/838/1614
f 1732/1294/1615 1731/838/1614 1733/1295/1616
f 1734/1296/1617 1733/1295/1616 1735/1297/1618
f 1736/1298/1619 1735/1297/1618 1737/1299/1620
f 1738/1300/1621 1737/1299/1620 1739/1301/1622
f 1740/1302/1623 1739/1301/1622 1741/1303/1624
f 1742/1304/1625 1741/1303/1624 1743/1305/1626
f 1744/1306/1627 1743/1305/1626 1745/1307/1628
f 1746/1308/1629 1745/1307/1628 1747/1309/1630
f 1748/1310/1631 1747/1309/1630 1749/1311/1632
f 1750/1312/1633 1749/1311/1632 1751/1313/1634
f 1752/1314/1635 1751/1313/1634 1753/1315/1636
f 1754/1316/1637 1753/1315/1636 1755/1317/1638
f 1756/1318/1639 1755/1317/1638 1757/1319/1640
f 1758/1320/1641 1757/1319/1640 1759/1321/1642
f 1760/1322/1643 1759/1321/1642 1761/1323/1644
f 1738/1324/1621 1706/1326/1589 1722/1325/1605
f 1762/1327/1645 1761/1323/1644 1763/1328/1646
f 1764/1329/1647 1763/1328/1646 1701/1125/1584
f 1731/1330/1614 1763/1332/1646 1747/1331/1630
f 2245/713/1582 2246/715/1583 1785/714/1122
f 1767/716/1104 1768/718/1105 1778/717/1115
f 2238/719/1575 1771/721/1108 1846/720/1183
f 2072/722/1409 1785/714/1122 2246/715/1583
f 1768/718/1105 1769/724/1106 1779/723/1116
f 2239/725/1576 1772/726/1109 1771/721/1108
f 1769/724/1106 2242/728/1579 1780/727/1117
f 1765/729/1102 1773/730/1110 1772/726/1109
f 2242/728/1579 1770/732/1107 1781/731/1118
f 2240/733/1577 1774/734/1111 1773/730/1110
f 1770/732/1107 2243/736/1580 1782/735/1119
f 2240/733/1577 1766/737/1103 1775/738/1112
f 2243/736/1580 2244/740/1581 1783/739/1120
f 2241/741/1578 1776/742/1113 1775/738/1112
f 2244/740/1581 2245/713/1582 1784/743/1121
f 2241/741/1578 1767/716/1104 1777/744/1114
f 1775/738/1112 1776/742/1113 1791/745/1128
f 1783/739/1120 1784/743/1121 1799/747/1136
f 1777/744/1114 1792/748/1129 1791/745/1128
f 1785/714/1122 1800/749/1137 1799/747/1136
f 1777/744/1114 1778/717/1115 1793/750/1130
f 1771/721/1108 1786/752/1123 1846/751/1183
f 2072/753/1409 1800/749/1137 1785/714/1122
f 1779/723/1116 1794/754/1131 1793/750/1130
f 1771/721/1108 1772/726/1109 1787/755/1124
f 1779/723/1116 1780/727/1117 1795/756/1132
f 1772/726/1109 1773/730/1110 1788/757/1125
f 1781/731/1118 1796/758/1133 1795/756/1132
f 1774/734/1111 1789/759/1126 1788/757/1125
f 1782/735/1119 1797/760/1134 1796/758/1133
f 1774/734/1111 1775/738/1112 1790/761/1127
f 1783/739/1120 1798/746/1135 1797/760/1134
f 1794/754/1131 1795/756/1132 1810/762/1147
f 1787/755/1124 1788/757/1125 1803/763/1140
f 1796/758/1133 1811/764/1148 1810/762/1147
f 1789/759/1126 1804/765/1141 1803/763/1140
f 1797/760/1134 1812/766/1149 1811/764/1148
f 1789/759/1126 1790/761/1127 1805/767/1142
f 1797/760/1134 1798/746/1135 1813/768/1150
f 1791/745/1128 1806/769/1143 1805/767/1142
f 1798/746/1135 1799/747/1136 1814/770/1151
f 1792/748/1129 1807/771/1144 1806/769/1143
f 1800/749/1137 1815/772/1152 1814/770/1151
f 1792/748/1129 1793/750/1130 1808/773/1145
f 1786/752/1123 1801/775/1138 1846/774/1183
f 2072/776/1409 1815/772/1152 1800/749/1137
f 1793/750/1130 1794/754/1131 1809/777/1146
f 1786/752/1123 1787/755/1124 1802/778/1139
f 1813/768/1150 1814/770/1151 1829/779/1166
f 1807/771/1144 1822/781/1159 1821/780/1158
f 1814/770/1151 1815/772/1152 1830/782/1167
f 1808/773/1145 1823/783/1160 1822/781/1159
f 1801/775/1138 1816/785/1153 1846/784/1183
f 2072/786/1409 1830/782/1167 1815/772/1152
f 1808/773/1145 1809/777/1146 1824/787/1161
f 1801/775/1138 1802/778/1139 1817/788/1154
f 1809/777/1146 1810/762/1147 1825/789/1162
f 1803/763/1140 1818/790/1155 1817/788/1154
f 1810/762/1147 1811/764/1148 1826/791/1163
f 1804/765/1141 1819/792/1156 1818/790/1155
f 1812/766/1149 1827/793/1164 1826/791/1163
f 1804/765/1141 1805/767/1142 1820/794/1157
f 1812/766/1149 1813/768/1150 1828/795/1165
f 1805/767/1142 1806/769/1143 1821/780/1158
f 1826/791/1163 1841/797/1178 1840/796/1177
f 1818/790/1155 1819/792/1156 1834/798/1171
f 1826/791/1163 1827/793/1164 1842/799/1179
f 1820/794/1157 1835/800/1172 1834/798/1171
f 1827/793/1164 1828/795/1165 1843/801/1180
f 1820/794/1157 1821/780/1158 1836/802/1173
f 1828/795/1165 1829/779/1166 1844/803/1181
f 1822/781/1159 1837/804/1174 1836/802/1173
f 1829/779/1166 1830/782/1167 1845/805/1182
f 1823/783/1160 1838/806/1175 1837/804/1174
f 1816/785/1153 1831/808/1168 1846/807/1183
f 2072/809/1409 1845/805/1182 1830/782/1167
f 1823/783/1160 1824/787/1161 1839/810/1176
f 1816/785/1153 1817/788/1154 1832/811/1169
f 1824/787/1161 1825/789/1162 1840/796/1177
f 1817/788/1154 1818/790/1155 1833/812/1170
f 1844/803/1181 1845/805/1182 1861/814/1198
f 1838/806/1175 1854/816/1191 1853/815/1190
f 1831/808/1168 1847/818/1184 1846/817/1183
f 2072/819/1409 1861/814/1198 1845/805/1182
f 1838/806/1175 1839/810/1176 1855/820/1192
f 1831/808/1168 1832/811/1169 1848/821/1185
f 1839/810/1176 1840/796/1177 1856/822/1193
f 1833/812/1170 1849/823/1186 1848/821/1185
f 1841/797/1178 1857/824/1194 1856/822/1193
f 1833/812/1170 1834/798/1171 1850/825/1187
f 1841/797/1178 1842/799/1179 1858/826/1195
f 1835/800/1172 1851/827/1188 1850/825/1187
f 1843/801/1180 1859/828/1196 1858/826/1195
f 1835/800/1172 1836/802/1173 1852/829/1189
f 1844/803/1181 1860/813/1197 1859/828/1196
f 1837/804/1174 1853/815/1190 1852/829/1189
f 1849/823/1186 1850/825/1187 1865/830/1202
f 1857/824/1194 1858/826/1195 1873/831/1210
f 1851/827/1188 1866/832/1203 1865/830/1202
f 1858/826/1195 1859/828/1196 1874/833/1648
f 1851/827/1188 1852/829/1189 1867/834/1204
f 1859/828/1196 1860/813/1197 1875/835/1212
f 1853/815/1190 1868/836/1205 1867/834/1204
f 1860/813/1197 1861/814/1198 1876/837/1213
f 1854/816/1191 1869/838/1206 1868/836/1205
f 1847/818/1184 1862/840/1199 1846/839/1183
f 2072/841/1409 1876/837/1213 1861/814/1198
f 1854/816/1191 1855/820/1192 1870/842/1207
f 1847/818/1184 1848/821/1185 1863/843/1200
f 1855/820/1192 1856/822/1193 1871/844/1208
f 1848/821/1185 1849/823/1186 1864/845/1201
f 1857/824/1194 1872/846/1209 1871/844/1208
f 1869/838/1206 1884/848/1221 1883/847/1220
f 1862/840/1199 1877/850/1214 1846/849/1183
f 2072/851/1409 1891/852/1228 1876/837/1213
f 1869/838/1206 1870/842/1207 1885/853/1222
f 1862/840/1199 1863/843/1200 1878/854/1215
f 1870/842/1207 1871/844/1208 1886/855/1223
f 1863/843/1200 1864/845/1201 1879/856/1216
f 1872/846/1209 1887/857/1224 1886/855/1223
f 1864/845/1201 1865/830/1202 1880/858/1217
f 1872/846/1209 1873/831/1210 1888/859/1225
f 1866/832/1203 1881/860/1218 1880/858/1217
f 1874/833/1648 1889/861/1226 1888/859/1225
f 1866/832/1203 1867/834/1204 1882/862/1219
f 1874/833/1648 1875/835/1212 1890/863/1227
f 1868/836/1205 1883/847/1220 1882/862/1219
f 1876/837/1213 1891/852/1228 1890/863/1227
f 1887/857/1224 1888/859/1225 1903/864/1240
f 1880/858/1217 1881/860/1218 1896/866/1233
f 1889/861/1226 1904/867/1241 1903/864/1240
f 1881/860/1218 1882/862/1219 1897/868/1234
f 1889/861/1226 1890/863/1227 1905/869/1242
f 1883/847/1220 1898/870/1235 1897/868/1234
f 1890/863/1227 1891/852/1228 1906/871/1243
f 1884/848/1221 1899/872/1236 1898/870/1235
f 1877/850/1214 1892/874/1229 1846/873/1183
f 2072/875/1409 1906/871/1243 1891/852/1228
f 1884/848/1221 1885/853/1222 1900/876/1237
f 1878/854/1215 1893/877/1230 1892/874/1229
f 1885/853/1222 1886/855/1223 1901/878/1238
f 1878/854/1215 1879/856/1216 1894/879/1231
f 1887/857/1224 1902/880/1239 1901/878/1238
f 1879/856/1216 1880/858/1217 1895/865/1232
f 1892/874/1229 1907/882/1244 1846/881/1183
f 2072/883/1409 1921/884/1258 1906/871/1243
f 1899/872/1236 1900/876/1237 1915/885/1252
f 1893/877/1230 1908/886/1245 1907/882/1244
f 1900/876/1237 1901/878/1238 1916/887/1253
f 1894/879/1231 1909/888/1246 1908/886/1245
f 1902/880/1239 1917/889/1254 1916/887/1253
f 1894/879/1231 1895/865/1232 1910/890/1247
f 1902/880/1239 1903/864/1240 1918/891/1255
f 1896/866/1233 1911/892/1248 1910/890/1247
f 1904/867/1241 1919/893/1256 1918/891/1255
f 1896/866/1233 1897/868/1234 1912/894/1249
f 1904/867/1241 1905/869/1242 1920/895/1257
f 1898/870/1235 1913/896/1250 1912/894/1249
f 1905/869/1242 1906/871/1243 1921/884/1258
f 1899/872/1236 1914/897/1251 1913/896/1250
f 1911/892/1248 1926/899/1263 1925/898/1262
f 1919/893/1256 1934/901/1271 1933/900/1270
f 1911/892/1248 1912/894/1249 1927/902/1264
f 1919/893/1256 1920/895/1257 1935/903/1272
f 1913/896/1250 1928/904/1265 1927/902/1264
f 1920/895/1257 1921/884/1258 1936/905/1273
f 1914/897/1251 1929/906/1266 1928/904/1265
f 1907/882/1244 1922/908/1259 1846/907/1183
f 2072/909/1409 1936/905/1273 1921/884/1258
f 1914/897/1251 1915/885/1252 1930/910/1267
f 1907/882/1244 1908/886/1245 1923/911/1260
f 1915/885/1252 1916/887/1253 1931/912/1268
f 1908/886/1245 1909/888/1246 1924/913/1261
f 1917/889/1254 1932/914/1269 1931/912/1268
f 1909/888/1246 1910/890/1247 1925/898/1262
f 1917/889/1254 1918/891/1255 1933/900/1270
f 1929/906/1266 1930/910/1267 1945/915/1282
f 1922/908/1259 1923/911/1260 1938/916/1275
f 1930/910/1267 1931/912/1268 1946/917/1283
f 1923/911/1260 1924/913/1261 1939/918/1276
f 1932/914/1269 1947/919/1284 1946/917/1283
f 1924/913/1261 1925/898/1262 1940/920/1277
f 1932/914/1269 1933/900/1270 1948/921/1285
f 1926/899/1263 1941/922/1278 1940/920/1277
f 1934/901/1271 1949/923/1286 1948/921/1285
f 1926/899/1263 1927/902/1264 1942/924/1279
f 1935/903/1272 1950/925/1287 1949/923/1286
f 1928/904/1265 1943/926/1280 1942/924/1279
f 1936/905/1273 1951/927/1288 1950/925/1287
f 1929/906/1266 1944/928/1281 1943/926/1280
f 1922/908/1259 1937/930/1274 1846/929/1183
f 2072/931/1409 1951/927/1288 1936/905/1273
f 1949/923/1286 1964/933/1301 1963/932/1300
f 1941/922/1278 1942/924/1279 1957/934/1294
f 1949/923/1286 1950/925/1287 1965/935/1302
f 1943/926/1280 1958/936/1295 1957/934/1294
f 1950/925/1287 1951/927/1288 1966/937/1303
f 1944/928/1281 1959/938/1296 1958/936/1295
f 1937/930/1274 1952/940/1289 1846/939/1183
f 2072/941/1409 1966/937/1303 1951/927/1288
f 1944/928/1281 1945/915/1282 1960/942/1297
f 1938/916/1275 1953/943/1290 1952/940/1289
f 1945/915/1282 1946/917/1283 1961/944/1298
f 1939/918/1276 1954/945/1291 1953/943/1290
f 1947/919/1284 1962/946/1299 1961/944/1298
f 1939/918/1276 1940/920/1277 1955/947/1292
f 1947/919/1284 1948/921/1285 1963/932/1300
f 1941/922/1278 1956/948/1293 1955/947/1292
f 1960/942/1297 1961/944/1298 1976/949/1313
f 1953/943/1290 1954/945/1291 1969/950/1306
f 1962/946/1299 1977/951/1314 1976/949/1313
f 1954/945/1291 1955/947/1292 1970/952/1307
f 1962/946/1299 1963/932/1300 1978/953/1315
f 1956/948/1293 1971/954/1308 1970/952/1307
f 1964/933/1301 1979/955/1316 1978/953/1315
f 1956/948/1293 1957/934/1294 1972/956/1309
f 1964/933/1301 1965/935/1302 1980/957/1317
f 1958/936/1295 1973/958/1310 1972/956/1309
f 1965/935/1302 1966/937/1303 1981/959/1318
f 1959/938/1296 1974/960/1311 1973/958/1310
f 1952/940/1289 1967/962/1304 1846/961/1183
f 2072/963/1409 1981/959/1318 1966/937/1303
f 1959/938/1296 1960/942/1297 1975/964/1312
f 1952/940/1289 1953/943/1290 1968/965/1305
f 1979/955/1316 1980/957/1317 1995/966/1332
f 1973/958/1310 1988/968/1325 1987/967/1324
f 1980/957/1317 1981/959/1318 1996/969/1333
f 1974/960/1311 1989/970/1326 1988/968/1325
f 1967/962/1304 1982/972/1319 1846/971/1183
f 2072/973/1409 1996/969/1333 1981/959/1318
f 1974/960/1311 1975/964/1312 1990/974/1327
f 1967/962/1304 1968/965/1305 1983/975/1320
f 1975/964/1312 1976/949/1313 1991/976/1328
f 1968/965/1305 1969/950/1306 1984/977/1321
f 1977/951/1314 1992/978/1329 1991/976/1328
f 1969/950/1306 1970/952/1307 1985/979/1322
f 1977/951/1314 1978/953/1315 1993/980/1330
f 1971/954/1308 1986/981/1323 1985/979/1322
f 1979/955/1316 1994/982/1331 1993/980/1330
f 1971/954/1308 1972/956/1309 1987/967/1324
f 1983/975/1320 1984/977/1321 1999/984/1336
f 1992/978/1329 2007/986/1344 2006/985/1343
f 1984/977/1321 1985/979/1322 2000/987/1337
f 1992/978/1329 1993/980/1330 2008/988/1345
f 1986/981/1323 2001/989/1338 2000/987/1337
f 1994/982/1331 2009/990/1346 2008/988/1345
f 1986/981/1323 1987/967/1324 2002/991/1339
f 1994/982/1331 1995/966/1332 2010/992/1347
f 1988/968/1325 2003/993/1340 2002/991/1339
f 1995/966/1332 1996/969/1333 2011/994/1348
f 1989/970/1326 2004/995/1341 2003/993/1340
f 1982/972/1319 1997/997/1334 1846/996/1183
f 2072/998/1409 2011/994/1348 1996/969/1333
f 1989/970/1326 1990/974/1327 2005/999/1342
f 1983/975/1320 1998/983/1335 1997/997/1334
f 1990/974/1327 1991/976/1328 2006/985/1343
f 2003/993/1340 2018/1001/1355 2017/1000/1354
f 2010/992/1347 2011/994/1348 2026/1002/1363
f 2004/995/1341 2019/1003/1356 2018/1001/1355
f 1997/997/1334 2012/1005/1349 1846/1004/1183
f 2072/1006/1409 2026/1002/1363 2011/994/1348
f 2004/995/1341 2005/999/1342 2020/1007/1357
f 1998/983/1335 2013/1008/1350 2012/1005/1349
f 2005/999/1342 2006/985/1343 2021/1009/1358
f 1999/984/1336 2014/1010/1351 2013/1008/1350
f 2007/986/1344 2022/1011/1359 2021/1009/1358
f 1999/984/1336 2000/987/1337 2015/1012/1352
f 2007/986/1344 2008/988/1345 2023/1013/1360
f 2001/989/1338 2016/1014/1353 2015/1012/1352
f 2009/990/1346 2024/1015/1361 2023/1013/1360
f 2001/989/1338 2002/991/1339 2017/1000/1354
f 2009/990/1346 2010/992/1347 2025/1016/1362
f 2022/1011/1359 2037/1018/1374 2036/1017/1373
f 2014/1010/1351 2015/1012/1352 2030/1019/1367
f 2022/1011/1359 2023/1013/1360 2038/1020/1375
f 2016/1014/1353 2031/1021/1368 2030/1019/1367
f 2024/1015/1361 2039/1022/1376 2038/1020/1375
f 2016/1014/1353 2017/1000/1354 2032/1023/1369
f 2024/1015/1361 2025/1016/1362 2040/1024/1377
f 2018/1001/1355 2033/1025/1370 2032/1023/1369
f 2026/1002/1363 2041/1026/1378 2040/1024/1377
f 2019/1003/1356 2034/1027/1371 2033/1025/1370
f 2012/1005/1349 2027/1029/1364 1846/1028/1183
f 2072/1030/1409 2041/1026/1378 2026/1002/1363
f 2019/1003/1356 2020/1007/1357 2035/1031/1372
f 2012/1005/1349 2013/1008/1350 2028/1032/1365
f 2020/1007/1357 2021/1009/1358 2036/1017/1373
f 2013/1008/1350 2014/1010/1351 2029/1033/1366
f 2040/1024/1377 2041/1026/1378 2056/1035/1393
f 2034/1027/1371 2049/1037/1386 2048/1036/1385
f 2027/1029/1364 2042/1039/1379 1846/1038/1183
f 2072/1040/1409 2056/1035/1393 2041/1026/1378
f 2034/1027/1371 2035/1031/1372 2050/1041/1387
f 2028/1032/1365 2043/1042/1380 2042/1039/1379
f 2035/1031/1372 2036/1017/1373 2051/1043/1388
f 2028/1032/1365 2029/1033/1366 2044/1044/1381
f 2037/1018/1374 2052/1045/1389 2051/1043/1388
f 2029/1033/1366 2030/1019/1367 2045/1046/1382
f 2037/1018/1374 2038/1020/1375 2053/1047/1390
f 2031/1021/1368 2046/1048/1383 2045/1046/1382
f 2039/1022/1376 2054/1049/1391 2053/1047/1390
f 2031/1021/1368 2032/1023/1369 2047/1050/1384
f 2039/1022/1376 2040/1024/1377 2055/1034/1392
f 2033/1025/1370 2048/1036/1385 2047/1050/1384
f 2044/1044/1381 2045/1046/1382 2060/1051/1397
f 2052/1045/1389 2053/1047/1390 2068/1052/1405
f 2046/1048/1383 2061/1053/1398 2060/1051/1397
f 2054/1049/1391 2069/1054/1406 2068/1052/1405
f 2046/1048/1383 2047/1050/1384 2062/1055/1399
f 2055/1034/1392 2070/1056/1407 2069/1054/1406
f 2048/1036/1385 2063/1057/1400 2062/1055/1399
f 2055/1034/1392 2056/1035/1393 2071/1058/1408
f 2049/1037/1386 2064/1059/1401 2063/1057/1400
f 2042/1039/1379 2057/1061/1394 1846/1060/1183
f 2072/1062/1409 2071/1058/1408 2056/1035/1393
f 2049/1037/1386 2050/1041/1387 2065/1063/1402
f 2042/1039/1379 2043/1042/1380 2058/1064/1395
f 2050/1041/1387 2051/1043/1388 2066/1065/1403
f 2043/1042/1380 2044/1044/1381 2059/1066/1396
f 2052/1045/1389 2067/1067/1404 2066/1065/1403
f 2064/1059/1401 2080/1069/1417 2079/1068/1416
f 2057/1061/1394 2073/1071/1410 1846/1070/1183
f 2072/1072/1409 2087/1073/1424 2071/1058/1408
f 2064/1059/1401 2065/1063/1402 2081/1074/1418
f 2058/1064/1395 2074/1075/1411 2073/1071/1410
f 2065/1063/1402 2066/1065/1403 2082/1076/1419
f 2058/1064/1395 2059/1066/1396 2075/1077/1412
f 2067/1067/1404 2083/1078/1420 2082/1076/1419
f 2059/1066/1396 2060/1051/1397 2076/1079/1413
f 2067/1067/1404 2068/1052/1405 2084/1080/1421
f 2060/1051/1397 2061/1053/1398 2077/1081/1414
f 2069/1054/1406 2085/1082/1422 2084/1080/1421
f 2061/1053/1398 2062/1055/1399 2078/1083/1415
f 2069/1054/1406 2070/1056/1407 2086/1084/1423
f 2063/1057/1400 2079/1068/1416 2078/1083/1415
f 2071/1058/1408 2087/1073/1424 2086/1084/1423
f 2083/1078/1420 2084/1080/1421 2099/1085/1436
f 2077/1081/1414 2092/1086/1429 2091/1101/1428
f 2085/1082/1422 2100/1087/1437 2099/1085/1436
f 2077/1081/1414 2078/1083/1415 2093/1088/1430
f 2085/1082/1422 2086/1084/1423 2101/1089/1438
f 2079/1068/1416 2094/1090/1431 2093/1088/1430
f 2087/1073/1424 2102/1091/1439 2101/1089/1438
f 2080/1069/1417 2095/1092/1432 2094/1090/1431
f 2073/1071/1410 2088/1094/1425 1846/1093/1183
f 2072/1095/1409 2102/1091/1439 2087/1073/1424
f 2080/1069/1417 2081/1074/1418 2096/1096/1433
f 2073/1071/1410 2074/1075/1411 2089/1097/1426
f 2081/1074/1418 2082/1076/1419 2097/1098/1434
f 2074/1075/1411 2075/1077/1412 2090/1099/1427
f 2083/1078/1420 2098/1100/1435 2097/1098/1434
f 2075/1077/1412 2076/1079/1413 2091/1101/1428
f 2072/1102/1409 2117/1103/1454 2102/1091/1439
f 2095/1092/1432 2096/1096/1433 2111/1104/1448
f 2088/1094/1425 2089/1097/1426 2104/1105/1441
f 2096/1096/1433 2097/1098/1434 2112/1106/1449
f 2090/1099/1427 2105/1107/1442 2104/1105/1441
f 2098/1100/1435 2113/1108/1450 2112/1106/1449
f 2090/1099/1427 2091/1101/1428 2106/1109/1443
f 2098/1100/1435 2099/1085/1436 2114/1110/1451
f 2092/1086/1429 2107/1111/1444 2106/1109/1443
f 2100/1087/1437 2115/1112/1452 2114/1110/1451
f 2092/1086/1429 2093/1088/1430 2108/1113/1445
f 2100/1087/1437 2101/1089/1438 2116/1114/1453
f 2094/1090/1431 2109/1115/1446 2108/1113/1445
f 2101/1089/1438 2102/1091/1439 2117/1103/1454
f 2095/1092/1432 2110/1116/1447 2109/1115/1446
f 2088/1094/1425 2103/1118/1440 1846/1117/1183
f 2115/1112/1452 2130/1120/1467 2129/1119/1466
f 2107/1111/1444 2108/1113/1445 2123/1121/1460
f 2116/1114/1453 2131/1122/1468 2130/1120/1467
f 2109/1115/1446 2124/1123/1461 2123/1121/1460
f 2116/1114/1453 2117/1103/1454 2132/1124/1469
f 2110/1116/1447 2125/1125/1462 2124/1123/1461
f 2103/1118/1440 2118/1127/1455 1846/1126/1183
f 2072/1128/1409 2132/1124/1469 2117/1103/1454
f 2110/1116/1447 2111/1104/1448 2126/1129/1463
f 2103/1118/1440 2104/1105/1441 2119/1130/1456
f 2111/1104/1448 2112/1106/1449 2127/1131/1464
f 2104/1105/1441 2105/1107/1442 2120/1132/1457
f 2113/1108/1450 2128/1133/1465 2127/1131/1464
f 2105/1107/1442 2106/1109/1443 2121/1134/1458
f 2113/1108/1450 2114/1110/1451 2129/1119/1466
f 2106/1109/1443 2107/1111/1444 2122/1135/1459
f 2119/1138/1456 2134/1137/1471 2133/1165/1470
f 2126/1139/1463 2127/1141/1464 2142/1140/1479
f 2120/1142/1457 2135/1143/1649 2134/1137/1471
f 2128/1144/1465 2143/1145/1480 2142/1140/1479
f 2121/1147/1458 2136/1146/1473 2135/1143/1649
f 2128/1144/1465 2129/1149/1466 2144/1148/1481
f 2122/1150/1459 2137/1151/1474 2136/1146/1473
f 2129/1149/1466 2130/1152/1467 2145/1153/1650
f 2122/1150/1459 2123/1155/1460 2138/1154/1475
f 2130/1152/1467 2131/1157/1468 2146/1156/1483
f 2124/1158/1461 2139/1159/1476 2138/1154/1475
f 2131/1157/1468 2132/1161/1469 2147/1160/1484
f 2125/1162/1462 2140/1163/1477 2139/1159/1476
f 2118/1136/1455 2133/1165/1470 1846/1164/1183
f 2072/1166/1409 2147/1160/1484 2132/1161/1469
f 2125/1162/1462 2126/1139/1463 2141/1167/1478
f 2137/1151/1474 2138/1154/1475 2153/1168/1490
f 2145/1153/1650 2146/1156/1483 2161/1169/1498
f 2139/1159/1476 2154/1170/1491 2153/1168/1490
f 2146/1156/1483 2147/1160/1484 2162/1171/1499
f 2140/1163/1477 2155/1172/1492 2154/1170/1491
f 2133/1165/1470 2148/1174/1485 1846/1173/1183
f 2072/1175/1409 2162/1171/1499 2147/1160/1484
f 2140/1163/1477 2141/1167/1478 2156/1176/1493
f 2133/1165/1470 2134/1137/1471 2149/1177/1486
f 2141/1167/1478 2142/1140/1479 2157/1178/1494
f 2135/1143/1649 2150/1179/1487 2149/1177/1486
f 2143/1145/1480 2158/1180/1495 2157/1178/1494
f 2135/1143/1649 2136/1146/1473 2151/1181/1488
f 2143/1145/1480 2144/1148/1481 2159/1182/1496
f 2137/1151/1474 2152/1183/1489 2151/1181/1488
f 2145/1153/1650 2160/1184/1497 2159/1182/1496
f 2156/1176/1493 2157/1178/1494 2172/1185/1509
f 2150/1179/1487 2165/1186/1502 2164/1201/1501
f 2158/1180/1495 2173/1187/1510 2172/1185/1509
f 2150/1179/1487 2151/1181/1488 2166/1188/1503
f 2158/1180/1495 2159/1182/1496 2174/1189/1511
f 2152/1183/1489 2167/1190/1504 2166/1188/1503
f 2160/1184/1497 2175/1191/1512 2174/1189/1511
f 2152/1183/1489 2153/1168/1490 2168/1192/1505
f 2160/1184/1497 2161/1169/1498 2176/1193/1513
f 2154/1170/1491 2169/1194/1506 2168/1192/1505
f 2161/1169/1498 2162/1171/1499 2177/1195/1514
f 2155/1172/1492 2170/1196/1507 2169/1194/1506
f 2148/1174/1485 2163/1198/1500 1846/1197/1183
f 2072/1199/1409 2177/1195/1514 2162/1171/1499
f 2155/1172/1492 2156/1176/1493 2171/1200/1508
f 2148/1174/1485 2149/1177/1486 2164/1201/1501
f 2175/1191/1512 2176/1193/1513 2191/1202/1528
f 2169/1194/1506 2184/1204/1521 2183/1203/1520
f 2176/1193/1513 2177/1195/1514 2192/1205/1529
f 2170/1196/1507 2185/1206/1522 2184/1204/1521
f 2163/1198/1500 2178/1208/1515 1846/1207/1183
f 2072/1209/1409 2192/1205/1529 2177/1195/1514
f 2170/1196/1507 2171/1200/1508 2186/1210/1523
f 2163/1198/1500 2164/1201/1501 2179/1211/1516
f 2171/1200/1508 2172/1185/1509 2187/1212/1524
f 2165/1186/1502 2180/1213/1517 2179/1211/1516
f 2173/1187/1510 2188/1214/1525 2187/1212/1524
f 2165/1186/1502 2166/1188/1503 2181/1215/1518
f 2173/1187/1510 2174/1189/1511 2189/1216/1526
f 2167/1190/1504 2182/1217/1519 2181/1215/1518
f 2175/1191/1512 2190/1218/1527 2189/1216/1526
f 2167/1190/1504 2168/1192/1505 2183/1203/1520
f 2180/1213/1517 2195/1220/1532 2194/1219/1531
f 2188/1214/1525 2203/1222/1540 2202/1221/1539
f 2180/1213/1517 2181/1215/1518 2196/1223/1533
f 2188/1214/1525 2189/1216/1526 2204/1224/1541
f 2182/1217/1519 2197/1225/1534 2196/1223/1533
f 2190/1218/1527 2205/1226/1542 2204/1224/1541
f 2182/1217/1519 2183/1203/1520 2198/1227/1535
f 2190/1218/1527 2191/1202/1528 2206/1228/1543
f 2184/1204/1521 2199/1229/1536 2198/1227/1535
f 2191/1202/1528 2192/1205/1529 2207/1230/1544
f 2185/1206/1522 2200/1231/1537 2199/1229/1536
f 2178/1208/1515 2193/1233/1530 1846/1232/1183
f 2072/1234/1409 2207/1230/1544 2192/1205/1529
f 2185/1206/1522 2186/1210/1523 2201/1235/1538
f 2179/1211/1516 2194/1219/1531 2193/1233/1530
f 2186/1210/1523 2187/1212/1524 2202/1221/1539
f 2199/1229/1536 2214/1237/1551 2213/1236/1550
f 2206/1228/1543 2207/1230/1544 2222/1238/1559
f 2200/1231/1537 2215/1239/1552 2214/1237/1551
f 2193/1233/1530 2208/1241/1545 1846/1240/1183
f 2072/1242/1409 2222/1238/1559 2207/1230/1544
f 2200/1231/1537 2201/1235/1538 2216/1243/1553
f 2194/1219/1531 2209/1244/1546 2208/1241/1545
f 2201/1235/1538 2202/1221/1539 2217/1245/1554
f 2195/1220/1532 2210/1246/1547 2209/1244/1546
f 2203/1222/1540 2218/1247/1555 2217/1245/1554
f 2195/1220/1532 2196/1223/1533 2211/1248/1548
f 2203/1222/1540 2204/1224/1541 2219/1249/1556
f 2197/1225/1534 2212/1250/1549 2211/1248/1548
f 2205/1226/1542 2220/1251/1557 2219/1249/1556
f 2197/1225/1534 2198/1227/1535 2213/1236/1550
f 2205/1226/1542 2206/1228/1543 2221/1252/1558
f 2218/1247/1555 2233/1254/1570 2232/1253/1569
f 2210/1246/1547 2211/1248/1548 2226/1255/1563
f 2218/1247/1555 2219/1249/1556 2234/1256/1571
f 2211/1248/1548 2212/1250/1549 2227/1257/1564
f 2220/1251/1557 2235/1258/1572 2234/1256/1571
f 2212/1250/1549 2213/1236/1550 2228/1259/1565
f 2220/1251/1557 2221/1252/1558 2236/1260/1573
f 2214/1237/1551 2229/1261/1566 2228/1259/1565
f 2221/1252/1558 2222/1238/1559 2237/1262/1574
f 2215/1239/1552 2230/1263/1567 2229/1261/1566
f 2208/1241/1545 2223/1265/1560 1846/1264/1183
f 2072/1266/1409 2237/1262/1574 2222/1238/1559
f 2215/1239/1552 2216/1243/1553 2231/1267/1568
f 2208/1241/1545 2209/1244/1546 2224/1268/1561
f 2216/1243/1553 2217/1245/1554 2232/1253/1569
f 2210/1246/1547 2225/1269/1562 2224/1268/1561
f 2236/1260/1573 2237/1262/1574 2246/715/1583
f 2230/1263/1567 1768/718/1105 1767/716/1104
f 2223/1265/1560 2238/719/1575 1846/1270/1183
f 2072/1271/1409 2246/715/1583 2237/1262/1574
f 2230/1263/1567 2231/1267/1568 1769/724/1106
f 2223/1265/1560 2224/1268/1561 2239/725/1576
f 2231/1267/1568 2232/1253/1569 2242/728/1579
f 2225/1269/1562 1765/729/1102 2239/725/1576
f 2232/1253/1569 2233/1254/1570 1770/732/1107
f 2226/1255/1563 2240/733/1577 1765/729/1102
f 2233/1254/1570 2234/1256/1571 2243/736/1580
f 2227/1257/1564 1766/737/1103 2240/733/1577
f 2235/1258/1572 2244/740/1581 2243/736/1580
f 2228/1259/1565 2241/741/1578 1766/737/1103
f 2236/1260/1573 2245/713/1582 2244/740/1581
f 2229/1261/1566 1767/716/1104 2241/741/1578
f 1699/713/1582 1239/714/1122 1238/743/1121
f 1221/716/1104 1232/717/1115 1231/744/1114
f 1222/718/1105 1233/723/1116 1232/717/1115
f 1693/725/1576 1225/721/1108 1692/719/1575
f 1223/724/1106 1234/727/1117 1233/723/1116
f 1219/729/1102 1226/726/1109 1693/725/1576
f 1696/728/1579 1235/731/1118 1234/727/1117
f 1694/733/1577 1227/730/1110 1219/729/1102
f 1224/732/1107 1236/735/1119 1235/731/1118
f 1220/737/1103 1228/734/1111 1694/733/1577
f 1697/736/1580 1237/739/1120 1236/735/1119
f 1695/741/1578 1229/738/1112 1220/737/1103
f 1698/740/1581 1238/743/1121 1237/739/1120
f 1221/716/1104 1230/742/1113 1695/741/1578
f 1229/738/1112 1245/745/1128 1244/761/1127
f 1238/743/1121 1252/746/1135 1237/739/1120
f 1231/744/1114 1245/745/1128 1230/742/1113
f 1238/743/1121 1254/749/1137 1253/747/1136
f 1231/744/1114 1247/750/1130 1246/748/1129
f 1232/717/1115 1248/754/1131 1247/750/1130
f 1225/721/1108 1241/755/1124 1240/752/1123
f 1233/723/1116 1249/756/1132 1248/754/1131
f 1226/726/1109 1242/757/1125 1241/755/1124
f 1234/727/1117 1250/758/1133 1249/756/1132
f 1227/730/1110 1243/759/1126 1242/757/1125
f 1235/731/1118 1251/760/1134 1250/758/1133
f 1228/734/1111 1244/761/1127 1243/759/1126
f 1237/739/1120 1251/760/1134 1236/735/1119
f 1248/754/1131 1264/762/1147 1263/777/1146
f 1241/755/1124 1257/763/1140 1256/778/1139
f 1250/758/1133 1264/762/1147 1249/756/1132
f 1242/757/1125 1258/765/1141 1257/763/1140
f 1251/760/1134 1265/764/1148 1250/758/1133
f 1243/759/1126 1259/767/1142 1258/765/1141
f 1252/746/1135 1266/766/1149 1251/760/1134
f 1244/761/1127 1260/769/1143 1259/767/1142
f 1252/746/1135 1268/770/1151 1267/768/1150
f 1245/745/1128 1261/771/1144 1260/769/1143
f 1253/747/1136 1269/772/1152 1268/770/1151
f 1246/748/1129 1262/773/1145 1261/771/1144
f 1248/754/1131 1262/773/1145 1247/750/1130
f 1240/752/1123 1256/778/1139 1255/775/1138
f 1267/768/1150 1283/779/1166 1282/795/1165
f 1261/771/1144 1275/780/1158 1260/769/1143
f 1268/770/1151 1284/782/1167 1283/779/1166
f 1262/773/1145 1276/781/1159 1261/771/1144
f 1262/773/1145 1278/787/1161 1277/783/1160
f 1255/775/1138 1271/788/1154 1270/785/1153
f 1263/777/1146 1279/789/1162 1278/787/1161
f 1256/778/1139 1272/790/1155 1271/788/1154
f 1265/764/1148 1279/789/1162 1264/762/1147
f 1257/763/1140 1273/792/1156 1272/790/1155
f 1265/764/1148 1281/793/1164 1280/791/1163
f 1258/765/1141 1274/794/1157 1273/792/1156
f 1266/766/1149 1282/795/1165 1281/793/1164
f 1259/767/1142 1275/780/1158 1274/794/1157
f 1280/791/1163 1294/796/1177 1279/789/1162
f 1272/790/1155 1288/798/1171 1287/812/1170
f 1280/791/1163 1296/799/1179 1295/797/1178
f 1274/794/1157 1288/798/1171 1273/792/1156
f 1281/793/1164 1297/801/1180 1296/799/1179
f 1274/794/1157 1290/802/1173 1289/800/1172
f 1283/779/1166 1297/801/1180 1282/795/1165
f 1276/781/1159 1290/802/1173 1275/780/1158
f 1283/779/1166 1299/805/1182 1298/803/1181
f 1277/783/1160 1291/804/1174 1276/781/1159
f 1277/783/1160 1293/810/1176 1292/806/1175
f 1270/785/1153 1286/811/1169 1285/808/1168
f 1278/787/1161 1294/796/1177 1293/810/1176
f 1271/788/1154 1287/812/1170 1286/811/1169
f 1299/805/1182 1314/813/1197 1298/803/1181
f 1292/806/1175 1307/815/1190 1291/804/1174
f 1292/806/1175 1309/820/1192 1308/816/1191
f 1285/808/1168 1302/821/1185 1301/818/1184
f 1293/810/1176 1310/822/1193 1309/820/1192
f 1286/811/1169 1303/823/1186 1302/821/1185
f 1295/797/1178 1310/822/1193 1294/796/1177
f 1287/812/1170 1304/825/1187 1303/823/1186
f 1295/797/1178 1312/826/1195 1311/824/1194
f 1289/800/1172 1304/825/1187 1288/798/1171
f 1296/799/1179 1313/828/1196 1312/826/1195
f 1289/800/1172 1306/829/1189 1305/827/1188
f 1297/801/1180 1314/813/1197 1313/828/1196
f 1291/804/1174 1306/829/1189 1290/802/1173
f 1303/823/1186 1319/830/1202 1318/845/1201
f 1311/824/1194 1327/831/1210 1326/846/1209
f 1305/827/1188 1319/830/1202 1304/825/1187
f 1313/828/1196 1327/831/1210 1312/826/1195
f 1305/827/1188 1321/834/1204 1320/832/1203
f 1314/813/1197 1328/833/1211 1313/828/1196
f 1307/815/1190 1321/834/1204 1306/829/1189
f 1314/813/1197 1330/837/1213 1329/835/1212
f 1308/816/1191 1322/836/1205 1307/815/1190
f 1308/816/1191 1324/842/1207 1323/838/1206
f 1302/821/1185 1316/840/1199 1301/818/1184
f 1309/820/1192 1325/844/1208 1324/842/1207
f 1302/821/1185 1318/845/1201 1317/843/1200
f 1311/824/1194 1325/844/1208 1310/822/1193
f 1323/838/1206 1337/847/1220 1322/836/1205
f 1323/838/1206 1339/853/1222 1338/848/1221
f 1317/843/1200 1331/850/1214 1316/840/1199
f 1324/842/1207 1340/855/1223 1339/853/1222
f 1317/843/1200 1333/856/1216 1332/854/1215
f 1326/846/1209 1340/855/1223 1325/844/1208
f 1318/845/1201 1334/858/1217 1333/856/1216
f 1326/846/1209 1342/859/1225 1341/857/1224
f 1320/832/1203 1334/858/1217 1319/830/1202
f 1328/833/1211 1342/859/1225 1327/831/1210
f 1320/832/1203 1336/862/1219 1335/860/1218
f 1328/833/1211 1344/863/1227 1343/861/1226
f 1322/836/1205 1336/862/1219 1321/834/1204
f 1329/835/1212 1345/852/1228 1344/863/1227
f 1341/857/1224 1357/864/1240 1356/880/1239
f 1335/860/1218 1349/865/1232 1334/858/1217
f 1343/861/1226 1357/864/1240 1342/859/1225
f 1335/860/1218 1351/868/1234 1350/866/1233
f 1343/861/1226 1359/869/1242 1358/867/1241
f 1337/847/1220 1351/868/1234 1336/862/1219
f 1344/863/1227 1360/871/1243 1359/869/1242
f 1338/848/1221 1352/870/1235 1337/847/1220
f 1338/848/1221 1354/876/1237 1353/872/1236
f 1331/850/1214 1347/877/1230 1346/874/1229
f 1339/853/1222 1355/878/1238 1354/876/1237
f 1332/854/1215 1348/879/1231 1347/877/1230
f 1341/857/1224 1355/878/1238 1340/855/1223
f 1333/856/1216 1349/865/1232 1348/879/1231
f 1353/872/1236 1369/885/1252 1368/897/1251
f 1346/874/1229 1362/886/1245 1361/882/1244
f 1354/876/1237 1370/887/1253 1369/885/1252
f 1348/879/1231 1362/886/1245 1347/877/1230
f 1356/880/1239 1370/887/1253 1355/878/1238
f 1348/879/1231 1364/890/1247 1363/888/1246
f 1356/880/1239 1372/891/1255 1371/889/1254
f 1350/866/1233 1364/890/1247 1349/865/1232
f 1358/867/1241 1372/891/1255 1357/864/1240
f 1350/866/1233 1366/894/1249 1365/892/1248
f 1358/867/1241 1374/895/1257 1373/893/1256
f 1352/870/1235 1366/894/1249 1351/868/1234
f 1360/871/1243 1374/895/1257 1359/869/1242
f 1353/872/1236 1367/896/1250 1352/870/1235
f 1365/892/1248 1379/898/1262 1364/890/1247
f 1373/893/1256 1387/900/1270 1372/891/1255
f 1365/892/1248 1381/902/1264 1380/899/1263
f 1373/893/1256 1389/903/1272 1388/901/1271
f 1367/896/1250 1381/902/1264 1366/894/1249
f 1374/895/1257 1390/905/1273 1389/903/1272
f 1368/897/1251 1382/904/1265 1367/896/1250
f 1368/897/1251 1384/910/1267 1383/906/1266
f 1361/882/1244 1377/911/1260 1376/908/1259
f 1369/885/1252 1385/912/1268 1384/910/1267
f 1363/888/1246 1377/911/1260 1362/886/1245
f 1371/889/1254 1385/912/1268 1370/887/1253
f 1363/888/1246 1379/898/1262 1378/913/1261
f 1371/889/1254 1387/900/1270 1386/914/1269
f 1383/906/1266 1399/915/1282 1398/928/1281
f 1376/908/1259 1392/916/1275 1391/930/1274
f 1384/910/1267 1400/917/1283 1399/915/1282
f 1377/911/1260 1393/918/1276 1392/916/1275
f 1386/914/1269 1400/917/1283 1385/912/1268
f 1378/913/1261 1394/920/1277 1393/918/1276
f 1386/914/1269 1402/921/1285 1401/919/1284
f 1380/899/1263 1394/920/1277 1379/898/1262
f 1387/900/1270 1403/923/1286 1402/921/1285
f 1380/899/1263 1396/924/1279 1395/922/1278
f 1389/903/1272 1403/923/1286 1388/901/1271
f 1382/904/1265 1396/924/1279 1381/902/1264
f 1390/905/1273 1404/925/1287 1389/903/1272
f 1383/906/1266 1397/926/1280 1382/904/1265
f 1403/923/1286 1417/932/1300 1402/921/1285
f 1395/922/1278 1411/934/1294 1410/948/1293
f 1403/923/1286 1419/935/1302 1418/933/1301
f 1397/926/1280 1411/934/1294 1396/924/1279
f 1404/925/1287 1420/937/1303 1419/935/1302
f 1398/928/1281 1412/936/1295 1397/926/1280
f 1398/928/1281 1414/942/1297 1413/938/1296
f 1392/916/1275 1406/940/1289 1391/930/1274
f 1399/915/1282 1415/944/1298 1414/942/1297
f 1393/918/1276 1407/943/1290 1392/916/1275
f 1401/919/1284 1415/944/1298 1400/917/1283
f 1393/918/1276 1409/947/1292 1408/945/1291
f 1401/919/1284 1417/932/1300 1416/946/1299
f 1395/922/1278 1409/947/1292 1394/920/1277
f 1414/942/1297 1430/949/1313 1429/964/1312
f 1407/943/1290 1423/950/1306 1422/965/1305
f 1416/946/1299 1430/949/1313 1415/944/1298
f 1408/945/1291 1424/952/1307 1423/950/1306
f 1416/946/1299 1432/953/1315 1431/951/1314
f 1410/948/1293 1424/952/1307 1409/947/1292
f 1418/933/1301 1432/953/1315 1417/932/1300
f 1410/948/1293 1426/956/1309 1425/954/1308
f 1418/933/1301 1434/957/1317 1433/955/1316
f 1412/936/1295 1426/956/1309 1411/934/1294
f 1419/935/1302 1435/959/1318 1434/957/1317
f 1413/938/1296 1427/958/1310 1412/936/1295
f 1413/938/1296 1429/964/1312 1428/960/1311
f 1406/940/1289 1422/965/1305 1421/962/1304
f 1433/955/1316 1449/966/1332 1448/982/1331
f 1427/958/1310 1441/967/1324 1426/956/1309
f 1434/957/1317 1450/969/1333 1449/966/1332
f 1428/960/1311 1442/968/1325 1427/958/1310
f 1428/960/1311 1444/974/1327 1443/970/1326
f 1421/962/1304 1437/975/1320 1436/972/1319
f 1429/964/1312 1445/976/1328 1444/974/1327
f 1422/965/1305 1438/977/1321 1437/975/1320
f 1431/951/1314 1445/976/1328 1430/949/1313
f 1423/950/1306 1439/979/1322 1438/977/1321
f 1431/951/1314 1447/980/1330 1446/978/1329
f 1425/954/1308 1439/979/1322 1424/952/1307
f 1433/955/1316 1447/980/1330 1432/953/1315
f 1425/954/1308 1441/967/1324 1440/981/1323
f 1438/977/1321 1452/983/1335 1437/975/1320
f 1446/978/1329 1460/985/1343 1445/976/1328
f 1438/977/1321 1454/987/1337 1453/984/1336
f 1446/978/1329 1462/988/1345 1461/986/1344
f 1440/981/1323 1454/987/1337 1439/979/1322
f 1448/982/1331 1462/988/1345 1447/980/1330
f 1440/981/1323 1456/991/1339 1455/989/1338
f 1448/982/1331 1464/992/1347 1463/990/1346
f 1442/968/1325 1456/991/1339 1441/967/1324
f 1450/969/1333 1464/992/1347 1449/966/1332
f 1443/970/1326 1457/993/1340 1442/968/1325
f 1443/970/1326 1459/999/1342 1458/995/1341
f 1436/972/1319 1452/983/1335 1451/997/1334
f 1444/974/1327 1460/985/1343 1459/999/1342
f 1457/993/1340 1471/1000/1354 1456/991/1339
f 1464/992/1347 1480/1002/1363 1479/1016/1362
f 1458/995/1341 1472/1001/1355 1457/993/1340
f 1458/995/1341 1474/1007/1357 1473/1003/1356
f 1451/997/1334 1467/1008/1350 1466/1005/1349
f 1459/999/1342 1475/1009/1358 1474/1007/1357
f 1452/983/1335 1468/1010/1351 1467/1008/1350
f 1461/986/1344 1475/1009/1358 1460/985/1343
f 1453/984/1336 1469/1012/1352 1468/1010/1351
f 1461/986/1344 1477/1013/1360 1476/1011/1359
f 1455/989/1338 1469/1012/1352 1454/987/1337
f 1463/990/1346 1477/1013/1360 1462/988/1345
f 1455/989/1338 1471/1000/1354 1470/1014/1353
f 1463/990/1346 1479/1016/1362 1478/1015/1361
f 1476/1011/1359 1490/1017/1373 1475/1009/1358
f 1468/1010/1351 1484/1019/1367 1483/1033/1366
f 1476/1011/1359 1492/1020/1375 1491/1018/1374
f 1470/1014/1353 1484/1019/1367 1469/1012/1352
f 1478/1015/1361 1492/1020/1375 1477/1013/1360
f 1470/1014/1353 1486/1023/1369 1485/1021/1368
f 1478/1015/1361 1494/1024/1377 1493/1022/1376
f 1472/1001/1355 1486/1023/1369 1471/1000/1354
f 1479/1016/1362 1495/1026/1378 1494/1024/1377
f 1473/1003/1356 1487/1025/1370 1472/1001/1355
f 1473/1003/1356 1489/1031/1372 1488/1027/1371
f 1467/1008/1350 1481/1029/1364 1466/1005/1349
f 1474/1007/1357 1490/1017/1373 1489/1031/1372
f 1467/1008/1350 1483/1033/1366 1482/1032/1365
f 1495/1026/1378 1509/1034/1392 1494/1024/1377
f 1488/1027/1371 1502/1036/1385 1487/1025/1370
f 1488/1027/1371 1504/1041/1387 1503/1037/1386
f 1482/1032/1365 1496/1039/1379 1481/1029/1364
f 1489/1031/1372 1505/1043/1388 1504/1041/1387
f 1482/1032/1365 1498/1044/1381 1497/1042/1380
f 1491/1018/1374 1505/1043/1388 1490/1017/1373
f 1483/1033/1366 1499/1046/1382 1498/1044/1381
f 1491/1018/1374 1507/1047/1390 1506/1045/1389
f 1485/1021/1368 1499/1046/1382 1484/1019/1367
f 1493/1022/1376 1507/1047/1390 1492/1020/1375
f 1485/1021/1368 1501/1050/1384 1500/1048/1383
f 1493/1022/1376 1509/1034/1392 1508/1049/1391
f 1487/1025/1370 1501/1050/1384 1486/1023/1369
f 1498/1044/1381 1514/1051/1397 1513/1066/1396
f 1506/1045/1389 1522/1052/1405 1521/1067/1404
f 1500/1048/1383 1514/1051/1397 1499/1046/1382
f 1508/1049/1391 1522/1052/1405 1507/1047/1390
f 1500/1048/1383 1516/1055/1399 1515/1053/1398
f 1508/1049/1391 1524/1056/1407 1523/1054/1406
f 1502/1036/1385 1516/1055/1399 1501/1050/1384
f 1510/1035/1393 1524/1056/1407 1509/1034/1392
f 1503/1037/1386 1517/1057/1400 1502/1036/1385
f 1503/1037/1386 1519/1063/1402 1518/1059/1401
f 1496/1039/1379 1512/1064/1395 1511/1061/1394
f 1504/1041/1387 1520/1065/1403 1519/1063/1402
f 1497/1042/1380 1513/1066/1396 1512/1064/1395
f 1506/1045/1389 1520/1065/1403 1505/1043/1388
f 1518/1059/1401 1533/1068/1416 1517/1057/1400
f 1518/1059/1401 1535/1074/1418 1534/1069/1417
f 1511/1061/1394 1528/1075/1411 1527/1071/1410
f 1519/1063/1402 1536/1076/1419 1535/1074/1418
f 1512/1064/1395 1529/1077/1412 1528/1075/1411
f 1521/1067/1404 1536/1076/1419 1520/1065/1403
f 1513/1066/1396 1530/1079/1413 1529/1077/1412
f 1521/1067/1404 1538/1080/1421 1537/1078/1420
f 1515/1053/1398 1530/1079/1413 1514/1051/1397
f 1523/1054/1406 1538/1080/1421 1522/1052/1405
f 1515/1053/1398 1532/1083/1415 1531/1081/1414
f 1523/1054/1406 1540/1084/1423 1539/1082/1422
f 1517/1057/1400 1532/1083/1415 1516/1055/1399
f 1524/1056/1407 1541/1073/1424 1540/1084/1423
f 1537/1078/1420 1553/1085/1436 1552/1100/1435
f 1530/1079/1413 1546/1086/1429 1545/1101/1428
f 1539/1082/1422 1553/1085/1436 1538/1080/1421
f 1531/1081/1414 1547/1088/1430 1546/1086/1429
f 1539/1082/1422 1555/1089/1438 1554/1087/1437
f 1533/1068/1416 1547/1088/1430 1532/1083/1415
f 1540/1084/1423 1556/1091/1439 1555/1089/1438
f 1534/1069/1417 1548/1090/1431 1533/1068/1416
f 1534/1069/1417 1550/1096/1433 1549/1092/1432
f 1527/1071/1410 1543/1097/1426 1542/1094/1425
f 1535/1074/1418 1551/1098/1434 1550/1096/1433
f 1528/1075/1411 1544/1099/1427 1543/1097/1426
f 1537/1078/1420 1551/1098/1434 1536/1076/1419
f 1529/1077/1412 1545/1101/1428 1544/1099/1427
f 1549/1092/1432 1565/1104/1448 1564/1116/1447
f 1542/1094/1425 1558/1105/1441 1557/1118/1440
f 1550/1096/1433 1566/1106/1449 1565/1104/1448
f 1543/1097/1426 1559/1107/1442 1558/1105/1441
f 1552/1100/1435 1566/1106/1449 1551/1098/1434
f 1544/1099/1427 1560/1109/1443 1559/1107/1442
f 1552/1100/1435 1568/1110/1451 1567/1108/1450
f 1546/1086/1429 1560/1109/1443 1545/1101/1428
f 1554/1087/1437 1568/1110/1451 1553/1085/1436
f 1546/1086/1429 1562/1113/1445 1561/1111/1444
f 1554/1087/1437 1570/1114/1453 1569/1112/1452
f 1548/1090/1431 1562/1113/1445 1547/1088/1430
f 1555/1089/1438 1571/1103/1454 1570/1114/1453
f 1549/1092/1432 1563/1115/1446 1548/1090/1431
f 1569/1112/1452 1583/1119/1466 1568/1110/1451
f 1561/1111/1444 1577/1121/1460 1576/1135/1459
f 1569/1112/1452 1585/1122/1468 1584/1120/1467
f 1563/1115/1446 1577/1121/1460 1562/1113/1445
f 1570/1114/1453 1586/1124/1469 1585/1122/1468
f 1564/1116/1447 1578/1123/1461 1563/1115/1446
f 1564/1116/1447 1580/1129/1463 1579/1125/1462
f 1557/1118/1440 1573/1130/1456 1572/1127/1455
f 1565/1104/1448 1581/1131/1464 1580/1129/1463
f 1559/1107/1442 1573/1130/1456 1558/1105/1441
f 1567/1108/1450 1581/1131/1464 1566/1106/1449
f 1559/1107/1442 1575/1134/1458 1574/1132/1457
f 1567/1108/1450 1583/1119/1466 1582/1133/1465
f 1561/1111/1444 1575/1134/1458 1560/1109/1443
f 1572/1136/1455 1588/1137/1471 1587/1165/1470
f 1580/1139/1463 1596/1140/1479 1595/1167/1478
f 1574/1142/1457 1588/1137/1471 1573/1138/1456
f 1582/1144/1465 1596/1140/1479 1581/1141/1464
f 1574/1142/1457 1590/1146/1473 1589/1143/1472
f 1582/1144/1465 1598/1148/1481 1597/1145/1480
f 1576/1150/1459 1590/1146/1473 1575/1147/1458
f 1584/1152/1467 1598/1148/1481 1583/1149/1466
f 1576/1150/1459 1592/1154/1475 1591/1151/1474
f 1584/1152/1467 1600/1156/1483 1599/1153/1482
f 1578/1158/1461 1592/1154/1475 1577/1155/1460
f 1585/1157/1468 1601/1160/1484 1600/1156/1483
f 1579/1162/1462 1593/1159/1476 1578/1158/1461
f 1579/1162/1462 1595/1167/1478 1594/1163/1477
f 1591/1151/1474 1607/1168/1490 1606/1183/1489
f 1599/1153/1482 1615/1169/1498 1614/1184/1497
f 1593/1159/1476 1607/1168/1490 1592/1154/1475
f 1600/1156/1483 1616/1171/1499 1615/1169/1498
f 1594/1163/1477 1608/1170/1491 1593/1159/1476
f 1594/1163/1477 1610/1176/1493 1609/1172/1492
f 1587/1165/1470 1603/1177/1486 1602/1174/1485
f 1595/1167/1478 1611/1178/1494 1610/1176/1493
f 1589/1143/1472 1603/1177/1486 1588/1137/1471
f 1597/1145/1480 1611/1178/1494 1596/1140/1479
f 1589/1143/1472 1605/1181/1488 1604/1179/1487
f 1597/1145/1480 1613/1182/1496 1612/1180/1495
f 1591/1151/1474 1605/1181/1488 1590/1146/1473
f 1599/1153/1482 1613/1182/1496 1598/1148/1481
f 1610/1176/1493 1626/1185/1509 1625/1200/1508
f 1603/1177/1486 1619/1186/1502 1618/1201/1501
f 1612/1180/1495 1626/1185/1509 1611/1178/1494
f 1604/1179/1487 1620/1188/1503 1619/1186/1502
f 1612/1180/1495 1628/1189/1511 1627/1187/1510
f 1606/1183/1489 1620/1188/1503 1605/1181/1488
f 1614/1184/1497 1628/1189/1511 1613/1182/1496
f 1606/1183/1489 1622/1192/1505 1621/1190/1504
f 1615/1169/1498 1629/1191/1512 1614/1184/1497
f 1608/1170/1491 1622/1192/1505 1607/1168/1490
f 1615/1169/1498 1631/1195/1514 1630/1193/1513
f 1609/1172/1492 1623/1194/1506 1608/1170/1491
f 1609/1172/1492 1625/1200/1508 1624/1196/1507
f 1603/1177/1486 1617/1198/1500 1602/1174/1485
f 1629/1191/1512 1645/1202/1528 1644/1218/1527
f 1623/1194/1506 1637/1203/1520 1622/1192/1505
f 1630/1193/1513 1646/1205/1529 1645/1202/1528
f 1624/1196/1507 1638/1204/1521 1623/1194/1506
f 1624/1196/1507 1640/1210/1523 1639/1206/1522
f 1617/1198/1500 1633/1211/1516 1632/1208/1515
f 1625/1200/1508 1641/1212/1524 1640/1210/1523
f 1619/1186/1502 1633/1211/1516 1618/1201/1501
f 1627/1187/1510 1641/1212/1524 1626/1185/1509
f 1619/1186/1502 1635/1215/1518 1634/1213/1517
f 1627/1187/1510 1643/1216/1526 1642/1214/1525
f 1621/1190/1504 1635/1215/1518 1620/1188/1503
f 1629/1191/1512 1643/1216/1526 1628/1189/1511
f 1621/1190/1504 1637/1203/1520 1636/1217/1519
f 1634/1213/1517 1648/1219/1531 1633/1211/1516
f 1642/1214/1525 1656/1221/1539 1641/1212/1524
f 1634/1213/1517 1650/1223/1533 1649/1220/1532
f 1642/1214/1525 1658/1224/1541 1657/1222/1540
f 1636/1217/1519 1650/1223/1533 1635/1215/1518
f 1644/1218/1527 1658/1224/1541 1643/1216/1526
f 1636/1217/1519 1652/1227/1535 1651/1225/1534
f 1644/1218/1527 1660/1228/1543 1659/1226/1542
f 1638/1204/1521 1652/1227/1535 1637/1203/1520
f 1645/1202/1528 1661/1230/1544 1660/1228/1543
f 1639/1206/1522 1653/1229/1536 1638/1204/1521
f 1639/1206/1522 1655/1235/1538 1654/1231/1537
f 1632/1208/1515 1648/1219/1531 1647/1233/1530
f 1640/1210/1523 1656/1221/1539 1655/1235/1538
f 1653/1229/1536 1667/1236/1550 1652/1227/1535
f 1660/1228/1543 1676/1238/1559 1675/1252/1558
f 1654/1231/1537 1668/1237/1551 1653/1229/1536
f 1654/1231/1537 1670/1243/1553 1669/1239/1552
f 1648/1219/1531 1662/1241/1545 1647/1233/1530
f 1655/1235/1538 1671/1245/1554 1670/1243/1553
f 1648/1219/1531 1664/1246/1547 1663/1244/1546
f 1657/1222/1540 1671/1245/1554 1656/1221/1539
f 1649/1220/1532 1665/1248/1548 1664/1246/1547
f 1657/1222/1540 1673/1249/1556 1672/1247/1555
f 1651/1225/1534 1665/1248/1548 1650/1223/1533
f 1659/1226/1542 1673/1249/1556 1658/1224/1541
f 1651/1225/1534 1667/1236/1550 1666/1250/1549
f 1659/1226/1542 1675/1252/1558 1674/1251/1557
f 1672/1247/1555 1686/1253/1569 1671/1245/1554
f 1664/1246/1547 1680/1255/1563 1679/1269/1562
f 1672/1247/1555 1688/1256/1571 1687/1254/1570
f 1666/1250/1549 1680/1255/1563 1665/1248/1548
f 1674/1251/1557 1688/1256/1571 1673/1249/1556
f 1666/1250/1549 1682/1259/1565 1681/1257/1564
f 1674/1251/1557 1690/1260/1573 1689/1258/1572
f 1668/1237/1551 1682/1259/1565 1667/1236/1550
f 1676/1238/1559 1690/1260/1573 1675/1252/1558
f 1669/1239/1552 1683/1261/1566 1668/1237/1551
f 1669/1239/1552 1685/1267/1568 1684/1263/1567
f 1662/1241/1545 1678/1268/1561 1677/1265/1560
f 1670/1243/1553 1686/1253/1569 1685/1267/1568
f 1664/1246/1547 1678/1268/1561 1663/1244/1546
f 1690/1260/1573 1700/715/1583 1699/713/1582
f 1684/1263/1567 1221/716/1104 1683/1261/1566
f 1684/1263/1567 1223/724/1106 1222/718/1105
f 1678/1268/1561 1692/719/1575 1677/1265/1560
f 1685/1267/1568 1696/728/1579 1223/724/1106
f 1679/1269/1562 1693/725/1576 1678/1268/1561
f 1686/1253/1569 1224/732/1107 1696/728/1579
f 1680/1255/1563 1219/729/1102 1679/1269/1562
f 1687/1254/1570 1697/736/1580 1224/732/1107
f 1681/1257/1564 1694/733/1577 1680/1255/1563
f 1689/1258/1572 1697/736/1580 1688/1256/1571
f 1682/1259/1565 1220/737/1103 1681/1257/1564
f 1689/1258/1572 1699/713/1582 1698/740/1581
f 1683/1261/1566 1695/741/1578 1682/1259/1565
f 1702/1272/1585 1703/1273/1586 1704/1274/1587
f 1704/1274/1587 1705/1275/1588 1706/1276/1589
f 1706/1276/1589 1707/1277/1590 1708/1278/1591
f 1708/1278/1591 1709/1279/1592 1710/1280/1593
f 1710/1280/1593 1711/1281/1594 1712/1282/1595
f 1712/1282/1595 1713/1283/1596 1714/1284/1597
f 1714/1284/1597 1715/1285/1598 1716/1286/1599
f 1716/1286/1599 1717/718/1600 1718/1287/1601
f 1718/1287/1601 1719/717/1602 1720/1288/1603
f 1720/1288/1603 1721/750/1604 1722/1289/1605
f 1722/1289/1605 1723/773/1606 1724/1290/1607
f 1724/1290/1607 1725/783/1608 1726/1291/1609
f 1726/1291/1609 1727/806/1610 1728/1292/1611
f 1728/1292/1611 1729/816/1612 1730/1293/1613
f 1730/1293/1613 1731/838/1614 1732/1294/1615
f 1732/1294/1615 1733/1295/1616 1734/1296/1617
f 1734/1296/1617 1735/1297/1618 1736/1298/1619
f 1736/1298/1619 1737/1299/1620 1738/1300/1621
f 1738/1300/1621 1739/1301/1622 1740/1302/1623
f 1740/1302/1623 1741/1303/1624 1742/1304/1625
f 1742/1304/1625 1743/1305/1626 1744/1306/1627
f 1744/1306/1627 1745/1307/1628 1746/1308/1629
f 1746/1308/1629 1747/1309/1630 1748/1310/1631
f 1748/1310/1631 1749/1311/1632 1750/1312/1633
f 1750/1312/1633 1751/1313/1634 1752/1314/1635
f 1752/1314/1635 1753/1315/1636 1754/1316/1637
f 1754/1316/1637 1755/1317/1638 1756/1318/1639
f 1756/1318/1639 1757/1319/1640 1758/1320/1641
f 1758/1320/1641 1759/1321/1642 1760/1322/1643
f 1760/1322/1643 1761/1323/1644 1762/1327/1645
f 1706/1326/1589 1702/1334/1585 1704/1333/1587
f 1702/1334/1585 1762/1336/1645 1764/1335/1647
f 1762/1336/1645 1758/1338/1641 1760/1337/1643
f 1758/1338/1641 1754/1340/1637 1756/1339/1639
f 1754/1340/1637 1750/1342/1633 1752/1341/1635
f 1750/1342/1633 1746/1344/1629 1748/1343/1631
f 1746/1344/1629 1742/1346/1625 1744/1345/1627
f 1742/1346/1625 1738/1324/1621 1740/1347/1623
f 1738/1324/1621 1734/1349/1617 1736/1348/1619
f 1734/1349/1617 1730/1351/1613 1732/1350/1615
f 1730/1351/1613 1726/1353/1609 1728/1352/1611
f 1726/1353/1609 1722/1325/1605 1724/1354/1607
f 1722/1325/1605 1718/1356/1601 1720/1355/1603
f 1718/1356/1601 1714/1358/1597 1716/1357/1599
f 1714/1358/1597 1710/1360/1593 1712/1359/1595
f 1710/1360/1593 1706/1326/1589 1708/1361/1591
f 1706/1326/1589 1762/1336/1645 1702/1334/1585
f 1762/1336/1645 1754/1340/1637 1758/1338/1641
f 1754/1340/1637 1746/1344/1629 1750/1342/1633
f 1746/1344/1629 1738/1324/1621 1742/1346/1625
f 1738/1324/1621 1730/1351/1613 1734/1349/1617
f 1730/1351/1613 1722/1325/1605 1726/1353/1609
f 1722/1325/1605 1714/1358/1597 1718/1356/1601
f 1714/1358/1597 1706/1326/1589 1710/1360/1593
f 1706/1326/1589 1754/1340/1637 1762/1336/1645
f 1754/1340/1637 1738/1324/1621 1746/1344/1629
f 1738/1324/1621 1722/1325/1605 1730/1351/1613
f 1722/1325/1605 1706/1326/1589 1714/1358/1597
f 1706/1326/1589 1738/1324/1621 1754/1340/1637
f 1762/1327/1645 1763/1328/1646 1764/1329/1647
f 1764/1329/1647 1701/1125/1584 1702/1362/1585
f 1763/1332/1646 1703/1364/1586 1701/1363/1584
f 1703/1364/1586 1707/1366/1590 1705/1365/1588
f 1707/1366/1590 1711/1368/1594 1709/1367/1592
f 1711/1368/1594 1715/1370/1598 1713/1369/1596
f 1715/1370/1598 1719/1372/1602 1717/1371/1600
f 1719/1372/1602 1723/1374/1606 1721/1373/1604
f 1723/1374/1606 1727/1376/1610 1725/1375/1608
f 1727/1376/1610 1731/1330/1614 1729/1377/1612
f 1731/1330/1614 1735/1379/1618 1733/1378/1616
f 1735/1379/1618 1739/1381/1622 1737/1380/1620
f 1739/1381/1622 1743/1383/1626 1741/1382/1624
f 1743/1383/1626 1747/1331/1630 1745/1384/1628
f 1747/1331/1630 1751/1386/1634 1749/1385/1632
f 1751/1386/1634 1755/1388/1638 1753/1387/1636
f 1755/1388/1638 1759/1390/1642 1757/1389/1640
f 1759/1390/1642 1763/1332/1646 1761/1391/1644
f 1763/1332/1646 1707/1366/1590 1703/1364/1586
f 1707/1366/1590 1715/1370/1598 1711/1368/1594
f 1715/1370/1598 1723/1374/1606 1719/1372/1602
f 1723/1374/1606 1731/1330/1614 1727/1376/1610
f 1731/1330/1614 1739/1381/1622 1735/1379/1618
f 1739/1381/1622 1747/1331/1630 1743/1383/1626
f 1747/1331/1630 1755/1388/1638 1751/1386/1634
f 1755/1388/1638 1763/1332/1646 1759/1390/1642
f 1763/1332/1646 1715/1370/1598 1707/1366/1590
f 1715/1370/1598 1731/1330/1614 1723/1374/1606
f 1731/1330/1614 1747/1331/1630 1739/1381/1622
f 1747/1331/1630 1763/1332/1646 1755/1388/1638
f 1763/1332/1646 1731/1330/1614 1715/1370/1598
f 2245/713/1582 1785/714/1122 1784/743/1121
f 1767/716/1104 1778/717/1115 1777/744/1114
f 1768/718/1105 1779/723/1116 1778/717/1115
f 2239/725/1576 1771/721/1108 2238/719/1575
f 1769/724/1106 1780/727/1117 1779/723/1116
f 1765/729/1102 1772/726/1109 2239/725/1576
f 2242/728/1579 1781/731/1118 1780/727/1117
f 2240/733/1577 1773/730/1110 1765/729/1102
f 1770/732/1107 1782/735/1119 1781/731/1118
f 2240/733/1577 1775/738/1112 1774/734/1111
f 2243/736/1580 1783/739/1120 1782/735/1119
f 2241/741/1578 1775/738/1112 1766/737/1103
f 2244/740/1581 1784/743/1121 1783/739/1120
f 2241/741/1578 1777/744/1114 1776/742/1113
f 1775/738/1112 1791/745/1128 1790/761/1127
f 1783/739/1120 1799/747/1136 1798/746/1135
f 1777/744/1114 1791/745/1128 1776/742/1113
f 1785/714/1122 1799/747/1136 1784/743/1121
f 1777/744/1114 1793/750/1130 1792/748/1129
f 1779/723/1116 1793/750/1130 1778/717/1115
f 1771/721/1108 1787/755/1124 1786/752/1123
f 1779/723/1116 1795/756/1132 1794/754/1131
f 1772/726/1109 1788/757/1125 1787/755/1124
f 1781/731/1118 1795/756/1132 1780/727/1117
f 1774/734/1111 1788/757/1125 1773/730/1110
f 1782/735/1119 1796/758/1133 1781/731/1118
f 1774/734/1111 1790/761/1127 1789/759/1126
f 1783/739/1120 1797/760/1134 1782/735/1119
f 1794/754/1131 1810/762/1147 1809/777/1146
f 1787/755/1124 1803/763/1140 1802/778/1139
f 1796/758/1133 1810/762/1147 1795/756/1132
f 1789/759/1126 1803/763/1140 1788/757/1125
f 1797/760/1134 1811/764/1148 1796/758/1133
f 1789/759/1126 1805/767/1142 1804/765/1141
f 1797/760/1134 1813/768/1150 1812/766/1149
f 1791/745/1128 1805/767/1142 1790/761/1127
f 1798/746/1135 1814/770/1151 1813/768/1150
f 1792/748/1129 1806/769/1143 1791/745/1128
f 1800/749/1137 1814/770/1151 1799/747/1136
f 1792/748/1129 1808/773/1145 1807/771/1144
f 1793/750/1130 1809/777/1146 1808/773/1145
f 1786/752/1123 1802/778/1139 1801/775/1138
f 1813/768/1150 1829/779/1166 1828/795/1165
f 1807/771/1144 1821/780/1158 1806/769/1143
f 1814/770/1151 1830/782/1167 1829/779/1166
f 1808/773/1145 1822/781/1159 1807/771/1144
f 1808/773/1145 1824/787/1161 1823/783/1160
f 1801/775/1138 1817/788/1154 1816/785/1153
f 1809/777/1146 1825/789/1162 1824/787/1161
f 1803/763/1140 1817/788/1154 1802/778/1139
f 1810/762/1147 1826/791/1163 1825/789/1162
f 1804/765/1141 1818/790/1155 1803/763/1140
f 1812/766/1149 1826/791/1163 1811/764/1148
f 1804/765/1141 1820/794/1157 1819/792/1156
f 1812/766/1149 1828/795/1165 1827/793/1164
f 1805/767/1142 1821/780/1158 1820/794/1157
f 1826/791/1163 1840/796/1177 1825/789/1162
f 1818/790/1155 1834/798/1171 1833/812/1170
f 1826/791/1163 1842/799/1179 1841/797/1178
f 1820/794/1157 1834/798/1171 1819/792/1156
f 1827/793/1164 1843/801/1180 1842/799/1179
f 1820/794/1157 1836/802/1173 1835/800/1172
f 1828/795/1165 1844/803/1181 1843/801/1180
f 1822/781/1159 1836/802/1173 1821/780/1158
f 1829/779/1166 1845/805/1182 1844/803/1181
f 1823/783/1160 1837/804/1174 1822/781/1159
f 1823/783/1160 1839/810/1176 1838/806/1175
f 1816/785/1153 1832/811/1169 1831/808/1168
f 1824/787/1161 1840/796/1177 1839/810/1176
f 1817/788/1154 1833/812/1170 1832/811/1169
f 1844/803/1181 1861/814/1198 1860/813/1197
f 1838/806/1175 1853/815/1190 1837/804/1174
f 1838/806/1175 1855/820/1192 1854/816/1191
f 1831/808/1168 1848/821/1185 1847/818/1184
f 1839/810/1176 1856/822/1193 1855/820/1192
f 1833/812/1170 1848/821/1185 1832/811/1169
f 1841/797/1178 1856/822/1193 1840/796/1177
f 1833/812/1170 1850/825/1187 1849/823/1186
f 1841/797/1178 1858/826/1195 1857/824/1194
f 1835/800/1172 1850/825/1187 1834/798/1171
f 1843/801/1180 1858/826/1195 1842/799/1179
f 1835/800/1172 1852/829/1189 1851/827/1188
f 1844/803/1181 1859/828/1196 1843/801/1180
f 1837/804/1174 1852/829/1189 1836/802/1173
f 1849/823/1186 1865/830/1202 1864/845/1201
f 1857/824/1194 1873/831/1210 1872/846/1209
f 1851/827/1188 1865/830/1202 1850/825/1187
f 1858/826/1195 1874/833/1648 1873/831/1210
f 1851/827/1188 1867/834/1204 1866/832/1203
f 1859/828/1196 1875/835/1212 1874/833/1648
f 1853/815/1190 1867/834/1204 1852/829/1189
f 1860/813/1197 1876/837/1213 1875/835/1212
f 1854/816/1191 1868/836/1205 1853/815/1190
f 1854/816/1191 1870/842/1207 1869/838/1206
f 1847/818/1184 1863/843/1200 1862/840/1199
f 1855/820/1192 1871/844/1208 1870/842/1207
f 1848/821/1185 1864/845/1201 1863/843/1200
f 1857/824/1194 1871/844/1208 1856/822/1193
f 1869/838/1206 1883/847/1220 1868/836/1205
f 1869/838/1206 1885/853/1222 1884/848/1221
f 1862/840/1199 1878/854/1215 1877/850/1214
f 1870/842/1207 1886/855/1223 1885/853/1222
f 1863/843/1200 1879/856/1216 1878/854/1215
f 1872/846/1209 1886/855/1223 1871/844/1208
f 1864/845/1201 1880/858/1217 1879/856/1216
f 1872/846/1209 1888/859/1225 1887/857/1224
f 1866/832/1203 1880/858/1217 1865/830/1202
f 1874/833/1648 1888/859/1225 1873/831/1210
f 1866/832/1203 1882/862/1219 1881/860/1218
f 1874/833/1648 1890/863/1227 1889/861/1226
f 1868/836/1205 1882/862/1219 1867/834/1204
f 1876/837/1213 1890/863/1227 1875/835/1212
f 1887/857/1224 1903/864/1240 1902/880/1239
f 1880/858/1217 1896/866/1233 1895/865/1232
f 1889/861/1226 1903/864/1240 1888/859/1225
f 1881/860/1218 1897/868/1234 1896/866/1233
f 1889/861/1226 1905/869/1242 1904/867/1241
f 1883/847/1220 1897/868/1234 1882/862/1219
f 1890/863/1227 1906/871/1243 1905/869/1242
f 1884/848/1221 1898/870/1235 1883/847/1220
f 1884/848/1221 1900/876/1237 1899/872/1236
f 1878/854/1215 1892/874/1229 1877/850/1214
f 1885/853/1222 1901/878/1238 1900/876/1237
f 1878/854/1215 1894/879/1231 1893/877/1230
f 1887/857/1224 1901/878/1238 1886/855/1223
f 1879/856/1216 1895/865/1232 1894/879/1231
f 1899/872/1236 1915/885/1252 1914/897/1251
f 1893/877/1230 1907/882/1244 1892/874/1229
f 1900/876/1237 1916/887/1253 1915/885/1252
f 1894/879/1231 1908/886/1245 1893/877/1230
f 1902/880/1239 1916/887/1253 1901/878/1238
f 1894/879/1231 1910/890/1247 1909/888/1246
f 1902/880/1239 1918/891/1255 1917/889/1254
f 1896/866/1233 1910/890/1247 1895/865/1232
f 1904/867/1241 1918/891/1255 1903/864/1240
f 1896/866/1233 1912/894/1249 1911/892/1248
f 1904/867/1241 1920/895/1257 1919/893/1256
f 1898/870/1235 1912/894/1249 1897/868/1234
f 1905/869/1242 1921/884/1258 1920/895/1257
f 1899/872/1236 1913/896/1250 1898/870/1235
f 1911/892/1248 1925/898/1262 1910/890/1247
f 1919/893/1256 1933/900/1270 1918/891/1255
f 1911/892/1248 1927/902/1264 1926/899/1263
f 1919/893/1256 1935/903/1272 1934/901/1271
f 1913/896/1250 1927/902/1264 1912/894/1249
f 1920/895/1257 1936/905/1273 1935/903/1272
f 1914/897/1251 1928/904/1265 1913/896/1250
f 1914/897/1251 1930/910/1267 1929/906/1266
f 1907/882/1244 1923/911/1260 1922/908/1259
f 1915/885/1252 1931/912/1268 1930/910/1267
f 1908/886/1245 1924/913/1261 1923/911/1260
f 1917/889/1254 1931/912/1268 1916/887/1253
f 1909/888/1246 1925/898/1262 1924/913/1261
f 1917/889/1254 1933/900/1270 1932/914/1269
f 1929/906/1266 1945/915/1282 1944/928/1281
f 1922/908/1259 1938/916/1275 1937/930/1274
f 1930/910/1267 1946/917/1283 1945/915/1282
f 1923/911/1260 1939/918/1276 1938/916/1275
f 1932/914/1269 1946/917/1283 1931/912/1268
f 1924/913/1261 1940/920/1277 1939/918/1276
f 1932/914/1269 1948/921/1285 1947/919/1284
f 1926/899/1263 1940/920/1277 1925/898/1262
f 1934/901/1271 1948/921/1285 1933/900/1270
f 1926/899/1263 1942/924/1279 1941/922/1278
f 1935/903/1272 1949/923/1286 1934/901/1271
f 1928/904/1265 1942/924/1279 1927/902/1264
f 1936/905/1273 1950/925/1287 1935/903/1272
f 1929/906/1266 1943/926/1280 1928/904/1265
f 1949/923/1286 1963/932/1300 1948/921/1285
f 1941/922/1278 1957/934/1294 1956/948/1293
f 1949/923/1286 1965/935/1302 1964/933/1301
f 1943/926/1280 1957/934/1294 1942/924/1279
f 1950/925/1287 1966/937/1303 1965/935/1302
f 1944/928/1281 1958/936/1295 1943/926/1280
f 1944/928/1281 1960/942/1297 1959/938/1296
f 1938/916/1275 1952/940/1289 1937/930/1274
f 1945/915/1282 1961/944/1298 1960/942/1297
f 1939/918/1276 1953/943/1290 1938/916/1275
f 1947/919/1284 1961/944/1298 1946/917/1283
f 1939/918/1276 1955/947/1292 1954/945/1291
f 1947/919/1284 1963/932/1300 1962/946/1299
f 1941/922/1278 1955/947/1292 1940/920/1277
f 1960/942/1297 1976/949/1313 1975/964/1312
f 1953/943/1290 1969/950/1306 1968/965/1305
f 1962/946/1299 1976/949/1313 1961/944/1298
f 1954/945/1291 1970/952/1307 1969/950/1306
f 1962/946/1299 1978/953/1315 1977/951/1314
f 1956/948/1293 1970/952/1307 1955/947/1292
f 1964/933/1301 1978/953/1315 1963/932/1300
f 1956/948/1293 1972/956/1309 1971/954/1308
f 1964/933/1301 1980/957/1317 1979/955/1316
f 1958/936/1295 1972/956/1309 1957/934/1294
f 1965/935/1302 1981/959/1318 1980/957/1317
f 1959/938/1296 1973/958/1310 1958/936/1295
f 1959/938/1296 1975/964/1312 1974/960/1311
f 1952/940/1289 1968/965/1305 1967/962/1304
f 1979/955/1316 1995/966/1332 1994/982/1331
f 1973/958/1310 1987/967/1324 1972/956/1309
f 1980/957/1317 1996/969/1333 1995/966/1332
f 1974/960/1311 1988/968/1325 1973/958/1310
f 1974/960/1311 1990/974/1327 1989/970/1326
f 1967/962/1304 1983/975/1320 1982/972/1319
f 1975/964/1312 1991/976/1328 1990/974/1327
f 1968/965/1305 1984/977/1321 1983/975/1320
f 1977/951/1314 1991/976/1328 1976/949/1313
f 1969/950/1306 1985/979/1322 1984/977/1321
f 1977/951/1314 1993/980/1330 1992/978/1329
f 1971/954/1308 1985/979/1322 1970/952/1307
f 1979/955/1316 1993/980/1330 1978/953/1315
f 1971/954/1308 1987/967/1324 1986/981/1323
f 1983/975/1320 1999/984/1336 1998/983/1335
f 1992/978/1329 2006/985/1343 1991/976/1328
f 1984/977/1321 2000/987/1337 1999/984/1336
f 1992/978/1329 2008/988/1345 2007/986/1344
f 1986/981/1323 2000/987/1337 1985/979/1322
f 1994/982/1331 2008/988/1345 1993/980/1330
f 1986/981/1323 2002/991/1339 2001/989/1338
f 1994/982/1331 2010/992/1347 2009/990/1346
f 1988/968/1325 2002/991/1339 1987/967/1324
f 1995/966/1332 2011/994/1348 2010/992/1347
f 1989/970/1326 2003/993/1340 1988/968/1325
f 1989/970/1326 2005/999/1342 2004/995/1341
f 1983/975/1320 1997/997/1334 1982/972/1319
f 1990/974/1327 2006/985/1343 2005/999/1342
f 2003/993/1340 2017/1000/1354 2002/991/1339
f 2010/992/1347 2026/1002/1363 2025/1016/1362
f 2004/995/1341 2018/1001/1355 2003/993/1340
f 2004/995/1341 2020/1007/1357 2019/1003/1356
f 1998/983/1335 2012/1005/1349 1997/997/1334
f 2005/999/1342 2021/1009/1358 2020/1007/1357
f 1999/984/1336 2013/1008/1350 1998/983/1335
f 2007/986/1344 2021/1009/1358 2006/985/1343
f 1999/984/1336 2015/1012/1352 2014/1010/1351
f 2007/986/1344 2023/1013/1360 2022/1011/1359
f 2001/989/1338 2015/1012/1352 2000/987/1337
f 2009/990/1346 2023/1013/1360 2008/988/1345
f 2001/989/1338 2017/1000/1354 2016/1014/1353
f 2009/990/1346 2025/1016/1362 2024/1015/1361
f 2022/1011/1359 2036/1017/1373 2021/1009/1358
f 2014/1010/1351 2030/1019/1367 2029/1033/1366
f 2022/1011/1359 2038/1020/1375 2037/1018/1374
f 2016/1014/1353 2030/1019/1367 2015/1012/1352
f 2024/1015/1361 2038/1020/1375 2023/1013/1360
f 2016/1014/1353 2032/1023/1369 2031/1021/1368
f 2024/1015/1361 2040/1024/1377 2039/1022/1376
f 2018/1001/1355 2032/1023/1369 2017/1000/1354
f 2026/1002/1363 2040/1024/1377 2025/1016/1362
f 2019/1003/1356 2033/1025/1370 2018/1001/1355
f 2019/1003/1356 2035/1031/1372 2034/1027/1371
f 2012/1005/1349 2028/1032/1365 2027/1029/1364
f 2020/1007/1357 2036/1017/1373 2035/1031/1372
f 2013/1008/1350 2029/1033/1366 2028/1032/1365
f 2040/1024/1377 2056/1035/1393 2055/1034/1392
f 2034/1027/1371 2048/1036/1385 2033/1025/1370
f 2034/1027/1371 2050/1041/1387 2049/1037/1386
f 2028/1032/1365 2042/1039/1379 2027/1029/1364
f 2035/1031/1372 2051/1043/1388 2050/1041/1387
f 2028/1032/1365 2044/1044/1381 2043/1042/1380
f 2037/1018/1374 2051/1043/1388 2036/1017/1373
f 2029/1033/1366 2045/1046/1382 2044/1044/1381
f 2037/1018/1374 2053/1047/1390 2052/1045/1389
f 2031/1021/1368 2045/1046/1382 2030/1019/1367
f 2039/1022/1376 2053/1047/1390 2038/1020/1375
f 2031/1021/1368 2047/1050/1384 2046/1048/1383
f 2039/1022/1376 2055/1034/1392 2054/1049/1391
f 2033/1025/1370 2047/1050/1384 2032/1023/1369
f 2044/1044/1381 2060/1051/1397 2059/1066/1396
f 2052/1045/1389 2068/1052/1405 2067/1067/1404
f 2046/1048/1383 2060/1051/1397 2045/1046/1382
f 2054/1049/1391 2068/1052/1405 2053/1047/1390
f 2046/1048/1383 2062/1055/1399 2061/1053/1398
f 2055/1034/1392 2069/1054/1406 2054/1049/1391
f 2048/1036/1385 2062/1055/1399 2047/1050/1384
f 2055/1034/1392 2071/1058/1408 2070/1056/1407
f 2049/1037/1386 2063/1057/1400 2048/1036/1385
f 2049/1037/1386 2065/1063/1402 2064/1059/1401
f 2042/1039/1379 2058/1064/1395 2057/1061/1394
f 2050/1041/1387 2066/1065/1403 2065/1063/1402
f 2043/1042/1380 2059/1066/1396 2058/1064/1395
f 2052/1045/1389 2066/1065/1403 2051/1043/1388
f 2064/1059/1401 2079/1068/1416 2063/1057/1400
f 2064/1059/1401 2081/1074/1418 2080/1069/1417
f 2058/1064/1395 2073/1071/1410 2057/1061/1394
f 2065/1063/1402 2082/1076/1419 2081/1074/1418
f 2058/1064/1395 2075/1077/1412 2074/1075/1411
f 2067/1067/1404 2082/1076/1419 2066/1065/1403
f 2059/1066/1396 2076/1079/1413 2075/1077/1412
f 2067/1067/1404 2084/1080/1421 2083/1078/1420
f 2060/1051/1397 2077/1081/1414 2076/1079/1413
f 2069/1054/1406 2084/1080/1421 2068/1052/1405
f 2061/1053/1398 2078/1083/1415 2077/1081/1414
f 2069/1054/1406 2086/1084/1423 2085/1082/1422
f 2063/1057/1400 2078/1083/1415 2062/1055/1399
f 2071/1058/1408 2086/1084/1423 2070/1056/1407
f 2083/1078/1420 2099/1085/1436 2098/1100/1435
f 2077/1081/1414 2091/1101/1428 2076/1079/1413
f 2085/1082/1422 2099/1085/1436 2084/1080/1421
f 2077/1081/1414 2093/1088/1430 2092/1086/1429
f 2085/1082/1422 2101/1089/1438 2100/1087/1437
f 2079/1068/1416 2093/1088/1430 2078/1083/1415
f 2087/1073/1424 2101/1089/1438 2086/1084/1423
f 2080/1069/1417 2094/1090/1431 2079/1068/1416
f 2080/1069/1417 2096/1096/1433 2095/1092/1432
f 2073/1071/1410 2089/1097/1426 2088/1094/1425
f 2081/1074/1418 2097/1098/1434 2096/1096/1433
f 2074/1075/1411 2090/1099/1427 2089/1097/1426
f 2083/1078/1420 2097/1098/1434 2082/1076/1419
f 2075/1077/1412 2091/1101/1428 2090/1099/1427
f 2095/1092/1432 2111/1104/1448 2110/1116/1447
f 2088/1094/1425 2104/1105/1441 2103/1118/1440
f 2096/1096/1433 2112/1106/1449 2111/1104/1448
f 2090/1099/1427 2104/1105/1441 2089/1097/1426
f 2098/1100/1435 2112/1106/1449 2097/1098/1434
f 2090/1099/1427 2106/1109/1443 2105/1107/1442
f 2098/1100/1435 2114/1110/1451 2113/1108/1450
f 2092/1086/1429 2106/1109/1443 2091/1101/1428
f 2100/1087/1437 2114/1110/1451 2099/1085/1436
f 2092/1086/1429 2108/1113/1445 2107/1111/1444
f 2100/1087/1437 2116/1114/1453 2115/1112/1452
f 2094/1090/1431 2108/1113/1445 2093/1088/1430
f 2101/1089/1438 2117/1103/1454 2116/1114/1453
f 2095/1092/1432 2109/1115/1446 2094/1090/1431
f 2115/1112/1452 2129/1119/1466 2114/1110/1451
f 2107/1111/1444 2123/1121/1460 2122/1135/1459
f 2116/1114/1453 2130/1120/1467 2115/1112/1452
f 2109/1115/1446 2123/1121/1460 2108/1113/1445
f 2116/1114/1453 2132/1124/1469 2131/1122/1468
f 2110/1116/1447 2124/1123/1461 2109/1115/1446
f 2110/1116/1447 2126/1129/1463 2125/1125/1462
f 2103/1118/1440 2119/1130/1456 2118/1127/1455
f 2111/1104/1448 2127/1131/1464 2126/1129/1463
f 2104/1105/1441 2120/1132/1457 2119/1130/1456
f 2113/1108/1450 2127/1131/1464 2112/1106/1449
f 2105/1107/1442 2121/1134/1458 2120/1132/1457
f 2113/1108/1450 2129/1119/1466 2128/1133/1465
f 2106/1109/1443 2122/1135/1459 2121/1134/1458
f 2119/1138/1456 2133/1165/1470 2118/1136/1455
f 2126/1139/1463 2142/1140/1479 2141/1167/1478
f 2120/1142/1457 2134/1137/1471 2119/1138/1456
f 2128/1144/1465 2142/1140/1479 2127/1141/1464
f 2121/1147/1458 2135/1143/1649 2120/1142/1457
f 2128/1144/1465 2144/1148/1481 2143/1145/1480
f 2122/1150/1459 2136/1146/1473 2121/1147/1458
f 2129/1149/1466 2145/1153/1650 2144/1148/1481
f 2122/1150/1459 2138/1154/1475 2137/1151/1474
f 2130/1152/1467 2146/1156/1483 2145/1153/1650
f 2124/1158/1461 2138/1154/1475 2123/1155/1460
f 2131/1157/1468 2147/1160/1484 2146/1156/1483
f 2125/1162/1462 2139/1159/1476 2124/1158/1461
f 2125/1162/1462 2141/1167/1478 2140/1163/1477
f 2137/1151/1474 2153/1168/1490 2152/1183/1489
f 2145/1153/1650 2161/1169/1498 2160/1184/1497
f 2139/1159/1476 2153/1168/1490 2138/1154/1475
f 2146/1156/1483 2162/1171/1499 2161/1169/1498
f 2140/1163/1477 2154/1170/1491 2139/1159/1476
f 2140/1163/1477 2156/1176/1493 2155/1172/1492
f 2133/1165/1470 2149/1177/1486 2148/1174/1485
f 2141/1167/1478 2157/1178/1494 2156/1176/1493
f 2135/1143/1649 2149/1177/1486 2134/1137/1471
f 2143/1145/1480 2157/1178/1494 2142/1140/1479
f 2135/1143/1649 2151/1181/1488 2150/1179/1487
f 2143/1145/1480 2159/1182/1496 2158/1180/1495
f 2137/1151/1474 2151/1181/1488 2136/1146/1473
f 2145/1153/1650 2159/1182/1496 2144/1148/1481
f 2156/1176/1493 2172/1185/1509 2171/1200/1508
f 2150/1179/1487 2164/1201/1501 2149/1177/1486
f 2158/1180/1495 2172/1185/1509 2157/1178/1494
f 2150/1179/1487 2166/1188/1503 2165/1186/1502
f 2158/1180/1495 2174/1189/1511 2173/1187/1510
f 2152/1183/1489 2166/1188/1503 2151/1181/1488
f 2160/1184/1497 2174/1189/1511 2159/1182/1496
f 2152/1183/1489 2168/1192/1505 2167/1190/1504
f 2160/1184/1497 2176/1193/1513 2175/1191/1512
f 2154/1170/1491 2168/1192/1505 2153/1168/1490
f 2161/1169/1498 2177/1195/1514 2176/1193/1513
f 2155/1172/1492 2169/1194/1506 2154/1170/1491
f 2155/1172/1492 2171/1200/1508 2170/1196/1507
f 2148/1174/1485 2164/1201/1501 2163/1198/1500
f 2175/1191/1512 2191/1202/1528 2190/1218/1527
f 2169/1194/1506 2183/1203/1520 2168/1192/1505
f 2176/1193/1513 2192/1205/1529 2191/1202/1528
f 2170/1196/1507 2184/1204/1521 2169/1194/1506
f 2170/1196/1507 2186/1210/1523 2185/1206/1522
f 2163/1198/1500 2179/1211/1516 2178/1208/1515
f 2171/1200/1508 2187/1212/1524 2186/1210/1523
f 2165/1186/1502 2179/1211/1516 2164/1201/1501
f 2173/1187/1510 2187/1212/1524 2172/1185/1509
f 2165/1186/1502 2181/1215/1518 2180/1213/1517
f 2173/1187/1510 2189/1216/1526 2188/1214/1525
f 2167/1190/1504 2181/1215/1518 2166/1188/1503
f 2175/1191/1512 2189/1216/1526 2174/1189/1511
f 2167/1190/1504 2183/1203/1520 2182/1217/1519
f 2180/1213/1517 2194/1219/1531 2179/1211/1516
f 2188/1214/1525 2202/1221/1539 2187/1212/1524
f 2180/1213/1517 2196/1223/1533 2195/1220/1532
f 2188/1214/1525 2204/1224/1541 2203/1222/1540
f 2182/1217/1519 2196/1223/1533 2181/1215/1518
f 2190/1218/1527 2204/1224/1541 2189/1216/1526
f 2182/1217/1519 2198/1227/1535 2197/1225/1534
f 2190/1218/1527 2206/1228/1543 2205/1226/1542
f 2184/1204/1521 2198/1227/1535 2183/1203/1520
f 2191/1202/1528 2207/1230/1544 2206/1228/1543
f 2185/1206/1522 2199/1229/1536 2184/1204/1521
f 2185/1206/1522 2201/1235/1538 2200/1231/1537
f 2179/1211/1516 2193/1233/1530 2178/1208/1515
f 2186/1210/1523 2202/1221/1539 2201/1235/1538
f 2199/1229/1536 2213/1236/1550 2198/1227/1535
f 2206/1228/1543 2222/1238/1559 2221/1252/1558
f 2200/1231/1537 2214/1237/1551 2199/1229/1536
f 2200/1231/1537 2216/1243/1553 2215/1239/1552
f 2194/1219/1531 2208/1241/1545 2193/1233/1530
f 2201/1235/1538 2217/1245/1554 2216/1243/1553
f 2195/1220/1532 2209/1244/1546 2194/1219/1531
f 2203/1222/1540 2217/1245/1554 2202/1221/1539
f 2195/1220/1532 2211/1248/1548 2210/1246/1547
f 2203/1222/1540 2219/1249/1556 2218/1247/1555
f 2197/1225/1534 2211/1248/1548 2196/1223/1533
f 2205/1226/1542 2219/1249/1556 2204/1224/1541
f 2197/1225/1534 2213/1236/1550 2212/1250/1549
f 2205/1226/1542 2221/1252/1558 2220/1251/1557
f 2218/1247/1555 2232/1253/1569 2217/1245/1554
f 2210/1246/1547 2226/1255/1563 2225/1269/1562
f 2218/1247/1555 2234/1256/1571 2233/1254/1570
f 2211/1248/1548 2227/1257/1564 2226/1255/1563
f 2220/1251/1557 2234/1256/1571 2219/1249/1556
f 2212/1250/1549 2228/1259/1565 2227/1257/1564
f 2220/1251/1557 2236/1260/1573 2235/1258/1572
f 2214/1237/1551 2228/1259/1565 2213/1236/1550
f 2221/1252/1558 2237/1262/1574 2236/1260/1573
f 2215/1239/1552 2229/1261/1566 2214/1237/1551
f 2215/1239/1552 2231/1267/1568 2230/1263/1567
f 2208/1241/1545 2224/1268/1561 2223/1265/1560
f 2216/1243/1553 2232/1253/1569 2231/1267/1568
f 2210/1246/1547 2224/1268/1561 2209/1244/1546
f 2236/1260/1573 2246/715/1583 2245/713/1582
f 2230/1263/1567 1767/716/1104 2229/1261/1566
f 2230/1263/1567 1769/724/1106 1768/718/1105
f 2223/1265/1560 2239/725/1576 2238/719/1575
f 2231/1267/1568 2242/728/1579 1769/724/1106
f 2225/1269/1562 2239/725/1576 2224/1268/1561
f 2232/1253/1569 1770/732/1107 2242/728/1579
f 2226/1255/1563 1765/729/1102 2225/1269/1562
f 2233/1254/1570 2243/736/1580 1770/732/1107
f 2227/1257/1564 2240/733/1577 2226/1255/1563
f 2235/1258/1572 2243/736/1580 2234/1256/1571
f 2228/1259/1565 1766/737/1103 2227/1257/1564
f 2236/1260/1573 2244/740/1581 2235/1258/1572
f 2229/1261/1566 2241/741/1578 2228/1259/1565
