# Blender 4.5.4 LTS
# www.blender.org
mtllib robin-green-sh-scene2.mtl
o floor
v -2.146089 -0.105304 2.166122
v 2.359635 -0.105304 2.166122
v -2.146089 -0.105304 -2.339602
v 2.359635 -0.105304 -2.339602
v -2.146089 -0.105304 2.166122
v 2.359635 -0.105304 2.166122
v -2.146089 -0.105304 -2.339602
v 2.359635 -0.105304 -2.339602
vn -0.0000 1.0000 -0.0000
vn -0.0000 -1.0000 -0.0000
vt 1.000000 0.000000
vt 0.000000 1.000000
vt 0.000000 0.000000
vt 1.000000 1.000000
s 0
usemtl Material.004
f 2/1/1 3/2/1 1/3/1
f 7/2/2 6/1/2 5/3/2
f 4/4/1 6/1/1 8/4/1
f 1/3/1 7/2/1 5/3/1
f 3/2/1 8/4/1 7/2/1
f 2/1/1 5/3/1 6/1/1
f 2/1/1 4/4/1 3/2/1
f 7/2/2 8/4/2 6/1/2
f 4/4/1 2/1/1 6/1/1
f 1/3/1 3/2/1 7/2/1
f 3/2/1 4/4/1 8/4/1
f 2/1/1 1/3/1 5/3/1
o wall_back
v -2.193585 -0.894675 1.436756
v 2.312139 -0.894675 1.436756
v -2.193585 3.611049 1.436756
v 2.312139 3.611049 1.436756
v -2.193585 -0.894675 1.436756
v 2.312139 -0.894675 1.436756
v -2.193585 3.611049 1.436756
v 2.312139 3.611049 1.436756
vn -0.0000 -0.0000 1.0000
vn -0.0000 -0.0000 -1.0000
vt 1.000000 0.000000
vt 0.000000 1.000000
vt 0.000000 0.000000
vt 1.000000 1.000000
s 0
usemtl Material.003
f 10/5/3 11/6/3 9/7/3
f 15/6/4 14/5/4 13/7/4
f 12/8/3 14/5/3 16/8/3
f 9/7/3 15/6/3 13/7/3
f 11/6/3 16/8/3 15/6/3
f 10/5/3 13/7/3 14/5/3
f 10/5/3 12/8/3 11/6/3
f 15/6/4 16/8/4 14/5/4
f 12/8/3 10/5/3 14/5/3
f 9/7/3 11/6/3 15/6/3
f 11/6/3 12/8/3 16/8/3
f 10/5/3 9/7/3 13/7/3
o wall_right
v 1.606773 -0.858166 2.166122
v 1.606773 -0.858166 -2.339602
v 1.606773 3.647558 2.166122
v 1.606773 3.647558 -2.339602
v 1.606773 -0.858166 2.166122
v 1.606773 -0.858166 -2.339602
v 1.606773 3.647558 2.166122
v 1.606773 3.647558 -2.339602
vn 1.0000 -0.0000 -0.0000
vn -1.0000 -0.0000 -0.0000
vt 1.000000 0.000000
vt 0.000000 1.000000
vt 0.000000 0.000000
vt 1.000000 1.000000
s 0
usemtl Material.003
f 18/9/5 19/10/5 17/11/5
f 23/10/6 22/9/6 21/11/6
f 18/9/5 21/11/5 22/9/5
f 20/12/5 22/9/5 24/12/5
f 17/11/5 23/10/5 21/11/5
f 19/10/5 24/12/5 23/10/5
f 18/9/5 20/12/5 19/10/5
f 23/10/6 24/12/6 22/9/6
f 18/9/5 17/11/5 21/11/5
f 20/12/5 18/9/5 22/9/5
f 17/11/5 19/10/5 23/10/5
f 19/10/5 20/12/5 24/12/5
o Torus
v 1.290126 0.141556 -1.312321
v 1.287902 0.149246 -1.312321
v 1.282044 0.154492 -1.312321
v 1.308585 0.160609 -1.312321
v 1.331535 0.040165 -1.312321
v 1.237020 0.117459 -1.312321
v 1.261498 0.141556 -1.312321
v 1.263099 0.134945 -1.312321
v 1.267710 0.129700 -1.312321
v 1.274565 0.127236 -1.312321
v 1.282044 0.128620 -1.312321
v 1.287902 0.133866 -1.312321
v 1.285554 0.141556 -1.382067
v 1.283350 0.149246 -1.381777
v 1.277542 0.154492 -1.381012
v 1.283411 0.158561 -1.401883
v 1.257785 0.161707 -1.419175
v 1.245345 0.138098 -1.402506
v 1.257172 0.141556 -1.378331
v 1.258759 0.134945 -1.378540
v 1.263331 0.129700 -1.379142
v 1.270127 0.127236 -1.380036
v 1.277542 0.128620 -1.381012
v 1.283350 0.133866 -1.381777
v 1.271918 0.141556 -1.450620
v 1.269771 0.149246 -1.450045
v 1.264112 0.154492 -1.448528
v 1.256888 0.155877 -1.446593
v 1.250267 0.153413 -1.444818
v 1.245812 0.148167 -1.443625
v 1.244266 0.141556 -1.443211
v 1.245812 0.134945 -1.443625
v 1.250267 0.129700 -1.444818
v 1.256888 0.127236 -1.446593
v 1.264112 0.128620 -1.448528
v 1.269771 0.133866 -1.450045
v 1.249451 0.141556 -1.516806
v 1.247397 0.149246 -1.515955
v 1.241985 0.154492 -1.513714
v 1.235075 0.155877 -1.510852
v 1.228742 0.153413 -1.508228
v 1.224481 0.148167 -1.506464
v 1.223003 0.141556 -1.505851
v 1.224481 0.134945 -1.506464
v 1.228742 0.129700 -1.508228
v 1.235075 0.127236 -1.510852
v 1.241985 0.128620 -1.513713
v 1.247397 0.133866 -1.515955
v 1.218537 0.141556 -1.579494
v 1.216612 0.149246 -1.578382
v 1.211538 0.154492 -1.575453
v 1.205061 0.155877 -1.571714
v 1.199125 0.153413 -1.568286
v 1.195131 0.148167 -1.565980
v 1.193745 0.141556 -1.565180
v 1.195131 0.134945 -1.565980
v 1.199125 0.129700 -1.568286
v 1.205061 0.127236 -1.571714
v 1.211538 0.128620 -1.575453
v 1.216612 0.133866 -1.578382
v 1.179705 0.141556 -1.637610
v 1.177941 0.149246 -1.636256
v 1.173293 0.154492 -1.632690
v 1.167360 0.155877 -1.628137
v 1.161922 0.153413 -1.623964
v 1.158263 0.148167 -1.621157
v 1.156993 0.141556 -1.620183
v 1.158263 0.134945 -1.621157
v 1.161922 0.129700 -1.623964
v 1.167360 0.127236 -1.628137
v 1.173293 0.128620 -1.632690
v 1.177941 0.133866 -1.636256
v 1.133620 0.141556 -1.690161
v 1.132047 0.149246 -1.688588
v 1.127905 0.154492 -1.684446
v 1.122617 0.155877 -1.679157
v 1.117769 0.153413 -1.674310
v 1.114509 0.148167 -1.671049
v 1.113377 0.141556 -1.669918
v 1.114509 0.134945 -1.671049
v 1.117769 0.129700 -1.674310
v 1.122617 0.127236 -1.679157
v 1.127905 0.128620 -1.684446
v 1.132047 0.133866 -1.688588
v 1.081069 0.141556 -1.736246
v 1.079716 0.149246 -1.734482
v 1.076149 0.154492 -1.729834
v 1.071597 0.155877 -1.723901
v 1.067424 0.153413 -1.718462
v 1.064616 0.148167 -1.714804
v 1.063642 0.141556 -1.713534
v 1.064616 0.134945 -1.714804
v 1.067424 0.129700 -1.718462
v 1.071597 0.127236 -1.723901
v 1.076149 0.128620 -1.729834
v 1.079716 0.133866 -1.734482
v 1.022953 0.141556 -1.775078
v 1.021841 0.149246 -1.773152
v 1.018912 0.154492 -1.768079
v 1.015173 0.155877 -1.761602
v 1.011745 0.153413 -1.755665
v 1.009440 0.148167 -1.751672
v 1.008639 0.141556 -1.750286
v 1.009440 0.134945 -1.751672
v 1.011745 0.129700 -1.755665
v 1.015173 0.127236 -1.761602
v 1.018912 0.128620 -1.768079
v 1.021841 0.133866 -1.773152
v 0.960266 0.141556 -1.805992
v 0.959415 0.149246 -1.803938
v 0.957173 0.154492 -1.798525
v 0.954311 0.155877 -1.791616
v 0.951688 0.153413 -1.785283
v 0.949923 0.148167 -1.781022
v 0.949310 0.141556 -1.779544
v 0.949923 0.134945 -1.781022
v 0.951688 0.129700 -1.785283
v 0.954311 0.127236 -1.791616
v 0.957173 0.128620 -1.798525
v 0.959415 0.133866 -1.803938
v 0.894079 0.141556 -1.828459
v 0.893504 0.149246 -1.826311
v 0.891988 0.154492 -1.820653
v 0.890052 0.155877 -1.813429
v 0.888278 0.153413 -1.806808
v 0.887084 0.148167 -1.802353
v 0.886670 0.141556 -1.800807
v 0.887084 0.134945 -1.802353
v 0.888278 0.129700 -1.806808
v 0.890052 0.127236 -1.813429
v 0.891988 0.128620 -1.820653
v 0.893504 0.133866 -1.826311
v 0.825526 0.141556 -1.842095
v 0.825236 0.149246 -1.839891
v 0.824472 0.154492 -1.834082
v 0.823496 0.155877 -1.826668
v 0.822601 0.153413 -1.819871
v 0.821999 0.148167 -1.815299
v 0.821790 0.141556 -1.813713
v 0.821999 0.134945 -1.815299
v 0.822601 0.129700 -1.819871
v 0.823496 0.127236 -1.826668
v 0.824472 0.128620 -1.834082
v 0.825236 0.133866 -1.839891
v 0.755781 0.141556 -1.846667
v 0.755781 0.149246 -1.844443
v 0.755781 0.154492 -1.838585
v 0.755781 0.155877 -1.831106
v 0.755781 0.153413 -1.824251
v 0.755781 0.148167 -1.819639
v 0.755781 0.141556 -1.818039
v 0.755781 0.134945 -1.819639
v 0.755781 0.129700 -1.824251
v 0.755781 0.127236 -1.831106
v 0.755781 0.128620 -1.838585
v 0.755781 0.133866 -1.844443
v 0.686034 0.141556 -1.842095
v 0.686325 0.149246 -1.839891
v 0.687089 0.154492 -1.834082
v 0.688066 0.155877 -1.826668
v 0.688960 0.153413 -1.819871
v 0.689562 0.148167 -1.815299
v 0.689771 0.141556 -1.813712
v 0.689562 0.134945 -1.815299
v 0.688960 0.129700 -1.819871
v 0.688066 0.127236 -1.826668
v 0.687089 0.128620 -1.834082
v 0.686325 0.133866 -1.839891
v 0.617482 0.141556 -1.828459
v 0.618057 0.149246 -1.826311
v 0.619574 0.154492 -1.820653
v 0.621509 0.155877 -1.813429
v 0.623283 0.153413 -1.806808
v 0.624477 0.148167 -1.802353
v 0.624891 0.141556 -1.800807
v 0.624477 0.134945 -1.802353
v 0.623283 0.129700 -1.806808
v 0.621509 0.127236 -1.813429
v 0.619574 0.128620 -1.820653
v 0.618057 0.133866 -1.826311
v 0.551295 0.141556 -1.805992
v 0.552146 0.149246 -1.803938
v 0.554388 0.154492 -1.798525
v 0.557250 0.155877 -1.791616
v 0.559874 0.153413 -1.785283
v 0.561638 0.148167 -1.781022
v 0.562251 0.141556 -1.779544
v 0.561638 0.134945 -1.781022
v 0.559874 0.129700 -1.785283
v 0.557250 0.127236 -1.791616
v 0.554388 0.128620 -1.798525
v 0.552146 0.133866 -1.803938
v 0.488608 0.141556 -1.775078
v 0.489720 0.149246 -1.773152
v 0.492649 0.154492 -1.768079
v 0.496388 0.155877 -1.761602
v 0.499816 0.153413 -1.755666
v 0.502122 0.148167 -1.751672
v 0.502922 0.141556 -1.750286
v 0.502122 0.134945 -1.751672
v 0.499816 0.129700 -1.755666
v 0.496388 0.127236 -1.761602
v 0.492649 0.128620 -1.768079
v 0.489720 0.133866 -1.773152
v 0.430492 0.141556 -1.736246
v 0.431845 0.149246 -1.734482
v 0.435412 0.154492 -1.729834
v 0.439964 0.155877 -1.723901
v 0.444137 0.153413 -1.718462
v 0.446945 0.148167 -1.714804
v 0.447919 0.141556 -1.713534
v 0.446945 0.134945 -1.714804
v 0.444137 0.129700 -1.718462
v 0.439964 0.127236 -1.723901
v 0.435412 0.128620 -1.729834
v 0.431845 0.133866 -1.734482
v 0.377941 0.141556 -1.690160
v 0.379514 0.149246 -1.688588
v 0.383656 0.154492 -1.684446
v 0.388944 0.155877 -1.679157
v 0.393792 0.153413 -1.674310
v 0.397052 0.148167 -1.671049
v 0.398184 0.141556 -1.669918
v 0.397052 0.134945 -1.671049
v 0.393792 0.129700 -1.674310
v 0.388944 0.127236 -1.679157
v 0.383656 0.128620 -1.684446
v 0.379514 0.133866 -1.688588
v 0.331856 0.141556 -1.637610
v 0.333620 0.149246 -1.636256
v 0.338268 0.154492 -1.632690
v 0.344201 0.155877 -1.628137
v 0.349639 0.153413 -1.623964
v 0.353298 0.148167 -1.621157
v 0.354568 0.141556 -1.620183
v 0.353298 0.134945 -1.621157
v 0.349639 0.129700 -1.623964
v 0.344201 0.127236 -1.628137
v 0.338268 0.128620 -1.632690
v 0.333620 0.133866 -1.636256
v 0.293024 0.141556 -1.579494
v 0.294950 0.149246 -1.578382
v 0.300023 0.154492 -1.575453
v 0.306500 0.155877 -1.571714
v 0.312436 0.153413 -1.568286
v 0.316430 0.148167 -1.565980
v 0.317816 0.141556 -1.565180
v 0.316430 0.134945 -1.565980
v 0.312436 0.129700 -1.568286
v 0.306500 0.127236 -1.571714
v 0.300023 0.128620 -1.575453
v 0.294950 0.133866 -1.578382
v 0.262110 0.141556 -1.516806
v 0.264164 0.149246 -1.515955
v 0.269577 0.154492 -1.513714
v 0.276486 0.155877 -1.510852
v 0.282819 0.153413 -1.508228
v 0.287080 0.148167 -1.506464
v 0.288558 0.141556 -1.505851
v 0.287080 0.134945 -1.506464
v 0.282819 0.129700 -1.508228
v 0.276486 0.127236 -1.510852
v 0.269577 0.128620 -1.513714
v 0.264164 0.133866 -1.515955
v 0.239643 0.141556 -1.450620
v 0.241790 0.149246 -1.450045
v 0.247449 0.154492 -1.448528
v 0.254673 0.155877 -1.446593
v 0.261294 0.153413 -1.444818
v 0.265749 0.148167 -1.443625
v 0.267295 0.141556 -1.443211
v 0.265749 0.134945 -1.443625
v 0.261294 0.129700 -1.444818
v 0.254673 0.127236 -1.446593
v 0.247449 0.128620 -1.448528
v 0.241790 0.133866 -1.450045
v 0.226007 0.141556 -1.382067
v 0.228211 0.149246 -1.381777
v 0.234019 0.154492 -1.381013
v 0.241434 0.155877 -1.380036
v 0.248230 0.153413 -1.379142
v 0.252803 0.148167 -1.378540
v 0.254389 0.141556 -1.378331
v 0.252803 0.134945 -1.378540
v 0.248230 0.129700 -1.379142
v 0.241434 0.127236 -1.380036
v 0.234019 0.128620 -1.381013
v 0.228211 0.133866 -1.381777
v 0.221435 0.141556 -1.312321
v 0.223659 0.149246 -1.312321
v 0.229517 0.154492 -1.312321
v 0.236996 0.155877 -1.312321
v 0.243851 0.153413 -1.312321
v 0.248462 0.148167 -1.312321
v 0.250063 0.141556 -1.312321
v 0.248462 0.134945 -1.312321
v 0.243851 0.129700 -1.312321
v 0.236996 0.127236 -1.312321
v 0.229517 0.128620 -1.312321
v 0.223659 0.133866 -1.312321
v 0.226007 0.141556 -1.242575
v 0.228211 0.149246 -1.242865
v 0.234019 0.154492 -1.243630
v 0.241434 0.155877 -1.244606
v 0.248230 0.153413 -1.245501
v 0.252803 0.148167 -1.246103
v 0.254389 0.141556 -1.246312
v 0.252803 0.134945 -1.246103
v 0.248230 0.129700 -1.245501
v 0.241434 0.127236 -1.244606
v 0.234019 0.128620 -1.243630
v 0.228211 0.133866 -1.242865
v 0.239643 0.141556 -1.174023
v 0.241790 0.149246 -1.174598
v 0.247449 0.154492 -1.176114
v 0.254673 0.155877 -1.178050
v 0.261294 0.153413 -1.179824
v 0.265749 0.148167 -1.181018
v 0.267295 0.141556 -1.181432
v 0.265749 0.134945 -1.181018
v 0.261294 0.129700 -1.179824
v 0.254673 0.127236 -1.178050
v 0.247449 0.128620 -1.176114
v 0.241790 0.133866 -1.174598
v 0.262110 0.141556 -1.107836
v 0.264164 0.149246 -1.108687
v 0.269577 0.154492 -1.110929
v 0.276486 0.155877 -1.113791
v 0.282819 0.153413 -1.116414
v 0.287080 0.148167 -1.118179
v 0.288558 0.141556 -1.118792
v 0.287080 0.134945 -1.118179
v 0.282819 0.129700 -1.116414
v 0.276486 0.127236 -1.113791
v 0.269577 0.128620 -1.110929
v 0.264164 0.133866 -1.108687
v 0.293024 0.141556 -1.045149
v 0.294950 0.149246 -1.046261
v 0.300023 0.154492 -1.049190
v 0.306500 0.155877 -1.052929
v 0.312436 0.153413 -1.056357
v 0.316430 0.148167 -1.058662
v 0.317816 0.141556 -1.059463
v 0.316430 0.134945 -1.058662
v 0.312436 0.129700 -1.056357
v 0.306500 0.127236 -1.052929
v 0.300023 0.128620 -1.049190
v 0.294950 0.133866 -1.046261
v 0.331856 0.141556 -0.987033
v 0.333620 0.149246 -0.988386
v 0.338268 0.154492 -0.991952
v 0.344201 0.155877 -0.996505
v 0.349639 0.153413 -1.000678
v 0.353298 0.148167 -1.003486
v 0.354568 0.141556 -1.004460
v 0.353298 0.134945 -1.003486
v 0.349639 0.129700 -1.000678
v 0.344201 0.127236 -0.996505
v 0.338268 0.128620 -0.991952
v 0.333620 0.133866 -0.988386
v 0.377941 0.141556 -0.934482
v 0.379514 0.149246 -0.936055
v 0.383656 0.154492 -0.940197
v 0.388944 0.155877 -0.945485
v 0.393792 0.153413 -0.950332
v 0.397052 0.148167 -0.953593
v 0.398184 0.141556 -0.954725
v 0.397052 0.134945 -0.953593
v 0.393792 0.129700 -0.950332
v 0.388944 0.127236 -0.945485
v 0.383656 0.128620 -0.940197
v 0.379514 0.133866 -0.936055
v 0.430492 0.141556 -0.888397
v 0.431845 0.149246 -0.890161
v 0.435412 0.154492 -0.894809
v 0.439964 0.155877 -0.900742
v 0.444137 0.153413 -0.906180
v 0.446945 0.148167 -0.909839
v 0.447919 0.141556 -0.911109
v 0.446945 0.134945 -0.909839
v 0.444137 0.129700 -0.906180
v 0.439964 0.127236 -0.900742
v 0.435412 0.128620 -0.894809
v 0.431845 0.133866 -0.890161
v 0.488608 0.141556 -0.849565
v 0.489720 0.149246 -0.851490
v 0.492649 0.154492 -0.856564
v 0.496388 0.155877 -0.863040
v 0.499816 0.153413 -0.868977
v 0.502122 0.148167 -0.872971
v 0.502922 0.141556 -0.874357
v 0.502122 0.134945 -0.872971
v 0.499816 0.129700 -0.868977
v 0.496388 0.127236 -0.863040
v 0.492649 0.128620 -0.856564
v 0.489720 0.133866 -0.851490
v 0.551295 0.141556 -0.818651
v 0.552146 0.149246 -0.820705
v 0.554388 0.154492 -0.826117
v 0.557250 0.155877 -0.833027
v 0.559874 0.153413 -0.839360
v 0.561638 0.148167 -0.843621
v 0.562251 0.141556 -0.845099
v 0.561638 0.134945 -0.843621
v 0.559874 0.129700 -0.839360
v 0.557250 0.127236 -0.833027
v 0.554388 0.128620 -0.826117
v 0.552146 0.133866 -0.820705
v 0.617482 0.141556 -0.796183
v 0.618057 0.149246 -0.798331
v 0.619573 0.154492 -0.803990
v 0.621509 0.155877 -0.811214
v 0.623283 0.153413 -0.817835
v 0.624477 0.148167 -0.822290
v 0.624891 0.141556 -0.823836
v 0.624477 0.134945 -0.822290
v 0.623283 0.129700 -0.817835
v 0.621509 0.127236 -0.811214
v 0.619573 0.128620 -0.803990
v 0.618057 0.133866 -0.798331
v 0.686034 0.141556 -0.782548
v 0.686324 0.149246 -0.784752
v 0.687089 0.154492 -0.790560
v 0.688065 0.155877 -0.797975
v 0.688960 0.153413 -0.804771
v 0.689562 0.148167 -0.809343
v 0.689771 0.141556 -0.810930
v 0.689562 0.134945 -0.809343
v 0.688960 0.129700 -0.804771
v 0.688065 0.127236 -0.797975
v 0.687089 0.128620 -0.790560
v 0.686324 0.133866 -0.784752
v 0.755781 0.141556 -0.777976
v 0.755781 0.149246 -0.780200
v 0.755781 0.154492 -0.786058
v 0.755781 0.155877 -0.793537
v 0.755781 0.153413 -0.800392
v 0.755781 0.148167 -0.805003
v 0.755781 0.141556 -0.806604
v 0.755781 0.134945 -0.805003
v 0.755781 0.129700 -0.800392
v 0.755781 0.127236 -0.793537
v 0.755781 0.128620 -0.786058
v 0.755781 0.133866 -0.780200
v 0.825527 0.141556 -0.782547
v 0.825236 0.149246 -0.784752
v 0.824472 0.154492 -0.790560
v 0.823496 0.155877 -0.797975
v 0.822601 0.153413 -0.804771
v 0.821999 0.148167 -0.809343
v 0.821790 0.141556 -0.810930
v 0.821999 0.134945 -0.809343
v 0.822601 0.129700 -0.804771
v 0.823496 0.127236 -0.797975
v 0.824472 0.128620 -0.790560
v 0.825236 0.133866 -0.784752
v 0.894079 0.141556 -0.796183
v 0.893504 0.149246 -0.798331
v 0.891987 0.154492 -0.803990
v 0.890052 0.155877 -0.811214
v 0.888278 0.153413 -0.817835
v 0.887084 0.148167 -0.822290
v 0.886670 0.141556 -0.823835
v 0.887084 0.134945 -0.822290
v 0.888278 0.129700 -0.817835
v 0.890052 0.127236 -0.811214
v 0.891987 0.128620 -0.803990
v 0.893504 0.133866 -0.798331
v 0.960266 0.141556 -0.818651
v 0.959415 0.149246 -0.820705
v 0.957173 0.154492 -0.826117
v 0.954311 0.155877 -0.833027
v 0.951688 0.153413 -0.839360
v 0.949923 0.148167 -0.843621
v 0.949310 0.141556 -0.845099
v 0.949923 0.134945 -0.843621
v 0.951688 0.129700 -0.839360
v 0.954311 0.127236 -0.833027
v 0.957173 0.128620 -0.826117
v 0.959415 0.133866 -0.820705
v 1.022953 0.141556 -0.849565
v 1.021841 0.149246 -0.851490
v 1.018912 0.154492 -0.856564
v 1.015173 0.155877 -0.863041
v 1.011745 0.153413 -0.868977
v 1.009440 0.148167 -0.872971
v 1.008639 0.141556 -0.874357
v 1.009440 0.134945 -0.872971
v 1.011745 0.129700 -0.868977
v 1.015173 0.127236 -0.863041
v 1.018912 0.128620 -0.856564
v 1.021841 0.133866 -0.851490
v 1.081069 0.141556 -0.888397
v 1.079716 0.149246 -0.890161
v 1.076149 0.154492 -0.894808
v 1.071597 0.155877 -0.900742
v 1.067424 0.153413 -0.906180
v 1.064616 0.148167 -0.909839
v 1.063642 0.141556 -0.911108
v 1.064616 0.134945 -0.909839
v 1.067424 0.129700 -0.906180
v 1.071597 0.127236 -0.900742
v 1.076149 0.128620 -0.894808
v 1.079716 0.133866 -0.890161
v 1.133620 0.141556 -0.934482
v 1.132047 0.149246 -0.936054
v 1.127905 0.154492 -0.940197
v 1.122617 0.155877 -0.945485
v 1.117769 0.153413 -0.950332
v 1.114508 0.148167 -0.953593
v 1.113377 0.141556 -0.954725
v 1.114508 0.134945 -0.953593
v 1.117769 0.129700 -0.950332
v 1.122617 0.127236 -0.945485
v 1.127905 0.128620 -0.940197
v 1.132047 0.133866 -0.936054
v 1.179705 0.141556 -0.987033
v 1.177941 0.149246 -0.988386
v 1.173293 0.154492 -0.991953
v 1.167360 0.155877 -0.996505
v 1.161922 0.153413 -1.000678
v 1.158263 0.148167 -1.003486
v 1.156993 0.141556 -1.004460
v 1.158263 0.134945 -1.003486
v 1.161922 0.129700 -1.000678
v 1.167360 0.127236 -0.996505
v 1.173293 0.128620 -0.991953
v 1.177941 0.133866 -0.988386
v 1.218537 0.141556 -1.045149
v 1.216612 0.149246 -1.046260
v 1.211538 0.154492 -1.049190
v 1.205061 0.155877 -1.052929
v 1.199125 0.153413 -1.056356
v 1.195131 0.148167 -1.058662
v 1.193745 0.141556 -1.059462
v 1.195131 0.134945 -1.058662
v 1.199125 0.129700 -1.056356
v 1.205061 0.127236 -1.052929
v 1.211538 0.128620 -1.049190
v 1.216612 0.133866 -1.046260
v 1.249451 0.141556 -1.107836
v 1.247397 0.149246 -1.108687
v 1.241984 0.154492 -1.110929
v 1.235075 0.155877 -1.113791
v 1.228742 0.153413 -1.116414
v 1.224481 0.148167 -1.118179
v 1.223003 0.141556 -1.118791
v 1.224481 0.134945 -1.118179
v 1.228742 0.129700 -1.116414
v 1.235075 0.127236 -1.113791
v 1.241984 0.128620 -1.110929
v 1.247397 0.133866 -1.108687
v 1.271919 0.141556 -1.174023
v 1.269771 0.149246 -1.174598
v 1.264112 0.154492 -1.176114
v 1.256888 0.155877 -1.178050
v 1.250267 0.153413 -1.179824
v 1.245812 0.148167 -1.181018
v 1.244266 0.141556 -1.181432
v 1.245812 0.134945 -1.181018
v 1.250267 0.129700 -1.179824
v 1.256888 0.127236 -1.178050
v 1.264112 0.128620 -1.176114
v 1.269771 0.133866 -1.174598
v 1.285554 0.141556 -1.242575
v 1.283350 0.149246 -1.242865
v 1.277542 0.154492 -1.243630
v 1.283411 0.158561 -1.222759
v 1.257785 0.161707 -1.205468
v 1.245345 0.138098 -1.222137
v 1.257172 0.141556 -1.246312
v 1.258759 0.134945 -1.246103
v 1.263331 0.129700 -1.245501
v 1.270127 0.127236 -1.244606
v 1.277542 0.128620 -1.243630
v 1.283350 0.133866 -1.242865
v 1.521514 0.141556 -1.312321
v 1.488902 0.263874 -1.312321
v 1.399588 0.353800 -1.312321
v 1.243039 0.382519 -1.312321
v 1.220089 0.242947 -1.312321
v 1.089424 0.295661 -1.312321
v 1.030110 0.141556 -1.312321
v 1.063345 0.018159 -1.312321
v 1.153906 -0.071768 -1.312321
v 1.277059 -0.104139 -1.312321
v 1.399588 -0.070688 -1.312321
v 1.488902 0.019238 -1.312321
v 1.514963 0.141556 -1.412270
v 1.482630 0.263874 -1.408013
v 1.394080 0.353800 -1.396355
v 1.259315 0.384567 -1.358515
v 1.156046 0.346585 -1.324254
v 1.074127 0.275022 -1.328501
v 1.027763 0.141556 -1.348128
v 1.060714 0.018159 -1.352467
v 1.150500 -0.071768 -1.364287
v 1.272599 -0.104139 -1.380362
v 1.394080 -0.070688 -1.396355
v 1.482630 0.019238 -1.408013
v 1.495422 0.141556 -1.510508
v 1.463922 0.263874 -1.502067
v 1.377651 0.353800 -1.478951
v 1.259297 0.387251 -1.447238
v 1.140340 0.354880 -1.415364
v 1.052865 0.264953 -1.391925
v 1.020763 0.141556 -1.383323
v 1.052865 0.018159 -1.391925
v 1.140340 -0.071768 -1.415364
v 1.259297 -0.104139 -1.447238
v 1.377651 -0.070688 -1.478951
v 1.463922 0.019238 -1.502067
v 1.463226 0.141556 -1.605355
v 1.433097 0.263874 -1.592875
v 1.350581 0.353800 -1.558696
v 1.237379 0.387251 -1.511806
v 1.123600 0.354880 -1.464677
v 1.039933 0.264953 -1.430021
v 1.009228 0.141556 -1.417303
v 1.039933 0.018159 -1.430021
v 1.123600 -0.071768 -1.464677
v 1.237379 -0.104139 -1.511806
v 1.350581 -0.070688 -1.558696
v 1.433097 0.019238 -1.592875
v 1.418925 0.141556 -1.695188
v 1.390682 0.263874 -1.678882
v 1.313334 0.353800 -1.634225
v 1.207221 0.387251 -1.572960
v 1.100567 0.354880 -1.511384
v 1.022139 0.264953 -1.466104
v 0.993357 0.141556 -1.449486
v 1.022139 0.018159 -1.466104
v 1.100567 -0.071768 -1.511384
v 1.207221 -0.104139 -1.572960
v 1.313334 -0.070688 -1.634225
v 1.390682 0.019238 -1.678882
v 1.363278 0.141556 -1.778470
v 1.337405 0.263874 -1.758617
v 1.266547 0.353800 -1.704246
v 1.169338 0.387251 -1.629655
v 1.071635 0.354880 -1.554685
v 0.999788 0.264953 -1.499555
v 0.973421 0.141556 -1.479322
v 0.999788 0.018159 -1.499555
v 1.071635 -0.071768 -1.554685
v 1.169338 -0.104139 -1.629655
v 1.266547 -0.070688 -1.704246
v 1.337405 0.019238 -1.758617
v 1.297236 0.141556 -1.853777
v 1.274176 0.263874 -1.830716
v 1.211021 0.353800 -1.767562
v 1.124380 0.387251 -1.680921
v 1.037298 0.354880 -1.593838
v 0.973262 0.264953 -1.529802
v 0.949761 0.141556 -1.506302
v 0.973262 0.018159 -1.529802
v 1.037298 -0.071768 -1.593838
v 1.124380 -0.104139 -1.680921
v 1.211021 -0.070688 -1.767562
v 1.274176 0.019238 -1.830716
v 1.221930 0.141556 -1.919818
v 1.202077 0.263874 -1.893946
v 1.147706 0.353800 -1.823088
v 1.073115 0.387251 -1.725879
v 0.998144 0.354880 -1.628175
v 0.943014 0.264953 -1.556329
v 0.922782 0.141556 -1.529961
v 0.943014 0.018159 -1.556329
v 0.998144 -0.071768 -1.628175
v 1.073115 -0.104139 -1.725879
v 1.147706 -0.070688 -1.823088
v 1.202077 0.019238 -1.893946
v 1.138647 0.141556 -1.975466
v 1.122341 0.263874 -1.947223
v 1.077684 0.353800 -1.869875
v 1.016420 0.387251 -1.763761
v 0.954843 0.354880 -1.657108
v 0.909563 0.264953 -1.578680
v 0.892945 0.141556 -1.549898
v 0.909563 0.018159 -1.578680
v 0.954843 -0.071768 -1.657108
v 1.016420 -0.104139 -1.763761
v 1.077684 -0.070688 -1.869875
v 1.122341 0.019238 -1.947223
v 1.048814 0.141556 -2.019767
v 1.036334 0.263874 -1.989637
v 1.002155 0.353800 -1.907122
v 0.955265 0.387251 -1.793919
v 0.908137 0.354880 -1.680141
v 0.873481 0.264953 -1.596474
v 0.860762 0.141556 -1.565769
v 0.873481 0.018159 -1.596474
v 0.908137 -0.071768 -1.680141
v 0.955265 -0.104139 -1.793919
v 1.002155 -0.070688 -1.907122
v 1.036334 0.019238 -1.989637
v 0.953967 0.141556 -2.051963
v 0.945526 0.263874 -2.020462
v 0.922410 0.353800 -1.934191
v 0.890697 0.387251 -1.815837
v 0.858823 0.354880 -1.696881
v 0.835384 0.264953 -1.609406
v 0.826782 0.141556 -1.577303
v 0.835384 0.018159 -1.609406
v 0.858823 -0.071768 -1.696881
v 0.890697 -0.104139 -1.815837
v 0.922410 -0.070688 -1.934191
v 0.945526 0.019238 -2.020462
v 0.855729 0.141556 -2.071504
v 0.851472 0.263874 -2.039171
v 0.839814 0.353800 -1.950621
v 0.823821 0.387251 -1.829140
v 0.807746 0.354880 -1.707041
v 0.795926 0.264953 -1.617255
v 0.791588 0.141556 -1.584304
v 0.795926 0.018159 -1.617255
v 0.807746 -0.071768 -1.707041
v 0.823821 -0.104139 -1.829140
v 0.839814 -0.070688 -1.950621
v 0.851472 0.019238 -2.039171
v 0.755781 0.141556 -2.078055
v 0.755781 0.263874 -2.045443
v 0.755781 0.353800 -1.956129
v 0.755781 0.387251 -1.833599
v 0.755781 0.354880 -1.710447
v 0.755781 0.264953 -1.619886
v 0.755781 0.141556 -1.586651
v 0.755781 0.018159 -1.619886
v 0.755781 -0.071768 -1.710447
v 0.755781 -0.104139 -1.833599
v 0.755781 -0.070688 -1.956129
v 0.755781 0.019238 -2.045443
v 0.655832 0.141556 -2.071504
v 0.660089 0.263874 -2.039171
v 0.671747 0.353800 -1.950621
v 0.687740 0.387251 -1.829140
v 0.703815 0.354880 -1.707041
v 0.715635 0.264953 -1.617255
v 0.719973 0.141556 -1.584304
v 0.715635 0.018159 -1.617255
v 0.703815 -0.071768 -1.707041
v 0.687740 -0.104139 -1.829140
v 0.671747 -0.070688 -1.950621
v 0.660089 0.019238 -2.039171
v 0.557594 0.141556 -2.051963
v 0.566035 0.263874 -2.020462
v 0.589151 0.353800 -1.934191
v 0.620864 0.387251 -1.815837
v 0.652738 0.354880 -1.696881
v 0.676177 0.264953 -1.609406
v 0.684779 0.141556 -1.577303
v 0.676177 0.018159 -1.609406
v 0.652738 -0.071768 -1.696881
v 0.620864 -0.104139 -1.815837
v 0.589151 -0.070688 -1.934191
v 0.566035 0.019238 -2.020462
v 0.462747 0.141556 -2.019767
v 0.475227 0.263874 -1.989637
v 0.509406 0.353800 -1.907122
v 0.556296 0.387251 -1.793919
v 0.603425 0.354880 -1.680141
v 0.638081 0.264953 -1.596474
v 0.650799 0.141556 -1.565769
v 0.638081 0.018159 -1.596474
v 0.603425 -0.071768 -1.680141
v 0.556296 -0.104139 -1.793919
v 0.509406 -0.070688 -1.907122
v 0.475227 0.019238 -1.989637
v 0.372914 0.141556 -1.975466
v 0.389220 0.263874 -1.947223
v 0.433877 0.353800 -1.869875
v 0.495142 0.387251 -1.763762
v 0.556718 0.354880 -1.657108
v 0.601998 0.264953 -1.578680
v 0.618616 0.141556 -1.549898
v 0.601998 0.018159 -1.578680
v 0.556718 -0.071768 -1.657108
v 0.495142 -0.104139 -1.763762
v 0.433877 -0.070688 -1.869875
v 0.389220 0.019238 -1.947223
v 0.289632 0.141556 -1.919818
v 0.309485 0.263874 -1.893946
v 0.363855 0.353800 -1.823088
v 0.438447 0.387251 -1.725879
v 0.513417 0.354880 -1.628175
v 0.568547 0.264953 -1.556329
v 0.588779 0.141556 -1.529962
v 0.568547 0.018159 -1.556329
v 0.513417 -0.071768 -1.628175
v 0.438447 -0.104139 -1.725879
v 0.363855 -0.070688 -1.823088
v 0.309485 0.019238 -1.893946
v 0.214325 0.141556 -1.853776
v 0.237385 0.263874 -1.830716
v 0.300540 0.353800 -1.767562
v 0.387181 0.387251 -1.680920
v 0.474263 0.354880 -1.593838
v 0.538300 0.264953 -1.529802
v 0.561800 0.141556 -1.506302
v 0.538300 0.018159 -1.529802
v 0.474263 -0.071768 -1.593838
v 0.387181 -0.104139 -1.680920
v 0.300540 -0.070688 -1.767562
v 0.237385 0.019238 -1.830716
v 0.148283 0.141556 -1.778470
v 0.174156 0.263874 -1.758617
v 0.245014 0.353800 -1.704246
v 0.342223 0.387251 -1.629655
v 0.439927 0.354880 -1.554685
v 0.511773 0.264953 -1.499555
v 0.538140 0.141556 -1.479322
v 0.511773 0.018159 -1.499555
v 0.439927 -0.071768 -1.554685
v 0.342223 -0.104139 -1.629655
v 0.245014 -0.070688 -1.704246
v 0.174156 0.019238 -1.758617
v 0.092636 0.141556 -1.695188
v 0.120879 0.263874 -1.678882
v 0.198227 0.353800 -1.634225
v 0.304341 0.387251 -1.572960
v 0.410994 0.354880 -1.511384
v 0.489422 0.264953 -1.466104
v 0.518204 0.141556 -1.449486
v 0.489422 0.018159 -1.466104
v 0.410994 -0.071768 -1.511384
v 0.304341 -0.104139 -1.572960
v 0.198227 -0.070688 -1.634225
v 0.120879 0.019238 -1.678882
v 0.048335 0.141556 -1.605355
v 0.078465 0.263874 -1.592875
v 0.160980 0.353800 -1.558696
v 0.274182 0.387251 -1.511806
v 0.387961 0.354880 -1.464677
v 0.471628 0.264953 -1.430021
v 0.502333 0.141556 -1.417303
v 0.471628 0.018159 -1.430021
v 0.387961 -0.071768 -1.464677
v 0.274182 -0.104139 -1.511806
v 0.160980 -0.070688 -1.558696
v 0.078465 0.019238 -1.592875
v 0.016139 0.141556 -1.510508
v 0.047640 0.263874 -1.502067
v 0.133910 0.353800 -1.478951
v 0.252265 0.387251 -1.447238
v 0.371221 0.354880 -1.415364
v 0.458696 0.264953 -1.391925
v 0.490799 0.141556 -1.383323
v 0.458696 0.018159 -1.391925
v 0.371221 -0.071768 -1.415364
v 0.252265 -0.104139 -1.447238
v 0.133910 -0.070688 -1.478951
v 0.047640 0.019238 -1.502067
v -0.003402 0.141556 -1.412270
v 0.028931 0.263874 -1.408013
v 0.117481 0.353800 -1.396355
v 0.238962 0.387251 -1.380362
v 0.361061 0.354880 -1.364287
v 0.450847 0.264953 -1.352467
v 0.483798 0.141556 -1.348129
v 0.450847 0.018159 -1.352467
v 0.361061 -0.071768 -1.364287
v 0.238962 -0.104139 -1.380362
v 0.117481 -0.070688 -1.396355
v 0.028931 0.019238 -1.408013
v -0.009953 0.141556 -1.312321
v 0.022659 0.263874 -1.312321
v 0.111973 0.353800 -1.312321
v 0.234502 0.387251 -1.312321
v 0.357655 0.354880 -1.312321
v 0.448216 0.264953 -1.312321
v 0.481451 0.141556 -1.312321
v 0.448216 0.018159 -1.312321
v 0.357655 -0.071768 -1.312321
v 0.234502 -0.104139 -1.312321
v 0.111973 -0.070688 -1.312321
v 0.022659 0.019238 -1.312321
v -0.003402 0.141556 -1.212373
v 0.028931 0.263874 -1.216630
v 0.117481 0.353800 -1.228287
v 0.238962 0.387251 -1.244281
v 0.361061 0.354880 -1.260355
v 0.450847 0.264953 -1.272176
v 0.483798 0.141556 -1.276514
v 0.450847 0.018159 -1.272176
v 0.361061 -0.071768 -1.260355
v 0.238962 -0.104139 -1.244281
v 0.117481 -0.070688 -1.228287
v 0.028931 0.019238 -1.216630
v 0.016139 0.141556 -1.114135
v 0.047640 0.263874 -1.122576
v 0.133910 0.353800 -1.145692
v 0.252265 0.387251 -1.177405
v 0.371221 0.354880 -1.209279
v 0.458696 0.264953 -1.232718
v 0.490799 0.141556 -1.241320
v 0.458696 0.018159 -1.232718
v 0.371221 -0.071768 -1.209279
v 0.252265 -0.104139 -1.177405
v 0.133910 -0.070688 -1.145692
v 0.047640 0.019238 -1.122576
v 0.048335 0.141556 -1.019288
v 0.078465 0.263874 -1.031768
v 0.160980 0.353800 -1.065947
v 0.274182 0.387251 -1.112837
v 0.387961 0.354880 -1.159966
v 0.471628 0.264953 -1.194622
v 0.502333 0.141556 -1.207340
v 0.471628 0.018159 -1.194622
v 0.387961 -0.071768 -1.159966
v 0.274182 -0.104139 -1.112837
v 0.160980 -0.070688 -1.065947
v 0.078465 0.019238 -1.031768
v 0.092636 0.141556 -0.929455
v 0.120879 0.263874 -0.945761
v 0.198227 0.353800 -0.990418
v 0.304340 0.387251 -1.051682
v 0.410994 0.354880 -1.113259
v 0.489422 0.264953 -1.158539
v 0.518204 0.141556 -1.175157
v 0.489422 0.018159 -1.158539
v 0.410994 -0.071768 -1.113259
v 0.304340 -0.104139 -1.051682
v 0.198227 -0.070688 -0.990418
v 0.120879 0.019238 -0.945761
v 0.148283 0.141556 -0.846172
v 0.174156 0.263874 -0.866025
v 0.245014 0.353800 -0.920396
v 0.342223 0.387251 -0.994987
v 0.439927 0.354880 -1.069958
v 0.511773 0.264953 -1.125088
v 0.538140 0.141556 -1.145320
v 0.511773 0.018159 -1.125088
v 0.439927 -0.071768 -1.069958
v 0.342223 -0.104139 -0.994987
v 0.245014 -0.070688 -0.920396
v 0.174156 0.019238 -0.866025
v 0.214325 0.141556 -0.770866
v 0.237385 0.263874 -0.793926
v 0.300540 0.353800 -0.857081
v 0.387181 0.387251 -0.943722
v 0.474263 0.354880 -1.030804
v 0.538300 0.264953 -1.094840
v 0.561800 0.141556 -1.118341
v 0.538300 0.018159 -1.094840
v 0.474263 -0.071768 -1.030804
v 0.387181 -0.104139 -0.943722
v 0.300540 -0.070688 -0.857081
v 0.237385 0.019238 -0.793926
v 0.289631 0.141556 -0.704824
v 0.309484 0.263874 -0.730697
v 0.363855 0.353800 -0.801555
v 0.438446 0.387251 -0.898764
v 0.513417 0.354880 -0.996467
v 0.568547 0.264953 -1.068314
v 0.588779 0.141556 -1.094681
v 0.568547 0.018159 -1.068314
v 0.513417 -0.071768 -0.996467
v 0.438446 -0.104139 -0.898764
v 0.363855 -0.070688 -0.801555
v 0.309484 0.019238 -0.730697
v 0.372914 0.141556 -0.649177
v 0.389220 0.263874 -0.677419
v 0.433877 0.353800 -0.754768
v 0.495142 0.387251 -0.860881
v 0.556718 0.354880 -0.967535
v 0.601998 0.264953 -1.045963
v 0.618616 0.141556 -1.074745
v 0.601998 0.018159 -1.045963
v 0.556718 -0.071768 -0.967535
v 0.495142 -0.104139 -0.860881
v 0.433877 -0.070688 -0.754768
v 0.389220 0.019238 -0.677419
v 0.462747 0.141556 -0.604876
v 0.475227 0.263874 -0.635005
v 0.509406 0.353800 -0.717521
v 0.556296 0.387251 -0.830723
v 0.603425 0.354880 -0.944502
v 0.638081 0.264953 -1.028169
v 0.650799 0.141556 -1.058874
v 0.638081 0.018159 -1.028169
v 0.603425 -0.071768 -0.944502
v 0.556296 -0.104139 -0.830723
v 0.509406 -0.070688 -0.717521
v 0.475227 0.019238 -0.635005
v 0.557594 0.141556 -0.572680
v 0.566035 0.263874 -0.604181
v 0.589151 0.353800 -0.690451
v 0.620864 0.387251 -0.808805
v 0.652738 0.354880 -0.927762
v 0.676177 0.264953 -1.015237
v 0.684779 0.141556 -1.047339
v 0.676177 0.018159 -1.015237
v 0.652738 -0.071768 -0.927762
v 0.620864 -0.104139 -0.808805
v 0.589151 -0.070688 -0.690451
v 0.566035 0.019238 -0.604181
v 0.655832 0.141556 -0.553139
v 0.660089 0.263874 -0.585472
v 0.671746 0.353800 -0.674022
v 0.687740 0.387251 -0.795503
v 0.703815 0.354880 -0.917602
v 0.715635 0.264953 -1.007388
v 0.719973 0.141556 -1.040339
v 0.715635 0.018159 -1.007388
v 0.703815 -0.071768 -0.917602
v 0.687740 -0.104139 -0.795503
v 0.671746 -0.070688 -0.674022
v 0.660089 0.019238 -0.585472
v 0.755781 0.141556 -0.546588
v 0.755781 0.263874 -0.579200
v 0.755781 0.353800 -0.668514
v 0.755781 0.387251 -0.791043
v 0.755781 0.354880 -0.914196
v 0.755781 0.264953 -1.004757
v 0.755781 0.141556 -1.037992
v 0.755781 0.018159 -1.004757
v 0.755781 -0.071768 -0.914196
v 0.755781 -0.104139 -0.791043
v 0.755781 -0.070688 -0.668514
v 0.755781 0.019238 -0.579200
v 0.855729 0.141556 -0.553139
v 0.851472 0.263874 -0.585472
v 0.839814 0.353800 -0.674022
v 0.823821 0.387251 -0.795503
v 0.807746 0.354880 -0.917602
v 0.795926 0.264953 -1.007388
v 0.791588 0.141556 -1.040339
v 0.795926 0.018159 -1.007388
v 0.807746 -0.071768 -0.917602
v 0.823821 -0.104139 -0.795503
v 0.839814 -0.070688 -0.674022
v 0.851472 0.019238 -0.585472
v 0.953967 0.141556 -0.572680
v 0.945526 0.263874 -0.604180
v 0.922410 0.353800 -0.690451
v 0.890697 0.387251 -0.808805
v 0.858823 0.354880 -0.927762
v 0.835384 0.264953 -1.015237
v 0.826782 0.141556 -1.047339
v 0.835384 0.018159 -1.015237
v 0.858823 -0.071768 -0.927762
v 0.890697 -0.104139 -0.808805
v 0.922410 -0.070688 -0.690451
v 0.945526 0.019238 -0.604180
v 1.048814 0.141556 -0.604876
v 1.036334 0.263874 -0.635005
v 1.002155 0.353800 -0.717521
v 0.955265 0.387251 -0.830723
v 0.908137 0.354880 -0.944502
v 0.873481 0.264953 -1.028169
v 0.860762 0.141556 -1.058874
v 0.873481 0.018159 -1.028169
v 0.908137 -0.071768 -0.944502
v 0.955265 -0.104139 -0.830723
v 1.002155 -0.070688 -0.717521
v 1.036334 0.019238 -0.635005
v 1.138647 0.141556 -0.649177
v 1.122341 0.263874 -0.677420
v 1.077684 0.353800 -0.754768
v 1.016420 0.387251 -0.860881
v 0.954843 0.354880 -0.967535
v 0.909563 0.264953 -1.045963
v 0.892945 0.141556 -1.074745
v 0.909563 0.018159 -1.045963
v 0.954843 -0.071768 -0.967535
v 1.016420 -0.104139 -0.860881
v 1.077684 -0.070688 -0.754768
v 1.122341 0.019238 -0.677420
v 1.221929 0.141556 -0.704824
v 1.202076 0.263874 -0.730697
v 1.147706 0.353800 -0.801554
v 1.073114 0.387251 -0.898764
v 0.998144 0.354880 -0.996467
v 0.943014 0.264953 -1.068314
v 0.922782 0.141556 -1.094681
v 0.943014 0.018159 -1.068314
v 0.998144 -0.071768 -0.996467
v 1.073114 -0.104139 -0.898764
v 1.147706 -0.070688 -0.801554
v 1.202076 0.019238 -0.730697
v 1.297236 0.141556 -0.770866
v 1.274175 0.263874 -0.793926
v 1.211021 0.353800 -0.857080
v 1.124380 0.387251 -0.943722
v 1.037297 0.354880 -1.030804
v 0.973261 0.264953 -1.094840
v 0.949761 0.141556 -1.118341
v 0.973261 0.018159 -1.094840
v 1.037297 -0.071768 -1.030804
v 1.124380 -0.104139 -0.943722
v 1.211021 -0.070688 -0.857080
v 1.274175 0.019238 -0.793926
v 1.363278 0.141556 -0.846172
v 1.337405 0.263874 -0.866025
v 1.266547 0.353800 -0.920396
v 1.169338 0.387251 -0.994987
v 1.071635 0.354880 -1.069958
v 0.999788 0.264953 -1.125088
v 0.973421 0.141556 -1.145320
v 0.999788 0.018159 -1.125088
v 1.071635 -0.071768 -1.069958
v 1.169338 -0.104139 -0.994987
v 1.266547 -0.070688 -0.920396
v 1.337405 0.019238 -0.866025
v 1.418925 0.141556 -0.929455
v 1.390682 0.263874 -0.945760
v 1.313334 0.353800 -0.990417
v 1.207221 0.387251 -1.051682
v 1.100567 0.354880 -1.113259
v 1.022139 0.264953 -1.158539
v 0.993357 0.141556 -1.175157
v 1.022139 0.018159 -1.158539
v 1.100567 -0.071768 -1.113259
v 1.207221 -0.104139 -1.051682
v 1.313334 -0.070688 -0.990417
v 1.390682 0.019238 -0.945760
v 1.463226 0.141556 -1.019288
v 1.433096 0.263874 -1.031768
v 1.350581 0.353800 -1.065947
v 1.237379 0.387251 -1.112837
v 1.123600 0.354880 -1.159965
v 1.039933 0.264953 -1.194621
v 1.009228 0.141556 -1.207340
v 1.039933 0.018159 -1.194621
v 1.123600 -0.071768 -1.159965
v 1.237379 -0.104139 -1.112837
v 1.350581 -0.070688 -1.065947
v 1.433096 0.019238 -1.031768
v 1.495422 0.141556 -1.114135
v 1.463922 0.263874 -1.122576
v 1.377651 0.353800 -1.145692
v 1.259297 0.387251 -1.177405
v 1.140340 0.354880 -1.209279
v 1.052865 0.264953 -1.232718
v 1.020763 0.141556 -1.241320
v 1.052865 0.018159 -1.232718
v 1.140340 -0.071768 -1.209279
v 1.259297 -0.104139 -1.177405
v 1.377651 -0.070688 -1.145692
v 1.463922 0.019238 -1.122576
v 1.514963 0.141556 -1.212373
v 1.482630 0.263874 -1.216630
v 1.394080 0.353800 -1.228288
v 1.259315 0.384567 -1.266128
v 1.156046 0.346585 -1.300389
v 1.074127 0.275022 -1.296142
v 1.027763 0.141556 -1.276514
v 1.060714 0.018159 -1.272176
v 1.150500 -0.071768 -1.260355
v 1.272599 -0.104139 -1.244281
v 1.394080 -0.070688 -1.228288
v 1.482630 0.019238 -1.216630
vn -1.0000 -0.0000 -0.0000
vn -0.8499 -0.5269 -0.0000
vn -0.9660 0.2586 -0.0000
vn 0.6123 0.7906 -0.0000
vn 0.5166 -0.8562 -0.0000
vn -0.9920 -0.1266 -0.0000
vn 0.3071 0.9517 -0.0000
vn 0.8851 0.4653 -0.0000
vn 0.5553 0.8317 -0.0000
vn 0.0701 0.9975 -0.0000
vn -0.4500 0.8931 -0.0000
vn -0.8499 0.5269 -0.0000
vn -0.9914 -0.0000 0.1305
vn -0.8427 -0.5269 0.1109
vn -0.9686 0.1888 0.1620
vn 0.3969 0.6328 -0.6649
vn 0.3294 -0.9207 -0.2095
vn -0.4912 0.2426 -0.8366
vn 0.3897 0.9209 -0.0093
vn 0.8776 0.4653 -0.1155
vn 0.5505 0.8317 -0.0725
vn 0.0695 0.9975 -0.0091
vn -0.4461 0.8931 0.0587
vn -0.8427 0.5269 0.1109
vn -0.9659 -0.0000 0.2588
vn -0.8210 -0.5269 0.2200
vn -0.4346 -0.8931 0.1165
vn 0.0457 -0.9970 0.0620
vn 0.5755 -0.8162 -0.0503
vn 0.8681 -0.4664 -0.1697
vn 0.9753 0.0241 -0.2196
vn 0.8550 0.4653 -0.2291
vn 0.5363 0.8317 -0.1437
vn 0.0677 0.9975 -0.0181
vn -0.4346 0.8930 0.1165
vn -0.8210 0.5269 0.2200
vn -0.9239 -0.0000 0.3827
vn -0.7852 -0.5269 0.3253
vn -0.4157 -0.8931 0.1722
vn 0.0648 -0.9975 -0.0268
vn 0.5130 -0.8317 -0.2125
vn 0.8178 -0.4653 -0.3387
vn 0.9239 -0.0000 -0.3827
vn 0.8178 0.4653 -0.3387
vn 0.5130 0.8317 -0.2125
vn 0.0648 0.9975 -0.0268
vn -0.4157 0.8931 0.1722
vn -0.7852 0.5269 0.3253
vn -0.8660 -0.0000 0.5000
vn -0.7361 -0.5269 0.4250
vn -0.3897 -0.8930 0.2250
vn 0.0607 -0.9975 -0.0350
vn 0.4809 -0.8317 -0.2776
vn 0.7666 -0.4653 -0.4426
vn 0.8660 -0.0000 -0.5000
vn 0.7666 0.4653 -0.4426
vn 0.4809 0.8317 -0.2776
vn 0.0607 0.9975 -0.0350
vn -0.3897 0.8930 0.2250
vn -0.7361 0.5269 0.4250
vn -0.7934 -0.0000 0.6088
vn -0.6743 -0.5269 0.5174
vn -0.3570 -0.8930 0.2739
vn 0.0556 -0.9975 -0.0427
vn 0.4405 -0.8317 -0.3380
vn 0.7022 -0.4653 -0.5388
vn 0.7934 -0.0000 -0.6088
vn 0.7022 0.4653 -0.5388
vn 0.4405 0.8317 -0.3380
vn 0.0556 0.9975 -0.0427
vn -0.3570 0.8930 0.2739
vn -0.6743 0.5269 0.5174
vn -0.7071 -0.0000 0.7071
vn -0.6010 -0.5269 0.6010
vn -0.3182 -0.8930 0.3182
vn 0.0496 -0.9975 -0.0496
vn 0.3926 -0.8317 -0.3926
vn 0.6259 -0.4653 -0.6259
vn 0.7071 -0.0000 -0.7071
vn 0.6259 0.4653 -0.6259
vn 0.3926 0.8317 -0.3926
vn 0.0496 0.9975 -0.0496
vn -0.3182 0.8930 0.3182
vn -0.6010 0.5269 0.6010
vn -0.6088 -0.0000 0.7934
vn -0.5174 -0.5269 0.6743
vn -0.2739 -0.8931 0.3570
vn 0.0427 -0.9975 -0.0556
vn 0.3380 -0.8317 -0.4405
vn 0.5388 -0.4653 -0.7022
vn 0.6088 -0.0000 -0.7934
vn 0.5388 0.4653 -0.7022
vn 0.3380 0.8317 -0.4405
vn 0.0427 0.9975 -0.0556
vn -0.2739 0.8930 0.3570
vn -0.5174 0.5269 0.6743
vn -0.5000 -0.0000 0.8660
vn -0.4250 -0.5269 0.7361
vn -0.2250 -0.8931 0.3897
vn 0.0350 -0.9975 -0.0607
vn 0.2776 -0.8317 -0.4809
vn 0.4426 -0.4653 -0.7666
vn 0.5000 -0.0000 -0.8660
vn 0.4426 0.4653 -0.7666
vn 0.2776 0.8317 -0.4809
vn 0.0350 0.9975 -0.0607
vn -0.2250 0.8931 0.3897
vn -0.4250 0.5269 0.7361
vn -0.3827 -0.0000 0.9239
vn -0.3253 -0.5269 0.7852
vn -0.1722 -0.8930 0.4157
vn 0.0268 -0.9975 -0.0648
vn 0.2125 -0.8317 -0.5130
vn 0.3387 -0.4653 -0.8178
vn 0.3827 -0.0000 -0.9239
vn 0.3387 0.4653 -0.8178
vn 0.2125 0.8317 -0.5130
vn 0.0268 0.9975 -0.0648
vn -0.1722 0.8930 0.4157
vn -0.3253 0.5269 0.7852
vn -0.2588 -0.0000 0.9659
vn -0.2200 -0.5269 0.8210
vn -0.1165 -0.8931 0.4346
vn 0.0181 -0.9975 -0.0677
vn 0.1437 -0.8317 -0.5363
vn 0.2291 -0.4653 -0.8550
vn 0.2588 -0.0000 -0.9659
vn 0.2291 0.4653 -0.8550
vn 0.1437 0.8317 -0.5363
vn 0.0181 0.9975 -0.0677
vn -0.1165 0.8930 0.4346
vn -0.2200 0.5269 0.8210
vn -0.1305 -0.0000 0.9914
vn -0.1109 -0.5269 0.8427
vn -0.0587 -0.8931 0.4461
vn 0.0091 -0.9975 -0.0695
vn 0.0725 -0.8317 -0.5505
vn 0.1155 -0.4653 -0.8776
vn 0.1305 -0.0000 -0.9914
vn 0.1155 0.4653 -0.8776
vn 0.0725 0.8317 -0.5505
vn 0.0091 0.9975 -0.0695
vn -0.0587 0.8931 0.4461
vn -0.1109 0.5269 0.8427
vn -0.0000 -0.0000 1.0000
vn -0.0000 -0.5269 0.8499
vn -0.0000 -0.8930 0.4500
vn -0.0000 -0.9975 -0.0701
vn -0.0000 -0.8317 -0.5553
vn -0.0000 -0.4653 -0.8851
vn -0.0000 -0.0000 -1.0000
vn -0.0000 0.4653 -0.8851
vn -0.0000 0.8317 -0.5553
vn -0.0000 0.9975 -0.0701
vn -0.0000 0.8931 0.4500
vn -0.0000 0.5269 0.8499
vn 0.1305 -0.0000 0.9914
vn 0.1109 -0.5269 0.8427
vn 0.0587 -0.8930 0.4461
vn -0.0091 -0.9975 -0.0695
vn -0.0725 -0.8317 -0.5505
vn -0.1155 -0.4653 -0.8776
vn -0.1305 -0.0000 -0.9914
vn -0.1155 0.4653 -0.8776
vn -0.0725 0.8317 -0.5505
vn -0.0091 0.9975 -0.0695
vn 0.0587 0.8930 0.4461
vn 0.1109 0.5269 0.8427
vn 0.2588 -0.0000 0.9659
vn 0.2200 -0.5269 0.8210
vn 0.1165 -0.8930 0.4346
vn -0.0181 -0.9975 -0.0677
vn -0.1437 -0.8317 -0.5363
vn -0.2291 -0.4653 -0.8550
vn -0.2588 -0.0000 -0.9659
vn -0.2291 0.4653 -0.8550
vn -0.1437 0.8317 -0.5363
vn -0.0181 0.9975 -0.0677
vn 0.1165 0.8930 0.4346
vn 0.2200 0.5269 0.8210
vn 0.3827 -0.0000 0.9239
vn 0.3253 -0.5269 0.7852
vn 0.1722 -0.8930 0.4157
vn -0.0268 -0.9975 -0.0648
vn -0.2125 -0.8317 -0.5130
vn -0.3387 -0.4653 -0.8178
vn -0.3827 -0.0000 -0.9239
vn -0.3387 0.4653 -0.8178
vn -0.2125 0.8317 -0.5130
vn -0.0268 0.9975 -0.0647
vn 0.1722 0.8930 0.4157
vn 0.3253 0.5269 0.7852
vn 0.5000 -0.0000 0.8660
vn 0.4250 -0.5269 0.7361
vn 0.2250 -0.8930 0.3897
vn -0.0350 -0.9975 -0.0607
vn -0.2776 -0.8317 -0.4809
vn -0.4426 -0.4653 -0.7666
vn -0.5000 -0.0000 -0.8660
vn -0.4426 0.4653 -0.7666
vn -0.2776 0.8317 -0.4809
vn -0.0350 0.9975 -0.0607
vn 0.2250 0.8930 0.3897
vn 0.4250 0.5269 0.7361
vn 0.6088 -0.0000 0.7934
vn 0.5174 -0.5269 0.6743
vn 0.2739 -0.8930 0.3570
vn -0.0427 -0.9975 -0.0556
vn -0.3380 -0.8317 -0.4405
vn -0.5388 -0.4653 -0.7022
vn -0.6088 -0.0000 -0.7934
vn -0.5388 0.4653 -0.7022
vn -0.3380 0.8317 -0.4405
vn -0.0427 0.9975 -0.0556
vn 0.2739 0.8930 0.3570
vn 0.5174 0.5269 0.6743
vn 0.7071 -0.0000 0.7071
vn 0.6010 -0.5269 0.6010
vn 0.3182 -0.8930 0.3182
vn -0.0496 -0.9975 -0.0496
vn -0.3926 -0.8317 -0.3926
vn -0.6259 -0.4653 -0.6259
vn -0.7071 -0.0000 -0.7071
vn -0.6259 0.4653 -0.6259
vn -0.3926 0.8317 -0.3926
vn -0.0496 0.9975 -0.0496
vn 0.3182 0.8931 0.3182
vn 0.6010 0.5269 0.6010
vn 0.7934 -0.0000 0.6088
vn 0.6743 -0.5269 0.5174
vn 0.3570 -0.8930 0.2739
vn -0.0556 -0.9975 -0.0427
vn -0.4405 -0.8317 -0.3380
vn -0.7022 -0.4653 -0.5388
vn -0.7934 -0.0000 -0.6088
vn -0.7022 0.4653 -0.5388
vn -0.4405 0.8317 -0.3380
vn -0.0556 0.9975 -0.0427
vn 0.3570 0.8930 0.2739
vn 0.6743 0.5269 0.5174
vn 0.8660 -0.0000 0.5000
vn 0.7361 -0.5269 0.4250
vn 0.3897 -0.8930 0.2250
vn -0.0607 -0.9975 -0.0350
vn -0.4809 -0.8317 -0.2776
vn -0.7666 -0.4653 -0.4426
vn -0.8660 -0.0000 -0.5000
vn -0.7666 0.4653 -0.4426
vn -0.4809 0.8317 -0.2776
vn -0.0607 0.9975 -0.0350
vn 0.3897 0.8930 0.2250
vn 0.7361 0.5269 0.4250
vn 0.9239 -0.0000 0.3827
vn 0.7852 -0.5269 0.3253
vn 0.4157 -0.8930 0.1722
vn -0.0647 -0.9975 -0.0268
vn -0.5130 -0.8317 -0.2125
vn -0.8178 -0.4653 -0.3387
vn -0.9239 -0.0000 -0.3827
vn -0.8178 0.4653 -0.3387
vn -0.5130 0.8317 -0.2125
vn -0.0648 0.9975 -0.0268
vn 0.4157 0.8931 0.1722
vn 0.7852 0.5269 0.3253
vn 0.9659 -0.0000 0.2588
vn 0.8210 -0.5269 0.2200
vn 0.4346 -0.8930 0.1165
vn -0.0677 -0.9975 -0.0181
vn -0.5363 -0.8317 -0.1437
vn -0.8550 -0.4653 -0.2291
vn -0.9659 -0.0000 -0.2588
vn -0.8550 0.4653 -0.2291
vn -0.5363 0.8317 -0.1437
vn -0.0677 0.9975 -0.0181
vn 0.4346 0.8930 0.1165
vn 0.8210 0.5269 0.2200
vn 0.9914 -0.0000 0.1305
vn 0.8427 -0.5269 0.1109
vn 0.4461 -0.8931 0.0587
vn -0.0695 -0.9975 -0.0091
vn -0.5505 -0.8317 -0.0725
vn -0.8776 -0.4653 -0.1155
vn -0.9914 -0.0000 -0.1305
vn -0.8776 0.4653 -0.1155
vn -0.5505 0.8317 -0.0725
vn -0.0695 0.9975 -0.0091
vn 0.4461 0.8930 0.0587
vn 0.8427 0.5269 0.1109
vn 1.0000 -0.0000 -0.0000
vn 0.8499 -0.5269 -0.0000
vn 0.4500 -0.8930 -0.0000
vn -0.0701 -0.9975 -0.0000
vn -0.5553 -0.8317 -0.0000
vn -0.8851 -0.4653 -0.0000
vn -0.8851 0.4653 -0.0000
vn -0.5553 0.8317 -0.0000
vn -0.0701 0.9975 -0.0000
vn 0.4500 0.8931 -0.0000
vn 0.8499 0.5269 -0.0000
vn 0.9914 -0.0000 -0.1305
vn 0.8427 -0.5269 -0.1109
vn 0.4461 -0.8931 -0.0587
vn -0.0695 -0.9975 0.0091
vn -0.5505 -0.8317 0.0725
vn -0.8776 -0.4653 0.1155
vn -0.8776 0.4653 0.1155
vn -0.5505 0.8317 0.0725
vn -0.0695 0.9975 0.0091
vn 0.4461 0.8930 -0.0587
vn 0.8427 0.5269 -0.1109
vn 0.9659 -0.0000 -0.2588
vn 0.8210 -0.5269 -0.2200
vn 0.4346 -0.8931 -0.1165
vn -0.0677 -0.9975 0.0181
vn -0.5363 -0.8317 0.1437
vn -0.8550 -0.4653 0.2291
vn -0.8550 0.4653 0.2291
vn -0.5363 0.8317 0.1437
vn -0.0677 0.9975 0.0181
vn 0.4346 0.8931 -0.1165
vn 0.8210 0.5269 -0.2200
vn 0.7852 -0.5269 -0.3253
vn 0.4157 -0.8930 -0.1722
vn -0.0648 -0.9975 0.0268
vn -0.5130 -0.8317 0.2125
vn -0.8178 -0.4653 0.3387
vn -0.8178 0.4653 0.3387
vn -0.5130 0.8317 0.2125
vn -0.0648 0.9975 0.0268
vn 0.4157 0.8930 -0.1722
vn 0.7852 0.5269 -0.3253
vn 0.7361 -0.5269 -0.4250
vn 0.3897 -0.8930 -0.2250
vn -0.0607 -0.9975 0.0350
vn -0.4809 -0.8317 0.2776
vn -0.7666 -0.4653 0.4426
vn -0.7666 0.4653 0.4426
vn -0.4809 0.8317 0.2776
vn -0.0607 0.9975 0.0350
vn 0.3897 0.8931 -0.2250
vn 0.7361 0.5269 -0.4250
vn 0.6743 -0.5269 -0.5174
vn 0.3570 -0.8930 -0.2739
vn -0.0556 -0.9975 0.0427
vn -0.4405 -0.8317 0.3380
vn -0.7022 -0.4653 0.5388
vn -0.7022 0.4653 0.5388
vn -0.4405 0.8317 0.3380
vn -0.0556 0.9975 0.0427
vn 0.3570 0.8930 -0.2739
vn 0.6743 0.5269 -0.5174
vn 0.6010 -0.5269 -0.6010
vn 0.3182 -0.8930 -0.3182
vn -0.0496 -0.9975 0.0496
vn -0.3926 -0.8317 0.3926
vn -0.6259 -0.4653 0.6259
vn -0.6259 0.4653 0.6259
vn -0.3926 0.8317 0.3926
vn -0.0496 0.9975 0.0496
vn 0.3182 0.8930 -0.3182
vn 0.6010 0.5269 -0.6010
vn 0.5174 -0.5269 -0.6743
vn 0.2739 -0.8930 -0.3570
vn -0.0427 -0.9975 0.0556
vn -0.3380 -0.8317 0.4405
vn -0.5388 -0.4653 0.7022
vn -0.5388 0.4653 0.7022
vn -0.3380 0.8317 0.4405
vn -0.0427 0.9975 0.0556
vn 0.2739 0.8930 -0.3570
vn 0.5174 0.5269 -0.6743
vn 0.4250 -0.5269 -0.7361
vn 0.2250 -0.8930 -0.3897
vn -0.0350 -0.9975 0.0607
vn -0.2776 -0.8317 0.4809
vn -0.4426 -0.4653 0.7666
vn -0.4426 0.4653 0.7666
vn -0.2776 0.8317 0.4809
vn -0.0350 0.9975 0.0607
vn 0.2250 0.8930 -0.3897
vn 0.4250 0.5269 -0.7361
vn 0.3253 -0.5269 -0.7852
vn 0.1722 -0.8931 -0.4157
vn -0.0268 -0.9975 0.0647
vn -0.2125 -0.8317 0.5130
vn -0.3387 -0.4653 0.8178
vn -0.3387 0.4653 0.8178
vn -0.2125 0.8317 0.5130
vn -0.0268 0.9975 0.0648
vn 0.1722 0.8930 -0.4157
vn 0.3253 0.5269 -0.7852
vn 0.2200 -0.5269 -0.8210
vn 0.1165 -0.8930 -0.4346
vn -0.0181 -0.9975 0.0677
vn -0.1437 -0.8317 0.5363
vn -0.2291 -0.4653 0.8550
vn -0.2291 0.4653 0.8550
vn -0.1437 0.8317 0.5363
vn -0.0181 0.9975 0.0677
vn 0.1165 0.8931 -0.4346
vn 0.2200 0.5269 -0.8210
vn 0.1109 -0.5269 -0.8427
vn 0.0587 -0.8931 -0.4461
vn -0.0091 -0.9975 0.0695
vn -0.0725 -0.8317 0.5505
vn -0.1155 -0.4653 0.8776
vn -0.1155 0.4653 0.8776
vn -0.0725 0.8317 0.5505
vn -0.0091 0.9975 0.0695
vn 0.0587 0.8930 -0.4461
vn 0.1109 0.5269 -0.8427
vn -0.0000 -0.5269 -0.8499
vn -0.0000 -0.8930 -0.4500
vn -0.0000 -0.9975 0.0701
vn -0.0000 -0.8317 0.5553
vn -0.0000 -0.4653 0.8851
vn -0.0000 0.4653 0.8851
vn -0.0000 0.8317 0.5553
vn -0.0000 0.9975 0.0701
vn -0.0000 0.8931 -0.4500
vn -0.0000 0.5269 -0.8499
vn -0.1109 -0.5269 -0.8427
vn -0.0587 -0.8930 -0.4461
vn 0.0091 -0.9975 0.0695
vn 0.0725 -0.8317 0.5505
vn 0.1155 -0.4653 0.8776
vn 0.1155 0.4653 0.8776
vn 0.0725 0.8317 0.5505
vn 0.0091 0.9975 0.0695
vn -0.0587 0.8930 -0.4461
vn -0.1109 0.5269 -0.8427
vn -0.2200 -0.5269 -0.8210
vn -0.1165 -0.8931 -0.4346
vn 0.0181 -0.9975 0.0677
vn 0.1437 -0.8317 0.5363
vn 0.2291 -0.4653 0.8550
vn 0.2291 0.4653 0.8550
vn 0.1437 0.8317 0.5363
vn 0.0181 0.9975 0.0677
vn -0.1165 0.8930 -0.4346
vn -0.2200 0.5269 -0.8210
vn -0.3253 -0.5269 -0.7852
vn -0.1722 -0.8930 -0.4157
vn 0.0268 -0.9975 0.0648
vn 0.2125 -0.8317 0.5130
vn 0.3387 -0.4653 0.8178
vn 0.3387 0.4653 0.8178
vn 0.2125 0.8317 0.5130
vn 0.0268 0.9975 0.0648
vn -0.1722 0.8930 -0.4157
vn -0.3253 0.5269 -0.7852
vn -0.4250 -0.5269 -0.7361
vn -0.2250 -0.8931 -0.3897
vn 0.0350 -0.9975 0.0607
vn 0.2776 -0.8317 0.4809
vn 0.4426 -0.4653 0.7666
vn 0.4426 0.4653 0.7666
vn 0.2776 0.8317 0.4809
vn 0.0350 0.9975 0.0607
vn -0.2250 0.8931 -0.3897
vn -0.4250 0.5269 -0.7361
vn -0.5174 -0.5269 -0.6743
vn -0.2739 -0.8930 -0.3570
vn 0.0427 -0.9975 0.0556
vn 0.3380 -0.8317 0.4405
vn 0.5388 -0.4653 0.7022
vn 0.5388 0.4653 0.7022
vn 0.3380 0.8317 0.4405
vn 0.0427 0.9975 0.0556
vn -0.2739 0.8930 -0.3570
vn -0.5174 0.5269 -0.6743
vn -0.6010 -0.5269 -0.6010
vn -0.3182 -0.8930 -0.3182
vn 0.0496 -0.9975 0.0496
vn 0.3926 -0.8317 0.3926
vn 0.6259 -0.4653 0.6259
vn 0.6259 0.4653 0.6259
vn 0.3926 0.8317 0.3926
vn 0.0496 0.9975 0.0496
vn -0.3182 0.8931 -0.3182
vn -0.6010 0.5269 -0.6010
vn -0.6743 -0.5269 -0.5174
vn -0.3570 -0.8930 -0.2739
vn 0.0556 -0.9975 0.0427
vn 0.4405 -0.8317 0.3380
vn 0.7022 -0.4653 0.5388
vn 0.7022 0.4653 0.5388
vn 0.4405 0.8317 0.3380
vn 0.0556 0.9975 0.0427
vn -0.3570 0.8930 -0.2739
vn -0.6743 0.5269 -0.5174
vn -0.7361 -0.5269 -0.4250
vn -0.3897 -0.8931 -0.2250
vn 0.0607 -0.9975 0.0350
vn 0.4809 -0.8317 0.2776
vn 0.7666 -0.4653 0.4426
vn 0.7666 0.4653 0.4426
vn 0.4809 0.8317 0.2776
vn 0.0607 0.9975 0.0350
vn -0.3897 0.8930 -0.2250
vn -0.7361 0.5269 -0.4250
vn -0.7852 -0.5269 -0.3253
vn -0.4157 -0.8931 -0.1722
vn 0.0647 -0.9975 0.0268
vn 0.5130 -0.8317 0.2125
vn 0.8178 -0.4653 0.3387
vn 0.8178 0.4653 0.3387
vn 0.5130 0.8317 0.2125
vn 0.0648 0.9975 0.0268
vn -0.4157 0.8931 -0.1722
vn -0.7852 0.5269 -0.3253
vn -0.8210 -0.5269 -0.2200
vn -0.4425 -0.8841 -0.1505
vn 0.0692 -0.9944 -0.0800
vn 0.5755 -0.8162 0.0503
vn 0.8723 -0.4468 0.1987
vn 0.8550 0.4653 0.2291
vn 0.5363 0.8317 0.1437
vn 0.0677 0.9975 0.0181
vn -0.4346 0.8930 -0.1165
vn -0.8210 0.5269 -0.2200
vn -0.8427 -0.5269 -0.1109
vn -0.9699 0.1896 -0.1529
vn 0.2940 0.6266 0.7218
vn 0.3294 -0.9207 0.2095
vn -0.7238 0.0577 0.6875
vn 0.3912 0.9203 0.0031
vn 0.8776 0.4653 0.1155
vn 0.5505 0.8317 0.0725
vn 0.0695 0.9975 0.0091
vn -0.4461 0.8930 -0.0587
vn -0.8427 0.5269 -0.1109
vn 0.8698 0.4934 -0.0000
vn 0.4890 0.8723 -0.0000
vn -0.3860 0.8790 0.2800
vn -0.3949 0.9174 0.0497
vn -0.5001 0.7624 -0.4107
vn -0.9994 0.0332 -0.0000
vn -0.8620 -0.5068 -0.0000
vn -0.4882 -0.8727 -0.0000
vn 0.0155 -0.9999 -0.0000
vn 0.5115 -0.8593 -0.0000
vn 0.8698 -0.4934 -0.0000
vn 0.8624 0.4934 -0.1135
vn 0.4960 0.8663 -0.0588
vn -0.0248 0.9988 0.0414
vn -0.3984 0.6163 0.6794
vn -0.7879 0.5588 0.2589
vn -0.9899 0.0160 0.1408
vn -0.8547 -0.5068 0.1125
vn -0.4840 -0.8727 0.0637
vn 0.0154 -0.9999 -0.0020
vn 0.5071 -0.8593 -0.0668
vn 0.8624 -0.4934 -0.1135
vn 0.8402 0.4934 -0.2251
vn 0.4940 0.8593 -0.1324
vn 0.0241 0.9997 0.0046
vn -0.4681 0.8722 0.1421
vn -0.8340 0.4974 0.2387
vn -0.8327 -0.5068 0.2231
vn -0.4715 -0.8727 0.1264
vn 0.0150 -0.9999 -0.0040
vn 0.4940 -0.8593 -0.1324
vn 0.8402 -0.4934 -0.2251
vn 0.8036 0.4934 -0.3329
vn 0.4725 0.8593 -0.1957
vn 0.0143 0.9999 -0.0059
vn -0.4510 0.8727 0.1868
vn -0.7964 0.5068 0.3299
vn -0.7964 -0.5068 0.3299
vn -0.4510 -0.8727 0.1868
vn 0.0143 -0.9999 -0.0059
vn 0.4725 -0.8593 -0.1957
vn 0.8036 -0.4934 -0.3329
vn 0.7533 0.4934 -0.4349
vn 0.4429 0.8593 -0.2557
vn 0.0134 0.9999 -0.0078
vn -0.4228 0.8727 0.2441
vn -0.7466 0.5068 0.4310
vn -0.7465 -0.5068 0.4310
vn -0.4228 -0.8727 0.2441
vn 0.0134 -0.9999 -0.0078
vn 0.4429 -0.8593 -0.2557
vn 0.7533 -0.4934 -0.4349
vn 0.6901 0.4934 -0.5295
vn 0.4058 0.8593 -0.3114
vn 0.0123 0.9999 -0.0094
vn -0.3873 0.8727 0.2972
vn -0.6839 0.5068 0.5248
vn -0.6839 -0.5068 0.5248
vn -0.3873 -0.8727 0.2972
vn 0.0123 -0.9999 -0.0094
vn 0.4058 -0.8593 -0.3114
vn 0.6901 -0.4934 -0.5295
vn 0.6150 0.4934 -0.6150
vn 0.3617 0.8593 -0.3617
vn 0.0110 0.9999 -0.0110
vn -0.3452 0.8727 0.3452
vn -0.6096 0.5068 0.6096
vn -0.6096 -0.5068 0.6096
vn -0.3452 -0.8727 0.3452
vn 0.0110 -0.9999 -0.0110
vn 0.3617 -0.8593 -0.3617
vn 0.6150 -0.4934 -0.6150
vn 0.5295 0.4934 -0.6901
vn 0.3114 0.8593 -0.4058
vn 0.0094 0.9999 -0.0123
vn -0.2972 0.8727 0.3873
vn -0.5248 0.5068 0.6839
vn -0.5248 -0.5068 0.6839
vn -0.2972 -0.8727 0.3873
vn 0.0094 -0.9999 -0.0123
vn 0.3114 -0.8593 -0.4058
vn 0.5295 -0.4934 -0.6901
vn 0.4349 0.4934 -0.7533
vn 0.2557 0.8593 -0.4429
vn 0.0078 0.9999 -0.0134
vn -0.2441 0.8727 0.4228
vn -0.4310 0.5068 0.7466
vn -0.4310 -0.5068 0.7466
vn -0.2441 -0.8727 0.4228
vn 0.0078 -0.9999 -0.0134
vn 0.2557 -0.8593 -0.4429
vn 0.4349 -0.4934 -0.7533
vn 0.3329 0.4934 -0.8036
vn 0.1957 0.8593 -0.4725
vn 0.0059 0.9999 -0.0143
vn -0.1868 0.8727 0.4510
vn -0.3299 0.5068 0.7964
vn -0.3299 -0.5068 0.7964
vn -0.1868 -0.8727 0.4510
vn 0.0059 -0.9999 -0.0143
vn 0.1957 -0.8593 -0.4725
vn 0.3329 -0.4934 -0.8036
vn 0.2251 0.4934 -0.8402
vn 0.1324 0.8593 -0.4940
vn 0.0040 0.9999 -0.0150
vn -0.1264 0.8727 0.4716
vn -0.2231 0.5068 0.8327
vn -0.2231 -0.5068 0.8327
vn -0.1264 -0.8727 0.4716
vn 0.0040 -0.9999 -0.0150
vn 0.1324 -0.8593 -0.4940
vn 0.2251 -0.4934 -0.8402
vn 0.1135 0.4934 -0.8624
vn 0.0668 0.8593 -0.5071
vn 0.0020 0.9999 -0.0154
vn -0.0637 0.8727 0.4840
vn -0.1125 0.5068 0.8547
vn -0.1125 -0.5068 0.8547
vn -0.0637 -0.8727 0.4840
vn 0.0020 -0.9999 -0.0154
vn 0.0668 -0.8593 -0.5071
vn 0.1135 -0.4934 -0.8624
vn -0.0000 0.4934 -0.8698
vn -0.0000 0.8593 -0.5115
vn -0.0000 0.9999 -0.0155
vn -0.0000 0.8727 0.4882
vn -0.0000 0.5068 0.8620
vn -0.0000 -0.5068 0.8620
vn -0.0000 -0.8727 0.4882
vn -0.0000 -0.9999 -0.0155
vn -0.0000 -0.8593 -0.5115
vn -0.0000 -0.4934 -0.8698
vn -0.1135 0.4934 -0.8624
vn -0.0668 0.8593 -0.5071
vn -0.0020 0.9999 -0.0154
vn 0.0637 0.8727 0.4840
vn 0.1125 0.5068 0.8547
vn 0.1125 -0.5068 0.8547
vn 0.0637 -0.8727 0.4840
vn -0.0020 -0.9999 -0.0154
vn -0.0668 -0.8593 -0.5071
vn -0.1135 -0.4934 -0.8624
vn -0.2251 0.4934 -0.8402
vn -0.1324 0.8593 -0.4940
vn -0.0040 0.9999 -0.0150
vn 0.1264 0.8727 0.4716
vn 0.2231 0.5068 0.8327
vn 0.2231 -0.5068 0.8327
vn 0.1264 -0.8727 0.4716
vn -0.0040 -0.9999 -0.0150
vn -0.1324 -0.8593 -0.4940
vn -0.2251 -0.4934 -0.8402
vn -0.3329 0.4934 -0.8036
vn -0.1957 0.8593 -0.4725
vn -0.0059 0.9999 -0.0143
vn 0.1868 0.8727 0.4510
vn 0.3299 0.5068 0.7964
vn 0.3299 -0.5068 0.7964
vn 0.1868 -0.8727 0.4510
vn -0.0059 -0.9999 -0.0143
vn -0.1957 -0.8593 -0.4725
vn -0.3329 -0.4934 -0.8036
vn -0.4349 0.4934 -0.7533
vn -0.2557 0.8593 -0.4429
vn -0.0078 0.9999 -0.0134
vn 0.2441 0.8727 0.4228
vn 0.4310 0.5068 0.7466
vn 0.4310 -0.5068 0.7466
vn 0.2441 -0.8727 0.4228
vn -0.0078 -0.9999 -0.0134
vn -0.2557 -0.8593 -0.4429
vn -0.4349 -0.4934 -0.7533
vn -0.5295 0.4934 -0.6901
vn -0.3114 0.8593 -0.4058
vn -0.0094 0.9999 -0.0123
vn 0.2972 0.8727 0.3873
vn 0.5248 0.5068 0.6839
vn 0.5248 -0.5068 0.6839
vn 0.2972 -0.8727 0.3873
vn -0.0094 -0.9999 -0.0123
vn -0.3114 -0.8593 -0.4058
vn -0.5295 -0.4934 -0.6901
vn -0.6150 0.4934 -0.6150
vn -0.3617 0.8593 -0.3617
vn -0.0110 0.9999 -0.0110
vn 0.3452 0.8727 0.3452
vn 0.6096 0.5068 0.6096
vn 0.6096 -0.5068 0.6096
vn 0.3452 -0.8727 0.3452
vn -0.0110 -0.9999 -0.0110
vn -0.3617 -0.8593 -0.3617
vn -0.6150 -0.4934 -0.6150
vn -0.6901 0.4934 -0.5295
vn -0.4058 0.8593 -0.3114
vn -0.0123 0.9999 -0.0094
vn 0.3873 0.8727 0.2972
vn 0.6839 0.5068 0.5248
vn 0.6839 -0.5068 0.5248
vn 0.3873 -0.8727 0.2972
vn -0.0123 -0.9999 -0.0094
vn -0.4058 -0.8593 -0.3114
vn -0.6901 -0.4934 -0.5295
vn -0.7533 0.4934 -0.4349
vn -0.4429 0.8593 -0.2557
vn -0.0134 0.9999 -0.0078
vn 0.4228 0.8727 0.2441
vn 0.7466 0.5068 0.4310
vn 0.7466 -0.5068 0.4310
vn 0.4228 -0.8727 0.2441
vn -0.0134 -0.9999 -0.0078
vn -0.4429 -0.8593 -0.2557
vn -0.7533 -0.4934 -0.4349
vn -0.8036 0.4934 -0.3329
vn -0.4725 0.8593 -0.1957
vn -0.0143 0.9999 -0.0059
vn 0.4510 0.8727 0.1868
vn 0.7964 0.5068 0.3299
vn 0.7964 -0.5068 0.3299
vn 0.4510 -0.8727 0.1868
vn -0.0143 -0.9999 -0.0059
vn -0.4725 -0.8593 -0.1957
vn -0.8036 -0.4934 -0.3329
vn -0.8402 0.4934 -0.2251
vn -0.4940 0.8593 -0.1324
vn -0.0150 0.9999 -0.0040
vn 0.4716 0.8727 0.1264
vn 0.8327 0.5068 0.2231
vn 0.8327 -0.5068 0.2231
vn 0.4716 -0.8727 0.1264
vn -0.0150 -0.9999 -0.0040
vn -0.4940 -0.8593 -0.1324
vn -0.8402 -0.4934 -0.2251
vn -0.8624 0.4934 -0.1135
vn -0.5071 0.8593 -0.0668
vn -0.0154 0.9999 -0.0020
vn 0.4840 0.8727 0.0637
vn 0.8547 0.5068 0.1125
vn 0.8547 -0.5068 0.1125
vn 0.4840 -0.8727 0.0637
vn -0.0154 -0.9999 -0.0020
vn -0.5071 -0.8593 -0.0668
vn -0.8624 -0.4934 -0.1135
vn -0.8698 0.4934 -0.0000
vn -0.5115 0.8593 -0.0000
vn -0.0155 0.9999 -0.0000
vn 0.4882 0.8727 -0.0000
vn 0.8620 0.5068 -0.0000
vn 0.8620 -0.5068 -0.0000
vn 0.4882 -0.8727 -0.0000
vn -0.0155 -0.9999 -0.0000
vn -0.5115 -0.8593 -0.0000
vn -0.8698 -0.4934 -0.0000
vn -0.8624 0.4934 0.1135
vn -0.5071 0.8593 0.0668
vn -0.0154 0.9999 0.0020
vn 0.4840 0.8727 -0.0637
vn 0.8547 0.5068 -0.1125
vn 0.8547 -0.5068 -0.1125
vn 0.4840 -0.8727 -0.0637
vn -0.0154 -0.9999 0.0020
vn -0.5071 -0.8593 0.0668
vn -0.8624 -0.4934 0.1135
vn -0.8402 0.4934 0.2251
vn -0.4940 0.8593 0.1324
vn -0.0150 0.9999 0.0040
vn 0.4716 0.8727 -0.1264
vn 0.8327 0.5068 -0.2231
vn 0.8327 -0.5068 -0.2231
vn 0.4715 -0.8727 -0.1264
vn -0.0150 -0.9999 0.0040
vn -0.4940 -0.8593 0.1324
vn -0.8402 -0.4934 0.2251
vn -0.8036 0.4934 0.3329
vn -0.4725 0.8593 0.1957
vn -0.0143 0.9999 0.0059
vn 0.4510 0.8727 -0.1868
vn 0.7964 0.5068 -0.3299
vn 0.7964 -0.5068 -0.3299
vn 0.4510 -0.8727 -0.1868
vn -0.0143 -0.9999 0.0059
vn -0.4725 -0.8593 0.1957
vn -0.8036 -0.4934 0.3329
vn -0.7533 0.4934 0.4349
vn -0.4429 0.8593 0.2557
vn -0.0134 0.9999 0.0078
vn 0.4228 0.8727 -0.2441
vn 0.7466 0.5068 -0.4310
vn 0.7466 -0.5068 -0.4310
vn 0.4228 -0.8727 -0.2441
vn -0.0134 -0.9999 0.0078
vn -0.4429 -0.8593 0.2557
vn -0.7533 -0.4934 0.4349
vn -0.6901 0.4934 0.5295
vn -0.4058 0.8593 0.3114
vn -0.0123 0.9999 0.0094
vn 0.3873 0.8727 -0.2972
vn 0.6839 0.5068 -0.5248
vn 0.6839 -0.5068 -0.5248
vn 0.3873 -0.8727 -0.2972
vn -0.0123 -0.9999 0.0094
vn -0.4058 -0.8593 0.3114
vn -0.6901 -0.4934 0.5295
vn -0.6150 0.4934 0.6150
vn -0.3617 0.8593 0.3617
vn -0.0110 0.9999 0.0110
vn 0.3452 0.8727 -0.3452
vn 0.6096 0.5068 -0.6096
vn 0.6096 -0.5068 -0.6096
vn 0.3452 -0.8727 -0.3452
vn -0.0110 -0.9999 0.0110
vn -0.3617 -0.8593 0.3617
vn -0.6150 -0.4934 0.6150
vn -0.5295 0.4934 0.6901
vn -0.3114 0.8593 0.4058
vn -0.0094 0.9999 0.0123
vn 0.2972 0.8727 -0.3873
vn 0.5248 0.5068 -0.6839
vn 0.5248 -0.5068 -0.6839
vn 0.2972 -0.8727 -0.3873
vn -0.0094 -0.9999 0.0123
vn -0.3114 -0.8593 0.4058
vn -0.5295 -0.4934 0.6901
vn -0.4349 0.4934 0.7533
vn -0.2557 0.8593 0.4429
vn -0.0078 0.9999 0.0134
vn 0.2441 0.8727 -0.4228
vn 0.4310 0.5068 -0.7466
vn 0.4310 -0.5068 -0.7466
vn 0.2441 -0.8727 -0.4228
vn -0.0078 -0.9999 0.0134
vn -0.2557 -0.8593 0.4429
vn -0.4349 -0.4934 0.7533
vn -0.3329 0.4934 0.8036
vn -0.1957 0.8593 0.4725
vn -0.0059 0.9999 0.0143
vn 0.1868 0.8727 -0.4510
vn 0.3299 0.5068 -0.7964
vn 0.3299 -0.5068 -0.7964
vn 0.1868 -0.8727 -0.4510
vn -0.0059 -0.9999 0.0143
vn -0.1957 -0.8593 0.4725
vn -0.3329 -0.4934 0.8036
vn -0.2251 0.4934 0.8402
vn -0.1324 0.8593 0.4940
vn -0.0040 0.9999 0.0150
vn 0.1264 0.8727 -0.4716
vn 0.2231 0.5068 -0.8327
vn 0.2231 -0.5068 -0.8327
vn 0.1264 -0.8727 -0.4716
vn -0.0040 -0.9999 0.0150
vn -0.1324 -0.8593 0.4940
vn -0.2251 -0.4934 0.8402
vn -0.1135 0.4934 0.8624
vn -0.0668 0.8593 0.5071
vn -0.0020 0.9999 0.0154
vn 0.0637 0.8727 -0.4840
vn 0.1125 0.5068 -0.8547
vn 0.1125 -0.5068 -0.8547
vn 0.0637 -0.8727 -0.4840
vn -0.0020 -0.9999 0.0154
vn -0.0668 -0.8593 0.5071
vn -0.1135 -0.4934 0.8624
vn -0.0000 0.4934 0.8698
vn -0.0000 0.8593 0.5115
vn -0.0000 0.9999 0.0155
vn -0.0000 0.8727 -0.4882
vn -0.0000 0.5068 -0.8620
vn -0.0000 -0.5068 -0.8620
vn -0.0000 -0.8727 -0.4882
vn -0.0000 -0.9999 0.0155
vn -0.0000 -0.8593 0.5115
vn -0.0000 -0.4934 0.8698
vn 0.1135 0.4934 0.8624
vn 0.0668 0.8593 0.5071
vn 0.0020 0.9999 0.0154
vn -0.0637 0.8727 -0.4840
vn -0.1125 0.5068 -0.8547
vn -0.1125 -0.5068 -0.8547
vn -0.0637 -0.8727 -0.4840
vn 0.0020 -0.9999 0.0154
vn 0.0668 -0.8593 0.5071
vn 0.1135 -0.4934 0.8624
vn 0.2251 0.4934 0.8402
vn 0.1324 0.8593 0.4940
vn 0.0040 0.9999 0.0150
vn -0.1264 0.8727 -0.4716
vn -0.2231 0.5068 -0.8327
vn -0.2231 -0.5068 -0.8327
vn -0.1264 -0.8727 -0.4716
vn 0.0040 -0.9999 0.0150
vn 0.1324 -0.8593 0.4940
vn 0.2251 -0.4934 0.8402
vn 0.3329 0.4934 0.8036
vn 0.1957 0.8593 0.4725
vn 0.0059 0.9999 0.0143
vn -0.1868 0.8727 -0.4510
vn -0.3299 0.5068 -0.7964
vn -0.3299 -0.5068 -0.7964
vn -0.1868 -0.8727 -0.4510
vn 0.0059 -0.9999 0.0143
vn 0.1957 -0.8593 0.4725
vn 0.3329 -0.4934 0.8036
vn 0.4349 0.4934 0.7533
vn 0.2557 0.8593 0.4429
vn 0.0078 0.9999 0.0134
vn -0.2441 0.8727 -0.4228
vn -0.4310 0.5068 -0.7466
vn -0.4310 -0.5068 -0.7466
vn -0.2441 -0.8727 -0.4228
vn 0.0078 -0.9999 0.0134
vn 0.2557 -0.8593 0.4429
vn 0.4349 -0.4934 0.7533
vn 0.5295 0.4934 0.6901
vn 0.3114 0.8593 0.4058
vn 0.0094 0.9999 0.0123
vn -0.2972 0.8727 -0.3873
vn -0.5248 0.5068 -0.6839
vn -0.5248 -0.5068 -0.6839
vn -0.2972 -0.8727 -0.3873
vn 0.0094 -0.9999 0.0123
vn 0.3114 -0.8593 0.4058
vn 0.5295 -0.4934 0.6901
vn 0.6150 0.4934 0.6150
vn 0.3617 0.8593 0.3617
vn 0.0110 0.9999 0.0110
vn -0.3452 0.8727 -0.3452
vn -0.6096 0.5068 -0.6096
vn -0.6096 -0.5068 -0.6096
vn -0.3452 -0.8727 -0.3452
vn 0.0110 -0.9999 0.0110
vn 0.3617 -0.8593 0.3617
vn 0.6150 -0.4934 0.6150
vn 0.6901 0.4934 0.5295
vn 0.4058 0.8593 0.3114
vn 0.0123 0.9999 0.0094
vn -0.3873 0.8727 -0.2972
vn -0.6839 0.5068 -0.5248
vn -0.6839 -0.5068 -0.5248
vn -0.3873 -0.8727 -0.2972
vn 0.0123 -0.9999 0.0094
vn 0.4058 -0.8593 0.3114
vn 0.6901 -0.4934 0.5295
vn 0.7533 0.4934 0.4349
vn 0.4429 0.8593 0.2557
vn 0.0134 0.9999 0.0078
vn -0.4228 0.8727 -0.2441
vn -0.7466 0.5068 -0.4310
vn -0.7466 -0.5068 -0.4310
vn -0.4228 -0.8727 -0.2441
vn 0.0134 -0.9999 0.0078
vn 0.4429 -0.8593 0.2557
vn 0.7533 -0.4934 0.4349
vn 0.8036 0.4934 0.3329
vn 0.4725 0.8593 0.1957
vn 0.0143 0.9999 0.0059
vn -0.4510 0.8727 -0.1868
vn -0.7964 0.5068 -0.3299
vn -0.7964 -0.5068 -0.3299
vn -0.4510 -0.8727 -0.1868
vn 0.0143 -0.9999 0.0059
vn 0.4725 -0.8593 0.1957
vn 0.8036 -0.4934 0.3329
vn 0.8402 0.4934 0.2251
vn 0.4940 0.8593 0.1324
vn 0.0241 0.9997 -0.0046
vn -0.4681 0.8722 -0.1421
vn -0.8340 0.4974 -0.2387
vn -0.8327 -0.5068 -0.2231
vn -0.4716 -0.8727 -0.1264
vn 0.0150 -0.9999 0.0040
vn 0.4940 -0.8593 0.1324
vn 0.8402 -0.4934 0.2251
vn 0.8624 0.4934 0.1135
vn 0.4960 0.8663 0.0588
vn -0.1195 0.9825 -0.1429
vn -0.2392 0.6804 -0.6927
vn -0.8374 0.4984 -0.2244
vn -0.9899 0.0160 -0.1408
vn -0.8547 -0.5068 -0.1125
vn -0.4840 -0.8727 -0.0637
vn 0.0154 -0.9999 0.0020
vn 0.5071 -0.8593 0.0668
vn 0.8624 -0.4934 0.1135
vt 0.500000 0.500000
vt 0.520833 0.583333
vt 0.520833 0.500000
vt 0.500000 0.666667
vt 0.500000 0.583333
vt 0.500000 0.750000
vt 0.520833 0.666667
vt 0.500000 0.833333
vt 0.520833 0.750000
vt 0.520833 0.916667
vt 0.520833 0.833333
vt 0.500000 0.916667
vt 0.520833 1.000000
vt 0.500000 0.083333
vt 0.520833 0.000000
vt 0.500000 0.000000
vt 0.520833 0.166667
vt 0.520833 0.083333
vt 0.500000 0.250000
vt 0.500000 0.166667
vt 0.500000 0.333333
vt 0.520833 0.250000
vt 0.500000 0.416667
vt 0.520833 0.333333
vt 0.520833 0.416667
vt 0.541667 0.500000
vt 0.541667 0.583333
vt 0.541667 0.750000
vt 0.541667 0.666667
vt 0.541667 0.916667
vt 0.541667 0.833333
vt 0.541667 1.000000
vt 0.541667 0.000000
vt 0.541667 0.083333
vt 0.541667 0.166667
vt 0.541667 0.333333
vt 0.541667 0.250000
vt 0.541667 0.416667
vt 0.562500 0.583333
vt 0.562500 0.500000
vt 0.562500 0.666667
vt 0.562500 0.833333
vt 0.562500 0.750000
vt 0.562500 0.916667
vt 0.562500 0.000000
vt 0.562500 0.083333
vt 0.562500 0.166667
vt 0.562500 0.333333
vt 0.562500 0.250000
vt 0.562500 0.416667
vt 0.583333 0.583333
vt 0.583333 0.500000
vt 0.583333 0.666667
vt 0.583333 0.750000
vt 0.583333 0.916667
vt 0.583333 0.833333
vt 0.562500 1.000000
vt 0.583333 0.000000
vt 0.583333 0.083333
vt 0.583333 0.166667
vt 0.583333 0.333333
vt 0.583333 0.250000
vt 0.583333 0.416667
vt 0.604167 0.500000
vt 0.604167 0.583333
vt 0.604167 0.666667
vt 0.604167 0.833333
vt 0.604167 0.750000
vt 0.604167 0.916667
vt 0.583333 1.000000
vt 0.604167 0.000000
vt 0.604167 0.083333
vt 0.604167 0.166667
vt 0.604167 0.333333
vt 0.604167 0.250000
vt 0.604167 0.416667
vt 0.625000 0.583333
vt 0.625000 0.500000
vt 0.625000 0.666667
vt 0.625000 0.750000
vt 0.625000 0.916667
vt 0.625000 0.833333
vt 0.604167 1.000000
vt 0.625000 0.000000
vt 0.625000 0.083333
vt 0.625000 0.250000
vt 0.625000 0.166667
vt 0.625000 0.333333
vt 0.625000 0.416667
vt 0.645833 0.583333
vt 0.645833 0.500000
vt 0.645833 0.666667
vt 0.645833 0.750000
vt 0.645833 0.916667
vt 0.645833 0.833333
vt 0.645833 1.000000
vt 0.645833 0.000000
vt 0.645833 0.083333
vt 0.645833 0.250000
vt 0.645833 0.166667
vt 0.645833 0.333333
vt 0.645833 0.416667
vt 0.666667 0.500000
vt 0.666667 0.666667
vt 0.666667 0.583333
vt 0.666667 0.750000
vt 0.666667 0.916667
vt 0.666667 0.833333
vt 0.666667 1.000000
vt 0.666667 0.000000
vt 0.666667 0.083333
vt 0.666667 0.250000
vt 0.666667 0.166667
vt 0.666667 0.333333
vt 0.666667 0.416667
vt 0.687500 0.500000
vt 0.687500 0.666667
vt 0.687500 0.583333
vt 0.687500 0.750000
vt 0.687500 0.916667
vt 0.687500 0.833333
vt 0.687500 0.083333
vt 0.687500 0.000000
vt 0.687500 0.250000
vt 0.687500 0.166667
vt 0.687500 0.333333
vt 0.687500 0.416667
vt 0.708333 0.500000
vt 0.708333 0.583333
vt 0.708333 0.750000
vt 0.708333 0.666667
vt 0.708333 0.833333
vt 0.687500 1.000000
vt 0.708333 0.916667
vt 0.708333 0.083333
vt 0.708333 0.000000
vt 0.708333 0.250000
vt 0.708333 0.166667
vt 0.708333 0.333333
vt 0.708333 0.416667
vt 0.729167 0.500000
vt 0.729167 0.666667
vt 0.729167 0.583333
vt 0.729167 0.750000
vt 0.729167 0.833333
vt 0.708333 1.000000
vt 0.729167 0.916667
vt 0.729167 0.083333
vt 0.729167 0.000000
vt 0.729167 0.250000
vt 0.729167 0.166667
vt 0.729167 0.333333
vt 0.729167 0.416667
vt 0.750000 0.500000
vt 0.750000 0.583333
vt 0.750000 0.666667
vt 0.750000 0.833333
vt 0.750000 0.750000
vt 0.729167 1.000000
vt 0.750000 0.916667
vt 0.750000 0.000000
vt 0.750000 0.083333
vt 0.750000 0.166667
vt 0.750000 0.250000
vt 0.750000 0.333333
vt 0.750000 0.416667
vt 0.770833 0.500000
vt 0.770833 0.583333
vt 0.770833 0.666667
vt 0.770833 0.750000
vt 0.770833 0.916667
vt 0.770833 0.833333
vt 0.750000 1.000000
vt 0.770833 0.000000
vt 0.770833 0.083333
vt 0.770833 0.166667
vt 0.770833 0.333333
vt 0.770833 0.250000
vt 0.770833 0.416667
vt 0.791667 0.583333
vt 0.791667 0.500000
vt 0.791667 0.666667
vt 0.791667 0.833333
vt 0.791667 0.750000
vt 0.791667 1.000000
vt 0.791667 0.916667
vt 0.791667 0.000000
vt 0.791667 0.083333
vt 0.791667 0.166667
vt 0.791667 0.333333
vt 0.791667 0.250000
vt 0.791667 0.416667
vt 0.812500 0.583333
vt 0.812500 0.500000
vt 0.812500 0.666667
vt 0.812500 0.833333
vt 0.812500 0.750000
vt 0.812500 1.000000
vt 0.812500 0.916667
vt 0.812500 0.000000
vt 0.812500 0.166667
vt 0.812500 0.083333
vt 0.812500 0.250000
vt 0.812500 0.333333
vt 0.812500 0.416667
vt 0.833333 0.583333
vt 0.833333 0.500000
vt 0.833333 0.666667
vt 0.833333 0.833333
vt 0.833333 0.750000
vt 0.833333 1.000000
vt 0.833333 0.916667
vt 0.833333 0.000000
vt 0.833333 0.166667
vt 0.833333 0.083333
vt 0.833333 0.333333
vt 0.833333 0.250000
vt 0.833333 0.416667
vt 0.854167 0.500000
vt 0.854167 0.583333
vt 0.854167 0.666667
vt 0.854167 0.833333
vt 0.854167 0.750000
vt 0.854167 1.000000
vt 0.854167 0.916667
vt 0.854167 0.000000
vt 0.854167 0.166667
vt 0.854167 0.083333
vt 0.854167 0.333333
vt 0.854167 0.250000
vt 0.854167 0.416667
vt 0.875000 0.583333
vt 0.875000 0.500000
vt 0.875000 0.750000
vt 0.875000 0.666667
vt 0.875000 0.833333
vt 0.875000 1.000000
vt 0.875000 0.916667
vt 0.875000 0.000000
vt 0.875000 0.166667
vt 0.875000 0.083333
vt 0.875000 0.250000
vt 0.875000 0.416667
vt 0.875000 0.333333
vt 0.895833 0.583333
vt 0.895833 0.500000
vt 0.895833 0.750000
vt 0.895833 0.666667
vt 0.895833 0.833333
vt 0.895833 1.000000
vt 0.895833 0.916667
vt 0.895833 0.000000
vt 0.895833 0.083333
vt 0.895833 0.166667
vt 0.895833 0.333333
vt 0.895833 0.250000
vt 0.895833 0.416667
vt 0.916667 0.583333
vt 0.916667 0.500000
vt 0.916667 0.750000
vt 0.916667 0.666667
vt 0.916667 0.833333
vt 0.916667 1.000000
vt 0.916667 0.916667
vt 0.916667 0.000000
vt 0.916667 0.083333
vt 0.916667 0.250000
vt 0.916667 0.166667
vt 0.916667 0.416667
vt 0.916667 0.333333
vt 0.937500 0.583333
vt 0.937500 0.500000
vt 0.937500 0.750000
vt 0.937500 0.666667
vt 0.937500 0.833333
vt 0.937500 0.916667
vt 0.937500 0.000000
vt 0.937500 0.083333
vt 0.937500 0.166667
vt 0.937500 0.250000
vt 0.937500 0.416667
vt 0.937500 0.333333
vt 0.958333 0.583333
vt 0.958333 0.500000
vt 0.958333 0.666667
vt 0.958333 0.750000
vt 0.958333 0.833333
vt 0.958333 0.916667
vt 0.937500 1.000000
vt 0.958333 0.000000
vt 0.958333 0.083333
vt 0.958333 0.166667
vt 0.958333 0.250000
vt 0.958333 0.333333
vt 0.958333 0.416667
vt 0.979167 0.500000
vt 0.979167 0.583333
vt 0.979167 0.750000
vt 0.979167 0.666667
vt 0.979167 0.833333
vt 0.958333 1.000000
vt 0.979167 0.916667
vt 0.979167 0.083333
vt 0.979167 0.000000
vt 0.979167 0.166667
vt 0.979167 0.250000
vt 0.979167 0.416667
vt 0.979167 0.333333
vt 1.000000 0.500000
vt 1.000000 0.583333
vt 1.000000 0.666667
vt 1.000000 0.750000
vt 1.000000 0.833333
vt 0.979167 1.000000
vt 1.000000 0.916667
vt 1.000000 0.000000
vt 1.000000 0.166667
vt 1.000000 0.083333
vt 1.000000 0.250000
vt 1.000000 0.416667
vt 1.000000 0.333333
vt 0.000000 0.500000
vt 0.020833 0.583333
vt 0.020833 0.500000
vt 0.000000 0.666667
vt 0.000000 0.583333
vt 0.020833 0.750000
vt 0.020833 0.666667
vt 0.000000 0.750000
vt 0.020833 0.833333
vt 0.000000 0.916667
vt 0.000000 0.833333
vt 0.000000 1.000000
vt 0.020833 0.916667
vt 0.000000 0.083333
vt 0.020833 0.000000
vt 0.000000 0.000000
vt 0.000000 0.166667
vt 0.020833 0.083333
vt 0.000000 0.250000
vt 0.020833 0.166667
vt 0.000000 0.333333
vt 0.020833 0.250000
vt 0.000000 0.416667
vt 0.020833 0.333333
vt 0.020833 0.416667
vt 0.041667 0.583333
vt 0.041667 0.500000
vt 0.041667 0.666667
vt 0.041667 0.750000
vt 0.041667 0.833333
vt 0.020833 1.000000
vt 0.041667 0.916667
vt 0.041667 0.083333
vt 0.041667 0.000000
vt 0.041667 0.166667
vt 0.041667 0.250000
vt 0.041667 0.333333
vt 0.041667 0.416667
vt 0.062500 0.583333
vt 0.062500 0.500000
vt 0.062500 0.666667
vt 0.062500 0.750000
vt 0.062500 0.833333
vt 0.062500 1.000000
vt 0.062500 0.916667
vt 0.062500 0.000000
vt 0.062500 0.083333
vt 0.062500 0.250000
vt 0.062500 0.166667
vt 0.062500 0.333333
vt 0.062500 0.416667
vt 0.083333 0.500000
vt 0.083333 0.583333
vt 0.083333 0.666667
vt 0.083333 0.750000
vt 0.083333 0.833333
vt 0.083333 0.916667
vt 0.083333 0.083333
vt 0.083333 0.000000
vt 0.083333 0.166667
vt 0.083333 0.250000
vt 0.083333 0.416667
vt 0.083333 0.333333
vt 0.104167 0.500000
vt 0.104167 0.583333
vt 0.104167 0.750000
vt 0.104167 0.666667
vt 0.104167 0.833333
vt 0.104167 1.000000
vt 0.104167 0.916667
vt 0.104167 0.000000
vt 0.104167 0.166667
vt 0.104167 0.083333
vt 0.104167 0.250000
vt 0.104167 0.333333
vt 0.104167 0.416667
vt 0.125000 0.500000
vt 0.125000 0.583333
vt 0.125000 0.750000
vt 0.125000 0.666667
vt 0.125000 0.833333
vt 0.125000 0.916667
vt 0.125000 0.000000
vt 0.125000 0.166667
vt 0.125000 0.083333
vt 0.125000 0.250000
vt 0.125000 0.333333
vt 0.125000 0.416667
vt 0.145833 0.500000
vt 0.145833 0.666667
vt 0.145833 0.583333
vt 0.145833 0.750000
vt 0.145833 0.833333
vt 0.145833 1.000000
vt 0.145833 0.916667
vt 0.145833 0.000000
vt 0.145833 0.083333
vt 0.145833 0.250000
vt 0.145833 0.166667
vt 0.145833 0.333333
vt 0.145833 0.416667
vt 0.166667 0.583333
vt 0.166667 0.500000
vt 0.166667 0.666667
vt 0.166667 0.750000
vt 0.166667 0.833333
vt 0.166667 0.916667
vt 0.166667 0.083333
vt 0.166667 0.000000
vt 0.166667 0.166667
vt 0.166667 0.250000
vt 0.166667 0.333333
vt 0.166667 0.416667
vt 0.187500 0.500000
vt 0.187500 0.583333
vt 0.187500 0.750000
vt 0.187500 0.666667
vt 0.187500 0.833333
vt 0.187500 0.916667
vt 0.166667 1.000000
vt 0.187500 0.000000
vt 0.187500 0.083333
vt 0.187500 0.166667
vt 0.187500 0.250000
vt 0.187500 0.416667
vt 0.187500 0.333333
vt 0.208333 0.583333
vt 0.208333 0.500000
vt 0.208333 0.666667
vt 0.208333 0.833333
vt 0.208333 0.750000
vt 0.187500 1.000000
vt 0.208333 0.916667
vt 0.208333 0.000000
vt 0.208333 0.166667
vt 0.208333 0.083333
vt 0.208333 0.250000
vt 0.208333 0.416667
vt 0.208333 0.333333
vt 0.229167 0.583333
vt 0.229167 0.500000
vt 0.229167 0.666667
vt 0.229167 0.750000
vt 0.229167 0.833333
vt 0.208333 1.000000
vt 0.229167 0.916667
vt 0.229167 0.000000
vt 0.229167 0.166667
vt 0.229167 0.083333
vt 0.229167 0.250000
vt 0.229167 0.333333
vt 0.229167 0.416667
vt 0.250000 0.500000
vt 0.250000 0.583333
vt 0.250000 0.666667
vt 0.250000 0.833333
vt 0.250000 0.750000
vt 0.229167 1.000000
vt 0.250000 0.916667
vt 0.250000 0.000000
vt 0.250000 0.083333
vt 0.250000 0.166667
vt 0.250000 0.250000
vt 0.250000 0.416667
vt 0.250000 0.333333
vt 0.270833 0.500000
vt 0.270833 0.583333
vt 0.270833 0.666667
vt 0.270833 0.750000
vt 0.270833 0.833333
vt 0.250000 1.000000
vt 0.270833 0.916667
vt 0.270833 0.000000
vt 0.270833 0.083333
vt 0.270833 0.166667
vt 0.270833 0.250000
vt 0.270833 0.333333
vt 0.270833 0.416667
vt 0.291667 0.583333
vt 0.291667 0.500000
vt 0.291667 0.666667
vt 0.291667 0.750000
vt 0.291667 0.833333
vt 0.270833 1.000000
vt 0.291667 0.916667
vt 0.291667 0.000000
vt 0.291667 0.166667
vt 0.291667 0.083333
vt 0.291667 0.250000
vt 0.291667 0.333333
vt 0.291667 0.416667
vt 0.312500 0.500000
vt 0.312500 0.666667
vt 0.312500 0.583333
vt 0.312500 0.833333
vt 0.312500 0.750000
vt 0.312500 1.000000
vt 0.312500 0.916667
vt 0.312500 0.000000
vt 0.312500 0.166667
vt 0.312500 0.083333
vt 0.312500 0.250000
vt 0.312500 0.333333
vt 0.312500 0.416667
vt 0.333333 0.500000
vt 0.333333 0.583333
vt 0.333333 0.750000
vt 0.333333 0.666667
vt 0.333333 0.833333
vt 0.333333 1.000000
vt 0.333333 0.916667
vt 0.333333 0.000000
vt 0.333333 0.083333
vt 0.333333 0.166667
vt 0.333333 0.250000
vt 0.333333 0.333333
vt 0.333333 0.416667
vt 0.354167 0.500000
vt 0.354167 0.583333
vt 0.354167 0.750000
vt 0.354167 0.666667
vt 0.354167 0.916667
vt 0.354167 0.833333
vt 0.354167 0.000000
vt 0.354167 0.166667
vt 0.354167 0.083333
vt 0.354167 0.250000
vt 0.354167 0.333333
vt 0.354167 0.416667
vt 0.375000 0.583333
vt 0.375000 0.500000
vt 0.375000 0.666667
vt 0.375000 0.750000
vt 0.375000 0.833333
vt 0.375000 1.000000
vt 0.375000 0.916667
vt 0.375000 0.000000
vt 0.375000 0.166667
vt 0.375000 0.083333
vt 0.375000 0.250000
vt 0.375000 0.416667
vt 0.375000 0.333333
vt 0.395833 0.583333
vt 0.395833 0.500000
vt 0.395833 0.666667
vt 0.395833 0.833333
vt 0.395833 0.750000
vt 0.395833 1.000000
vt 0.395833 0.916667
vt 0.395833 0.000000
vt 0.395833 0.166667
vt 0.395833 0.083333
vt 0.395833 0.250000
vt 0.395833 0.333333
vt 0.395833 0.416667
vt 0.416667 0.583333
vt 0.416667 0.500000
vt 0.416667 0.750000
vt 0.416667 0.666667
vt 0.416667 0.833333
vt 0.416667 1.000000
vt 0.416667 0.916667
vt 0.416667 0.000000
vt 0.416667 0.166667
vt 0.416667 0.083333
vt 0.416667 0.250000
vt 0.416667 0.333333
vt 0.416667 0.416667
vt 0.437500 0.583333
vt 0.437500 0.500000
vt 0.437500 0.666667
vt 0.437500 0.750000
vt 0.437500 0.833333
vt 0.437500 1.000000
vt 0.437500 0.916667
vt 0.437500 0.000000
vt 0.437500 0.166667
vt 0.437500 0.083333
vt 0.437500 0.250000
vt 0.437500 0.416667
vt 0.437500 0.333333
vt 0.458333 0.500000
vt 0.458333 0.666667
vt 0.458333 0.583333
vt 0.458333 0.833333
vt 0.458333 0.750000
vt 0.458333 1.000000
vt 0.458333 0.916667
vt 0.458333 0.000000
vt 0.458333 0.166667
vt 0.458333 0.083333
vt 0.458333 0.250000
vt 0.458333 0.333333
vt 0.458333 0.416667
vt 0.479167 0.500000
vt 0.479167 0.666667
vt 0.479167 0.583333
vt 0.479167 0.750000
vt 0.479167 0.833333
vt 0.479167 1.000000
vt 0.479167 0.916667
vt 0.479167 0.000000
vt 0.479167 0.083333
vt 0.479167 0.166667
vt 0.479167 0.250000
vt 0.479167 0.333333
vt 0.479167 0.416667
vt 0.500000 1.000000
vt 0.625000 1.000000
vt 0.770833 1.000000
vt 1.000000 1.000000
vt 0.041667 1.000000
vt 0.083333 1.000000
vt 0.125000 1.000000
vt 0.291667 1.000000
vt 0.354167 1.000000
s 1
usemtl Material.002
f 25/13/7 38/14/20 37/15/19
f 27/16/9 38/14/20 26/17/8
f 28/18/10 39/19/21 27/16/9
f 29/20/11 40/21/22 28/18/10
f 29/20/11 42/22/24 41/23/23
f 30/24/12 43/25/25 42/22/24
f 32/26/14 43/27/25 31/28/13
f 32/26/14 45/29/27 44/30/26
f 34/31/16 45/29/27 33/32/15
f 35/33/17 46/34/28 34/31/16
f 36/35/18 47/36/29 35/33/17
f 25/13/7 48/37/30 36/35/18
f 38/14/20 49/38/31 37/15/19
f 39/19/21 50/39/32 38/14/20
f 39/19/21 52/40/34 51/41/33
f 41/23/23 52/40/34 40/21/22
f 41/23/23 54/42/36 53/43/35
f 42/22/24 55/44/37 54/42/36
f 44/30/26 55/45/37 43/27/25
f 45/29/27 56/46/38 44/30/26
f 46/34/28 57/47/39 45/29/27
f 46/34/28 59/48/41 58/49/40
f 47/36/29 60/50/42 59/48/41
f 48/37/30 49/38/31 60/50/42
f 49/38/31 62/51/44 61/52/43
f 51/41/33 62/51/44 50/39/32
f 52/40/34 63/53/45 51/41/33
f 52/40/34 65/54/47 64/55/46
f 54/42/36 65/54/47 53/43/35
f 55/44/37 66/56/48 54/42/36
f 56/46/38 67/57/49 55/45/37
f 57/47/39 68/58/50 56/46/38
f 58/49/40 69/59/51 57/47/39
f 58/49/40 71/60/53 70/61/52
f 60/50/42 71/60/53 59/48/41
f 49/38/31 72/62/54 60/50/42
f 61/52/43 74/63/56 73/64/55
f 63/53/45 74/63/56 62/51/44
f 64/55/46 75/65/57 63/53/45
f 65/54/47 76/66/58 64/55/46
f 65/54/47 78/67/60 77/68/59
f 67/69/49 78/67/60 66/56/48
f 68/58/50 79/70/61 67/57/49
f 69/59/51 80/71/62 68/58/50
f 70/61/52 81/72/63 69/59/51
f 70/61/52 83/73/65 82/74/64
f 72/62/54 83/73/65 71/60/53
f 61/52/43 84/75/66 72/62/54
f 74/63/56 85/76/67 73/64/55
f 75/65/57 86/77/68 74/63/56
f 76/66/58 87/78/69 75/65/57
f 76/66/58 89/79/71 88/80/70
f 77/68/59 90/81/72 89/79/71
f 79/82/61 90/81/72 78/67/60
f 80/71/62 91/83/73 79/70/61
f 81/72/63 92/84/74 80/71/62
f 82/74/64 93/85/75 81/72/63
f 82/74/64 95/86/77 94/87/76
f 84/75/66 95/86/77 83/73/65
f 73/64/55 96/88/78 84/75/66
f 85/76/67 98/89/80 97/90/79
f 87/78/69 98/89/80 86/77/68
f 88/80/70 99/91/81 87/78/69
f 89/79/71 100/92/82 88/80/70
f 89/79/71 102/93/84 101/94/83
f 91/95/73 102/93/84 90/81/72
f 92/84/74 103/96/85 91/83/73
f 93/85/75 104/97/86 92/84/74
f 93/85/75 106/98/88 105/99/87
f 94/87/76 107/100/89 106/98/88
f 96/88/78 107/100/89 95/86/77
f 96/88/78 97/90/79 108/101/90
f 97/90/79 110/102/92 109/103/91
f 99/91/81 110/102/92 98/89/80
f 100/92/82 111/104/93 99/91/81
f 101/94/83 112/105/94 100/92/82
f 101/94/83 114/106/96 113/107/95
f 102/93/84 115/108/97 114/106/96
f 104/97/86 115/109/97 103/96/85
f 105/99/87 116/110/98 104/97/86
f 105/99/87 118/111/100 117/112/99
f 106/98/88 119/113/101 118/111/100
f 108/101/90 119/113/101 107/100/89
f 97/90/79 120/114/102 108/101/90
f 110/102/92 121/115/103 109/103/91
f 110/102/92 123/116/105 122/117/104
f 111/104/93 124/118/106 123/116/105
f 113/107/95 124/118/106 112/105/94
f 113/107/95 126/119/108 125/120/107
f 114/106/96 127/121/109 126/119/108
f 116/110/98 127/122/109 115/109/97
f 117/112/99 128/123/110 116/110/98
f 117/112/99 130/124/112 129/125/111
f 119/113/101 130/124/112 118/111/100
f 120/114/102 131/126/113 119/113/101
f 120/114/102 121/115/103 132/127/114
f 122/117/104 133/128/115 121/115/103
f 122/117/104 135/129/117 134/130/116
f 124/118/106 135/129/117 123/116/105
f 125/120/107 136/131/118 124/118/106
f 125/120/107 138/132/120 137/133/119
f 127/121/109 138/132/120 126/119/108
f 127/122/109 140/134/122 139/135/121
f 129/125/111 140/134/122 128/123/110
f 129/125/111 142/136/124 141/137/123
f 130/124/112 143/138/125 142/136/124
f 132/127/114 143/138/125 131/126/113
f 132/127/114 133/128/115 144/139/126
f 134/130/116 145/140/127 133/128/115
f 135/129/117 146/141/128 134/130/116
f 135/129/117 148/142/130 147/143/129
f 137/133/119 148/142/130 136/131/118
f 138/132/120 149/144/131 137/133/119
f 139/145/121 150/146/132 138/132/120
f 139/135/121 152/147/134 151/148/133
f 141/137/123 152/147/134 140/134/122
f 141/137/123 154/149/136 153/150/135
f 142/136/124 155/151/137 154/149/136
f 144/139/126 155/151/137 143/138/125
f 144/139/126 145/140/127 156/152/138
f 146/141/128 157/153/139 145/140/127
f 146/141/128 159/154/141 158/155/140
f 147/143/129 160/156/142 159/154/141
f 149/144/131 160/156/142 148/142/130
f 150/146/132 161/157/143 149/144/131
f 151/158/133 162/159/144 150/146/132
f 151/148/133 164/160/146 163/161/145
f 153/150/135 164/160/146 152/147/134
f 153/150/135 166/162/148 165/163/147
f 155/151/137 166/162/148 154/149/136
f 156/152/138 167/164/149 155/151/137
f 156/152/138 157/153/139 168/165/150
f 158/155/140 169/166/151 157/153/139
f 159/154/141 170/167/152 158/155/140
f 160/156/142 171/168/153 159/154/141
f 160/156/142 173/169/155 172/170/154
f 162/159/144 173/169/155 161/157/143
f 163/171/145 174/172/156 162/159/144
f 164/160/146 175/173/157 163/161/145
f 165/163/147 176/174/158 164/160/146
f 166/162/148 177/175/159 165/163/147
f 167/164/149 178/176/160 166/162/148
f 168/165/150 179/177/161 167/164/149
f 157/153/139 180/178/162 168/165/150
f 170/167/152 181/179/163 169/166/151
f 171/168/153 182/180/164 170/167/152
f 172/170/154 183/181/165 171/168/153
f 173/169/155 184/182/166 172/170/154
f 173/169/155 186/183/168 185/184/167
f 175/185/157 186/183/168 174/172/156
f 176/174/158 187/186/169 175/173/157
f 177/175/159 188/187/170 176/174/158
f 178/176/160 189/188/171 177/175/159
f 178/176/160 191/189/173 190/190/172
f 179/177/161 192/191/174 191/189/173
f 169/166/151 192/191/174 180/178/162
f 181/179/163 194/192/176 193/193/175
f 182/180/164 195/194/177 194/192/176
f 184/182/166 195/194/177 183/181/165
f 184/182/166 197/195/179 196/196/178
f 186/183/168 197/195/179 185/184/167
f 186/183/168 199/197/181 198/198/180
f 188/187/170 199/199/181 187/186/169
f 189/188/171 200/200/182 188/187/170
f 190/190/172 201/201/183 189/188/171
f 190/190/172 203/202/185 202/203/184
f 192/191/174 203/202/185 191/189/173
f 181/179/163 204/204/186 192/191/174
f 193/193/175 206/205/188 205/206/187
f 194/192/176 207/207/189 206/205/188
f 196/196/178 207/207/189 195/194/177
f 196/196/178 209/208/191 208/209/190
f 198/198/180 209/208/191 197/195/179
f 198/198/180 211/210/193 210/211/192
f 200/200/182 211/212/193 199/199/181
f 200/200/182 213/213/195 212/214/194
f 202/203/184 213/213/195 201/201/183
f 203/202/185 214/215/196 202/203/184
f 204/204/186 215/216/197 203/202/185
f 193/193/175 216/217/198 204/204/186
f 205/206/187 218/218/200 217/219/199
f 207/207/189 218/218/200 206/205/188
f 208/209/190 219/220/201 207/207/189
f 208/209/190 221/221/203 220/222/202
f 210/211/192 221/221/203 209/208/191
f 210/211/192 223/223/205 222/224/204
f 212/214/194 223/225/205 211/212/193
f 212/214/194 225/226/207 224/227/206
f 214/215/196 225/226/207 213/213/195
f 214/215/196 227/228/209 226/229/208
f 215/216/197 228/230/210 227/228/209
f 205/206/187 228/230/210 216/217/198
f 218/218/200 229/231/211 217/219/199
f 219/220/201 230/232/212 218/218/200
f 220/222/202 231/233/213 219/220/201
f 220/222/202 233/234/215 232/235/214
f 222/224/204 233/234/215 221/221/203
f 222/224/204 235/236/217 234/237/216
f 224/227/206 235/238/217 223/225/205
f 224/227/206 237/239/219 236/240/218
f 226/229/208 237/239/219 225/226/207
f 226/229/208 239/241/221 238/242/220
f 227/228/209 240/243/222 239/241/221
f 228/230/210 229/231/211 240/243/222
f 229/231/211 242/244/224 241/245/223
f 231/233/213 242/244/224 230/232/212
f 231/233/213 244/246/226 243/247/225
f 232/235/214 245/248/227 244/246/226
f 234/237/216 245/248/227 233/234/215
f 234/237/216 247/249/229 246/250/228
f 236/240/218 247/251/229 235/238/217
f 236/240/218 249/252/231 248/253/230
f 238/242/220 249/252/231 237/239/219
f 239/241/221 250/254/232 238/242/220
f 239/241/221 252/255/234 251/256/233
f 229/231/211 252/255/234 240/243/222
f 241/245/223 254/257/236 253/258/235
f 243/247/225 254/257/236 242/244/224
f 243/247/225 256/259/238 255/260/237
f 244/246/226 257/261/239 256/259/238
f 246/250/228 257/261/239 245/248/227
f 246/250/228 259/262/241 258/263/240
f 248/253/230 259/264/241 247/251/229
f 249/252/231 260/265/242 248/253/230
f 250/254/232 261/266/243 249/252/231
f 250/254/232 263/267/245 262/268/244
f 252/255/234 263/267/245 251/256/233
f 241/245/223 264/269/246 252/255/234
f 253/258/235 266/270/248 265/271/247
f 255/260/237 266/270/248 254/257/236
f 255/260/237 268/272/250 267/273/249
f 257/261/239 268/272/250 256/259/238
f 258/263/240 269/274/251 257/261/239
f 258/263/240 271/275/253 270/276/252
f 260/265/242 271/277/253 259/264/241
f 261/266/243 272/278/254 260/265/242
f 261/266/243 274/279/256 273/280/255
f 263/267/245 274/279/256 262/268/244
f 263/267/245 276/281/258 275/282/257
f 253/258/235 276/281/258 264/269/246
f 265/271/247 278/283/260 277/284/259
f 267/273/249 278/283/260 266/270/248
f 267/273/249 280/285/262 279/286/261
f 269/274/251 280/285/262 268/272/250
f 270/276/252 281/287/263 269/274/251
f 271/275/253 282/288/264 270/276/252
f 272/278/254 283/289/265 271/277/253
f 273/280/255 284/290/266 272/278/254
f 274/279/256 285/291/267 273/280/255
f 275/282/257 286/292/268 274/279/256
f 275/282/257 288/293/270 287/294/269
f 265/271/247 288/293/270 276/281/258
f 277/284/259 290/295/272 289/296/271
f 278/283/260 291/297/273 290/295/272
f 279/286/261 292/298/274 291/297/273
f 280/285/262 293/299/275 292/298/274
f 281/287/263 294/300/276 293/299/275
f 283/301/265 294/300/276 282/288/264
f 284/290/266 295/302/277 283/289/265
f 285/291/267 296/303/278 284/290/266
f 286/292/268 297/304/279 285/291/267
f 287/294/269 298/305/280 286/292/268
f 288/293/270 299/306/281 287/294/269
f 277/284/259 300/307/282 288/293/270
f 290/295/272 301/308/283 289/296/271
f 291/297/273 302/309/284 290/295/272
f 291/297/273 304/310/286 303/311/285
f 293/299/275 304/310/286 292/298/274
f 294/300/276 305/312/287 293/299/275
f 295/313/277 306/314/288 294/300/276
f 295/302/277 308/315/290 307/316/289
f 297/304/279 308/315/290 296/303/278
f 298/305/280 309/317/291 297/304/279
f 299/306/281 310/318/292 298/305/280
f 299/306/281 312/319/294 311/320/293
f 289/296/271 312/319/294 300/307/282
f 302/309/284 313/321/295 301/308/283
f 303/311/285 314/322/296 302/309/284
f 304/310/286 315/323/297 303/311/285
f 305/312/287 316/324/298 304/310/286
f 306/314/288 317/325/299 305/312/287
f 307/326/289 318/327/300 306/314/288
f 308/315/290 319/328/7 307/316/289
f 308/315/290 321/329/302 320/330/301
f 309/317/291 322/331/303 321/329/302
f 311/320/293 322/331/303 310/318/292
f 311/320/293 324/332/305 323/333/304
f 301/308/283 324/332/305 312/319/294
f 313/334/295 326/335/307 325/336/306
f 315/337/297 326/335/307 314/338/296
f 315/337/297 328/339/309 327/340/308
f 316/341/298 329/342/310 328/339/309
f 318/343/300 329/342/310 317/344/299
f 319/345/7 330/346/311 318/343/300
f 320/347/301 331/348/19 319/349/7
f 321/350/302 332/351/312 320/347/301
f 322/352/303 333/353/313 321/350/302
f 323/354/304 334/355/314 322/352/303
f 324/356/305 335/357/315 323/354/304
f 313/334/295 336/358/316 324/356/305
f 325/336/306 338/359/318 337/360/317
f 326/335/307 339/361/319 338/359/318
f 327/340/308 340/362/320 339/361/319
f 328/339/309 341/363/321 340/362/320
f 330/346/311 341/363/321 329/342/310
f 331/364/19 342/365/322 330/346/311
f 331/348/19 344/366/323 343/367/31
f 333/353/313 344/366/323 332/351/312
f 334/355/314 345/368/324 333/353/313
f 335/357/315 346/369/325 334/355/314
f 336/358/316 347/370/326 335/357/315
f 325/336/306 348/371/327 336/358/316
f 337/360/317 350/372/328 349/373/49
f 338/359/318 351/374/329 350/372/328
f 340/362/320 351/374/329 339/361/319
f 341/363/321 352/375/330 340/362/320
f 342/365/322 353/376/331 341/363/321
f 342/365/322 355/377/43 354/378/332
f 344/366/323 355/379/43 343/367/31
f 345/368/324 356/380/333 344/366/323
f 345/368/324 358/381/335 357/382/334
f 346/369/325 359/383/336 358/381/335
f 347/370/326 360/384/337 359/383/336
f 337/360/317 360/384/337 348/371/327
f 350/372/328 361/385/61 349/373/49
f 351/374/329 362/386/338 350/372/328
f 352/375/330 363/387/339 351/374/329
f 353/376/331 364/388/340 352/375/330
f 354/378/332 365/389/341 353/376/331
f 355/377/43 366/390/342 354/378/332
f 355/379/43 368/391/343 367/392/55
f 356/380/333 369/393/344 368/391/343
f 357/382/334 370/394/345 369/393/344
f 359/383/336 370/394/345 358/381/335
f 359/383/336 372/395/347 371/396/346
f 360/384/337 361/385/61 372/395/347
f 362/386/338 373/397/73 361/385/61
f 363/387/339 374/398/348 362/386/338
f 363/387/339 376/399/350 375/400/349
f 365/389/341 376/399/350 364/388/340
f 366/390/342 377/401/351 365/389/341
f 366/390/342 379/402/67 378/403/352
f 368/391/343 379/404/67 367/392/55
f 368/391/343 381/405/354 380/406/353
f 369/393/344 382/407/355 381/405/354
f 370/394/345 383/408/356 382/407/355
f 371/396/346 384/409/357 383/408/356
f 361/385/61 384/409/357 372/395/347
f 374/398/348 385/410/85 373/397/73
f 375/400/349 386/411/358 374/398/348
f 375/400/349 388/412/360 387/413/359
f 377/401/351 388/412/360 376/399/350
f 378/403/352 389/414/361 377/401/351
f 379/402/67 390/415/362 378/403/352
f 380/406/353 391/416/79 379/404/67
f 380/406/353 393/417/364 392/418/363
f 382/407/355 393/417/364 381/405/354
f 383/408/356 394/419/365 382/407/355
f 384/409/357 395/420/366 383/408/356
f 384/409/357 385/410/85 396/421/367
f 386/411/358 397/422/97 385/410/85
f 386/411/358 399/423/369 398/424/368
f 387/413/359 400/425/370 399/423/369
f 389/414/361 400/425/370 388/412/360
f 390/415/362 401/426/371 389/414/361
f 390/415/362 403/427/91 402/428/372
f 392/418/363 403/429/91 391/416/79
f 393/417/364 404/430/373 392/418/363
f 393/417/364 406/431/375 405/432/374
f 395/420/366 406/431/375 394/419/365
f 396/421/367 407/433/376 395/420/366
f 396/421/367 397/422/97 408/434/377
f 397/422/97 410/435/378 409/436/109
f 398/424/368 411/437/379 410/435/378
f 399/423/369 412/438/380 411/437/379
f 400/425/370 413/439/381 412/438/380
f 402/428/372 413/439/381 401/426/371
f 403/427/91 414/440/382 402/428/372
f 403/429/91 416/441/383 415/442/103
f 404/430/373 417/443/384 416/441/383
f 406/431/375 417/443/384 405/432/374
f 407/433/376 418/444/385 406/431/375
f 408/434/377 419/445/386 407/433/376
f 397/422/97 420/446/387 408/434/377
f 410/435/378 421/447/121 409/436/109
f 411/437/379 422/448/388 410/435/378
f 411/437/379 424/449/390 423/450/389
f 412/438/380 425/451/391 424/449/390
f 413/439/381 426/452/392 425/451/391
f 415/453/103 426/452/392 414/440/382
f 416/441/383 427/454/115 415/442/103
f 417/443/384 428/455/393 416/441/383
f 418/444/385 429/456/394 417/443/384
f 419/445/386 430/457/395 418/444/385
f 419/445/386 432/458/397 431/459/396
f 420/446/387 421/447/121 432/458/397
f 421/447/121 434/460/398 433/461/133
f 423/450/389 434/460/398 422/448/388
f 424/449/390 435/462/399 423/450/389
f 424/449/390 437/463/401 436/464/400
f 426/452/392 437/463/401 425/451/391
f 427/465/115 438/466/402 426/452/392
f 428/455/393 439/467/127 427/454/115
f 428/455/393 441/468/404 440/469/403
f 430/457/395 441/468/404 429/456/394
f 431/459/396 442/470/405 430/457/395
f 431/459/396 444/471/407 443/472/406
f 421/447/121 444/471/407 432/458/397
f 433/461/133 446/473/408 445/474/145
f 435/462/399 446/473/408 434/460/398
f 436/464/400 447/475/409 435/462/399
f 437/463/401 448/476/410 436/464/400
f 438/466/402 449/477/411 437/463/401
f 439/478/127 450/479/412 438/466/402
f 440/469/403 451/480/139 439/467/127
f 440/469/403 453/481/414 452/482/413
f 441/468/404 454/483/415 453/481/414
f 442/470/405 455/484/416 454/483/415
f 443/472/406 456/485/417 455/484/416
f 433/461/133 456/485/417 444/471/407
f 446/473/408 457/486/157 445/474/145
f 447/475/409 458/487/418 446/473/408
f 448/476/410 459/488/419 447/475/409
f 448/476/410 461/489/421 460/490/420
f 450/479/412 461/489/421 449/477/411
f 451/491/139 462/492/422 450/479/412
f 452/482/413 463/493/151 451/480/139
f 453/481/414 464/494/423 452/482/413
f 454/483/415 465/495/424 453/481/414
f 455/484/416 466/496/425 454/483/415
f 455/484/416 468/497/427 467/498/426
f 445/474/145 468/497/427 456/485/417
f 458/487/418 469/499/169 457/486/157
f 459/488/419 470/500/428 458/487/418
f 460/490/420 471/501/429 459/488/419
f 461/489/421 472/502/430 460/490/420
f 462/492/422 473/503/431 461/489/421
f 463/504/151 474/505/432 462/492/422
f 464/494/423 475/506/163 463/493/151
f 465/495/424 476/507/433 464/494/423
f 466/496/425 477/508/434 465/495/424
f 467/498/426 478/509/435 466/496/425
f 468/497/427 479/510/436 467/498/426
f 457/486/157 480/511/437 468/497/427
f 469/499/169 482/512/438 481/513/181
f 471/501/429 482/512/438 470/500/428
f 472/502/430 483/514/439 471/501/429
f 473/503/431 484/515/440 472/502/430
f 474/505/432 485/516/441 473/503/431
f 475/517/163 486/518/442 474/505/432
f 476/507/433 487/519/175 475/506/163
f 476/507/433 489/520/444 488/521/443
f 477/508/434 490/522/445 489/520/444
f 478/509/435 491/523/446 490/522/445
f 479/510/436 492/524/447 491/523/446
f 469/499/169 492/524/447 480/511/437
f 482/512/438 493/525/193 481/513/181
f 482/512/438 495/526/449 494/527/448
f 484/515/440 495/526/449 483/514/439
f 484/515/440 497/528/451 496/529/450
f 486/518/442 497/528/451 485/516/441
f 486/518/442 499/530/187 498/531/452
f 488/521/443 499/532/187 487/519/175
f 488/521/443 501/533/454 500/534/453
f 490/522/445 501/533/454 489/520/444
f 491/523/446 502/535/455 490/522/445
f 492/524/447 503/536/456 491/523/446
f 481/513/181 504/537/457 492/524/447
f 494/527/448 505/538/205 493/525/193
f 495/526/449 506/539/458 494/527/448
f 495/526/449 508/540/460 507/541/459
f 496/529/450 509/542/461 508/540/460
f 498/531/452 509/542/461 497/528/451
f 498/531/452 511/543/199 510/544/462
f 500/534/453 511/545/199 499/532/187
f 501/533/454 512/546/463 500/534/453
f 502/535/455 513/547/464 501/533/454
f 503/536/456 514/548/465 502/535/455
f 504/537/457 515/549/466 503/536/456
f 504/537/457 505/538/205 516/550/467
f 506/539/458 517/551/217 505/538/205
f 507/541/459 518/552/468 506/539/458
f 507/541/459 520/553/470 519/554/469
f 509/542/461 520/553/470 508/540/460
f 509/542/461 522/555/472 521/556/471
f 511/543/199 522/555/472 510/544/462
f 512/546/463 523/557/211 511/545/199
f 512/546/463 525/558/474 524/559/473
f 513/547/464 526/560/475 525/558/474
f 514/548/465 527/561/476 526/560/475
f 516/550/467 527/561/476 515/549/466
f 516/550/467 517/551/217 528/562/477
f 517/551/217 530/563/478 529/564/229
f 519/554/469 530/563/478 518/552/468
f 520/553/470 531/565/479 519/554/469
f 521/556/471 532/566/480 520/553/470
f 522/555/472 533/567/481 521/556/471
f 522/555/472 535/568/223 534/569/482
f 524/559/473 535/570/223 523/557/211
f 524/559/473 537/571/484 536/572/483
f 526/560/475 537/571/484 525/558/474
f 527/561/476 538/573/485 526/560/475
f 527/561/476 540/574/487 539/575/486
f 517/551/217 540/574/487 528/562/477
f 529/564/229 542/576/488 541/577/241
f 531/565/479 542/576/488 530/563/478
f 532/566/480 543/578/489 531/565/479
f 532/566/480 545/579/491 544/580/490
f 534/569/482 545/579/491 533/567/481
f 534/569/482 547/581/235 546/582/492
f 536/572/483 547/583/235 535/570/223
f 536/572/483 549/584/494 548/585/493
f 538/573/485 549/584/494 537/571/484
f 539/575/486 550/586/495 538/573/485
f 540/574/487 551/587/496 539/575/486
f 529/564/229 552/588/497 540/574/487
f 541/577/241 554/589/498 553/590/253
f 543/578/489 554/589/498 542/576/488
f 543/578/489 556/591/500 555/592/499
f 544/580/490 557/593/501 556/591/500
f 546/582/492 557/593/501 545/579/491
f 546/582/492 559/594/247 558/595/502
f 548/585/493 559/596/247 547/583/235
f 548/585/493 561/597/504 560/598/503
f 550/586/495 561/597/504 549/584/494
f 551/587/496 562/599/505 550/586/495
f 552/588/497 563/600/506 551/587/496
f 541/577/241 564/601/507 552/588/497
f 553/590/253 566/602/508 565/603/265
f 554/589/498 567/604/509 566/602/508
f 555/592/499 568/605/510 567/604/509
f 556/591/500 569/606/511 568/605/510
f 558/595/502 569/606/511 557/593/501
f 558/595/502 571/607/259 570/608/512
f 560/598/503 571/609/259 559/596/247
f 560/598/503 573/610/514 572/611/513
f 562/599/505 573/610/514 561/597/504
f 563/600/506 574/612/515 562/599/505
f 563/600/506 576/613/517 575/614/516
f 553/590/253 576/613/517 564/601/507
f 566/602/508 577/615/277 565/603/265
f 566/602/508 579/616/519 578/617/518
f 568/605/510 579/616/519 567/604/509
f 568/605/510 581/618/521 580/619/520
f 570/608/512 581/618/521 569/606/511
f 570/608/512 583/620/271 582/621/522
f 572/611/513 583/622/271 571/609/259
f 572/611/513 585/623/524 584/624/523
f 574/612/515 585/623/524 573/610/514
f 575/614/516 586/625/525 574/612/515
f 576/613/517 587/626/526 575/614/516
f 565/603/265 588/627/527 576/613/517
f 578/617/518 589/628/289 577/615/277
f 578/617/518 591/629/529 590/630/528
f 579/616/519 592/631/530 591/629/529
f 580/619/520 593/632/531 592/631/530
f 582/621/522 593/632/531 581/618/521
f 582/621/522 595/633/533 594/634/532
f 584/624/523 595/635/533 583/622/271
f 585/623/524 596/636/534 584/624/523
f 586/625/525 597/637/535 585/623/524
f 587/626/526 598/638/536 586/625/525
f 588/627/527 599/639/537 587/626/526
f 588/627/527 589/628/289 600/640/538
f 590/630/528 25/13/7 589/628/289
f 591/629/529 26/17/8 590/630/528
f 591/629/529 28/18/10 27/16/9
f 592/631/530 29/20/11 28/18/10
f 594/634/532 29/20/11 593/632/531
f 595/633/533 30/24/12 594/634/532
f 596/636/534 31/28/13 595/635/533
f 597/637/535 32/26/14 596/636/534
f 598/638/536 33/32/15 597/637/535
f 599/639/537 34/31/16 598/638/536
f 599/639/537 36/35/18 35/33/17
f 589/628/289 36/35/18 600/640/538
f 601/13/295 614/14/550 602/17/539
f 602/17/539 615/19/551 603/16/540
f 603/16/540 616/21/552 604/18/541
f 604/18/541 617/23/553 605/20/542
f 605/20/542 618/22/554 606/24/543
f 618/22/554 607/641/544 606/24/543
f 619/27/555 608/26/545 607/28/544
f 620/30/556 609/32/546 608/26/545
f 621/29/557 610/31/547 609/32/546
f 622/34/558 611/33/548 610/31/547
f 623/36/559 612/35/549 611/33/548
f 624/37/560 601/13/295 612/35/549
f 613/15/306 626/39/561 614/14/550
f 614/14/550 627/41/562 615/19/551
f 615/19/551 628/40/563 616/21/552
f 616/21/552 629/43/564 617/23/553
f 629/43/564 618/22/554 617/23/553
f 630/42/565 619/25/555 618/22/554
f 631/45/31 620/30/556 619/27/555
f 620/30/556 633/47/567 621/29/557
f 621/29/557 634/49/568 622/34/558
f 622/34/558 635/48/569 623/36/559
f 623/36/559 636/50/570 624/37/560
f 636/50/570 613/15/306 624/37/560
f 625/38/317 638/51/571 626/39/561
f 638/51/571 627/41/562 626/39/561
f 639/53/572 628/40/563 627/41/562
f 640/55/573 629/43/564 628/40/563
f 629/43/564 642/56/575 630/42/565
f 642/56/575 631/44/31 630/42/565
f 643/57/43 632/46/566 631/45/31
f 644/58/576 633/47/567 632/46/566
f 645/59/577 634/49/568 633/47/567
f 646/61/578 635/48/569 634/49/568
f 635/48/569 648/62/580 636/50/570
f 648/62/580 625/38/317 636/50/570
f 637/52/49 650/63/581 638/51/571
f 650/63/581 639/53/572 638/51/571
f 651/65/582 640/55/573 639/53/572
f 652/66/583 641/54/574 640/55/573
f 641/54/574 654/67/585 642/56/575
f 654/67/585 643/69/43 642/56/575
f 643/57/43 656/71/586 644/58/576
f 656/71/586 645/59/577 644/58/576
f 645/59/577 658/74/588 646/61/578
f 658/74/588 647/60/579 646/61/578
f 647/60/579 660/75/590 648/62/580
f 660/75/590 637/52/49 648/62/580
f 661/76/73 650/63/581 649/64/61
f 650/63/581 663/78/592 651/65/582
f 651/65/582 664/80/593 652/66/583
f 652/66/583 665/79/594 653/68/584
f 665/79/594 654/67/585 653/68/584
f 666/81/595 655/82/55 654/67/585
f 667/83/67 656/71/586 655/70/55
f 668/84/596 657/72/587 656/71/586
f 669/85/597 658/74/588 657/72/587
f 670/87/598 659/73/589 658/74/588
f 671/86/599 660/75/590 659/73/589
f 672/88/600 649/64/61 660/75/590
f 673/90/85 662/77/591 661/76/73
f 674/89/601 663/78/592 662/77/591
f 675/91/602 664/80/593 663/78/592
f 664/80/593 677/94/604 665/79/594
f 677/94/604 666/81/595 665/79/594
f 678/93/605 667/95/67 666/81/595
f 679/96/79 668/84/596 667/83/67
f 680/97/606 669/85/597 668/84/596
f 681/99/607 670/87/598 669/85/597
f 670/87/598 683/100/609 671/86/599
f 683/100/609 672/88/600 671/86/599
f 684/101/610 661/76/73 672/88/600
f 685/103/97 674/89/601 673/90/85
f 674/89/601 687/104/612 675/91/602
f 687/104/612 676/92/603 675/91/602
f 688/105/613 677/94/604 676/92/603
f 689/107/614 678/93/605 677/94/604
f 690/106/615 679/642/79 678/93/605
f 679/96/79 692/110/616 680/97/606
f 680/97/606 693/112/617 681/99/607
f 681/99/607 694/111/618 682/98/608
f 682/98/608 695/113/619 683/100/609
f 695/113/619 684/101/610 683/100/609
f 696/114/620 673/90/85 684/101/610
f 685/103/97 698/117/621 686/102/611
f 698/117/621 687/104/612 686/102/611
f 699/116/622 688/105/613 687/104/612
f 688/105/613 701/120/624 689/107/614
f 689/107/614 702/119/625 690/106/615
f 690/106/615 703/121/103 691/108/91
f 703/122/103 692/110/616 691/109/91
f 704/123/626 693/112/617 692/110/616
f 705/125/627 694/111/618 693/112/617
f 694/111/618 707/126/629 695/113/619
f 695/113/619 708/127/630 696/114/620
f 708/127/630 685/103/97 696/114/620
f 697/115/109 710/130/631 698/117/621
f 710/130/631 699/116/622 698/117/621
f 711/129/632 700/118/623 699/116/622
f 712/131/633 701/120/624 700/118/623
f 713/133/634 702/119/625 701/120/624
f 714/132/635 703/121/103 702/119/625
f 703/122/103 716/134/636 704/123/626
f 704/123/626 717/137/637 705/125/627
f 705/125/627 718/136/638 706/124/628
f 706/124/628 719/138/639 707/126/629
f 719/138/639 708/127/630 707/126/629
f 720/139/640 697/115/109 708/127/630
f 721/140/133 710/130/631 709/128/121
f 710/130/631 723/143/642 711/129/632
f 711/129/632 724/142/643 712/131/633
f 712/131/633 725/144/644 713/133/634
f 713/133/634 726/146/645 714/132/635
f 726/146/645 715/145/115 714/132/635
f 727/148/127 716/134/636 715/135/115
f 728/147/646 717/137/637 716/134/636
f 729/150/647 718/136/638 717/137/637
f 730/149/648 719/138/639 718/136/638
f 731/151/649 720/139/640 719/138/639
f 732/152/650 709/128/121 720/139/640
f 733/153/145 722/141/641 721/140/133
f 722/141/641 735/154/652 723/143/642
f 735/154/652 724/142/643 723/143/642
f 736/156/653 725/144/644 724/142/643
f 737/157/654 726/146/645 725/144/644
f 738/159/655 727/158/127 726/146/645
f 739/161/139 728/147/646 727/148/127
f 740/160/656 729/150/647 728/147/646
f 729/150/647 742/162/658 730/149/648
f 730/149/648 743/164/659 731/151/649
f 731/151/649 744/165/660 732/152/650
f 744/165/660 721/140/133 732/152/650
f 745/166/157 734/155/651 733/153/145
f 746/167/661 735/154/652 734/155/651
f 735/154/652 748/170/663 736/156/653
f 748/170/663 737/157/654 736/156/653
f 737/157/654 750/172/665 738/159/655
f 750/172/665 739/171/139 738/159/655
f 751/173/151 740/160/656 739/161/139
f 752/174/666 741/163/657 740/160/656
f 741/163/657 754/176/668 742/162/658
f 742/162/658 755/177/669 743/164/659
f 743/164/659 756/178/670 744/165/660
f 756/178/670 733/153/145 744/165/660
f 757/179/169 746/167/661 745/166/157
f 758/180/671 747/168/662 746/167/661
f 759/181/672 748/170/663 747/168/662
f 748/170/663 761/184/674 749/169/664
f 761/184/674 750/172/665 749/169/664
f 762/183/675 751/185/151 750/172/665
f 763/186/163 752/174/666 751/173/151
f 764/187/676 753/175/667 752/174/666
f 765/188/677 754/176/668 753/175/667
f 754/176/668 767/189/679 755/177/669
f 755/177/669 768/191/680 756/178/670
f 768/191/680 745/166/157 756/178/670
f 757/179/169 770/192/681 758/180/671
f 758/180/671 771/194/682 759/181/672
f 759/181/672 772/196/683 760/182/673
f 760/182/673 773/195/684 761/184/674
f 761/184/674 774/198/685 762/183/675
f 774/198/685 763/643/163 762/183/675
f 763/186/163 776/200/686 764/187/676
f 776/200/686 765/188/677 764/187/676
f 777/201/687 766/190/678 765/188/677
f 778/203/688 767/189/679 766/190/678
f 779/202/689 768/191/680 767/189/679
f 780/204/690 757/179/169 768/191/680
f 781/206/193 770/192/681 769/193/181
f 782/205/691 771/194/682 770/192/681
f 783/207/692 772/196/683 771/194/682
f 784/209/693 773/195/684 772/196/683
f 785/208/694 774/198/685 773/195/684
f 786/211/695 775/197/175 774/198/685
f 775/199/175 788/214/696 776/200/686
f 776/200/686 789/213/697 777/201/687
f 777/201/687 790/215/698 778/203/688
f 790/215/698 779/202/689 778/203/688
f 779/202/689 792/217/700 780/204/690
f 780/204/690 781/206/193 769/193/181
f 793/219/205 782/205/691 781/206/193
f 782/205/691 795/220/702 783/207/692
f 783/207/692 796/222/703 784/209/693
f 784/209/693 797/221/704 785/208/694
f 797/221/704 786/211/695 785/208/694
f 786/211/695 799/223/199 787/210/187
f 799/225/199 788/214/696 787/212/187
f 788/214/696 801/226/707 789/213/697
f 801/226/707 790/215/698 789/213/697
f 802/229/708 791/216/699 790/215/698
f 803/228/709 792/217/700 791/216/699
f 804/230/710 781/206/193 792/217/700
f 805/231/217 794/218/701 793/219/205
f 806/232/711 795/220/702 794/218/701
f 807/233/712 796/222/703 795/220/702
f 808/235/713 797/221/704 796/222/703
f 797/221/704 810/237/715 798/224/705
f 810/237/715 799/223/199 798/224/705
f 799/225/199 812/240/716 800/227/706
f 812/240/716 801/226/707 800/227/706
f 813/239/717 802/229/708 801/226/707
f 802/229/708 815/241/719 803/228/709
f 803/228/709 816/243/720 804/230/710
f 816/243/720 793/219/205 804/230/710
f 805/231/217 818/244/721 806/232/711
f 806/232/711 819/247/722 807/233/712
f 807/233/712 820/246/723 808/235/713
f 820/246/723 809/234/714 808/235/713
f 821/248/724 810/237/715 809/234/714
f 822/250/725 811/236/211 810/237/715
f 811/238/211 824/253/726 812/240/716
f 812/240/716 825/252/727 813/239/717
f 813/239/717 826/254/728 814/242/718
f 826/254/728 815/241/719 814/242/718
f 827/256/729 816/243/720 815/241/719
f 828/255/730 805/231/217 816/243/720
f 829/258/241 818/244/721 817/245/229
f 830/257/731 819/247/722 818/244/721
f 831/260/732 820/246/723 819/247/722
f 832/259/733 821/248/724 820/246/723
f 833/261/734 822/250/725 821/248/724
f 834/263/735 823/249/223 822/250/725
f 835/264/235 824/253/726 823/251/223
f 836/265/736 825/252/727 824/253/726
f 837/266/737 826/254/728 825/252/727
f 838/268/738 827/256/729 826/254/728
f 827/256/729 840/269/740 828/255/730
f 840/269/740 817/245/229 828/255/730
f 829/258/241 842/270/741 830/257/731
f 842/270/741 831/260/732 830/257/731
f 831/260/732 844/272/743 832/259/733
f 844/272/743 833/261/734 832/259/733
f 845/274/744 834/263/735 833/261/734
f 846/276/745 835/262/235 834/263/735
f 847/277/247 836/265/736 835/264/235
f 848/278/746 837/266/737 836/265/736
f 849/280/747 838/268/738 837/266/737
f 850/279/748 839/267/739 838/268/738
f 851/282/749 840/269/740 839/267/739
f 852/281/750 829/258/241 840/269/740
f 853/284/265 842/270/741 841/271/253
f 842/270/741 855/286/752 843/273/742
f 855/286/752 844/272/743 843/273/742
f 856/285/753 845/274/744 844/272/743
f 857/287/754 846/276/745 845/274/744
f 858/288/755 847/275/247 846/276/745
f 859/289/259 848/278/746 847/277/247
f 860/290/756 849/280/747 848/278/746
f 849/280/747 862/292/758 850/279/748
f 850/279/748 863/294/759 851/282/749
f 851/282/749 864/293/760 852/281/750
f 864/293/760 841/271/253 852/281/750
f 865/296/277 854/283/751 853/284/265
f 854/283/751 867/297/762 855/286/752
f 867/297/762 856/285/753 855/286/752
f 856/285/753 869/299/764 857/287/754
f 869/299/764 858/288/755 857/287/754
f 858/288/755 871/313/271 859/301/259
f 859/289/259 872/303/766 860/290/756
f 872/303/766 861/291/757 860/290/756
f 873/304/767 862/292/758 861/291/757
f 874/305/768 863/294/759 862/292/758
f 875/306/769 864/293/760 863/294/759
f 876/307/770 853/284/265 864/293/760
f 877/308/289 866/295/761 865/296/277
f 878/309/771 867/297/762 866/295/761
f 879/311/772 868/298/763 867/297/762
f 880/310/773 869/299/764 868/298/763
f 881/312/774 870/300/765 869/299/764
f 882/314/775 871/313/271 870/300/765
f 883/316/283 872/303/766 871/302/271
f 884/315/776 873/304/767 872/303/766
f 873/304/767 886/318/778 874/305/768
f 874/305/768 887/320/779 875/306/769
f 875/306/769 888/319/780 876/307/770
f 876/307/770 877/308/289 865/296/277
f 889/321/7 878/309/771 877/308/289
f 878/309/771 891/323/782 879/311/772
f 879/311/772 892/324/783 880/310/773
f 892/324/783 881/312/774 880/310/773
f 893/325/784 882/314/775 881/312/774
f 882/314/775 895/644/295 883/326/283
f 883/316/283 896/330/786 884/315/776
f 884/315/776 897/329/787 885/317/777
f 885/317/777 898/331/788 886/318/778
f 898/331/788 887/320/779 886/318/778
f 899/333/789 888/319/780 887/320/779
f 900/332/790 877/308/289 888/319/780
f 889/334/7 902/335/791 890/338/781
f 902/335/791 891/337/782 890/338/781
f 903/340/792 892/341/783 891/337/782
f 904/339/793 893/344/784 892/341/783
f 905/342/794 894/343/785 893/344/784
f 906/346/795 895/345/295 894/343/785
f 907/348/306 896/347/786 895/349/295
f 908/351/796 897/350/787 896/347/786
f 909/353/797 898/352/788 897/350/787
f 898/352/788 911/357/799 899/354/789
f 899/354/789 912/358/800 900/356/790
f 900/356/790 901/336/19 889/334/7
f 913/360/31 902/335/791 901/336/19
f 902/335/791 915/361/802 903/340/792
f 903/340/792 916/362/803 904/339/793
f 904/339/793 917/363/804 905/342/794
f 905/342/794 918/365/805 906/346/795
f 918/365/805 907/364/306 906/346/795
f 919/367/317 908/351/796 907/348/306
f 908/351/796 921/368/807 909/353/797
f 921/368/807 910/355/798 909/353/797
f 922/369/808 911/357/799 910/355/798
f 923/370/809 912/358/800 911/357/799
f 924/371/810 901/336/19 912/358/800
f 925/373/43 914/359/801 913/360/31
f 926/372/811 915/361/802 914/359/801
f 927/374/812 916/362/803 915/361/802
f 928/375/813 917/363/804 916/362/803
f 917/363/804 930/378/815 918/365/805
f 930/378/815 919/645/317 918/365/805
f 919/367/317 932/380/816 920/366/806
f 932/380/816 921/368/807 920/366/806
f 921/368/807 934/381/818 922/369/808
f 934/381/818 923/370/809 922/369/808
f 935/383/819 924/371/810 923/370/809
f 936/384/820 913/360/31 924/371/810
f 937/385/55 926/372/811 925/373/43
f 926/372/811 939/387/822 927/374/812
f 939/387/822 928/375/813 927/374/812
f 928/375/813 941/389/824 929/376/814
f 941/389/824 930/378/815 929/376/814
f 942/390/825 931/377/49 930/378/815
f 943/392/61 932/380/816 931/379/49
f 944/391/826 933/382/817 932/380/816
f 945/393/827 934/381/818 933/382/817
f 946/394/828 935/383/819 934/381/818
f 947/396/829 936/384/820 935/383/819
f 948/395/830 925/373/43 936/384/820
f 949/397/67 938/386/821 937/385/55
f 950/398/831 939/387/822 938/386/821
f 951/400/832 940/388/823 939/387/822
f 940/388/823 953/401/834 941/389/824
f 953/401/834 942/390/825 941/389/824
f 954/403/835 943/646/61 942/390/825
f 943/392/61 956/406/836 944/391/826
f 956/406/836 945/393/827 944/391/826
f 957/405/837 946/394/828 945/393/827
f 946/394/828 959/408/839 947/396/829
f 947/396/829 960/409/840 948/395/830
f 960/409/840 937/385/55 948/395/830
f 961/410/79 950/398/831 949/397/67
f 950/398/831 963/413/842 951/400/832
f 951/400/832 964/412/843 952/399/833
f 964/412/843 953/401/834 952/399/833
f 965/414/844 954/403/835 953/401/834
f 966/415/845 955/402/73 954/403/835
f 955/404/73 968/418/846 956/406/836
f 968/418/846 957/405/837 956/406/836
f 969/417/847 958/407/838 957/405/837
f 970/419/848 959/408/839 958/407/838
f 971/420/849 960/409/840 959/408/839
f 960/409/840 961/410/79 949/397/67
f 973/422/91 962/411/841 961/410/79
f 974/424/851 963/413/842 962/411/841
f 975/423/852 964/412/843 963/413/842
f 964/412/843 977/426/854 965/414/844
f 965/414/844 978/428/855 966/415/845
f 978/428/855 967/647/85 966/415/845
f 979/429/97 968/418/846 967/416/85
f 980/430/856 969/417/847 968/418/846
f 981/432/857 970/419/848 969/417/847
f 970/419/848 983/433/859 971/420/849
f 983/433/859 972/421/850 971/420/849
f 984/434/860 961/410/79 972/421/850
f 985/436/103 974/424/851 973/422/91
f 986/435/861 975/423/852 974/424/851
f 975/423/852 988/438/863 976/425/853
f 976/425/853 989/439/864 977/426/854
f 989/439/864 978/428/855 977/426/854
f 990/440/865 979/427/97 978/428/855
f 991/442/109 980/430/856 979/429/97
f 992/441/866 981/432/857 980/430/856
f 981/432/857 994/444/868 982/431/858
f 994/444/868 983/433/859 982/431/858
f 983/433/859 996/446/870 984/434/860
f 984/434/860 985/436/103 973/422/91
f 997/447/115 986/435/861 985/436/103
f 998/448/871 987/437/862 986/435/861
f 999/450/872 988/438/863 987/437/862
f 1000/449/873 989/439/864 988/438/863
f 1001/451/874 990/440/865 989/439/864
f 1002/452/875 991/453/109 990/440/865
f 1003/454/121 992/441/866 991/442/109
f 992/441/866 1005/456/877 993/443/867
f 993/443/867 1006/457/878 994/444/868
f 994/444/868 1007/459/879 995/445/869
f 995/445/869 1008/458/880 996/446/870
f 1008/458/880 985/436/103 996/446/870
f 1009/461/127 998/448/871 997/447/115
f 1010/460/881 999/450/872 998/448/871
f 1011/462/882 1000/449/873 999/450/872
f 1000/449/873 1013/463/884 1001/451/874
f 1013/463/884 1002/452/875 1001/451/874
f 1014/466/885 1003/465/121 1002/452/875
f 1015/467/133 1004/455/876 1003/454/121
f 1016/469/886 1005/456/877 1004/455/876
f 1017/468/887 1006/457/878 1005/456/877
f 1018/470/888 1007/459/879 1006/457/878
f 1019/472/889 1008/458/880 1007/459/879
f 1020/471/890 997/447/115 1008/458/880
f 1009/461/127 1022/473/891 1010/460/881
f 1010/460/881 1023/475/892 1011/462/882
f 1023/475/892 1012/464/883 1011/462/882
f 1024/476/893 1013/463/884 1012/464/883
f 1025/477/894 1014/466/885 1013/463/884
f 1026/479/895 1015/478/133 1014/466/885
f 1015/467/133 1028/482/896 1016/469/886
f 1028/482/896 1017/468/887 1016/469/886
f 1029/481/897 1018/470/888 1017/468/887
f 1030/483/898 1019/472/889 1018/470/888
f 1031/484/899 1020/471/890 1019/472/889
f 1032/485/900 1009/461/127 1020/471/890
f 1033/486/151 1022/473/891 1021/474/139
f 1034/487/901 1023/475/892 1022/473/891
f 1035/488/902 1024/476/893 1023/475/892
f 1036/490/903 1025/477/894 1024/476/893
f 1025/477/894 1038/492/905 1026/479/895
f 1038/492/905 1027/491/145 1026/479/895
f 1039/493/157 1028/482/896 1027/480/145
f 1040/494/906 1029/481/897 1028/482/896
f 1041/495/907 1030/483/898 1029/481/897
f 1030/483/898 1043/498/909 1031/484/899
f 1031/484/899 1044/497/910 1032/485/900
f 1032/485/900 1033/486/151 1021/474/139
f 1045/499/163 1034/487/901 1033/486/151
f 1046/500/911 1035/488/902 1034/487/901
f 1047/501/912 1036/490/903 1035/488/902
f 1048/502/913 1037/489/904 1036/490/903
f 1049/503/914 1038/492/905 1037/489/904
f 1050/505/915 1039/504/157 1038/492/905
f 1039/493/157 1052/507/916 1040/494/906
f 1052/507/916 1041/495/907 1040/494/906
f 1041/495/907 1054/509/918 1042/496/908
f 1054/509/918 1043/498/909 1042/496/908
f 1055/510/919 1044/497/910 1043/498/909
f 1044/497/910 1045/499/163 1033/486/151
f 1057/513/175 1046/500/911 1045/499/163
f 1058/512/921 1047/501/912 1046/500/911
f 1047/501/912 1060/515/923 1048/502/913
f 1060/515/923 1049/503/914 1048/502/913
f 1061/516/924 1050/505/915 1049/503/914
f 1062/518/925 1051/517/169 1050/505/915
f 1063/519/181 1052/507/916 1051/506/169
f 1064/521/926 1053/508/917 1052/507/916
f 1065/520/927 1054/509/918 1053/508/917
f 1066/522/928 1055/510/919 1054/509/918
f 1067/523/929 1056/511/920 1055/510/919
f 1068/524/930 1045/499/163 1056/511/920
f 1069/525/187 1058/512/921 1057/513/175
f 1070/527/931 1059/514/922 1058/512/921
f 1071/526/932 1060/515/923 1059/514/922
f 1072/529/933 1061/516/924 1060/515/923
f 1073/528/934 1062/518/925 1061/516/924
f 1062/518/925 1075/530/193 1063/648/181
f 1063/519/181 1076/534/936 1064/521/926
f 1076/534/936 1065/520/927 1064/521/926
f 1077/533/937 1066/522/928 1065/520/927
f 1078/535/938 1067/523/929 1066/522/928
f 1067/523/929 1080/537/940 1068/524/930
f 1068/524/930 1069/525/187 1057/513/175
f 1069/525/187 1082/539/941 1070/527/931
f 1082/539/941 1071/526/932 1070/527/931
f 1071/526/932 1084/540/943 1072/529/933
f 1072/529/933 1085/542/944 1073/528/934
f 1073/528/934 1086/544/945 1074/531/935
f 1086/544/945 1075/530/193 1074/531/935
f 1087/545/205 1076/534/936 1075/532/193
f 1088/546/946 1077/533/937 1076/534/936
f 1089/547/947 1078/535/938 1077/533/937
f 1090/548/948 1079/536/939 1078/535/938
f 1091/549/949 1080/537/940 1079/536/939
f 1092/550/950 1069/525/187 1080/537/940
f 1093/551/211 1082/539/941 1081/538/199
f 1094/552/951 1083/541/942 1082/539/941
f 1095/554/952 1084/540/943 1083/541/942
f 1096/553/953 1085/542/944 1084/540/943
f 1097/556/954 1086/544/945 1085/542/944
f 1098/555/955 1087/543/205 1086/544/945
f 1087/545/205 1100/559/956 1088/546/946
f 1088/546/946 1101/558/957 1089/547/947
f 1089/547/947 1102/560/958 1090/548/948
f 1090/548/948 1103/561/959 1091/549/949
f 1091/549/949 1104/562/960 1092/550/950
f 1104/562/960 1081/538/199 1092/550/950
f 1093/551/211 1106/563/961 1094/552/951
f 1094/552/951 1107/565/962 1095/554/952
f 1095/554/952 1108/566/963 1096/553/953
f 1096/553/953 1109/567/964 1097/556/954
f 1097/556/954 1110/569/965 1098/555/955
f 1110/569/965 1099/649/217 1098/555/955
f 1099/557/217 1112/572/966 1100/559/956
f 1112/572/966 1101/558/957 1100/559/956
f 1113/571/967 1102/560/958 1101/558/957
f 1114/573/968 1103/561/959 1102/560/958
f 1115/575/969 1104/562/960 1103/561/959
f 1116/574/970 1093/551/211 1104/562/960
f 1117/577/235 1106/563/961 1105/564/223
f 1118/576/971 1107/565/962 1106/563/961
f 1107/565/962 1120/580/973 1108/566/963
f 1120/580/973 1109/567/964 1108/566/963
f 1109/567/964 1122/582/975 1110/569/965
f 1122/582/975 1111/568/229 1110/569/965
f 1123/583/241 1112/572/966 1111/570/229
f 1112/572/966 1125/584/977 1113/571/967
f 1113/571/967 1126/586/978 1114/573/968
f 1126/586/978 1115/575/969 1114/573/968
f 1115/575/969 1128/588/980 1116/574/970
f 1128/588/980 1105/564/223 1116/574/970
f 1129/590/247 1118/576/971 1117/577/235
f 1130/589/981 1119/578/972 1118/576/971
f 1131/592/982 1120/580/973 1119/578/972
f 1120/580/973 1133/593/984 1121/579/974
f 1133/593/984 1122/582/975 1121/579/974
f 1122/582/975 1135/594/253 1123/581/241
f 1135/596/253 1124/585/976 1123/583/241
f 1124/585/976 1137/597/987 1125/584/977
f 1137/597/987 1126/586/978 1125/584/977
f 1138/599/988 1127/587/979 1126/586/978
f 1127/587/979 1140/601/990 1128/588/980
f 1140/601/990 1117/577/235 1128/588/980
f 1129/590/247 1142/602/991 1130/589/981
f 1142/602/991 1131/592/982 1130/589/981
f 1131/592/982 1144/605/993 1132/591/983
f 1132/591/983 1145/606/994 1133/593/984
f 1145/606/994 1134/595/985 1133/593/984
f 1146/608/995 1135/594/253 1134/595/985
f 1147/609/265 1136/598/986 1135/596/253
f 1148/611/996 1137/597/987 1136/598/986
f 1149/610/997 1138/599/988 1137/597/987
f 1150/612/998 1139/600/989 1138/599/988
f 1151/614/999 1140/601/990 1139/600/989
f 1152/613/1000 1129/590/247 1140/601/990
f 1153/615/271 1142/602/991 1141/603/259
f 1154/617/1001 1143/604/992 1142/602/991
f 1155/616/1002 1144/605/993 1143/604/992
f 1144/605/993 1157/618/1004 1145/606/994
f 1157/618/1004 1146/608/995 1145/606/994
f 1158/621/1005 1147/607/265 1146/608/995
f 1147/609/265 1160/624/1006 1148/611/996
f 1160/624/1006 1149/610/997 1148/611/996
f 1161/623/1007 1150/612/998 1149/610/997
f 1150/612/998 1163/626/1009 1151/614/999
f 1163/626/1009 1152/613/1000 1151/614/999
f 1152/613/1000 1153/615/271 1141/603/259
f 1165/628/283 1154/617/1001 1153/615/271
f 1154/617/1001 1167/629/1012 1155/616/1002
f 1167/629/1012 1156/619/1003 1155/616/1002
f 1168/631/1013 1157/618/1004 1156/619/1003
f 1157/618/1004 1170/634/1015 1158/621/1005
f 1158/621/1005 1171/633/1016 1159/620/277
f 1171/635/1016 1160/624/1006 1159/622/277
f 1172/636/1017 1161/623/1007 1160/624/1006
f 1161/623/1007 1174/638/1019 1162/625/1008
f 1174/638/1019 1163/626/1009 1162/625/1008
f 1175/639/1020 1164/627/1010 1163/626/1009
f 1176/640/1021 1153/615/271 1164/627/1010
f 601/13/295 1166/630/1011 1165/628/283
f 1166/630/1011 603/16/540 1167/629/1012
f 603/16/540 1168/631/1013 1167/629/1012
f 1168/631/1013 605/20/542 1169/632/1014
f 1169/632/1014 606/24/543 1170/634/1015
f 1170/634/1015 607/641/544 1171/633/1016
f 607/28/544 1172/636/1017 1171/635/1016
f 1172/636/1017 609/32/546 1173/637/1018
f 609/32/546 1174/638/1019 1173/637/1018
f 1174/638/1019 611/33/548 1175/639/1020
f 611/33/548 1176/640/1021 1175/639/1020
f 1176/640/1021 601/13/295 1165/628/283
f 25/13/7 26/17/8 38/14/20
f 27/16/9 39/19/21 38/14/20
f 28/18/10 40/21/22 39/19/21
f 29/20/11 41/23/23 40/21/22
f 29/20/11 30/24/12 42/22/24
f 30/24/12 31/641/13 43/25/25
f 32/26/14 44/30/26 43/27/25
f 32/26/14 33/32/15 45/29/27
f 34/31/16 46/34/28 45/29/27
f 35/33/17 47/36/29 46/34/28
f 36/35/18 48/37/30 47/36/29
f 25/13/7 37/15/19 48/37/30
f 38/14/20 50/39/32 49/38/31
f 39/19/21 51/41/33 50/39/32
f 39/19/21 40/21/22 52/40/34
f 41/23/23 53/43/35 52/40/34
f 41/23/23 42/22/24 54/42/36
f 42/22/24 43/25/25 55/44/37
f 44/30/26 56/46/38 55/45/37
f 45/29/27 57/47/39 56/46/38
f 46/34/28 58/49/40 57/47/39
f 46/34/28 47/36/29 59/48/41
f 47/36/29 48/37/30 60/50/42
f 48/37/30 37/15/19 49/38/31
f 49/38/31 50/39/32 62/51/44
f 51/41/33 63/53/45 62/51/44
f 52/40/34 64/55/46 63/53/45
f 52/40/34 53/43/35 65/54/47
f 54/42/36 66/56/48 65/54/47
f 55/44/37 67/69/49 66/56/48
f 56/46/38 68/58/50 67/57/49
f 57/47/39 69/59/51 68/58/50
f 58/49/40 70/61/52 69/59/51
f 58/49/40 59/48/41 71/60/53
f 60/50/42 72/62/54 71/60/53
f 49/38/31 61/52/43 72/62/54
f 61/52/43 62/51/44 74/63/56
f 63/53/45 75/65/57 74/63/56
f 64/55/46 76/66/58 75/65/57
f 65/54/47 77/68/59 76/66/58
f 65/54/47 66/56/48 78/67/60
f 67/69/49 79/82/61 78/67/60
f 68/58/50 80/71/62 79/70/61
f 69/59/51 81/72/63 80/71/62
f 70/61/52 82/74/64 81/72/63
f 70/61/52 71/60/53 83/73/65
f 72/62/54 84/75/66 83/73/65
f 61/52/43 73/64/55 84/75/66
f 74/63/56 86/77/68 85/76/67
f 75/65/57 87/78/69 86/77/68
f 76/66/58 88/80/70 87/78/69
f 76/66/58 77/68/59 89/79/71
f 77/68/59 78/67/60 90/81/72
f 79/82/61 91/95/73 90/81/72
f 80/71/62 92/84/74 91/83/73
f 81/72/63 93/85/75 92/84/74
f 82/74/64 94/87/76 93/85/75
f 82/74/64 83/73/65 95/86/77
f 84/75/66 96/88/78 95/86/77
f 73/64/55 85/76/67 96/88/78
f 85/76/67 86/77/68 98/89/80
f 87/78/69 99/91/81 98/89/80
f 88/80/70 100/92/82 99/91/81
f 89/79/71 101/94/83 100/92/82
f 89/79/71 90/81/72 102/93/84
f 91/95/73 103/642/85 102/93/84
f 92/84/74 104/97/86 103/96/85
f 93/85/75 105/99/87 104/97/86
f 93/85/75 94/87/76 106/98/88
f 94/87/76 95/86/77 107/100/89
f 96/88/78 108/101/90 107/100/89
f 96/88/78 85/76/67 97/90/79
f 97/90/79 98/89/80 110/102/92
f 99/91/81 111/104/93 110/102/92
f 100/92/82 112/105/94 111/104/93
f 101/94/83 113/107/95 112/105/94
f 101/94/83 102/93/84 114/106/96
f 102/93/84 103/642/85 115/108/97
f 104/97/86 116/110/98 115/109/97
f 105/99/87 117/112/99 116/110/98
f 105/99/87 106/98/88 118/111/100
f 106/98/88 107/100/89 119/113/101
f 108/101/90 120/114/102 119/113/101
f 97/90/79 109/103/91 120/114/102
f 110/102/92 122/117/104 121/115/103
f 110/102/92 111/104/93 123/116/105
f 111/104/93 112/105/94 124/118/106
f 113/107/95 125/120/107 124/118/106
f 113/107/95 114/106/96 126/119/108
f 114/106/96 115/108/97 127/121/109
f 116/110/98 128/123/110 127/122/109
f 117/112/99 129/125/111 128/123/110
f 117/112/99 118/111/100 130/124/112
f 119/113/101 131/126/113 130/124/112
f 120/114/102 132/127/114 131/126/113
f 120/114/102 109/103/91 121/115/103
f 122/117/104 134/130/116 133/128/115
f 122/117/104 123/116/105 135/129/117
f 124/118/106 136/131/118 135/129/117
f 125/120/107 137/133/119 136/131/118
f 125/120/107 126/119/108 138/132/120
f 127/121/109 139/145/121 138/132/120
f 127/122/109 128/123/110 140/134/122
f 129/125/111 141/137/123 140/134/122
f 129/125/111 130/124/112 142/136/124
f 130/124/112 131/126/113 143/138/125
f 132/127/114 144/139/126 143/138/125
f 132/127/114 121/115/103 133/128/115
f 134/130/116 146/141/128 145/140/127
f 135/129/117 147/143/129 146/141/128
f 135/129/117 136/131/118 148/142/130
f 137/133/119 149/144/131 148/142/130
f 138/132/120 150/146/132 149/144/131
f 139/145/121 151/158/133 150/146/132
f 139/135/121 140/134/122 152/147/134
f 141/137/123 153/150/135 152/147/134
f 141/137/123 142/136/124 154/149/136
f 142/136/124 143/138/125 155/151/137
f 144/139/126 156/152/138 155/151/137
f 144/139/126 133/128/115 145/140/127
f 146/141/128 158/155/140 157/153/139
f 146/141/128 147/143/129 159/154/141
f 147/143/129 148/142/130 160/156/142
f 149/144/131 161/157/143 160/156/142
f 150/146/132 162/159/144 161/157/143
f 151/158/133 163/171/145 162/159/144
f 151/148/133 152/147/134 164/160/146
f 153/150/135 165/163/147 164/160/146
f 153/150/135 154/149/136 166/162/148
f 155/151/137 167/164/149 166/162/148
f 156/152/138 168/165/150 167/164/149
f 156/152/138 145/140/127 157/153/139
f 158/155/140 170/167/152 169/166/151
f 159/154/141 171/168/153 170/167/152
f 160/156/142 172/170/154 171/168/153
f 160/156/142 161/157/143 173/169/155
f 162/159/144 174/172/156 173/169/155
f 163/171/145 175/185/157 174/172/156
f 164/160/146 176/174/158 175/173/157
f 165/163/147 177/175/159 176/174/158
f 166/162/148 178/176/160 177/175/159
f 167/164/149 179/177/161 178/176/160
f 168/165/150 180/178/162 179/177/161
f 157/153/139 169/166/151 180/178/162
f 170/167/152 182/180/164 181/179/163
f 171/168/153 183/181/165 182/180/164
f 172/170/154 184/182/166 183/181/165
f 173/169/155 185/184/167 184/182/166
f 173/169/155 174/172/156 186/183/168
f 175/185/157 187/643/169 186/183/168
f 176/174/158 188/187/170 187/186/169
f 177/175/159 189/188/171 188/187/170
f 178/176/160 190/190/172 189/188/171
f 178/176/160 179/177/161 191/189/173
f 179/177/161 180/178/162 192/191/174
f 169/166/151 181/179/163 192/191/174
f 181/179/163 182/180/164 194/192/176
f 182/180/164 183/181/165 195/194/177
f 184/182/166 196/196/178 195/194/177
f 184/182/166 185/184/167 197/195/179
f 186/183/168 198/198/180 197/195/179
f 186/183/168 187/643/169 199/197/181
f 188/187/170 200/200/182 199/199/181
f 189/188/171 201/201/183 200/200/182
f 190/190/172 202/203/184 201/201/183
f 190/190/172 191/189/173 203/202/185
f 192/191/174 204/204/186 203/202/185
f 181/179/163 193/193/175 204/204/186
f 193/193/175 194/192/176 206/205/188
f 194/192/176 195/194/177 207/207/189
f 196/196/178 208/209/190 207/207/189
f 196/196/178 197/195/179 209/208/191
f 198/198/180 210/211/192 209/208/191
f 198/198/180 199/197/181 211/210/193
f 200/200/182 212/214/194 211/212/193
f 200/200/182 201/201/183 213/213/195
f 202/203/184 214/215/196 213/213/195
f 203/202/185 215/216/197 214/215/196
f 204/204/186 216/217/198 215/216/197
f 193/193/175 205/206/187 216/217/198
f 205/206/187 206/205/188 218/218/200
f 207/207/189 219/220/201 218/218/200
f 208/209/190 220/222/202 219/220/201
f 208/209/190 209/208/191 221/221/203
f 210/211/192 222/224/204 221/221/203
f 210/211/192 211/210/193 223/223/205
f 212/214/194 224/227/206 223/225/205
f 212/214/194 213/213/195 225/226/207
f 214/215/196 226/229/208 225/226/207
f 214/215/196 215/216/197 227/228/209
f 215/216/197 216/217/198 228/230/210
f 205/206/187 217/219/199 228/230/210
f 218/218/200 230/232/212 229/231/211
f 219/220/201 231/233/213 230/232/212
f 220/222/202 232/235/214 231/233/213
f 220/222/202 221/221/203 233/234/215
f 222/224/204 234/237/216 233/234/215
f 222/224/204 223/223/205 235/236/217
f 224/227/206 236/240/218 235/238/217
f 224/227/206 225/226/207 237/239/219
f 226/229/208 238/242/220 237/239/219
f 226/229/208 227/228/209 239/241/221
f 227/228/209 228/230/210 240/243/222
f 228/230/210 217/219/199 229/231/211
f 229/231/211 230/232/212 242/244/224
f 231/233/213 243/247/225 242/244/224
f 231/233/213 232/235/214 244/246/226
f 232/235/214 233/234/215 245/248/227
f 234/237/216 246/250/228 245/248/227
f 234/237/216 235/236/217 247/249/229
f 236/240/218 248/253/230 247/251/229
f 236/240/218 237/239/219 249/252/231
f 238/242/220 250/254/232 249/252/231
f 239/241/221 251/256/233 250/254/232
f 239/241/221 240/243/222 252/255/234
f 229/231/211 241/245/223 252/255/234
f 241/245/223 242/244/224 254/257/236
f 243/247/225 255/260/237 254/257/236
f 243/247/225 244/246/226 256/259/238
f 244/246/226 245/248/227 257/261/239
f 246/250/228 258/263/240 257/261/239
f 246/250/228 247/249/229 259/262/241
f 248/253/230 260/265/242 259/264/241
f 249/252/231 261/266/243 260/265/242
f 250/254/232 262/268/244 261/266/243
f 250/254/232 251/256/233 263/267/245
f 252/255/234 264/269/246 263/267/245
f 241/245/223 253/258/235 264/269/246
f 253/258/235 254/257/236 266/270/248
f 255/260/237 267/273/249 266/270/248
f 255/260/237 256/259/238 268/272/250
f 257/261/239 269/274/251 268/272/250
f 258/263/240 270/276/252 269/274/251
f 258/263/240 259/262/241 271/275/253
f 260/265/242 272/278/254 271/277/253
f 261/266/243 273/280/255 272/278/254
f 261/266/243 262/268/244 274/279/256
f 263/267/245 275/282/257 274/279/256
f 263/267/245 264/269/246 276/281/258
f 253/258/235 265/271/247 276/281/258
f 265/271/247 266/270/248 278/283/260
f 267/273/249 279/286/261 278/283/260
f 267/273/249 268/272/250 280/285/262
f 269/274/251 281/287/263 280/285/262
f 270/276/252 282/288/264 281/287/263
f 271/275/253 283/301/265 282/288/264
f 272/278/254 284/290/266 283/289/265
f 273/280/255 285/291/267 284/290/266
f 274/279/256 286/292/268 285/291/267
f 275/282/257 287/294/269 286/292/268
f 275/282/257 276/281/258 288/293/270
f 265/271/247 277/284/259 288/293/270
f 277/284/259 278/283/260 290/295/272
f 278/283/260 279/286/261 291/297/273
f 279/286/261 280/285/262 292/298/274
f 280/285/262 281/287/263 293/299/275
f 281/287/263 282/288/264 294/300/276
f 283/301/265 295/313/277 294/300/276
f 284/290/266 296/303/278 295/302/277
f 285/291/267 297/304/279 296/303/278
f 286/292/268 298/305/280 297/304/279
f 287/294/269 299/306/281 298/305/280
f 288/293/270 300/307/282 299/306/281
f 277/284/259 289/296/271 300/307/282
f 290/295/272 302/309/284 301/308/283
f 291/297/273 303/311/285 302/309/284
f 291/297/273 292/298/274 304/310/286
f 293/299/275 305/312/287 304/310/286
f 294/300/276 306/314/288 305/312/287
f 295/313/277 307/326/289 306/314/288
f 295/302/277 296/303/278 308/315/290
f 297/304/279 309/317/291 308/315/290
f 298/305/280 310/318/292 309/317/291
f 299/306/281 311/320/293 310/318/292
f 299/306/281 300/307/282 312/319/294
f 289/296/271 301/308/283 312/319/294
f 302/309/284 314/322/296 313/321/295
f 303/311/285 315/323/297 314/322/296
f 304/310/286 316/324/298 315/323/297
f 305/312/287 317/325/299 316/324/298
f 306/314/288 318/327/300 317/325/299
f 307/326/289 319/644/7 318/327/300
f 308/315/290 320/330/301 319/328/7
f 308/315/290 309/317/291 321/329/302
f 309/317/291 310/318/292 322/331/303
f 311/320/293 323/333/304 322/331/303
f 311/320/293 312/319/294 324/332/305
f 301/308/283 313/321/295 324/332/305
f 313/334/295 314/338/296 326/335/307
f 315/337/297 327/340/308 326/335/307
f 315/337/297 316/341/298 328/339/309
f 316/341/298 317/344/299 329/342/310
f 318/343/300 330/346/311 329/342/310
f 319/345/7 331/364/19 330/346/311
f 320/347/301 332/351/312 331/348/19
f 321/350/302 333/353/313 332/351/312
f 322/352/303 334/355/314 333/353/313
f 323/354/304 335/357/315 334/355/314
f 324/356/305 336/358/316 335/357/315
f 313/334/295 325/336/306 336/358/316
f 325/336/306 326/335/307 338/359/318
f 326/335/307 327/340/308 339/361/319
f 327/340/308 328/339/309 340/362/320
f 328/339/309 329/342/310 341/363/321
f 330/346/311 342/365/322 341/363/321
f 331/364/19 343/645/31 342/365/322
f 331/348/19 332/351/312 344/366/323
f 333/353/313 345/368/324 344/366/323
f 334/355/314 346/369/325 345/368/324
f 335/357/315 347/370/326 346/369/325
f 336/358/316 348/371/327 347/370/326
f 325/336/306 337/360/317 348/371/327
f 337/360/317 338/359/318 350/372/328
f 338/359/318 339/361/319 351/374/329
f 340/362/320 352/375/330 351/374/329
f 341/363/321 353/376/331 352/375/330
f 342/365/322 354/378/332 353/376/331
f 342/365/322 343/645/31 355/377/43
f 344/366/323 356/380/333 355/379/43
f 345/368/324 357/382/334 356/380/333
f 345/368/324 346/369/325 358/381/335
f 346/369/325 347/370/326 359/383/336
f 347/370/326 348/371/327 360/384/337
f 337/360/317 349/373/49 360/384/337
f 350/372/328 362/386/338 361/385/61
f 351/374/329 363/387/339 362/386/338
f 352/375/330 364/388/340 363/387/339
f 353/376/331 365/389/341 364/388/340
f 354/378/332 366/390/342 365/389/341
f 355/377/43 367/646/55 366/390/342
f 355/379/43 356/380/333 368/391/343
f 356/380/333 357/382/334 369/393/344
f 357/382/334 358/381/335 370/394/345
f 359/383/336 371/396/346 370/394/345
f 359/383/336 360/384/337 372/395/347
f 360/384/337 349/373/49 361/385/61
f 362/386/338 374/398/348 373/397/73
f 363/387/339 375/400/349 374/398/348
f 363/387/339 364/388/340 376/399/350
f 365/389/341 377/401/351 376/399/350
f 366/390/342 378/403/352 377/401/351
f 366/390/342 367/646/55 379/402/67
f 368/391/343 380/406/353 379/404/67
f 368/391/343 369/393/344 381/405/354
f 369/393/344 370/394/345 382/407/355
f 370/394/345 371/396/346 383/408/356
f 371/396/346 372/395/347 384/409/357
f 361/385/61 373/397/73 384/409/357
f 374/398/348 386/411/358 385/410/85
f 375/400/349 387/413/359 386/411/358
f 375/400/349 376/399/350 388/412/360
f 377/401/351 389/414/361 388/412/360
f 378/403/352 390/415/362 389/414/361
f 379/402/67 391/647/79 390/415/362
f 380/406/353 392/418/363 391/416/79
f 380/406/353 381/405/354 393/417/364
f 382/407/355 394/419/365 393/417/364
f 383/408/356 395/420/366 394/419/365
f 384/409/357 396/421/367 395/420/366
f 384/409/357 373/397/73 385/410/85
f 386/411/358 398/424/368 397/422/97
f 386/411/358 387/413/359 399/423/369
f 387/413/359 388/412/360 400/425/370
f 389/414/361 401/426/371 400/425/370
f 390/415/362 402/428/372 401/426/371
f 390/415/362 391/647/79 403/427/91
f 392/418/363 404/430/373 403/429/91
f 393/417/364 405/432/374 404/430/373
f 393/417/364 394/419/365 406/431/375
f 395/420/366 407/433/376 406/431/375
f 396/421/367 408/434/377 407/433/376
f 396/421/367 385/410/85 397/422/97
f 397/422/97 398/424/368 410/435/378
f 398/424/368 399/423/369 411/437/379
f 399/423/369 400/425/370 412/438/380
f 400/425/370 401/426/371 413/439/381
f 402/428/372 414/440/382 413/439/381
f 403/427/91 415/453/103 414/440/382
f 403/429/91 404/430/373 416/441/383
f 404/430/373 405/432/374 417/443/384
f 406/431/375 418/444/385 417/443/384
f 407/433/376 419/445/386 418/444/385
f 408/434/377 420/446/387 419/445/386
f 397/422/97 409/436/109 420/446/387
f 410/435/378 422/448/388 421/447/121
f 411/437/379 423/450/389 422/448/388
f 411/437/379 412/438/380 424/449/390
f 412/438/380 413/439/381 425/451/391
f 413/439/381 414/440/382 426/452/392
f 415/453/103 427/465/115 426/452/392
f 416/441/383 428/455/393 427/454/115
f 417/443/384 429/456/394 428/455/393
f 418/444/385 430/457/395 429/456/394
f 419/445/386 431/459/396 430/457/395
f 419/445/386 420/446/387 432/458/397
f 420/446/387 409/436/109 421/447/121
f 421/447/121 422/448/388 434/460/398
f 423/450/389 435/462/399 434/460/398
f 424/449/390 436/464/400 435/462/399
f 424/449/390 425/451/391 437/463/401
f 426/452/392 438/466/402 437/463/401
f 427/465/115 439/478/127 438/466/402
f 428/455/393 440/469/403 439/467/127
f 428/455/393 429/456/394 441/468/404
f 430/457/395 442/470/405 441/468/404
f 431/459/396 443/472/406 442/470/405
f 431/459/396 432/458/397 444/471/407
f 421/447/121 433/461/133 444/471/407
f 433/461/133 434/460/398 446/473/408
f 435/462/399 447/475/409 446/473/408
f 436/464/400 448/476/410 447/475/409
f 437/463/401 449/477/411 448/476/410
f 438/466/402 450/479/412 449/477/411
f 439/478/127 451/491/139 450/479/412
f 440/469/403 452/482/413 451/480/139
f 440/469/403 441/468/404 453/481/414
f 441/468/404 442/470/405 454/483/415
f 442/470/405 443/472/406 455/484/416
f 443/472/406 444/471/407 456/485/417
f 433/461/133 445/474/145 456/485/417
f 446/473/408 458/487/418 457/486/157
f 447/475/409 459/488/419 458/487/418
f 448/476/410 460/490/420 459/488/419
f 448/476/410 449/477/411 461/489/421
f 450/479/412 462/492/422 461/489/421
f 451/491/139 463/504/151 462/492/422
f 452/482/413 464/494/423 463/493/151
f 453/481/414 465/495/424 464/494/423
f 454/483/415 466/496/425 465/495/424
f 455/484/416 467/498/426 466/496/425
f 455/484/416 456/485/417 468/497/427
f 445/474/145 457/486/157 468/497/427
f 458/487/418 470/500/428 469/499/169
f 459/488/419 471/501/429 470/500/428
f 460/490/420 472/502/430 471/501/429
f 461/489/421 473/503/431 472/502/430
f 462/492/422 474/505/432 473/503/431
f 463/504/151 475/517/163 474/505/432
f 464/494/423 476/507/433 475/506/163
f 465/495/424 477/508/434 476/507/433
f 466/496/425 478/509/435 477/508/434
f 467/498/426 479/510/436 478/509/435
f 468/497/427 480/511/437 479/510/436
f 457/486/157 469/499/169 480/511/437
f 469/499/169 470/500/428 482/512/438
f 471/501/429 483/514/439 482/512/438
f 472/502/430 484/515/440 483/514/439
f 473/503/431 485/516/441 484/515/440
f 474/505/432 486/518/442 485/516/441
f 475/517/163 487/648/175 486/518/442
f 476/507/433 488/521/443 487/519/175
f 476/507/433 477/508/434 489/520/444
f 477/508/434 478/509/435 490/522/445
f 478/509/435 479/510/436 491/523/446
f 479/510/436 480/511/437 492/524/447
f 469/499/169 481/513/181 492/524/447
f 482/512/438 494/527/448 493/525/193
f 482/512/438 483/514/439 495/526/449
f 484/515/440 496/529/450 495/526/449
f 484/515/440 485/516/441 497/528/451
f 486/518/442 498/531/452 497/528/451
f 486/518/442 487/648/175 499/530/187
f 488/521/443 500/534/453 499/532/187
f 488/521/443 489/520/444 501/533/454
f 490/522/445 502/535/455 501/533/454
f 491/523/446 503/536/456 502/535/455
f 492/524/447 504/537/457 503/536/456
f 481/513/181 493/525/193 504/537/457
f 494/527/448 506/539/458 505/538/205
f 495/526/449 507/541/459 506/539/458
f 495/526/449 496/529/450 508/540/460
f 496/529/450 497/528/451 509/542/461
f 498/531/452 510/544/462 509/542/461
f 498/531/452 499/530/187 511/543/199
f 500/534/453 512/546/463 511/545/199
f 501/533/454 513/547/464 512/546/463
f 502/535/455 514/548/465 513/547/464
f 503/536/456 515/549/466 514/548/465
f 504/537/457 516/550/467 515/549/466
f 504/537/457 493/525/193 505/538/205
f 506/539/458 518/552/468 517/551/217
f 507/541/459 519/554/469 518/552/468
f 507/541/459 508/540/460 520/553/470
f 509/542/461 521/556/471 520/553/470
f 509/542/461 510/544/462 522/555/472
f 511/543/199 523/649/211 522/555/472
f 512/546/463 524/559/473 523/557/211
f 512/546/463 513/547/464 525/558/474
f 513/547/464 514/548/465 526/560/475
f 514/548/465 515/549/466 527/561/476
f 516/550/467 528/562/477 527/561/476
f 516/550/467 505/538/205 517/551/217
f 517/551/217 518/552/468 530/563/478
f 519/554/469 531/565/479 530/563/478
f 520/553/470 532/566/480 531/565/479
f 521/556/471 533/567/481 532/566/480
f 522/555/472 534/569/482 533/567/481
f 522/555/472 523/649/211 535/568/223
f 524/559/473 536/572/483 535/570/223
f 524/559/473 525/558/474 537/571/484
f 526/560/475 538/573/485 537/571/484
f 527/561/476 539/575/486 538/573/485
f 527/561/476 528/562/477 540/574/487
f 517/551/217 529/564/229 540/574/487
f 529/564/229 530/563/478 542/576/488
f 531/565/479 543/578/489 542/576/488
f 532/566/480 544/580/490 543/578/489
f 532/566/480 533/567/481 545/579/491
f 534/569/482 546/582/492 545/579/491
f 534/569/482 535/568/223 547/581/235
f 536/572/483 548/585/493 547/583/235
f 536/572/483 537/571/484 549/584/494
f 538/573/485 550/586/495 549/584/494
f 539/575/486 551/587/496 550/586/495
f 540/574/487 552/588/497 551/587/496
f 529/564/229 541/577/241 552/588/497
f 541/577/241 542/576/488 554/589/498
f 543/578/489 555/592/499 554/589/498
f 543/578/489 544/580/490 556/591/500
f 544/580/490 545/579/491 557/593/501
f 546/582/492 558/595/502 557/593/501
f 546/582/492 547/581/235 559/594/247
f 548/585/493 560/598/503 559/596/247
f 548/585/493 549/584/494 561/597/504
f 550/586/495 562/599/505 561/597/504
f 551/587/496 563/600/506 562/599/505
f 552/588/497 564/601/507 563/600/506
f 541/577/241 553/590/253 564/601/507
f 553/590/253 554/589/498 566/602/508
f 554/589/498 555/592/499 567/604/509
f 555/592/499 556/591/500 568/605/510
f 556/591/500 557/593/501 569/606/511
f 558/595/502 570/608/512 569/606/511
f 558/595/502 559/594/247 571/607/259
f 560/598/503 572/611/513 571/609/259
f 560/598/503 561/597/504 573/610/514
f 562/599/505 574/612/515 573/610/514
f 563/600/506 575/614/516 574/612/515
f 563/600/506 564/601/507 576/613/517
f 553/590/253 565/603/265 576/613/517
f 566/602/508 578/617/518 577/615/277
f 566/602/508 567/604/509 579/616/519
f 568/605/510 580/619/520 579/616/519
f 568/605/510 569/606/511 581/618/521
f 570/608/512 582/621/522 581/618/521
f 570/608/512 571/607/259 583/620/271
f 572/611/513 584/624/523 583/622/271
f 572/611/513 573/610/514 585/623/524
f 574/612/515 586/625/525 585/623/524
f 575/614/516 587/626/526 586/625/525
f 576/613/517 588/627/527 587/626/526
f 565/603/265 577/615/277 588/627/527
f 578/617/518 590/630/528 589/628/289
f 578/617/518 579/616/519 591/629/529
f 579/616/519 580/619/520 592/631/530
f 580/619/520 581/618/521 593/632/531
f 582/621/522 594/634/532 593/632/531
f 582/621/522 583/620/271 595/633/533
f 584/624/523 596/636/534 595/635/533
f 585/623/524 597/637/535 596/636/534
f 586/625/525 598/638/536 597/637/535
f 587/626/526 599/639/537 598/638/536
f 588/627/527 600/640/538 599/639/537
f 588/627/527 577/615/277 589/628/289
f 590/630/528 26/17/8 25/13/7
f 591/629/529 27/16/9 26/17/8
f 591/629/529 592/631/530 28/18/10
f 592/631/530 593/632/531 29/20/11
f 594/634/532 30/24/12 29/20/11
f 595/633/533 31/641/13 30/24/12
f 596/636/534 32/26/14 31/28/13
f 597/637/535 33/32/15 32/26/14
f 598/638/536 34/31/16 33/32/15
f 599/639/537 35/33/17 34/31/16
f 599/639/537 600/640/538 36/35/18
f 589/628/289 25/13/7 36/35/18
f 601/13/295 613/15/306 614/14/550
f 602/17/539 614/14/550 615/19/551
f 603/16/540 615/19/551 616/21/552
f 604/18/541 616/21/552 617/23/553
f 605/20/542 617/23/553 618/22/554
f 618/22/554 619/25/555 607/641/544
f 619/27/555 620/30/556 608/26/545
f 620/30/556 621/29/557 609/32/546
f 621/29/557 622/34/558 610/31/547
f 622/34/558 623/36/559 611/33/548
f 623/36/559 624/37/560 612/35/549
f 624/37/560 613/15/306 601/13/295
f 613/15/306 625/38/317 626/39/561
f 614/14/550 626/39/561 627/41/562
f 615/19/551 627/41/562 628/40/563
f 616/21/552 628/40/563 629/43/564
f 629/43/564 630/42/565 618/22/554
f 630/42/565 631/44/31 619/25/555
f 631/45/31 632/46/566 620/30/556
f 620/30/556 632/46/566 633/47/567
f 621/29/557 633/47/567 634/49/568
f 622/34/558 634/49/568 635/48/569
f 623/36/559 635/48/569 636/50/570
f 636/50/570 625/38/317 613/15/306
f 625/38/317 637/52/49 638/51/571
f 638/51/571 639/53/572 627/41/562
f 639/53/572 640/55/573 628/40/563
f 640/55/573 641/54/574 629/43/564
f 629/43/564 641/54/574 642/56/575
f 642/56/575 643/69/43 631/44/31
f 643/57/43 644/58/576 632/46/566
f 644/58/576 645/59/577 633/47/567
f 645/59/577 646/61/578 634/49/568
f 646/61/578 647/60/579 635/48/569
f 635/48/569 647/60/579 648/62/580
f 648/62/580 637/52/49 625/38/317
f 637/52/49 649/64/61 650/63/581
f 650/63/581 651/65/582 639/53/572
f 651/65/582 652/66/583 640/55/573
f 652/66/583 653/68/584 641/54/574
f 641/54/574 653/68/584 654/67/585
f 654/67/585 655/82/55 643/69/43
f 643/57/43 655/70/55 656/71/586
f 656/71/586 657/72/587 645/59/577
f 645/59/577 657/72/587 658/74/588
f 658/74/588 659/73/589 647/60/579
f 647/60/579 659/73/589 660/75/590
f 660/75/590 649/64/61 637/52/49
f 661/76/73 662/77/591 650/63/581
f 650/63/581 662/77/591 663/78/592
f 651/65/582 663/78/592 664/80/593
f 652/66/583 664/80/593 665/79/594
f 665/79/594 666/81/595 654/67/585
f 666/81/595 667/95/67 655/82/55
f 667/83/67 668/84/596 656/71/586
f 668/84/596 669/85/597 657/72/587
f 669/85/597 670/87/598 658/74/588
f 670/87/598 671/86/599 659/73/589
f 671/86/599 672/88/600 660/75/590
f 672/88/600 661/76/73 649/64/61
f 673/90/85 674/89/601 662/77/591
f 674/89/601 675/91/602 663/78/592
f 675/91/602 676/92/603 664/80/593
f 664/80/593 676/92/603 677/94/604
f 677/94/604 678/93/605 666/81/595
f 678/93/605 679/642/79 667/95/67
f 679/96/79 680/97/606 668/84/596
f 680/97/606 681/99/607 669/85/597
f 681/99/607 682/98/608 670/87/598
f 670/87/598 682/98/608 683/100/609
f 683/100/609 684/101/610 672/88/600
f 684/101/610 673/90/85 661/76/73
f 685/103/97 686/102/611 674/89/601
f 674/89/601 686/102/611 687/104/612
f 687/104/612 688/105/613 676/92/603
f 688/105/613 689/107/614 677/94/604
f 689/107/614 690/106/615 678/93/605
f 690/106/615 691/108/91 679/642/79
f 679/96/79 691/109/91 692/110/616
f 680/97/606 692/110/616 693/112/617
f 681/99/607 693/112/617 694/111/618
f 682/98/608 694/111/618 695/113/619
f 695/113/619 696/114/620 684/101/610
f 696/114/620 685/103/97 673/90/85
f 685/103/97 697/115/109 698/117/621
f 698/117/621 699/116/622 687/104/612
f 699/116/622 700/118/623 688/105/613
f 688/105/613 700/118/623 701/120/624
f 689/107/614 701/120/624 702/119/625
f 690/106/615 702/119/625 703/121/103
f 703/122/103 704/123/626 692/110/616
f 704/123/626 705/125/627 693/112/617
f 705/125/627 706/124/628 694/111/618
f 694/111/618 706/124/628 707/126/629
f 695/113/619 707/126/629 708/127/630
f 708/127/630 697/115/109 685/103/97
f 697/115/109 709/128/121 710/130/631
f 710/130/631 711/129/632 699/116/622
f 711/129/632 712/131/633 700/118/623
f 712/131/633 713/133/634 701/120/624
f 713/133/634 714/132/635 702/119/625
f 714/132/635 715/145/115 703/121/103
f 703/122/103 715/135/115 716/134/636
f 704/123/626 716/134/636 717/137/637
f 705/125/627 717/137/637 718/136/638
f 706/124/628 718/136/638 719/138/639
f 719/138/639 720/139/640 708/127/630
f 720/139/640 709/128/121 697/115/109
f 721/140/133 722/141/641 710/130/631
f 710/130/631 722/141/641 723/143/642
f 711/129/632 723/143/642 724/142/643
f 712/131/633 724/142/643 725/144/644
f 713/133/634 725/144/644 726/146/645
f 726/146/645 727/158/127 715/145/115
f 727/148/127 728/147/646 716/134/636
f 728/147/646 729/150/647 717/137/637
f 729/150/647 730/149/648 718/136/638
f 730/149/648 731/151/649 719/138/639
f 731/151/649 732/152/650 720/139/640
f 732/152/650 721/140/133 709/128/121
f 733/153/145 734/155/651 722/141/641
f 722/141/641 734/155/651 735/154/652
f 735/154/652 736/156/653 724/142/643
f 736/156/653 737/157/654 725/144/644
f 737/157/654 738/159/655 726/146/645
f 738/159/655 739/171/139 727/158/127
f 739/161/139 740/160/656 728/147/646
f 740/160/656 741/163/657 729/150/647
f 729/150/647 741/163/657 742/162/658
f 730/149/648 742/162/658 743/164/659
f 731/151/649 743/164/659 744/165/660
f 744/165/660 733/153/145 721/140/133
f 745/166/157 746/167/661 734/155/651
f 746/167/661 747/168/662 735/154/652
f 735/154/652 747/168/662 748/170/663
f 748/170/663 749/169/664 737/157/654
f 737/157/654 749/169/664 750/172/665
f 750/172/665 751/185/151 739/171/139
f 751/173/151 752/174/666 740/160/656
f 752/174/666 753/175/667 741/163/657
f 741/163/657 753/175/667 754/176/668
f 742/162/658 754/176/668 755/177/669
f 743/164/659 755/177/669 756/178/670
f 756/178/670 745/166/157 733/153/145
f 757/179/169 758/180/671 746/167/661
f 758/180/671 759/181/672 747/168/662
f 759/181/672 760/182/673 748/170/663
f 748/170/663 760/182/673 761/184/674
f 761/184/674 762/183/675 750/172/665
f 762/183/675 763/643/163 751/185/151
f 763/186/163 764/187/676 752/174/666
f 764/187/676 765/188/677 753/175/667
f 765/188/677 766/190/678 754/176/668
f 754/176/668 766/190/678 767/189/679
f 755/177/669 767/189/679 768/191/680
f 768/191/680 757/179/169 745/166/157
f 757/179/169 769/193/181 770/192/681
f 758/180/671 770/192/681 771/194/682
f 759/181/672 771/194/682 772/196/683
f 760/182/673 772/196/683 773/195/684
f 761/184/674 773/195/684 774/198/685
f 774/198/685 775/197/175 763/643/163
f 763/186/163 775/199/175 776/200/686
f 776/200/686 777/201/687 765/188/677
f 777/201/687 778/203/688 766/190/678
f 778/203/688 779/202/689 767/189/679
f 779/202/689 780/204/690 768/191/680
f 780/204/690 769/193/181 757/179/169
f 781/206/193 782/205/691 770/192/681
f 782/205/691 783/207/692 771/194/682
f 783/207/692 784/209/693 772/196/683
f 784/209/693 785/208/694 773/195/684
f 785/208/694 786/211/695 774/198/685
f 786/211/695 787/210/187 775/197/175
f 775/199/175 787/212/187 788/214/696
f 776/200/686 788/214/696 789/213/697
f 777/201/687 789/213/697 790/215/698
f 790/215/698 791/216/699 779/202/689
f 779/202/689 791/216/699 792/217/700
f 780/204/690 792/217/700 781/206/193
f 793/219/205 794/218/701 782/205/691
f 782/205/691 794/218/701 795/220/702
f 783/207/692 795/220/702 796/222/703
f 784/209/693 796/222/703 797/221/704
f 797/221/704 798/224/705 786/211/695
f 786/211/695 798/224/705 799/223/199
f 799/225/199 800/227/706 788/214/696
f 788/214/696 800/227/706 801/226/707
f 801/226/707 802/229/708 790/215/698
f 802/229/708 803/228/709 791/216/699
f 803/228/709 804/230/710 792/217/700
f 804/230/710 793/219/205 781/206/193
f 805/231/217 806/232/711 794/218/701
f 806/232/711 807/233/712 795/220/702
f 807/233/712 808/235/713 796/222/703
f 808/235/713 809/234/714 797/221/704
f 797/221/704 809/234/714 810/237/715
f 810/237/715 811/236/211 799/223/199
f 799/225/199 811/238/211 812/240/716
f 812/240/716 813/239/717 801/226/707
f 813/239/717 814/242/718 802/229/708
f 802/229/708 814/242/718 815/241/719
f 803/228/709 815/241/719 816/243/720
f 816/243/720 805/231/217 793/219/205
f 805/231/217 817/245/229 818/244/721
f 806/232/711 818/244/721 819/247/722
f 807/233/712 819/247/722 820/246/723
f 820/246/723 821/248/724 809/234/714
f 821/248/724 822/250/725 810/237/715
f 822/250/725 823/249/223 811/236/211
f 811/238/211 823/251/223 824/253/726
f 812/240/716 824/253/726 825/252/727
f 813/239/717 825/252/727 826/254/728
f 826/254/728 827/256/729 815/241/719
f 827/256/729 828/255/730 816/243/720
f 828/255/730 817/245/229 805/231/217
f 829/258/241 830/257/731 818/244/721
f 830/257/731 831/260/732 819/247/722
f 831/260/732 832/259/733 820/246/723
f 832/259/733 833/261/734 821/248/724
f 833/261/734 834/263/735 822/250/725
f 834/263/735 835/262/235 823/249/223
f 835/264/235 836/265/736 824/253/726
f 836/265/736 837/266/737 825/252/727
f 837/266/737 838/268/738 826/254/728
f 838/268/738 839/267/739 827/256/729
f 827/256/729 839/267/739 840/269/740
f 840/269/740 829/258/241 817/245/229
f 829/258/241 841/271/253 842/270/741
f 842/270/741 843/273/742 831/260/732
f 831/260/732 843/273/742 844/272/743
f 844/272/743 845/274/744 833/261/734
f 845/274/744 846/276/745 834/263/735
f 846/276/745 847/275/247 835/262/235
f 847/277/247 848/278/746 836/265/736
f 848/278/746 849/280/747 837/266/737
f 849/280/747 850/279/748 838/268/738
f 850/279/748 851/282/749 839/267/739
f 851/282/749 852/281/750 840/269/740
f 852/281/750 841/271/253 829/258/241
f 853/284/265 854/283/751 842/270/741
f 842/270/741 854/283/751 855/286/752
f 855/286/752 856/285/753 844/272/743
f 856/285/753 857/287/754 845/274/744
f 857/287/754 858/288/755 846/276/745
f 858/288/755 859/301/259 847/275/247
f 859/289/259 860/290/756 848/278/746
f 860/290/756 861/291/757 849/280/747
f 849/280/747 861/291/757 862/292/758
f 850/279/748 862/292/758 863/294/759
f 851/282/749 863/294/759 864/293/760
f 864/293/760 853/284/265 841/271/253
f 865/296/277 866/295/761 854/283/751
f 854/283/751 866/295/761 867/297/762
f 867/297/762 868/298/763 856/285/753
f 856/285/753 868/298/763 869/299/764
f 869/299/764 870/300/765 858/288/755
f 858/288/755 870/300/765 871/313/271
f 859/289/259 871/302/271 872/303/766
f 872/303/766 873/304/767 861/291/757
f 873/304/767 874/305/768 862/292/758
f 874/305/768 875/306/769 863/294/759
f 875/306/769 876/307/770 864/293/760
f 876/307/770 865/296/277 853/284/265
f 877/308/289 878/309/771 866/295/761
f 878/309/771 879/311/772 867/297/762
f 879/311/772 880/310/773 868/298/763
f 880/310/773 881/312/774 869/299/764
f 881/312/774 882/314/775 870/300/765
f 882/314/775 883/326/283 871/313/271
f 883/316/283 884/315/776 872/303/766
f 884/315/776 885/317/777 873/304/767
f 873/304/767 885/317/777 886/318/778
f 874/305/768 886/318/778 887/320/779
f 875/306/769 887/320/779 888/319/780
f 876/307/770 888/319/780 877/308/289
f 889/321/7 890/322/781 878/309/771
f 878/309/771 890/322/781 891/323/782
f 879/311/772 891/323/782 892/324/783
f 892/324/783 893/325/784 881/312/774
f 893/325/784 894/327/785 882/314/775
f 882/314/775 894/327/785 895/644/295
f 883/316/283 895/328/295 896/330/786
f 884/315/776 896/330/786 897/329/787
f 885/317/777 897/329/787 898/331/788
f 898/331/788 899/333/789 887/320/779
f 899/333/789 900/332/790 888/319/780
f 900/332/790 889/321/7 877/308/289
f 889/334/7 901/336/19 902/335/791
f 902/335/791 903/340/792 891/337/782
f 903/340/792 904/339/793 892/341/783
f 904/339/793 905/342/794 893/344/784
f 905/342/794 906/346/795 894/343/785
f 906/346/795 907/364/306 895/345/295
f 907/348/306 908/351/796 896/347/786
f 908/351/796 909/353/797 897/350/787
f 909/353/797 910/355/798 898/352/788
f 898/352/788 910/355/798 911/357/799
f 899/354/789 911/357/799 912/358/800
f 900/356/790 912/358/800 901/336/19
f 913/360/31 914/359/801 902/335/791
f 902/335/791 914/359/801 915/361/802
f 903/340/792 915/361/802 916/362/803
f 904/339/793 916/362/803 917/363/804
f 905/342/794 917/363/804 918/365/805
f 918/365/805 919/645/317 907/364/306
f 919/367/317 920/366/806 908/351/796
f 908/351/796 920/366/806 921/368/807
f 921/368/807 922/369/808 910/355/798
f 922/369/808 923/370/809 911/357/799
f 923/370/809 924/371/810 912/358/800
f 924/371/810 913/360/31 901/336/19
f 925/373/43 926/372/811 914/359/801
f 926/372/811 927/374/812 915/361/802
f 927/374/812 928/375/813 916/362/803
f 928/375/813 929/376/814 917/363/804
f 917/363/804 929/376/814 930/378/815
f 930/378/815 931/377/49 919/645/317
f 919/367/317 931/379/49 932/380/816
f 932/380/816 933/382/817 921/368/807
f 921/368/807 933/382/817 934/381/818
f 934/381/818 935/383/819 923/370/809
f 935/383/819 936/384/820 924/371/810
f 936/384/820 925/373/43 913/360/31
f 937/385/55 938/386/821 926/372/811
f 926/372/811 938/386/821 939/387/822
f 939/387/822 940/388/823 928/375/813
f 928/375/813 940/388/823 941/389/824
f 941/389/824 942/390/825 930/378/815
f 942/390/825 943/646/61 931/377/49
f 943/392/61 944/391/826 932/380/816
f 944/391/826 945/393/827 933/382/817
f 945/393/827 946/394/828 934/381/818
f 946/394/828 947/396/829 935/383/819
f 947/396/829 948/395/830 936/384/820
f 948/395/830 937/385/55 925/373/43
f 949/397/67 950/398/831 938/386/821
f 950/398/831 951/400/832 939/387/822
f 951/400/832 952/399/833 940/388/823
f 940/388/823 952/399/833 953/401/834
f 953/401/834 954/403/835 942/390/825
f 954/403/835 955/402/73 943/646/61
f 943/392/61 955/404/73 956/406/836
f 956/406/836 957/405/837 945/393/827
f 957/405/837 958/407/838 946/394/828
f 946/394/828 958/407/838 959/408/839
f 947/396/829 959/408/839 960/409/840
f 960/409/840 949/397/67 937/385/55
f 961/410/79 962/411/841 950/398/831
f 950/398/831 962/411/841 963/413/842
f 951/400/832 963/413/842 964/412/843
f 964/412/843 965/414/844 953/401/834
f 965/414/844 966/415/845 954/403/835
f 966/415/845 967/647/85 955/402/73
f 955/404/73 967/416/85 968/418/846
f 968/418/846 969/417/847 957/405/837
f 969/417/847 970/419/848 958/407/838
f 970/419/848 971/420/849 959/408/839
f 971/420/849 972/421/850 960/409/840
f 960/409/840 972/421/850 961/410/79
f 973/422/91 974/424/851 962/411/841
f 974/424/851 975/423/852 963/413/842
f 975/423/852 976/425/853 964/412/843
f 964/412/843 976/425/853 977/426/854
f 965/414/844 977/426/854 978/428/855
f 978/428/855 979/427/97 967/647/85
f 979/429/97 980/430/856 968/418/846
f 980/430/856 981/432/857 969/417/847
f 981/432/857 982/431/858 970/419/848
f 970/419/848 982/431/858 983/433/859
f 983/433/859 984/434/860 972/421/850
f 984/434/860 973/422/91 961/410/79
f 985/436/103 986/435/861 974/424/851
f 986/435/861 987/437/862 975/423/852
f 975/423/852 987/437/862 988/438/863
f 976/425/853 988/438/863 989/439/864
f 989/439/864 990/440/865 978/428/855
f 990/440/865 991/453/109 979/427/97
f 991/442/109 992/441/866 980/430/856
f 992/441/866 993/443/867 981/432/857
f 981/432/857 993/443/867 994/444/868
f 994/444/868 995/445/869 983/433/859
f 983/433/859 995/445/869 996/446/870
f 984/434/860 996/446/870 985/436/103
f 997/447/115 998/448/871 986/435/861
f 998/448/871 999/450/872 987/437/862
f 999/450/872 1000/449/873 988/438/863
f 1000/449/873 1001/451/874 989/439/864
f 1001/451/874 1002/452/875 990/440/865
f 1002/452/875 1003/465/121 991/453/109
f 1003/454/121 1004/455/876 992/441/866
f 992/441/866 1004/455/876 1005/456/877
f 993/443/867 1005/456/877 1006/457/878
f 994/444/868 1006/457/878 1007/459/879
f 995/445/869 1007/459/879 1008/458/880
f 1008/458/880 997/447/115 985/436/103
f 1009/461/127 1010/460/881 998/448/871
f 1010/460/881 1011/462/882 999/450/872
f 1011/462/882 1012/464/883 1000/449/873
f 1000/449/873 1012/464/883 1013/463/884
f 1013/463/884 1014/466/885 1002/452/875
f 1014/466/885 1015/478/133 1003/465/121
f 1015/467/133 1016/469/886 1004/455/876
f 1016/469/886 1017/468/887 1005/456/877
f 1017/468/887 1018/470/888 1006/457/878
f 1018/470/888 1019/472/889 1007/459/879
f 1019/472/889 1020/471/890 1008/458/880
f 1020/471/890 1009/461/127 997/447/115
f 1009/461/127 1021/474/139 1022/473/891
f 1010/460/881 1022/473/891 1023/475/892
f 1023/475/892 1024/476/893 1012/464/883
f 1024/476/893 1025/477/894 1013/463/884
f 1025/477/894 1026/479/895 1014/466/885
f 1026/479/895 1027/491/145 1015/478/133
f 1015/467/133 1027/480/145 1028/482/896
f 1028/482/896 1029/481/897 1017/468/887
f 1029/481/897 1030/483/898 1018/470/888
f 1030/483/898 1031/484/899 1019/472/889
f 1031/484/899 1032/485/900 1020/471/890
f 1032/485/900 1021/474/139 1009/461/127
f 1033/486/151 1034/487/901 1022/473/891
f 1034/487/901 1035/488/902 1023/475/892
f 1035/488/902 1036/490/903 1024/476/893
f 1036/490/903 1037/489/904 1025/477/894
f 1025/477/894 1037/489/904 1038/492/905
f 1038/492/905 1039/504/157 1027/491/145
f 1039/493/157 1040/494/906 1028/482/896
f 1040/494/906 1041/495/907 1029/481/897
f 1041/495/907 1042/496/908 1030/483/898
f 1030/483/898 1042/496/908 1043/498/909
f 1031/484/899 1043/498/909 1044/497/910
f 1032/485/900 1044/497/910 1033/486/151
f 1045/499/163 1046/500/911 1034/487/901
f 1046/500/911 1047/501/912 1035/488/902
f 1047/501/912 1048/502/913 1036/490/903
f 1048/502/913 1049/503/914 1037/489/904
f 1049/503/914 1050/505/915 1038/492/905
f 1050/505/915 1051/517/169 1039/504/157
f 1039/493/157 1051/506/169 1052/507/916
f 1052/507/916 1053/508/917 1041/495/907
f 1041/495/907 1053/508/917 1054/509/918
f 1054/509/918 1055/510/919 1043/498/909
f 1055/510/919 1056/511/920 1044/497/910
f 1044/497/910 1056/511/920 1045/499/163
f 1057/513/175 1058/512/921 1046/500/911
f 1058/512/921 1059/514/922 1047/501/912
f 1047/501/912 1059/514/922 1060/515/923
f 1060/515/923 1061/516/924 1049/503/914
f 1061/516/924 1062/518/925 1050/505/915
f 1062/518/925 1063/648/181 1051/517/169
f 1063/519/181 1064/521/926 1052/507/916
f 1064/521/926 1065/520/927 1053/508/917
f 1065/520/927 1066/522/928 1054/509/918
f 1066/522/928 1067/523/929 1055/510/919
f 1067/523/929 1068/524/930 1056/511/920
f 1068/524/930 1057/513/175 1045/499/163
f 1069/525/187 1070/527/931 1058/512/921
f 1070/527/931 1071/526/932 1059/514/922
f 1071/526/932 1072/529/933 1060/515/923
f 1072/529/933 1073/528/934 1061/516/924
f 1073/528/934 1074/531/935 1062/518/925
f 1062/518/925 1074/531/935 1075/530/193
f 1063/519/181 1075/532/193 1076/534/936
f 1076/534/936 1077/533/937 1065/520/927
f 1077/533/937 1078/535/938 1066/522/928
f 1078/535/938 1079/536/939 1067/523/929
f 1067/523/929 1079/536/939 1080/537/940
f 1068/524/930 1080/537/940 1069/525/187
f 1069/525/187 1081/538/199 1082/539/941
f 1082/539/941 1083/541/942 1071/526/932
f 1071/526/932 1083/541/942 1084/540/943
f 1072/529/933 1084/540/943 1085/542/944
f 1073/528/934 1085/542/944 1086/544/945
f 1086/544/945 1087/543/205 1075/530/193
f 1087/545/205 1088/546/946 1076/534/936
f 1088/546/946 1089/547/947 1077/533/937
f 1089/547/947 1090/548/948 1078/535/938
f 1090/548/948 1091/549/949 1079/536/939
f 1091/549/949 1092/550/950 1080/537/940
f 1092/550/950 1081/538/199 1069/525/187
f 1093/551/211 1094/552/951 1082/539/941
f 1094/552/951 1095/554/952 1083/541/942
f 1095/554/952 1096/553/953 1084/540/943
f 1096/553/953 1097/556/954 1085/542/944
f 1097/556/954 1098/555/955 1086/544/945
f 1098/555/955 1099/649/217 1087/543/205
f 1087/545/205 1099/557/217 1100/559/956
f 1088/546/946 1100/559/956 1101/558/957
f 1089/547/947 1101/558/957 1102/560/958
f 1090/548/948 1102/560/958 1103/561/959
f 1091/549/949 1103/561/959 1104/562/960
f 1104/562/960 1093/551/211 1081/538/199
f 1093/551/211 1105/564/223 1106/563/961
f 1094/552/951 1106/563/961 1107/565/962
f 1095/554/952 1107/565/962 1108/566/963
f 1096/553/953 1108/566/963 1109/567/964
f 1097/556/954 1109/567/964 1110/569/965
f 1110/569/965 1111/568/229 1099/649/217
f 1099/557/217 1111/570/229 1112/572/966
f 1112/572/966 1113/571/967 1101/558/957
f 1113/571/967 1114/573/968 1102/560/958
f 1114/573/968 1115/575/969 1103/561/959
f 1115/575/969 1116/574/970 1104/562/960
f 1116/574/970 1105/564/223 1093/551/211
f 1117/577/235 1118/576/971 1106/563/961
f 1118/576/971 1119/578/972 1107/565/962
f 1107/565/962 1119/578/972 1120/580/973
f 1120/580/973 1121/579/974 1109/567/964
f 1109/567/964 1121/579/974 1122/582/975
f 1122/582/975 1123/581/241 1111/568/229
f 1123/583/241 1124/585/976 1112/572/966
f 1112/572/966 1124/585/976 1125/584/977
f 1113/571/967 1125/584/977 1126/586/978
f 1126/586/978 1127/587/979 1115/575/969
f 1115/575/969 1127/587/979 1128/588/980
f 1128/588/980 1117/577/235 1105/564/223
f 1129/590/247 1130/589/981 1118/576/971
f 1130/589/981 1131/592/982 1119/578/972
f 1131/592/982 1132/591/983 1120/580/973
f 1120/580/973 1132/591/983 1133/593/984
f 1133/593/984 1134/595/985 1122/582/975
f 1122/582/975 1134/595/985 1135/594/253
f 1135/596/253 1136/598/986 1124/585/976
f 1124/585/976 1136/598/986 1137/597/987
f 1137/597/987 1138/599/988 1126/586/978
f 1138/599/988 1139/600/989 1127/587/979
f 1127/587/979 1139/600/989 1140/601/990
f 1140/601/990 1129/590/247 1117/577/235
f 1129/590/247 1141/603/259 1142/602/991
f 1142/602/991 1143/604/992 1131/592/982
f 1131/592/982 1143/604/992 1144/605/993
f 1132/591/983 1144/605/993 1145/606/994
f 1145/606/994 1146/608/995 1134/595/985
f 1146/608/995 1147/607/265 1135/594/253
f 1147/609/265 1148/611/996 1136/598/986
f 1148/611/996 1149/610/997 1137/597/987
f 1149/610/997 1150/612/998 1138/599/988
f 1150/612/998 1151/614/999 1139/600/989
f 1151/614/999 1152/613/1000 1140/601/990
f 1152/613/1000 1141/603/259 1129/590/247
f 1153/615/271 1154/617/1001 1142/602/991
f 1154/617/1001 1155/616/1002 1143/604/992
f 1155/616/1002 1156/619/1003 1144/605/993
f 1144/605/993 1156/619/1003 1157/618/1004
f 1157/618/1004 1158/621/1005 1146/608/995
f 1158/621/1005 1159/620/277 1147/607/265
f 1147/609/265 1159/622/277 1160/624/1006
f 1160/624/1006 1161/623/1007 1149/610/997
f 1161/623/1007 1162/625/1008 1150/612/998
f 1150/612/998 1162/625/1008 1163/626/1009
f 1163/626/1009 1164/627/1010 1152/613/1000
f 1152/613/1000 1164/627/1010 1153/615/271
f 1165/628/283 1166/630/1011 1154/617/1001
f 1154/617/1001 1166/630/1011 1167/629/1012
f 1167/629/1012 1168/631/1013 1156/619/1003
f 1168/631/1013 1169/632/1014 1157/618/1004
f 1157/618/1004 1169/632/1014 1170/634/1015
f 1158/621/1005 1170/634/1015 1171/633/1016
f 1171/635/1016 1172/636/1017 1160/624/1006
f 1172/636/1017 1173/637/1018 1161/623/1007
f 1161/623/1007 1173/637/1018 1174/638/1019
f 1174/638/1019 1175/639/1020 1163/626/1009
f 1175/639/1020 1176/640/1021 1164/627/1010
f 1176/640/1021 1165/628/283 1153/615/271
f 601/13/295 602/17/539 1166/630/1011
f 1166/630/1011 602/17/539 603/16/540
f 603/16/540 604/18/541 1168/631/1013
f 1168/631/1013 604/18/541 605/20/542
f 1169/632/1014 605/20/542 606/24/543
f 1170/634/1015 606/24/543 607/641/544
f 607/28/544 608/26/545 1172/636/1017
f 1172/636/1017 608/26/545 609/32/546
f 609/32/546 610/31/547 1174/638/1019
f 1174/638/1019 610/31/547 611/33/548
f 611/33/548 612/35/549 1176/640/1021
f 1176/640/1021 612/35/549 601/13/295
o Icosphere
v 0.418176 -0.060548 0.349234
v 1.195350 0.533153 0.913878
v 0.121327 0.533153 1.262855
v -0.542463 0.533157 0.349234
v 0.121327 0.533153 -0.564387
v 1.195350 0.533153 -0.215410
v 0.715024 1.493806 1.262855
v -0.358999 1.493806 0.913878
v -0.358999 1.493806 -0.215410
v 0.715024 1.493806 -0.564387
v 1.378814 1.493801 0.349234
v 0.418176 2.087507 0.349234
v 0.243694 0.099853 0.886243
v 0.874984 0.099853 0.681121
v 0.700504 0.448823 1.218135
v 1.331795 0.448824 0.349234
v 0.874984 0.099853 0.017347
v -0.146473 0.099856 0.349234
v -0.320959 0.448824 0.886245
v 0.243694 0.099853 -0.187775
v -0.320959 0.448824 -0.187777
v 0.700504 0.448823 -0.519667
v 1.439638 1.013479 0.681122
v 1.439638 1.013479 0.017346
v 0.418176 1.013479 1.423262
v 1.049474 1.013479 1.218140
v -0.603287 1.013479 0.681122
v -0.213122 1.013479 1.218140
v -0.213122 1.013479 -0.519673
v -0.603287 1.013479 0.017346
v 1.049474 1.013479 -0.519673
v 0.418176 1.013479 -0.724794
v 1.157310 1.578135 0.886245
v 0.135847 1.578136 1.218135
v -0.495444 1.578135 0.349234
v 0.135847 1.578136 -0.519667
v 1.157310 1.578135 -0.187777
v 0.592658 1.927106 0.886243
v 0.982824 1.927103 0.349234
v -0.038633 1.927106 0.681121
v -0.038633 1.927106 0.017347
v 0.592658 1.927106 -0.187775
vn 0.1024 -0.9435 0.3151
vn 0.7002 -0.6617 0.2680
vn -0.2680 -0.9435 0.1947
vn -0.2680 -0.9435 -0.1947
vn 0.1024 -0.9435 -0.3151
vn 0.9050 -0.3304 0.2680
vn 0.0247 -0.3304 0.9435
vn -0.8897 -0.3304 0.3151
vn -0.5746 -0.3304 -0.7488
vn 0.5346 -0.3304 -0.7779
vn 0.8026 -0.1256 0.5831
vn -0.3066 -0.1256 0.9435
vn -0.9921 -0.1256 -0.0000
vn -0.3066 -0.1256 -0.9435
vn 0.8026 -0.1256 -0.5831
vn 0.4089 0.6617 0.6284
vn -0.4713 0.6617 0.5831
vn -0.7002 0.6617 -0.2680
vn 0.0385 0.6617 -0.7488
vn 0.7240 0.6617 -0.1947
vn 0.2680 0.9435 -0.1947
vn 0.4911 0.7947 -0.3568
vn 0.4089 0.6617 -0.6284
vn -0.1024 0.9435 -0.3151
vn -0.1876 0.7947 -0.5773
vn -0.4713 0.6617 -0.5831
vn -0.3313 0.9435 -0.0000
vn -0.6071 0.7947 -0.0000
vn -0.7002 0.6617 0.2680
vn -0.1024 0.9435 0.3151
vn -0.1876 0.7947 0.5773
vn 0.0385 0.6617 0.7488
vn 0.2680 0.9435 0.1947
vn 0.4911 0.7947 0.3568
vn 0.7240 0.6617 0.1947
vn 0.8897 0.3304 -0.3151
vn 0.7947 0.1876 -0.5773
vn 0.5746 0.3304 -0.7488
vn -0.0247 0.3304 -0.9435
vn -0.3035 0.1876 -0.9342
vn -0.5346 0.3304 -0.7779
vn -0.9050 0.3304 -0.2680
vn -0.9822 0.1876 -0.0000
vn -0.9050 0.3304 0.2680
vn -0.5346 0.3304 0.7779
vn -0.3035 0.1876 0.9342
vn -0.0247 0.3304 0.9435
vn 0.5746 0.3304 0.7488
vn 0.7947 0.1876 0.5773
vn 0.8897 0.3304 0.3151
vn 0.3066 0.1256 -0.9435
vn 0.3035 -0.1876 -0.9342
vn 0.0247 -0.3304 -0.9435
vn -0.8026 0.1256 -0.5831
vn -0.7947 -0.1876 -0.5773
vn -0.8897 -0.3304 -0.3151
vn -0.8026 0.1256 0.5831
vn -0.7947 -0.1876 0.5773
vn -0.5746 -0.3304 0.7488
vn 0.3066 0.1256 0.9435
vn 0.3035 -0.1876 0.9342
vn 0.5346 -0.3304 0.7779
vn 0.9921 0.1256 -0.0000
vn 0.9822 -0.1876 -0.0000
vn 0.9050 -0.3304 -0.2680
vn 0.4713 -0.6617 -0.5831
vn 0.1876 -0.7947 -0.5773
vn -0.0385 -0.6617 -0.7488
vn -0.4089 -0.6617 -0.6284
vn -0.4911 -0.7947 -0.3568
vn -0.7240 -0.6617 -0.1947
vn -0.7240 -0.6617 0.1947
vn -0.4911 -0.7947 0.3568
vn -0.4089 -0.6617 0.6284
vn 0.7002 -0.6617 -0.2680
vn 0.6071 -0.7947 -0.0000
vn 0.3313 -0.9435 -0.0000
vn -0.0385 -0.6617 0.7488
vn 0.1876 -0.7947 0.5773
vn 0.4713 -0.6617 0.5831
vt 0.181819 0.000000
vt 0.227273 0.078731
vt 0.136365 0.078731
vt 0.272728 0.157461
vt 0.318182 0.078731
vt 0.363637 0.157461
vt 0.909091 0.000000
vt 0.954545 0.078731
vt 0.863636 0.078731
vt 0.727273 0.000000
vt 0.772727 0.078731
vt 0.681818 0.078731
vt 0.545455 0.000000
vt 0.590909 0.078731
vt 0.500000 0.078731
vt 0.318182 0.236191
vt 0.090910 0.157461
vt 0.181819 0.157461
vt 0.136365 0.236191
vt 0.818182 0.157461
vt 0.909091 0.157461
vt 0.863636 0.236191
vt 0.636364 0.157461
vt 0.727273 0.157461
vt 0.681818 0.236191
vt 0.454546 0.157461
vt 0.545455 0.157461
vt 0.500000 0.236191
vt 0.227273 0.236191
vt 0.045455 0.236191
vt 0.772727 0.236191
vt 0.590909 0.236191
vt 0.409092 0.236191
vt 0.181819 0.314921
vt 0.272728 0.314921
vt 0.227273 0.393651
vt 0.000000 0.314921
vt 0.090910 0.314921
vt 0.045455 0.393651
vt 0.727273 0.314921
vt 0.818182 0.314921
vt 0.772727 0.393651
vt 0.545455 0.314921
vt 0.636364 0.314921
vt 0.590909 0.393651
vt 0.363637 0.314921
vt 0.454546 0.314921
vt 0.409092 0.393651
vt 0.500000 0.393651
vt 0.454546 0.472382
vt 0.681818 0.393651
vt 0.636364 0.472382
vt 0.863636 0.393651
vt 0.818182 0.472382
vt 0.909091 0.314921
vt 0.136365 0.393651
vt 0.090910 0.472382
vt 0.318182 0.393651
vt 0.272728 0.472382
vt 0.954545 0.236191
vt 1.000000 0.157461
vt 0.409092 0.078731
vt 0.363637 0.000000
s 0
usemtl Material.001
f 1177/650/1022 1190/651/1022 1189/652/1022
f 1178/653/1023 1190/654/1023 1192/655/1023
f 1177/656/1024 1189/657/1024 1194/658/1024
f 1177/659/1025 1194/660/1025 1196/661/1025
f 1177/662/1026 1196/663/1026 1193/664/1026
f 1178/653/1027 1192/655/1027 1199/665/1027
f 1179/666/1028 1191/667/1028 1201/668/1028
f 1180/669/1029 1195/670/1029 1203/671/1029
f 1181/672/1030 1197/673/1030 1205/674/1030
f 1182/675/1031 1198/676/1031 1207/677/1031
f 1178/653/1032 1199/665/1032 1202/678/1032
f 1179/666/1033 1201/668/1033 1204/679/1033
f 1180/669/1034 1203/671/1034 1206/680/1034
f 1181/672/1035 1205/674/1035 1208/681/1035
f 1182/675/1036 1207/677/1036 1200/682/1036
f 1183/683/1037 1209/684/1037 1214/685/1037
f 1184/686/1038 1210/687/1038 1216/688/1038
f 1185/689/1039 1211/690/1039 1217/691/1039
f 1186/692/1040 1212/693/1040 1218/694/1040
f 1187/695/1041 1213/696/1041 1215/697/1041
f 1215/697/1042 1218/698/1042 1188/699/1042
f 1215/697/1043 1213/696/1043 1218/698/1043
f 1213/696/1044 1186/692/1044 1218/698/1044
f 1218/694/1045 1217/700/1045 1188/701/1045
f 1218/694/1046 1212/693/1046 1217/700/1046
f 1212/693/1047 1185/689/1047 1217/700/1047
f 1217/691/1048 1216/702/1048 1188/703/1048
f 1217/691/1049 1211/690/1049 1216/702/1049
f 1211/690/1050 1184/704/1050 1216/702/1050
f 1216/688/1051 1214/705/1051 1188/706/1051
f 1216/688/1052 1210/687/1052 1214/705/1052
f 1210/687/1053 1183/683/1053 1214/705/1053
f 1214/685/1054 1215/707/1054 1188/708/1054
f 1214/685/1055 1209/684/1055 1215/707/1055
f 1209/684/1056 1187/695/1056 1215/707/1056
f 1200/682/1057 1213/696/1057 1187/695/1057
f 1200/682/1058 1207/677/1058 1213/696/1058
f 1207/677/1059 1186/692/1059 1213/696/1059
f 1208/681/1060 1212/693/1060 1186/692/1060
f 1208/681/1061 1205/674/1061 1212/693/1061
f 1205/674/1062 1185/689/1062 1212/693/1062
f 1206/680/1063 1211/690/1063 1185/689/1063
f 1206/680/1064 1203/671/1064 1211/690/1064
f 1203/671/1065 1184/704/1065 1211/690/1065
f 1204/679/1066 1210/687/1066 1184/686/1066
f 1204/679/1067 1201/668/1067 1210/687/1067
f 1201/668/1068 1183/683/1068 1210/687/1068
f 1202/678/1069 1209/684/1069 1183/683/1069
f 1202/678/1070 1199/665/1070 1209/684/1070
f 1199/665/1071 1187/695/1071 1209/684/1071
f 1207/677/1072 1208/681/1072 1186/692/1072
f 1207/677/1073 1198/676/1073 1208/681/1073
f 1198/676/1074 1181/672/1074 1208/681/1074
f 1205/674/1075 1206/680/1075 1185/689/1075
f 1205/674/1076 1197/673/1076 1206/680/1076
f 1197/673/1077 1180/669/1077 1206/680/1077
f 1203/671/1078 1204/709/1078 1184/704/1078
f 1203/671/1079 1195/670/1079 1204/709/1079
f 1195/670/1080 1179/710/1080 1204/709/1080
f 1201/668/1081 1202/678/1081 1183/683/1081
f 1201/668/1082 1191/667/1082 1202/678/1082
f 1191/667/1083 1178/653/1083 1202/678/1083
f 1199/665/1084 1200/682/1084 1187/695/1084
f 1199/665/1085 1192/655/1085 1200/682/1085
f 1192/655/1086 1182/675/1086 1200/682/1086
f 1193/664/1087 1198/676/1087 1182/675/1087
f 1193/664/1088 1196/663/1088 1198/676/1088
f 1196/663/1089 1181/672/1089 1198/676/1089
f 1196/661/1090 1197/673/1090 1181/672/1090
f 1196/661/1091 1194/660/1091 1197/673/1091
f 1194/660/1092 1180/669/1092 1197/673/1092
f 1194/658/1093 1195/670/1093 1180/669/1093
f 1194/658/1094 1189/657/1094 1195/670/1094
f 1189/657/1095 1179/710/1095 1195/670/1095
f 1192/655/1096 1193/711/1096 1182/675/1096
f 1192/655/1097 1190/654/1097 1193/711/1097
f 1190/654/1098 1177/712/1098 1193/711/1098
f 1189/652/1099 1191/667/1099 1179/666/1099
f 1189/652/1100 1190/651/1100 1191/667/1100
f 1190/651/1101 1178/653/1101 1191/667/1101
o Sphere.003
v -1.176760 0.767655 0.155951
v -1.176760 0.912570 0.011036
v -1.176760 0.990997 -0.178304
v -1.176760 1.001090 -0.280775
v -1.176760 0.990997 -0.383245
v -1.176760 0.912570 -0.572585
v -1.156769 0.576345 0.234379
v -1.137546 0.672985 0.204489
v -1.119830 0.762048 0.155951
v -1.104302 0.840112 0.090630
v -1.091559 0.904178 0.011036
v -1.082090 0.951783 -0.079772
v -1.076258 0.981099 -0.178304
v -1.074289 0.990997 -0.280775
v -1.076258 0.981099 -0.383245
v -1.082090 0.951783 -0.481777
v -1.091559 0.904178 -0.572585
v -1.104302 0.840112 -0.652179
v -1.119830 0.762048 -0.717500
v -1.137546 0.672985 -0.766038
v -1.156769 0.576345 -0.795928
v -1.137546 0.570514 0.234379
v -1.099839 0.661546 0.204489
v -1.065089 0.745442 0.155951
v -1.034629 0.818977 0.090630
v -1.009632 0.879326 0.011036
v -0.991058 0.924169 -0.079772
v -0.979619 0.951783 -0.178304
v -0.975757 0.961108 -0.280775
v -0.979619 0.951783 -0.383245
v -0.991058 0.924169 -0.481777
v -1.009632 0.879326 -0.572585
v -1.034629 0.818977 -0.652179
v -1.065089 0.745442 -0.717500
v -1.099839 0.661546 -0.766038
v -1.137546 0.570514 -0.795928
v -1.119830 0.561045 0.234379
v -1.065089 0.642972 0.204489
v -1.014638 0.718476 0.155951
v -0.970418 0.784656 0.090630
v -0.934128 0.838968 0.011036
v -0.907162 0.879326 -0.079772
v -0.890556 0.904178 -0.178304
v -0.884949 0.912570 -0.280775
v -0.890556 0.904178 -0.383245
v -0.907162 0.879326 -0.481777
v -0.934128 0.838968 -0.572585
v -0.970418 0.784656 -0.652179
v -1.014638 0.718476 -0.717500
v -1.065089 0.642972 -0.766038
v -1.119830 0.561045 -0.795928
v -1.104302 0.548301 0.234379
v -1.034629 0.617974 0.204489
v -0.970418 0.682185 0.155951
v -0.914137 0.738467 0.090630
v -0.867948 0.784656 0.011036
v -0.833627 0.818977 -0.079772
v -0.812492 0.840112 -0.178304
v -0.805355 0.847249 -0.280775
v -0.812492 0.840112 -0.383245
v -0.833627 0.818977 -0.481777
v -0.867948 0.784656 -0.572585
v -0.914137 0.738467 -0.652179
v -0.970418 0.682185 -0.717500
v -1.034629 0.617974 -0.766038
v -1.104302 0.548301 -0.795928
v -1.091559 0.532773 0.234379
v -1.009632 0.587515 0.204489
v -0.934128 0.637965 0.155951
v -0.867948 0.682185 0.090630
v -0.813636 0.718476 0.011036
v -0.773278 0.745442 -0.079772
v -0.748426 0.762048 -0.178304
v -0.740034 0.767655 -0.280775
v -0.748426 0.762048 -0.383245
v -0.773278 0.745442 -0.481777
v -0.813636 0.718476 -0.572585
v -0.867948 0.682185 -0.652179
v -0.934128 0.637965 -0.717500
v -1.009632 0.587515 -0.766038
v -1.091559 0.532773 -0.795928
v -1.176760 0.475844 0.244471
v -1.082090 0.515058 0.234379
v -0.991058 0.552764 0.204489
v -0.907162 0.587515 0.155951
v -0.833627 0.617974 0.090630
v -0.773278 0.642972 0.011036
v -0.728435 0.661546 -0.079772
v -0.700820 0.672984 -0.178304
v -0.691496 0.676847 -0.280775
v -0.700820 0.672984 -0.383245
v -0.728435 0.661546 -0.481777
v -0.773278 0.642972 -0.572585
v -0.833627 0.617974 -0.652179
v -0.907162 0.587515 -0.717500
v -0.991058 0.552764 -0.766038
v -1.082090 0.515058 -0.795928
v -1.076258 0.495835 0.234379
v -0.979619 0.515058 0.204489
v -0.890556 0.532773 0.155951
v -0.812492 0.548302 0.090630
v -0.748426 0.561045 0.011036
v -0.700820 0.570514 -0.079772
v -0.671505 0.576345 -0.178304
v -0.661607 0.578314 -0.280775
v -0.671505 0.576345 -0.383245
v -0.700820 0.570514 -0.481777
v -0.748426 0.561045 -0.572585
v -0.812492 0.548302 -0.652179
v -0.890556 0.532773 -0.717500
v -0.979619 0.515058 -0.766038
v -1.076258 0.495835 -0.795928
v -1.074290 0.475844 0.234379
v -0.975757 0.475844 0.204489
v -0.884949 0.475844 0.155951
v -0.805355 0.475844 0.090630
v -0.740034 0.475844 0.011036
v -0.691496 0.475844 -0.079772
v -0.661607 0.475844 -0.178304
v -0.651514 0.475844 -0.280775
v -0.661607 0.475844 -0.383245
v -0.691496 0.475844 -0.481777
v -0.740034 0.475844 -0.572585
v -0.805355 0.475844 -0.652179
v -0.884949 0.475844 -0.717500
v -0.975757 0.475844 -0.766038
v -1.074290 0.475844 -0.795928
v -1.076258 0.455853 0.234379
v -0.979619 0.436630 0.204489
v -0.890556 0.418915 0.155951
v -0.812492 0.403387 0.090630
v -0.748426 0.390643 0.011036
v -0.700820 0.381174 -0.079772
v -0.671505 0.375343 -0.178304
v -0.661607 0.373374 -0.280775
v -0.671505 0.375343 -0.383245
v -0.700820 0.381174 -0.481777
v -0.748426 0.390643 -0.572585
v -0.812492 0.403387 -0.652179
v -0.890556 0.418915 -0.717500
v -0.979619 0.436630 -0.766038
v -1.076258 0.455853 -0.795928
v -1.082090 0.436630 0.234379
v -0.991058 0.398924 0.204489
v -0.907162 0.364173 0.155951
v -0.833627 0.333714 0.090630
v -0.773278 0.308716 0.011036
v -0.728435 0.290142 -0.079772
v -0.700820 0.278703 -0.178304
v -0.691496 0.274841 -0.280775
v -0.700820 0.278703 -0.383245
v -0.728435 0.290142 -0.481777
v -0.773278 0.308716 -0.572585
v -0.833627 0.333714 -0.652179
v -0.907162 0.364173 -0.717500
v -0.991058 0.398924 -0.766038
v -1.082090 0.436630 -0.795928
v -1.091559 0.418915 0.234379
v -1.009632 0.364173 0.204489
v -0.934128 0.313723 0.155951
v -0.867948 0.269503 0.090630
v -0.813636 0.233212 0.011036
v -0.773278 0.206246 -0.079772
v -0.748426 0.189640 -0.178304
v -0.740034 0.184033 -0.280775
v -0.748426 0.189640 -0.383245
v -0.773278 0.206246 -0.481777
v -0.813636 0.233212 -0.572585
v -0.867948 0.269503 -0.652179
v -0.934128 0.313723 -0.717500
v -1.009632 0.364173 -0.766038
v -1.091559 0.418915 -0.795928
v -1.104302 0.403387 0.234379
v -1.034629 0.333714 0.204489
v -0.970419 0.269503 0.155951
v -0.914137 0.213221 0.090630
v -0.867948 0.167032 0.011036
v -0.833627 0.132711 -0.079772
v -0.812492 0.111576 -0.178304
v -0.805355 0.104439 -0.280775
v -0.812492 0.111576 -0.383245
v -0.833627 0.132711 -0.481777
v -0.867948 0.167032 -0.572585
v -0.914137 0.213221 -0.652179
v -0.970419 0.269503 -0.717500
v -1.034629 0.333714 -0.766038
v -1.104302 0.403387 -0.795928
v -1.119830 0.390643 0.234379
v -1.065089 0.308716 0.204489
v -1.014639 0.233212 0.155951
v -0.970418 0.167032 0.090630
v -0.934128 0.112720 0.011036
v -0.907162 0.072362 -0.079772
v -0.890556 0.047510 -0.178304
v -0.884949 0.039119 -0.280775
v -0.890556 0.047510 -0.383245
v -0.907162 0.072362 -0.481777
v -0.934128 0.112720 -0.572585
v -0.970418 0.167032 -0.652179
v -1.014639 0.233212 -0.717500
v -1.065089 0.308716 -0.766038
v -1.119830 0.390643 -0.795928
v -1.137546 0.381174 0.234379
v -1.099839 0.290142 0.204489
v -1.065089 0.206246 0.155951
v -1.034629 0.132711 0.090630
v -1.009632 0.072362 0.011036
v -0.991058 0.027519 -0.079772
v -0.979619 -0.000095 -0.178304
v -0.975757 -0.009419 -0.280775
v -0.979619 -0.000095 -0.383245
v -0.991058 0.027519 -0.481777
v -1.009632 0.072362 -0.572585
v -1.034629 0.132711 -0.652179
v -1.065089 0.206246 -0.717500
v -1.099839 0.290142 -0.766038
v -1.137546 0.381174 -0.795928
v -1.156769 0.375343 0.234379
v -1.137546 0.278704 0.204489
v -1.119830 0.189641 0.155951
v -1.104302 0.111576 0.090630
v -1.091559 0.047510 0.011036
v -1.082090 -0.000095 -0.079772
v -1.076259 -0.029410 -0.178304
v -1.074290 -0.039309 -0.280775
v -1.076259 -0.029410 -0.383245
v -1.082090 -0.000095 -0.481777
v -1.091559 0.047510 -0.572585
v -1.104302 0.111576 -0.652179
v -1.119830 0.189641 -0.717500
v -1.137546 0.278704 -0.766038
v -1.156769 0.375343 -0.795928
v -1.176760 0.373374 0.234379
v -1.176760 0.274841 0.204489
v -1.176760 0.184033 0.155951
v -1.176760 0.104439 0.090630
v -1.176760 0.039119 0.011036
v -1.176760 -0.009419 -0.079772
v -1.176760 -0.039309 -0.178304
v -1.176760 -0.049401 -0.280775
v -1.176760 -0.039309 -0.383245
v -1.176760 -0.009419 -0.481777
v -1.176760 0.039119 -0.572585
v -1.176760 0.104439 -0.652179
v -1.176760 0.184033 -0.717500
v -1.176760 0.274841 -0.766038
v -1.176760 0.373374 -0.795928
v -1.196751 0.375343 0.234379
v -1.215973 0.278704 0.204489
v -1.233689 0.189641 0.155951
v -1.249217 0.111576 0.090630
v -1.261961 0.047510 0.011036
v -1.271430 -0.000095 -0.079772
v -1.277261 -0.029410 -0.178304
v -1.279230 -0.039309 -0.280775
v -1.277261 -0.029410 -0.383245
v -1.271430 -0.000095 -0.481777
v -1.261961 0.047510 -0.572585
v -1.249217 0.111576 -0.652179
v -1.233689 0.189641 -0.717500
v -1.215973 0.278704 -0.766038
v -1.196751 0.375343 -0.795928
v -1.215973 0.381174 0.234379
v -1.253680 0.290142 0.204489
v -1.288431 0.206246 0.155951
v -1.318890 0.132711 0.090630
v -1.343888 0.072362 0.011036
v -1.362462 0.027519 -0.079772
v -1.373900 -0.000095 -0.178304
v -1.377763 -0.009419 -0.280775
v -1.373900 -0.000095 -0.383245
v -1.362462 0.027519 -0.481777
v -1.343888 0.072362 -0.572585
v -1.318890 0.132711 -0.652179
v -1.288431 0.206246 -0.717500
v -1.253680 0.290142 -0.766038
v -1.215973 0.381174 -0.795928
v -1.233689 0.390643 0.234379
v -1.288431 0.308716 0.204489
v -1.338881 0.233212 0.155951
v -1.383101 0.167032 0.090630
v -1.419392 0.112720 0.011036
v -1.446358 0.072362 -0.079772
v -1.462964 0.047510 -0.178304
v -1.468571 0.039119 -0.280775
v -1.462964 0.047510 -0.383245
v -1.446358 0.072362 -0.481777
v -1.419392 0.112720 -0.572585
v -1.383101 0.167032 -0.652179
v -1.338881 0.233212 -0.717500
v -1.288431 0.308716 -0.766038
v -1.233689 0.390643 -0.795928
v -1.249217 0.403387 0.234379
v -1.318890 0.333714 0.204489
v -1.383101 0.269503 0.155951
v -1.439383 0.213221 0.090630
v -1.485571 0.167032 0.011036
v -1.519893 0.132711 -0.079772
v -1.541028 0.111576 -0.178304
v -1.548164 0.104440 -0.280775
v -1.541028 0.111576 -0.383245
v -1.519893 0.132711 -0.481777
v -1.485571 0.167032 -0.572585
v -1.439383 0.213221 -0.652179
v -1.383101 0.269503 -0.717500
v -1.318890 0.333714 -0.766038
v -1.249217 0.403387 -0.795928
v -1.176760 0.475844 -0.806020
v -1.261961 0.418915 0.234379
v -1.343888 0.364173 0.204489
v -1.419392 0.313723 0.155951
v -1.485572 0.269503 0.090630
v -1.539884 0.233212 0.011036
v -1.580242 0.206246 -0.079772
v -1.605094 0.189641 -0.178304
v -1.613485 0.184033 -0.280775
v -1.605094 0.189641 -0.383245
v -1.580242 0.206246 -0.481777
v -1.539884 0.233212 -0.572585
v -1.485572 0.269503 -0.652179
v -1.419392 0.313723 -0.717500
v -1.343888 0.364173 -0.766038
v -1.261961 0.418915 -0.795928
v -1.271430 0.436630 0.234379
v -1.362462 0.398924 0.204489
v -1.446358 0.364173 0.155951
v -1.519893 0.333714 0.090630
v -1.580242 0.308717 0.011036
v -1.625085 0.290142 -0.079772
v -1.652699 0.278704 -0.178304
v -1.662023 0.274842 -0.280775
v -1.652699 0.278704 -0.383245
v -1.625085 0.290142 -0.481777
v -1.580242 0.308717 -0.572585
v -1.519893 0.333714 -0.652179
v -1.446358 0.364173 -0.717500
v -1.362462 0.398924 -0.766038
v -1.271430 0.436630 -0.795928
v -1.277261 0.455853 0.234379
v -1.373900 0.436630 0.204489
v -1.462963 0.418915 0.155951
v -1.541028 0.403387 0.090630
v -1.605094 0.390643 0.011036
v -1.652699 0.381174 -0.079772
v -1.682014 0.375343 -0.178304
v -1.691913 0.373374 -0.280775
v -1.682014 0.375343 -0.383245
v -1.652699 0.381174 -0.481777
v -1.605094 0.390643 -0.572585
v -1.541028 0.403387 -0.652179
v -1.462963 0.418915 -0.717500
v -1.373900 0.436630 -0.766038
v -1.277261 0.455853 -0.795928
v -1.279230 0.475844 0.234379
v -1.377763 0.475844 0.204489
v -1.468570 0.475844 0.155951
v -1.548164 0.475844 0.090630
v -1.613485 0.475844 0.011036
v -1.662023 0.475844 -0.079772
v -1.691913 0.475844 -0.178304
v -1.702005 0.475844 -0.280775
v -1.691913 0.475844 -0.383245
v -1.662023 0.475844 -0.481777
v -1.613485 0.475844 -0.572585
v -1.548164 0.475844 -0.652179
v -1.468570 0.475844 -0.717500
v -1.377763 0.475844 -0.766038
v -1.279230 0.475844 -0.795928
v -1.277261 0.495835 0.234379
v -1.373900 0.515058 0.204489
v -1.462963 0.532773 0.155951
v -1.541028 0.548301 0.090630
v -1.605094 0.561045 0.011036
v -1.652699 0.570514 -0.079772
v -1.682014 0.576345 -0.178304
v -1.691912 0.578315 -0.280775
v -1.682014 0.576345 -0.383245
v -1.652699 0.570514 -0.481777
v -1.605094 0.561045 -0.572585
v -1.541028 0.548301 -0.652179
v -1.462963 0.532773 -0.717500
v -1.373900 0.515058 -0.766038
v -1.277261 0.495835 -0.795928
v -1.271430 0.515058 0.234379
v -1.362462 0.552764 0.204489
v -1.446358 0.587515 0.155951
v -1.519893 0.617974 0.090630
v -1.580242 0.642972 0.011036
v -1.625085 0.661546 -0.079772
v -1.652699 0.672985 -0.178304
v -1.662023 0.676847 -0.280775
v -1.652699 0.672985 -0.383245
v -1.625085 0.661546 -0.481777
v -1.580242 0.642972 -0.572585
v -1.519893 0.617974 -0.652179
v -1.446358 0.587515 -0.717500
v -1.362462 0.552764 -0.766038
v -1.271430 0.515058 -0.795928
v -1.261961 0.532773 0.234379
v -1.343887 0.587515 0.204489
v -1.419391 0.637965 0.155951
v -1.485571 0.682185 0.090630
v -1.539884 0.718476 0.011036
v -1.580242 0.745442 -0.079772
v -1.605094 0.762048 -0.178304
v -1.613485 0.767655 -0.280775
v -1.605094 0.762048 -0.383245
v -1.580242 0.745442 -0.481777
v -1.539884 0.718476 -0.572585
v -1.485571 0.682185 -0.652179
v -1.419391 0.637965 -0.717500
v -1.343887 0.587515 -0.766038
v -1.261961 0.532773 -0.795928
v -1.249217 0.548301 0.234379
v -1.318890 0.617974 0.204489
v -1.383101 0.682185 0.155951
v -1.439383 0.738467 0.090630
v -1.485571 0.784656 0.011036
v -1.519893 0.818977 -0.079772
v -1.541028 0.840112 -0.178304
v -1.548164 0.847249 -0.280775
v -1.541028 0.840112 -0.383245
v -1.519893 0.818977 -0.481777
v -1.485571 0.784656 -0.572585
v -1.439383 0.738467 -0.652179
v -1.383101 0.682185 -0.717500
v -1.318890 0.617974 -0.766038
v -1.249217 0.548301 -0.795928
v -1.233689 0.561045 0.234379
v -1.288431 0.642972 0.204489
v -1.338881 0.718476 0.155951
v -1.383101 0.784656 0.090630
v -1.419391 0.838968 0.011036
v -1.446358 0.879326 -0.079772
v -1.462963 0.904178 -0.178304
v -1.468570 0.912570 -0.280775
v -1.462963 0.904178 -0.383245
v -1.446358 0.879326 -0.481777
v -1.419391 0.838968 -0.572585
v -1.383101 0.784656 -0.652179
v -1.338881 0.718476 -0.717500
v -1.288431 0.642972 -0.766038
v -1.233689 0.561045 -0.795928
v -1.215973 0.570514 0.234379
v -1.253680 0.661546 0.204489
v -1.288431 0.745442 0.155951
v -1.318890 0.818977 0.090630
v -1.343887 0.879326 0.011036
v -1.362462 0.924169 -0.079772
v -1.373900 0.951783 -0.178304
v -1.377762 0.961107 -0.280775
v -1.373900 0.951783 -0.383245
v -1.362462 0.924169 -0.481777
v -1.343887 0.879326 -0.572585
v -1.318890 0.818977 -0.652179
v -1.288431 0.745442 -0.717500
v -1.253680 0.661546 -0.766038
v -1.215973 0.570514 -0.795928
v -1.196751 0.576345 0.234379
v -1.215973 0.672984 0.204489
v -1.233689 0.762048 0.155951
v -1.249217 0.840112 0.090630
v -1.261961 0.904178 0.011036
v -1.271430 0.951783 -0.079772
v -1.277261 0.981098 -0.178304
v -1.279230 0.990997 -0.280775
v -1.277261 0.981098 -0.383245
v -1.271430 0.951783 -0.481777
v -1.261961 0.904178 -0.572585
v -1.249217 0.840112 -0.652179
v -1.233689 0.762048 -0.717500
v -1.215973 0.672984 -0.766038
v -1.196751 0.576345 -0.795928
v -1.176760 0.578314 0.234379
v -1.176760 0.676847 0.204489
v -1.176760 0.847249 0.090630
v -1.176760 0.961107 -0.079772
v -1.176760 0.961107 -0.481777
v -1.176760 0.847249 -0.652179
v -1.176760 0.767654 -0.717500
v -1.176760 0.676847 -0.766038
v -1.176760 0.578314 -0.795928
v -1.176760 1.001090 -0.279322
v -1.176760 1.001090 0.771170
v -1.074289 0.990997 -0.279322
v -1.074289 0.990997 0.771170
v -0.975757 0.961108 -0.279322
v -0.975757 0.961108 0.771170
v -0.884949 0.912570 -0.279322
v -0.884949 0.912570 0.771170
v -0.805355 0.847249 -0.279322
v -0.805355 0.847249 0.771170
v -0.740034 0.767655 -0.279322
v -0.740034 0.767655 0.771170
v -0.691496 0.676847 -0.279322
v -0.691496 0.676847 0.771170
v -0.661607 0.578314 -0.279322
v -0.661607 0.578314 0.771170
v -0.651514 0.475844 -0.279322
v -0.651514 0.475844 0.771170
v -0.661607 0.373374 -0.279322
v -0.661607 0.373374 0.771170
v -0.691496 0.274841 -0.279322
v -0.691496 0.274841 0.771170
v -0.740034 0.184033 -0.279322
v -0.740034 0.184033 0.771170
v -0.805355 0.104439 -0.279322
v -0.805355 0.104439 0.771170
v -0.884949 0.039118 -0.279322
v -0.884949 0.039118 0.771170
v -0.975757 -0.009420 -0.279322
v -0.975757 -0.009420 0.771170
v -1.074289 -0.039309 -0.279322
v -1.074289 -0.039309 0.771170
v -1.176760 -0.049402 -0.279322
v -1.176760 -0.049402 0.771170
v -1.279230 -0.039309 -0.279322
v -1.279230 -0.039309 0.771170
v -1.377763 -0.009420 -0.279322
v -1.377763 -0.009420 0.771170
v -1.468571 0.039118 -0.279322
v -1.468571 0.039118 0.771170
v -1.548165 0.104439 -0.279322
v -1.548165 0.104439 0.771170
v -1.613486 0.184033 -0.279322
v -1.613486 0.184033 0.771170
v -1.662024 0.274841 -0.279322
v -1.662024 0.274841 0.771170
v -1.691913 0.373374 -0.279322
v -1.691913 0.373374 0.771170
v -1.702005 0.475844 -0.279322
v -1.702005 0.475844 0.771170
v -1.691913 0.578314 -0.279322
v -1.691913 0.578314 0.771170
v -1.662024 0.676847 -0.279322
v -1.662024 0.676847 0.771170
v -1.613486 0.767655 -0.279322
v -1.613486 0.767655 0.771170
v -1.548165 0.847249 -0.279322
v -1.548165 0.847249 0.771170
v -1.468571 0.912570 -0.279322
v -1.468571 0.912570 0.771170
v -1.377763 0.961108 -0.279322
v -1.377763 0.961108 0.771170
v -1.279230 0.990997 -0.279322
v -1.279230 0.990997 0.771170
v -1.176760 0.767655 1.207677
v -1.176760 0.912570 1.062762
v -1.176760 0.990997 0.873422
v -1.176760 1.001090 0.770952
v -1.176760 0.990997 0.668481
v -1.176760 0.912570 0.479141
v -1.156769 0.576345 1.286105
v -1.137546 0.672985 1.256215
v -1.119830 0.762048 1.207677
v -1.104302 0.840112 1.142356
v -1.091559 0.904178 1.062762
v -1.082090 0.951783 0.971954
v -1.076258 0.981099 0.873422
v -1.074289 0.990997 0.770952
v -1.076258 0.981099 0.668481
v -1.082090 0.951783 0.569949
v -1.091559 0.904178 0.479141
v -1.104302 0.840112 0.399547
v -1.119830 0.762048 0.334226
v -1.137546 0.672985 0.285688
v -1.156769 0.576345 0.255799
v -1.137546 0.570514 1.286105
v -1.099839 0.661546 1.256215
v -1.065089 0.745442 1.207677
v -1.034629 0.818977 1.142356
v -1.009632 0.879326 1.062762
v -0.991058 0.924169 0.971954
v -0.979619 0.951783 0.873422
v -0.975757 0.961108 0.770952
v -0.979619 0.951783 0.668481
v -0.991058 0.924169 0.569949
v -1.009632 0.879326 0.479141
v -1.034629 0.818977 0.399547
v -1.065089 0.745442 0.334226
v -1.099839 0.661546 0.285688
v -1.137546 0.570514 0.255799
v -1.119830 0.561045 1.286105
v -1.065089 0.642972 1.256215
v -1.014638 0.718476 1.207677
v -0.970418 0.784656 1.142356
v -0.934128 0.838968 1.062762
v -0.907162 0.879326 0.971954
v -0.890556 0.904178 0.873422
v -0.884949 0.912570 0.770952
v -0.890556 0.904178 0.668481
v -0.907162 0.879326 0.569949
v -0.934128 0.838968 0.479141
v -0.970418 0.784656 0.399547
v -1.014638 0.718476 0.334226
v -1.065089 0.642972 0.285688
v -1.119830 0.561045 0.255799
v -1.104302 0.548301 1.286105
v -1.034629 0.617974 1.256215
v -0.970418 0.682185 1.207677
v -0.914137 0.738467 1.142356
v -0.867948 0.784656 1.062762
v -0.833627 0.818977 0.971954
v -0.812492 0.840112 0.873422
v -0.805355 0.847249 0.770952
v -0.812492 0.840112 0.668481
v -0.833627 0.818977 0.569949
v -0.867948 0.784656 0.479141
v -0.914137 0.738467 0.399547
v -0.970418 0.682185 0.334226
v -1.034629 0.617974 0.285688
v -1.104302 0.548301 0.255799
v -1.091559 0.532773 1.286105
v -1.009632 0.587515 1.256215
v -0.934128 0.637965 1.207677
v -0.867948 0.682185 1.142356
v -0.813636 0.718476 1.062762
v -0.773278 0.745442 0.971954
v -0.748426 0.762048 0.873422
v -0.740034 0.767655 0.770952
v -0.748426 0.762048 0.668481
v -0.773278 0.745442 0.569949
v -0.813636 0.718476 0.479141
v -0.867948 0.682185 0.399547
v -0.934128 0.637965 0.334226
v -1.009632 0.587515 0.285688
v -1.091559 0.532773 0.255799
v -1.176760 0.475844 1.296197
v -1.082090 0.515058 1.286105
v -0.991058 0.552764 1.256215
v -0.907162 0.587515 1.207677
v -0.833627 0.617974 1.142356
v -0.773278 0.642972 1.062762
v -0.728435 0.661546 0.971954
v -0.700820 0.672984 0.873422
v -0.691496 0.676847 0.770952
v -0.700820 0.672984 0.668481
v -0.728435 0.661546 0.569949
v -0.773278 0.642972 0.479141
v -0.833627 0.617974 0.399547
v -0.907162 0.587515 0.334226
v -0.991058 0.552764 0.285688
v -1.082090 0.515058 0.255799
v -1.076258 0.495835 1.286105
v -0.979619 0.515058 1.256215
v -0.890556 0.532773 1.207677
v -0.812492 0.548302 1.142356
v -0.748426 0.561045 1.062762
v -0.700820 0.570514 0.971954
v -0.671505 0.576345 0.873422
v -0.661607 0.578314 0.770952
v -0.671505 0.576345 0.668481
v -0.700820 0.570514 0.569949
v -0.748426 0.561045 0.479141
v -0.812492 0.548302 0.399547
v -0.890556 0.532773 0.334226
v -0.979619 0.515058 0.285688
v -1.076258 0.495835 0.255799
v -1.074290 0.475844 1.286105
v -0.975757 0.475844 1.256215
v -0.884949 0.475844 1.207677
v -0.805355 0.475844 1.142356
v -0.740034 0.475844 1.062762
v -0.691496 0.475844 0.971954
v -0.661607 0.475844 0.873422
v -0.651514 0.475844 0.770952
v -0.661607 0.475844 0.668481
v -0.691496 0.475844 0.569949
v -0.740034 0.475844 0.479141
v -0.805355 0.475844 0.399547
v -0.884949 0.475844 0.334226
v -0.975757 0.475844 0.285688
v -1.074290 0.475844 0.255799
v -1.076258 0.455853 1.286105
v -0.979619 0.436630 1.256215
v -0.890556 0.418915 1.207677
v -0.812492 0.403387 1.142356
v -0.748426 0.390643 1.062762
v -0.700820 0.381174 0.971954
v -0.671505 0.375343 0.873422
v -0.661607 0.373374 0.770952
v -0.671505 0.375343 0.668481
v -0.700820 0.381174 0.569949
v -0.748426 0.390643 0.479141
v -0.812492 0.403387 0.399547
v -0.890556 0.418915 0.334226
v -0.979619 0.436630 0.285688
v -1.076258 0.455853 0.255799
v -1.082090 0.436630 1.286105
v -0.991058 0.398924 1.256215
v -0.907162 0.364173 1.207677
v -0.833627 0.333714 1.142356
v -0.773278 0.308716 1.062762
v -0.728435 0.290142 0.971954
v -0.700820 0.278703 0.873422
v -0.691496 0.274841 0.770952
v -0.700820 0.278703 0.668481
v -0.728435 0.290142 0.569949
v -0.773278 0.308716 0.479141
v -0.833627 0.333714 0.399547
v -0.907162 0.364173 0.334226
v -0.991058 0.398924 0.285688
v -1.082090 0.436630 0.255799
v -1.091559 0.418915 1.286105
v -1.009632 0.364173 1.256215
v -0.934128 0.313723 1.207677
v -0.867948 0.269503 1.142356
v -0.813636 0.233212 1.062762
v -0.773278 0.206246 0.971954
v -0.748426 0.189640 0.873422
v -0.740034 0.184033 0.770952
v -0.748426 0.189640 0.668481
v -0.773278 0.206246 0.569949
v -0.813636 0.233212 0.479141
v -0.867948 0.269503 0.399547
v -0.934128 0.313723 0.334226
v -1.009632 0.364173 0.285688
v -1.091559 0.418915 0.255799
v -1.104302 0.403387 1.286105
v -1.034629 0.333714 1.256215
v -0.970419 0.269503 1.207677
v -0.914137 0.213221 1.142356
v -0.867948 0.167032 1.062762
v -0.833627 0.132711 0.971954
v -0.812492 0.111576 0.873422
v -0.805355 0.104439 0.770952
v -0.812492 0.111576 0.668481
v -0.833627 0.132711 0.569949
v -0.867948 0.167032 0.479141
v -0.914137 0.213221 0.399547
v -0.970419 0.269503 0.334226
v -1.034629 0.333714 0.285688
v -1.104302 0.403387 0.255799
v -1.119830 0.390643 1.286105
v -1.065089 0.308716 1.256215
v -1.014639 0.233212 1.207677
v -0.970418 0.167032 1.142356
v -0.934128 0.112720 1.062762
v -0.907162 0.072362 0.971954
v -0.890556 0.047510 0.873422
v -0.884949 0.039119 0.770952
v -0.890556 0.047510 0.668481
v -0.907162 0.072362 0.569949
v -0.934128 0.112720 0.479141
v -0.970418 0.167032 0.399547
v -1.014639 0.233212 0.334226
v -1.065089 0.308716 0.285688
v -1.119830 0.390643 0.255799
v -1.137546 0.381174 1.286105
v -1.099839 0.290142 1.256215
v -1.065089 0.206246 1.207677
v -1.034629 0.132711 1.142356
v -1.009632 0.072362 1.062762
v -0.991058 0.027519 0.971954
v -0.979619 -0.000095 0.873422
v -0.975757 -0.009419 0.770952
v -0.979619 -0.000095 0.668481
v -0.991058 0.027519 0.569949
v -1.009632 0.072362 0.479141
v -1.034629 0.132711 0.399547
v -1.065089 0.206246 0.334226
v -1.099839 0.290142 0.285688
v -1.137546 0.381174 0.255799
v -1.156769 0.375343 1.286105
v -1.137546 0.278704 1.256215
v -1.119830 0.189641 1.207677
v -1.104302 0.111576 1.142356
v -1.091559 0.047510 1.062762
v -1.082090 -0.000095 0.971954
v -1.076259 -0.029410 0.873422
v -1.074290 -0.039309 0.770952
v -1.076259 -0.029410 0.668481
v -1.082090 -0.000095 0.569949
v -1.091559 0.047510 0.479141
v -1.104302 0.111576 0.399547
v -1.119830 0.189641 0.334226
v -1.137546 0.278704 0.285688
v -1.156769 0.375343 0.255799
v -1.176760 0.373374 1.286105
v -1.176760 0.274841 1.256215
v -1.176760 0.184033 1.207677
v -1.176760 0.104439 1.142356
v -1.176760 0.039119 1.062762
v -1.176760 -0.009419 0.971954
v -1.176760 -0.039309 0.873422
v -1.176760 -0.049401 0.770952
v -1.176760 -0.039309 0.668481
v -1.176760 -0.009419 0.569949
v -1.176760 0.039119 0.479141
v -1.176760 0.104439 0.399547
v -1.176760 0.184033 0.334226
v -1.176760 0.274841 0.285688
v -1.176760 0.373374 0.255799
v -1.196751 0.375343 1.286105
v -1.215973 0.278704 1.256215
v -1.233689 0.189641 1.207677
v -1.249217 0.111576 1.142356
v -1.261961 0.047510 1.062762
v -1.271430 -0.000095 0.971954
v -1.277261 -0.029410 0.873422
v -1.279230 -0.039309 0.770952
v -1.277261 -0.029410 0.668481
v -1.271430 -0.000095 0.569949
v -1.261961 0.047510 0.479141
v -1.249217 0.111576 0.399547
v -1.233689 0.189641 0.334226
v -1.215973 0.278704 0.285688
v -1.196751 0.375343 0.255799
v -1.215973 0.381174 1.286105
v -1.253680 0.290142 1.256215
v -1.288431 0.206246 1.207677
v -1.318890 0.132711 1.142356
v -1.343888 0.072362 1.062762
v -1.362462 0.027519 0.971954
v -1.373900 -0.000095 0.873422
v -1.377763 -0.009419 0.770952
v -1.373900 -0.000095 0.668481
v -1.362462 0.027519 0.569949
v -1.343888 0.072362 0.479141
v -1.318890 0.132711 0.399547
v -1.288431 0.206246 0.334226
v -1.253680 0.290142 0.285688
v -1.215973 0.381174 0.255799
v -1.233689 0.390643 1.286105
v -1.288431 0.308716 1.256215
v -1.338881 0.233212 1.207677
v -1.383101 0.167032 1.142356
v -1.419392 0.112720 1.062762
v -1.446358 0.072362 0.971954
v -1.462964 0.047510 0.873422
v -1.468571 0.039119 0.770952
v -1.462964 0.047510 0.668481
v -1.446358 0.072362 0.569949
v -1.419392 0.112720 0.479141
v -1.383101 0.167032 0.399547
v -1.338881 0.233212 0.334226
v -1.288431 0.308716 0.285688
v -1.233689 0.390643 0.255799
v -1.249217 0.403387 1.286105
v -1.318890 0.333714 1.256215
v -1.383101 0.269503 1.207677
v -1.439383 0.213221 1.142356
v -1.485571 0.167032 1.062762
v -1.519893 0.132711 0.971954
v -1.541028 0.111576 0.873422
v -1.548164 0.104440 0.770952
v -1.541028 0.111576 0.668481
v -1.519893 0.132711 0.569949
v -1.485571 0.167032 0.479141
v -1.439383 0.213221 0.399547
v -1.383101 0.269503 0.334226
v -1.318890 0.333714 0.285688
v -1.249217 0.403387 0.255799
v -1.176760 0.475844 0.245706
v -1.261961 0.418915 1.286105
v -1.343888 0.364173 1.256215
v -1.419392 0.313723 1.207677
v -1.485572 0.269503 1.142356
v -1.539884 0.233212 1.062762
v -1.580242 0.206246 0.971954
v -1.605094 0.189641 0.873422
v -1.613485 0.184033 0.770952
v -1.605094 0.189641 0.668481
v -1.580242 0.206246 0.569949
v -1.539884 0.233212 0.479141
v -1.485572 0.269503 0.399547
v -1.419392 0.313723 0.334226
v -1.343888 0.364173 0.285688
v -1.261961 0.418915 0.255799
v -1.271430 0.436630 1.286105
v -1.362462 0.398924 1.256215
v -1.446358 0.364173 1.207677
v -1.519893 0.333714 1.142356
v -1.580242 0.308717 1.062762
v -1.625085 0.290142 0.971954
v -1.652699 0.278704 0.873422
v -1.662023 0.274842 0.770952
v -1.652699 0.278704 0.668481
v -1.625085 0.290142 0.569949
v -1.580242 0.308717 0.479141
v -1.519893 0.333714 0.399547
v -1.446358 0.364173 0.334226
v -1.362462 0.398924 0.285688
v -1.271430 0.436630 0.255799
v -1.277261 0.455853 1.286105
v -1.373900 0.436630 1.256215
v -1.462963 0.418915 1.207677
v -1.541028 0.403387 1.142356
v -1.605094 0.390643 1.062762
v -1.652699 0.381174 0.971954
v -1.682014 0.375343 0.873422
v -1.691913 0.373374 0.770952
v -1.682014 0.375343 0.668481
v -1.652699 0.381174 0.569949
v -1.605094 0.390643 0.479141
v -1.541028 0.403387 0.399547
v -1.462963 0.418915 0.334226
v -1.373900 0.436630 0.285688
v -1.277261 0.455853 0.255799
v -1.279230 0.475844 1.286105
v -1.377763 0.475844 1.256215
v -1.468570 0.475844 1.207677
v -1.548164 0.475844 1.142356
v -1.613485 0.475844 1.062762
v -1.662023 0.475844 0.971954
v -1.691913 0.475844 0.873422
v -1.702005 0.475844 0.770952
v -1.691913 0.475844 0.668481
v -1.662023 0.475844 0.569949
v -1.613485 0.475844 0.479141
v -1.548164 0.475844 0.399547
v -1.468570 0.475844 0.334226
v -1.377763 0.475844 0.285688
v -1.279230 0.475844 0.255799
v -1.277261 0.495835 1.286105
v -1.373900 0.515058 1.256215
v -1.462963 0.532773 1.207677
v -1.541028 0.548301 1.142356
v -1.605094 0.561045 1.062762
v -1.652699 0.570514 0.971954
v -1.682014 0.576345 0.873422
v -1.691912 0.578315 0.770952
v -1.682014 0.576345 0.668481
v -1.652699 0.570514 0.569949
v -1.605094 0.561045 0.479141
v -1.541028 0.548301 0.399547
v -1.462963 0.532773 0.334226
v -1.373900 0.515058 0.285688
v -1.277261 0.495835 0.255799
v -1.271430 0.515058 1.286105
v -1.362462 0.552764 1.256215
v -1.446358 0.587515 1.207677
v -1.519893 0.617974 1.142356
v -1.580242 0.642972 1.062762
v -1.625085 0.661546 0.971954
v -1.652699 0.672985 0.873422
v -1.662023 0.676847 0.770952
v -1.652699 0.672985 0.668481
v -1.625085 0.661546 0.569949
v -1.580242 0.642972 0.479141
v -1.519893 0.617974 0.399547
v -1.446358 0.587515 0.334226
v -1.362462 0.552764 0.285688
v -1.271430 0.515058 0.255799
v -1.261961 0.532773 1.286105
v -1.343887 0.587515 1.256215
v -1.419391 0.637965 1.207677
v -1.485571 0.682185 1.142356
v -1.539884 0.718476 1.062762
v -1.580242 0.745442 0.971954
v -1.605094 0.762048 0.873422
v -1.613485 0.767655 0.770952
v -1.605094 0.762048 0.668481
v -1.580242 0.745442 0.569949
v -1.539884 0.718476 0.479141
v -1.485571 0.682185 0.399547
v -1.419391 0.637965 0.334226
v -1.343887 0.587515 0.285688
v -1.261961 0.532773 0.255799
v -1.249217 0.548301 1.286105
v -1.318890 0.617974 1.256215
v -1.383101 0.682185 1.207677
v -1.439383 0.738467 1.142356
v -1.485571 0.784656 1.062762
v -1.519893 0.818977 0.971954
v -1.541028 0.840112 0.873422
v -1.548164 0.847249 0.770952
v -1.541028 0.840112 0.668481
v -1.519893 0.818977 0.569949
v -1.485571 0.784656 0.479141
v -1.439383 0.738467 0.399547
v -1.383101 0.682185 0.334226
v -1.318890 0.617974 0.285688
v -1.249217 0.548301 0.255799
v -1.233689 0.561045 1.286105
v -1.288431 0.642972 1.256215
v -1.338881 0.718476 1.207677
v -1.383101 0.784656 1.142356
v -1.419391 0.838968 1.062762
v -1.446358 0.879326 0.971954
v -1.462963 0.904178 0.873422
v -1.468570 0.912570 0.770952
v -1.462963 0.904178 0.668481
v -1.446358 0.879326 0.569949
v -1.419391 0.838968 0.479141
v -1.383101 0.784656 0.399547
v -1.338881 0.718476 0.334226
v -1.288431 0.642972 0.285688
v -1.233689 0.561045 0.255799
v -1.215973 0.570514 1.286105
v -1.253680 0.661546 1.256215
v -1.288431 0.745442 1.207677
v -1.318890 0.818977 1.142356
v -1.343887 0.879326 1.062762
v -1.362462 0.924169 0.971954
v -1.373900 0.951783 0.873422
v -1.377762 0.961107 0.770952
v -1.373900 0.951783 0.668481
v -1.362462 0.924169 0.569949
v -1.343887 0.879326 0.479141
v -1.318890 0.818977 0.399547
v -1.288431 0.745442 0.334226
v -1.253680 0.661546 0.285688
v -1.215973 0.570514 0.255799
v -1.196751 0.576345 1.286105
v -1.215973 0.672984 1.256215
v -1.233689 0.762048 1.207677
v -1.249217 0.840112 1.142356
v -1.261961 0.904178 1.062762
v -1.271430 0.951783 0.971954
v -1.277261 0.981098 0.873422
v -1.279230 0.990997 0.770952
v -1.277261 0.981098 0.668481
v -1.271430 0.951783 0.569949
v -1.261961 0.904178 0.479141
v -1.249217 0.840112 0.399547
v -1.233689 0.762048 0.334226
v -1.215973 0.672984 0.285688
v -1.196751 0.576345 0.255799
v -1.176760 0.578314 1.286105
v -1.176760 0.676847 1.256215
v -1.176760 0.847249 1.142356
v -1.176760 0.961107 0.971954
v -1.176760 0.961107 0.569949
v -1.176760 0.847249 0.399547
v -1.176760 0.767654 0.334226
v -1.176760 0.676847 0.285688
v -1.176760 0.578314 0.255799
vn 0.0624 0.6332 -0.7715
vn 0.0865 0.8786 0.4696
vn 0.0464 0.4709 -0.8810
vn 0.0938 0.9527 0.2890
vn 0.0286 0.2902 -0.9565
vn 0.0975 0.9904 0.0976
vn 0.0097 0.0980 0.9951
vn 0.0097 0.0980 -0.9951
vn 0.0975 0.9904 -0.0976
vn 0.0286 0.2902 0.9565
vn 0.0938 0.9527 -0.2890
vn 0.0464 0.4709 0.8810
vn 0.0865 0.8786 -0.4696
vn 0.0624 0.6332 0.7715
vn 0.0759 0.7708 -0.6326
vn 0.0759 0.7708 0.6326
vn 0.2248 0.7412 -0.6326
vn 0.2248 0.7412 0.6326
vn 0.1847 0.6088 -0.7715
vn 0.2563 0.8448 0.4696
vn 0.1374 0.4528 -0.8810
vn 0.2779 0.9161 0.2890
vn 0.0846 0.2790 -0.9565
vn 0.2889 0.9524 0.0976
vn 0.0286 0.0942 0.9951
vn 0.0286 0.0942 -0.9951
vn 0.2889 0.9524 -0.0976
vn 0.0846 0.2790 0.9565
vn 0.2779 0.9161 -0.2890
vn 0.1374 0.4528 0.8810
vn 0.2563 0.8448 -0.4696
vn 0.1847 0.6088 0.7715
vn 0.0464 0.0869 0.9951
vn 0.0464 0.0869 -0.9951
vn 0.4691 0.8777 -0.0975
vn 0.1374 0.2571 0.9565
vn 0.4513 0.8443 -0.2890
vn 0.2230 0.4173 0.8810
vn 0.4162 0.7786 -0.4696
vn 0.2999 0.5611 0.7715
vn 0.3651 0.6831 -0.6326
vn 0.3651 0.6831 0.6326
vn 0.2999 0.5611 -0.7715
vn 0.4162 0.7786 0.4696
vn 0.2231 0.4173 -0.8810
vn 0.4513 0.8443 0.2890
vn 0.1374 0.2571 -0.9566
vn 0.4691 0.8777 0.0976
vn 0.4913 0.5987 0.6326
vn 0.4036 0.4918 -0.7715
vn 0.5601 0.6825 0.4696
vn 0.3002 0.3658 -0.8810
vn 0.6073 0.7400 0.2890
vn 0.1850 0.2254 -0.9565
vn 0.6314 0.7693 0.0975
vn 0.0625 0.0761 0.9951
vn 0.0625 0.0761 -0.9951
vn 0.6314 0.7693 -0.0976
vn 0.1850 0.2254 0.9565
vn 0.6073 0.7400 -0.2890
vn 0.3002 0.3658 0.8810
vn 0.5601 0.6825 -0.4696
vn 0.4036 0.4918 0.7715
vn 0.4913 0.5987 -0.6326
vn 0.7693 0.6314 -0.0976
vn 0.2254 0.1850 0.9565
vn 0.7400 0.6073 -0.2890
vn 0.3658 0.3002 0.8810
vn 0.6825 0.5601 -0.4696
vn 0.4918 0.4036 0.7715
vn 0.5987 0.4913 -0.6326
vn 0.5987 0.4913 0.6326
vn 0.4918 0.4036 -0.7715
vn 0.6825 0.5601 0.4696
vn 0.3658 0.3002 -0.8810
vn 0.7400 0.6073 0.2890
vn 0.2254 0.1850 -0.9565
vn 0.7693 0.6314 0.0975
vn 0.0761 0.0625 0.9951
vn 0.0761 0.0625 -0.9951
vn 0.5611 0.2999 -0.7715
vn 0.7786 0.4162 0.4696
vn 0.4173 0.2231 -0.8810
vn 0.8443 0.4513 0.2890
vn 0.2571 0.1374 -0.9565
vn 0.8777 0.4691 0.0976
vn 0.0869 0.0464 0.9951
vn 0.0869 0.0464 -0.9951
vn 0.8777 0.4691 -0.0976
vn 0.2571 0.1374 0.9565
vn 0.8443 0.4513 -0.2890
vn 0.4173 0.2231 0.8810
vn 0.7786 0.4162 -0.4696
vn 0.5611 0.2999 0.7715
vn 0.6831 0.3651 -0.6326
vn 0.6831 0.3651 0.6326
vn 0.9161 0.2779 -0.2890
vn 0.4528 0.1374 0.8810
vn 0.8448 0.2563 -0.4696
vn 0.6088 0.1847 0.7715
vn 0.7412 0.2248 -0.6326
vn 0.7412 0.2248 0.6326
vn 0.6088 0.1847 -0.7715
vn 0.8448 0.2563 0.4696
vn 0.4528 0.1374 -0.8810
vn 0.9161 0.2779 0.2890
vn 0.2790 0.0846 -0.9565
vn 0.9524 0.2889 0.0975
vn 0.0942 0.0286 0.9951
vn 0.0942 0.0286 -0.9951
vn 0.9524 0.2889 -0.0976
vn 0.2790 0.0846 0.9565
vn 0.4709 0.0464 -0.8810
vn 0.9527 0.0938 0.2890
vn 0.2902 0.0286 -0.9566
vn 0.9904 0.0975 0.0975
vn 0.0980 0.0097 0.9951
vn 0.0980 0.0097 -0.9951
vn 0.9904 0.0976 -0.0975
vn 0.2902 0.0286 0.9565
vn 0.9527 0.0938 -0.2890
vn 0.4709 0.0464 0.8810
vn 0.8786 0.0865 -0.4696
vn 0.6332 0.0624 0.7715
vn 0.7708 0.0759 -0.6326
vn 0.7708 0.0759 0.6326
vn 0.6332 0.0624 -0.7715
vn 0.8786 0.0865 0.4696
vn 0.4709 -0.0464 0.8810
vn 0.8786 -0.0865 -0.4696
vn 0.6332 -0.0624 0.7715
vn 0.7708 -0.0759 -0.6326
vn 0.7708 -0.0759 0.6326
vn 0.6332 -0.0624 -0.7715
vn 0.8786 -0.0865 0.4696
vn 0.4709 -0.0464 -0.8810
vn 0.9527 -0.0938 0.2890
vn 0.2902 -0.0286 -0.9566
vn 0.9904 -0.0975 0.0975
vn 0.0980 -0.0097 0.9951
vn 0.0980 -0.0097 -0.9951
vn 0.9904 -0.0975 -0.0975
vn 0.2902 -0.0286 0.9565
vn 0.9527 -0.0938 -0.2890
vn 0.9161 -0.2779 0.2890
vn 0.2790 -0.0846 -0.9565
vn 0.9524 -0.2889 0.0975
vn 0.0942 -0.0286 0.9951
vn 0.0942 -0.0286 -0.9951
vn 0.9524 -0.2889 -0.0975
vn 0.2790 -0.0846 0.9565
vn 0.9161 -0.2779 -0.2890
vn 0.4528 -0.1374 0.8810
vn 0.8448 -0.2563 -0.4696
vn 0.6088 -0.1847 0.7715
vn 0.7412 -0.2248 -0.6326
vn 0.7412 -0.2248 0.6326
vn 0.6088 -0.1847 -0.7715
vn 0.8448 -0.2563 0.4696
vn 0.4528 -0.1374 -0.8810
vn 0.7786 -0.4162 -0.4696
vn 0.5611 -0.2999 0.7715
vn 0.6831 -0.3651 -0.6326
vn 0.6831 -0.3651 0.6326
vn 0.5611 -0.2999 -0.7715
vn 0.7786 -0.4162 0.4696
vn 0.4173 -0.2231 -0.8810
vn 0.8443 -0.4513 0.2890
vn 0.2571 -0.1374 -0.9565
vn 0.8777 -0.4691 0.0975
vn 0.0869 -0.0464 0.9951
vn 0.0869 -0.0464 -0.9951
vn 0.8777 -0.4691 -0.0975
vn 0.2571 -0.1374 0.9565
vn 0.8443 -0.4513 -0.2890
vn 0.4173 -0.2231 0.8810
vn 0.2254 -0.1850 -0.9566
vn 0.7693 -0.6314 0.0975
vn 0.0761 -0.0625 0.9951
vn 0.0761 -0.0625 -0.9951
vn 0.7693 -0.6314 -0.0976
vn 0.2254 -0.1850 0.9566
vn 0.7400 -0.6073 -0.2890
vn 0.3658 -0.3002 0.8810
vn 0.6825 -0.5601 -0.4696
vn 0.4918 -0.4036 0.7715
vn 0.5987 -0.4913 -0.6326
vn 0.5987 -0.4913 0.6326
vn 0.4918 -0.4036 -0.7715
vn 0.6825 -0.5601 0.4696
vn 0.3658 -0.3002 -0.8810
vn 0.7400 -0.6073 0.2890
vn 0.4036 -0.4918 0.7715
vn 0.4913 -0.5987 -0.6326
vn 0.4913 -0.5987 0.6326
vn 0.4036 -0.4918 -0.7715
vn 0.5601 -0.6825 0.4696
vn 0.3002 -0.3658 -0.8810
vn 0.6073 -0.7400 0.2890
vn 0.1850 -0.2254 -0.9565
vn 0.6314 -0.7693 0.0976
vn 0.0625 -0.0761 0.9951
vn 0.0625 -0.0761 -0.9951
vn 0.6314 -0.7693 -0.0976
vn 0.1850 -0.2254 0.9565
vn 0.6073 -0.7400 -0.2890
vn 0.3002 -0.3658 0.8810
vn 0.5601 -0.6825 -0.4696
vn 0.4691 -0.8777 0.0975
vn 0.0464 -0.0869 0.9951
vn 0.0464 -0.0869 -0.9951
vn 0.4691 -0.8777 -0.0975
vn 0.1374 -0.2571 0.9565
vn 0.4513 -0.8443 -0.2890
vn 0.2230 -0.4173 0.8810
vn 0.4162 -0.7786 -0.4696
vn 0.2999 -0.5611 0.7715
vn 0.3651 -0.6831 -0.6326
vn 0.3651 -0.6831 0.6326
vn 0.2999 -0.5611 -0.7715
vn 0.4162 -0.7786 0.4696
vn 0.2231 -0.4173 -0.8810
vn 0.4513 -0.8443 0.2890
vn 0.1374 -0.2571 -0.9565
vn 0.2248 -0.7412 -0.6326
vn 0.2248 -0.7412 0.6326
vn 0.1847 -0.6088 -0.7715
vn 0.2563 -0.8448 0.4696
vn 0.1374 -0.4528 -0.8810
vn 0.2779 -0.9161 0.2890
vn 0.0846 -0.2790 -0.9566
vn 0.2889 -0.9524 0.0975
vn 0.0286 -0.0942 0.9951
vn 0.0286 -0.0942 -0.9951
vn 0.2889 -0.9524 -0.0975
vn 0.0846 -0.2790 0.9565
vn 0.2779 -0.9161 -0.2890
vn 0.1374 -0.4528 0.8810
vn 0.2563 -0.8448 -0.4696
vn 0.1847 -0.6088 0.7715
vn 0.0097 -0.0980 -0.9951
vn 0.0975 -0.9904 -0.0975
vn 0.0286 -0.2902 0.9565
vn 0.0938 -0.9527 -0.2890
vn 0.0464 -0.4709 0.8810
vn 0.0865 -0.8786 -0.4696
vn 0.0624 -0.6332 0.7715
vn 0.0759 -0.7708 -0.6326
vn 0.0759 -0.7708 0.6326
vn 0.0624 -0.6332 -0.7715
vn 0.0865 -0.8786 0.4696
vn 0.0464 -0.4709 -0.8810
vn 0.0938 -0.9527 0.2890
vn 0.0286 -0.2902 -0.9565
vn 0.0975 -0.9904 0.0975
vn 0.0097 -0.0980 0.9951
vn -0.0624 -0.6332 -0.7715
vn -0.0865 -0.8786 0.4696
vn -0.0464 -0.4709 -0.8810
vn -0.0938 -0.9527 0.2890
vn -0.0286 -0.2902 -0.9565
vn -0.0976 -0.9904 0.0975
vn -0.0097 -0.0980 0.9951
vn -0.0097 -0.0980 -0.9951
vn -0.0975 -0.9904 -0.0976
vn -0.0286 -0.2902 0.9565
vn -0.0938 -0.9527 -0.2890
vn -0.0464 -0.4709 0.8810
vn -0.0865 -0.8786 -0.4696
vn -0.0624 -0.6332 0.7715
vn -0.0759 -0.7708 -0.6326
vn -0.0759 -0.7708 0.6326
vn -0.0846 -0.2790 0.9565
vn -0.2779 -0.9161 -0.2890
vn -0.1374 -0.4528 0.8810
vn -0.2563 -0.8448 -0.4696
vn -0.1847 -0.6088 0.7715
vn -0.2248 -0.7412 -0.6326
vn -0.2248 -0.7412 0.6326
vn -0.1847 -0.6088 -0.7715
vn -0.2563 -0.8448 0.4696
vn -0.1374 -0.4528 -0.8810
vn -0.2779 -0.9161 0.2890
vn -0.0846 -0.2790 -0.9566
vn -0.2889 -0.9524 0.0975
vn -0.0286 -0.0942 0.9951
vn -0.0286 -0.0942 -0.9951
vn -0.2889 -0.9524 -0.0975
vn -0.4162 -0.7786 0.4696
vn -0.2230 -0.4173 -0.8810
vn -0.4513 -0.8443 0.2890
vn -0.1374 -0.2571 -0.9565
vn -0.4691 -0.8777 0.0975
vn -0.0464 -0.0869 0.9951
vn -0.0464 -0.0869 -0.9951
vn -0.4691 -0.8777 -0.0975
vn -0.1374 -0.2571 0.9565
vn -0.4513 -0.8443 -0.2890
vn -0.2230 -0.4173 0.8810
vn -0.4162 -0.7786 -0.4696
vn -0.2999 -0.5611 0.7715
vn -0.3651 -0.6831 -0.6326
vn -0.3651 -0.6831 0.6326
vn -0.2999 -0.5611 -0.7715
vn -0.6073 -0.7400 -0.2890
vn -0.3002 -0.3658 0.8810
vn -0.5601 -0.6825 -0.4696
vn -0.4036 -0.4918 0.7715
vn -0.4913 -0.5987 -0.6326
vn -0.4913 -0.5987 0.6326
vn -0.4036 -0.4918 -0.7715
vn -0.5601 -0.6825 0.4696
vn -0.3002 -0.3658 -0.8810
vn -0.6073 -0.7400 0.2890
vn -0.1850 -0.2254 -0.9565
vn -0.6314 -0.7693 0.0976
vn -0.0625 -0.0761 0.9951
vn -0.0625 -0.0761 -0.9951
vn -0.6314 -0.7693 -0.0975
vn -0.1850 -0.2254 0.9565
vn -0.3658 -0.3002 -0.8810
vn -0.7400 -0.6073 0.2890
vn -0.2254 -0.1850 -0.9566
vn -0.7693 -0.6314 0.0975
vn -0.0761 -0.0625 0.9951
vn -0.0761 -0.0625 -0.9951
vn -0.7693 -0.6314 -0.0975
vn -0.2254 -0.1850 0.9565
vn -0.7400 -0.6073 -0.2890
vn -0.3658 -0.3002 0.8810
vn -0.6825 -0.5601 -0.4696
vn -0.4918 -0.4036 0.7715
vn -0.5987 -0.4913 -0.6326
vn -0.5987 -0.4913 0.6326
vn -0.4918 -0.4036 -0.7715
vn -0.6825 -0.5601 0.4696
vn -0.4173 -0.2231 0.8810
vn -0.7786 -0.4162 -0.4696
vn -0.5611 -0.2999 0.7715
vn -0.6831 -0.3651 -0.6326
vn -0.6831 -0.3651 0.6326
vn -0.5611 -0.2999 -0.7715
vn -0.7786 -0.4162 0.4696
vn -0.4173 -0.2231 -0.8810
vn -0.8443 -0.4513 0.2890
vn -0.2571 -0.1374 -0.9565
vn -0.8777 -0.4691 0.0975
vn -0.0869 -0.0464 0.9951
vn -0.0869 -0.0464 -0.9951
vn -0.8777 -0.4691 -0.0975
vn -0.2571 -0.1374 0.9565
vn -0.8443 -0.4513 -0.2890
vn -0.9161 -0.2779 0.2890
vn -0.2790 -0.0846 -0.9565
vn -0.9524 -0.2889 0.0975
vn -0.0942 -0.0286 0.9951
vn -0.0942 -0.0286 -0.9951
vn -0.9524 -0.2889 -0.0975
vn -0.2790 -0.0846 0.9565
vn -0.9161 -0.2779 -0.2890
vn -0.4528 -0.1374 0.8810
vn -0.8448 -0.2563 -0.4696
vn -0.6088 -0.1847 0.7715
vn -0.7412 -0.2248 -0.6326
vn -0.7412 -0.2248 0.6326
vn -0.6088 -0.1847 -0.7715
vn -0.8448 -0.2563 0.4696
vn -0.4528 -0.1374 -0.8810
vn -0.8786 -0.0865 -0.4696
vn -0.6332 -0.0624 0.7715
vn -0.7708 -0.0759 -0.6326
vn -0.7708 -0.0759 0.6326
vn -0.6332 -0.0624 -0.7715
vn -0.8786 -0.0865 0.4696
vn -0.4709 -0.0464 -0.8810
vn -0.9527 -0.0938 0.2890
vn -0.2902 -0.0286 -0.9565
vn -0.9904 -0.0975 0.0975
vn -0.0980 -0.0097 0.9951
vn -0.0980 -0.0097 -0.9951
vn -0.9904 -0.0976 -0.0975
vn -0.2902 -0.0286 0.9566
vn -0.9527 -0.0938 -0.2890
vn -0.4709 -0.0464 0.8810
vn -0.2902 0.0286 -0.9565
vn -0.9904 0.0976 0.0975
vn -0.0980 0.0097 0.9951
vn -0.0980 0.0097 -0.9951
vn -0.9904 0.0975 -0.0975
vn -0.2902 0.0286 0.9565
vn -0.9527 0.0938 -0.2890
vn -0.4709 0.0464 0.8810
vn -0.8786 0.0865 -0.4696
vn -0.6332 0.0624 0.7715
vn -0.7708 0.0759 -0.6326
vn -0.7708 0.0759 0.6326
vn -0.6332 0.0624 -0.7715
vn -0.8786 0.0865 0.4696
vn -0.4709 0.0464 -0.8810
vn -0.9527 0.0938 0.2890
vn -0.7412 0.2248 -0.6326
vn -0.7412 0.2248 0.6326
vn -0.6088 0.1847 -0.7715
vn -0.8448 0.2563 0.4696
vn -0.4528 0.1374 -0.8810
vn -0.9161 0.2779 0.2890
vn -0.2790 0.0846 -0.9565
vn -0.9524 0.2889 0.0975
vn -0.0942 0.0286 0.9951
vn -0.0942 0.0286 -0.9951
vn -0.9524 0.2889 -0.0975
vn -0.2790 0.0846 0.9565
vn -0.9161 0.2779 -0.2890
vn -0.4528 0.1374 0.8810
vn -0.8448 0.2563 -0.4696
vn -0.6088 0.1847 0.7715
vn -0.0869 0.0464 0.9951
vn -0.0869 0.0464 -0.9951
vn -0.8777 0.4691 -0.0975
vn -0.2571 0.1374 0.9566
vn -0.8443 0.4513 -0.2890
vn -0.4173 0.2231 0.8810
vn -0.7786 0.4162 -0.4696
vn -0.5611 0.2999 0.7715
vn -0.6831 0.3651 -0.6326
vn -0.6831 0.3651 0.6326
vn -0.5611 0.2999 -0.7715
vn -0.7786 0.4162 0.4696
vn -0.4173 0.2231 -0.8810
vn -0.8443 0.4513 0.2890
vn -0.2571 0.1374 -0.9565
vn -0.8777 0.4691 0.0975
vn -0.5987 0.4913 0.6326
vn -0.4918 0.4036 -0.7715
vn -0.6825 0.5601 0.4696
vn -0.3658 0.3002 -0.8810
vn -0.7400 0.6073 0.2890
vn -0.2254 0.1850 -0.9565
vn -0.7693 0.6314 0.0975
vn -0.0761 0.0625 0.9951
vn -0.0761 0.0625 -0.9951
vn -0.7693 0.6314 -0.0975
vn -0.2254 0.1850 0.9566
vn -0.7400 0.6073 -0.2890
vn -0.3658 0.3002 0.8810
vn -0.6825 0.5601 -0.4696
vn -0.4918 0.4036 0.7715
vn -0.5987 0.4913 -0.6326
vn -0.6314 0.7693 -0.0975
vn -0.1850 0.2254 0.9565
vn -0.6073 0.7400 -0.2890
vn -0.3002 0.3658 0.8810
vn -0.5601 0.6825 -0.4696
vn -0.4036 0.4918 0.7715
vn -0.4913 0.5987 -0.6326
vn -0.4913 0.5987 0.6326
vn -0.4036 0.4918 -0.7715
vn -0.5601 0.6825 0.4696
vn -0.3002 0.3658 -0.8810
vn -0.6073 0.7400 0.2890
vn -0.1850 0.2254 -0.9565
vn -0.6314 0.7693 0.0976
vn -0.0625 0.0761 0.9951
vn -0.0625 0.0761 -0.9951
vn -0.2999 0.5611 -0.7715
vn -0.4162 0.7786 0.4696
vn -0.2231 0.4173 -0.8810
vn -0.4513 0.8443 0.2890
vn -0.1374 0.2571 -0.9565
vn -0.4691 0.8777 0.0975
vn -0.0464 0.0869 0.9951
vn -0.0464 0.0869 -0.9951
vn -0.4691 0.8777 -0.0976
vn -0.1374 0.2571 0.9565
vn -0.4513 0.8443 -0.2890
vn -0.2230 0.4173 0.8810
vn -0.4162 0.7786 -0.4696
vn -0.2999 0.5611 0.7715
vn -0.3651 0.6831 -0.6326
vn -0.3651 0.6831 0.6326
vn -0.0846 0.2790 0.9565
vn -0.2779 0.9161 -0.2890
vn -0.1374 0.4528 0.8810
vn -0.2563 0.8448 -0.4696
vn -0.1847 0.6088 0.7715
vn -0.2248 0.7412 -0.6326
vn -0.2248 0.7412 0.6326
vn -0.1847 0.6088 -0.7715
vn -0.2563 0.8448 0.4696
vn -0.1374 0.4528 -0.8810
vn -0.2779 0.9161 0.2890
vn -0.0846 0.2790 -0.9565
vn -0.2889 0.9524 0.0975
vn -0.0286 0.0942 0.9951
vn -0.0286 0.0942 -0.9951
vn -0.2889 0.9524 -0.0976
vn -0.0865 0.8786 0.4696
vn -0.0464 0.4709 -0.8810
vn -0.0938 0.9527 0.2890
vn -0.0286 0.2902 -0.9565
vn -0.0976 0.9904 0.0976
vn -0.0097 0.0980 0.9951
vn -0.0097 0.0980 -0.9951
vn -0.0976 0.9904 -0.0976
vn -0.0286 0.2902 0.9565
vn -0.0938 0.9527 -0.2890
vn -0.0464 0.4709 0.8810
vn -0.0865 0.8786 -0.4696
vn -0.0624 0.6332 0.7715
vn -0.0759 0.7708 -0.6326
vn -0.0759 0.7708 0.6326
vn -0.0624 0.6332 -0.7715
vn 0.0980 0.9952 -0.0000
vn 0.2903 0.9569 -0.0000
vn 0.4714 0.8819 -0.0000
vn 0.6344 0.7730 -0.0000
vn 0.7730 0.6344 -0.0000
vn 0.8819 0.4714 -0.0000
vn 0.9569 0.2903 -0.0000
vn 0.9952 0.0980 -0.0000
vn 0.9952 -0.0980 -0.0000
vn 0.9569 -0.2903 -0.0000
vn 0.8819 -0.4714 -0.0000
vn 0.7730 -0.6344 -0.0000
vn 0.6344 -0.7730 -0.0000
vn 0.4714 -0.8819 -0.0000
vn 0.2903 -0.9569 -0.0000
vn 0.0980 -0.9952 -0.0000
vn -0.0980 -0.9952 -0.0000
vn -0.2903 -0.9569 -0.0000
vn -0.4714 -0.8819 -0.0000
vn -0.6344 -0.7730 -0.0000
vn -0.7730 -0.6344 -0.0000
vn -0.8819 -0.4714 -0.0000
vn -0.9569 -0.2903 -0.0000
vn -0.9952 -0.0980 -0.0000
vn -0.9952 0.0980 -0.0000
vn -0.9569 0.2903 -0.0000
vn -0.8819 0.4714 -0.0000
vn -0.7730 0.6344 -0.0000
vn -0.6344 0.7730 -0.0000
vn -0.4714 0.8819 -0.0000
vn -0.0000 -0.0000 1.0000
vn -0.2903 0.9569 -0.0000
vn -0.0980 0.9952 -0.0000
vn -0.0000 -0.0000 -1.0000
vn 0.0096 0.0980 0.9951
vn 0.2231 0.4173 0.8810
vn 0.1374 0.2571 -0.9565
vn 0.2254 0.1850 -0.9566
vn 0.8777 0.4691 0.0975
vn 0.9904 -0.0976 0.0975
vn 0.2231 -0.4173 0.8810
vn 0.0846 -0.2790 0.9566
vn -0.2231 -0.4173 0.8810
vn -0.2902 -0.0286 0.9565
vn -0.2231 0.4173 0.8810
vn 0.4691 0.8777 -0.0976
vn 0.2230 0.4173 -0.8810
vn 0.4691 0.8777 0.0975
vn 0.6314 0.7693 0.0976
vn 0.6314 0.7693 -0.0975
vn 0.7693 0.6314 -0.0975
vn 0.7693 0.6314 0.0976
vn 0.8777 0.4691 -0.0975
vn 0.9524 0.2889 0.0976
vn 0.9524 0.2889 -0.0975
vn 0.2902 0.0286 -0.9565
vn 0.9904 0.0976 0.0975
vn 0.9904 0.0975 -0.0975
vn 0.2902 -0.0286 -0.9565
vn 0.9904 -0.0976 -0.0975
vn 0.2902 -0.0286 0.9566
vn 0.7693 -0.6314 0.0976
vn 0.7693 -0.6314 -0.0975
vn 0.2230 -0.4173 -0.8810
vn 0.0846 -0.2790 -0.9565
vn -0.0975 -0.9904 0.0976
vn -0.0976 -0.9904 -0.0975
vn -0.0846 -0.2790 0.9566
vn -0.0846 -0.2790 -0.9565
vn -0.2231 -0.4173 -0.8810
vn -0.1374 -0.2571 0.9566
vn -0.6314 -0.7693 0.0975
vn -0.6314 -0.7693 -0.0976
vn -0.2254 -0.1850 -0.9565
vn -0.2254 -0.1850 0.9566
vn -0.2902 -0.0286 -0.9566
vn -0.9904 -0.0976 0.0975
vn -0.9904 -0.0975 -0.0975
vn -0.2902 0.0286 -0.9566
vn -0.9904 0.0976 -0.0975
vn -0.2902 0.0286 0.9566
vn -0.2571 0.1374 0.9565
vn -0.2254 0.1850 -0.9566
vn -0.2254 0.1850 0.9565
vn -0.6314 0.7693 -0.0976
vn -0.6314 0.7693 0.0975
vn -0.4691 0.8777 0.0976
vn -0.4691 0.8777 -0.0975
vn -0.0846 0.2790 0.9566
vn -0.0846 0.2790 -0.9566
vn -0.2889 0.9524 0.0976
vn -0.2889 0.9524 -0.0975
vn 0.1375 0.2571 0.9565
vn 0.2571 -0.1374 0.9566
vn 0.2254 -0.1850 0.9565
vn 0.1375 -0.2571 0.9565
vn -0.9904 0.0975 0.0975
vn -0.2230 0.4173 -0.8810
vn -0.1374 0.2571 -0.9566
vn -0.1375 0.2571 0.9565
vt 0.750000 0.250000
vt 0.718750 0.187500
vt 0.750000 0.187500
vt 0.750000 0.625000
vt 0.718750 0.687500
vt 0.718750 0.625000
vt 0.718750 0.125000
vt 0.750000 0.125000
vt 0.718750 0.562500
vt 0.750000 0.562500
vt 0.718750 0.062500
vt 0.750000 0.062500
vt 0.750000 0.500000
vt 0.718750 0.500000
vt 0.750000 0.937500
vt 0.734375 1.000000
vt 0.718750 0.937500
vt 0.734375 0.000000
vt 0.718750 0.437500
vt 0.750000 0.437500
vt 0.750000 0.875000
vt 0.718750 0.875000
vt 0.750000 0.375000
vt 0.718750 0.375000
vt 0.750000 0.812500
vt 0.718750 0.812500
vt 0.718750 0.312500
vt 0.750000 0.312500
vt 0.750000 0.750000
vt 0.718750 0.750000
vt 0.718750 0.250000
vt 0.750000 0.687500
vt 0.687500 0.250000
vt 0.687500 0.687500
vt 0.687500 0.187500
vt 0.687500 0.625000
vt 0.687500 0.125000
vt 0.687500 0.562500
vt 0.687500 0.062500
vt 0.687500 0.500000
vt 0.703125 1.000000
vt 0.687500 0.937500
vt 0.703125 0.000000
vt 0.687500 0.437500
vt 0.687500 0.875000
vt 0.687500 0.375000
vt 0.687500 0.812500
vt 0.687500 0.312500
vt 0.687500 0.750000
vt 0.671875 1.000000
vt 0.656250 0.937500
vt 0.671875 0.000000
vt 0.656250 0.062500
vt 0.656250 0.437500
vt 0.656250 0.875000
vt 0.656250 0.375000
vt 0.656250 0.812500
vt 0.656250 0.312500
vt 0.656250 0.750000
vt 0.656250 0.250000
vt 0.656250 0.687500
vt 0.656250 0.187500
vt 0.656250 0.625000
vt 0.656250 0.125000
vt 0.656250 0.562500
vt 0.656250 0.500000
vt 0.625000 0.750000
vt 0.625000 0.687500
vt 0.625000 0.187500
vt 0.625000 0.625000
vt 0.625000 0.125000
vt 0.625000 0.562500
vt 0.625000 0.062500
vt 0.625000 0.500000
vt 0.640625 1.000000
vt 0.625000 0.937500
vt 0.640625 0.000000
vt 0.625000 0.437500
vt 0.625000 0.875000
vt 0.625000 0.375000
vt 0.625000 0.812500
vt 0.625000 0.312500
vt 0.625000 0.250000
vt 0.593750 0.437500
vt 0.593750 0.937500
vt 0.593750 0.875000
vt 0.593750 0.375000
vt 0.593750 0.812500
vt 0.593750 0.312500
vt 0.593750 0.750000
vt 0.593750 0.250000
vt 0.593750 0.687500
vt 0.593750 0.187500
vt 0.593750 0.625000
vt 0.593750 0.125000
vt 0.593750 0.562500
vt 0.593750 0.062500
vt 0.593750 0.500000
vt 0.609375 1.000000
vt 0.609375 0.000000
vt 0.562500 0.250000
vt 0.562500 0.187500
vt 0.562500 0.687500
vt 0.562500 0.625000
vt 0.562500 0.125000
vt 0.562500 0.562500
vt 0.562500 0.062500
vt 0.562500 0.500000
vt 0.578125 1.000000
vt 0.562500 0.937500
vt 0.578125 0.000000
vt 0.562500 0.437500
vt 0.562500 0.875000
vt 0.562500 0.375000
vt 0.562500 0.812500
vt 0.562500 0.312500
vt 0.562500 0.750000
vt 0.531250 0.375000
vt 0.531250 0.812500
vt 0.531250 0.312500
vt 0.531250 0.750000
vt 0.531250 0.250000
vt 0.531250 0.687500
vt 0.531250 0.187500
vt 0.531250 0.625000
vt 0.531250 0.125000
vt 0.531250 0.562500
vt 0.531250 0.062500
vt 0.531250 0.500000
vt 0.546875 1.000000
vt 0.531250 0.937500
vt 0.546875 0.000000
vt 0.531250 0.437500
vt 0.531250 0.875000
vt 0.500000 0.187500
vt 0.500000 0.125000
vt 0.500000 0.562500
vt 0.500000 0.062500
vt 0.500000 0.500000
vt 0.515625 1.000000
vt 0.500000 0.937500
vt 0.515625 0.000000
vt 0.500000 0.437500
vt 0.500000 0.875000
vt 0.500000 0.375000
vt 0.500000 0.812500
vt 0.500000 0.312500
vt 0.500000 0.750000
vt 0.500000 0.250000
vt 0.500000 0.687500
vt 0.500000 0.625000
vt 0.468750 0.875000
vt 0.468750 0.812500
vt 0.468750 0.375000
vt 0.468750 0.312500
vt 0.468750 0.750000
vt 0.468750 0.250000
vt 0.468750 0.687500
vt 0.468750 0.187500
vt 0.468750 0.625000
vt 0.468750 0.125000
vt 0.468750 0.562500
vt 0.468750 0.062500
vt 0.468750 0.500000
vt 0.484375 1.000000
vt 0.468750 0.937500
vt 0.484375 0.000000
vt 0.468750 0.437500
vt 0.437500 0.562500
vt 0.437500 0.062500
vt 0.437500 0.500000
vt 0.453125 1.000000
vt 0.437500 0.937500
vt 0.453125 0.000000
vt 0.437500 0.437500
vt 0.437500 0.875000
vt 0.437500 0.375000
vt 0.437500 0.812500
vt 0.437500 0.312500
vt 0.437500 0.750000
vt 0.437500 0.250000
vt 0.437500 0.687500
vt 0.437500 0.187500
vt 0.437500 0.625000
vt 0.437500 0.125000
vt 0.406250 0.375000
vt 0.406250 0.312500
vt 0.406250 0.812500
vt 0.406250 0.750000
vt 0.406250 0.250000
vt 0.406250 0.687500
vt 0.406250 0.187500
vt 0.406250 0.625000
vt 0.406250 0.125000
vt 0.406250 0.562500
vt 0.406250 0.062500
vt 0.406250 0.500000
vt 0.421875 1.000000
vt 0.406250 0.937500
vt 0.421875 0.000000
vt 0.406250 0.437500
vt 0.406250 0.875000
vt 0.375000 0.125000
vt 0.375000 0.062500
vt 0.375000 0.562500
vt 0.375000 0.500000
vt 0.390625 1.000000
vt 0.375000 0.937500
vt 0.390625 0.000000
vt 0.375000 0.437500
vt 0.375000 0.875000
vt 0.375000 0.375000
vt 0.375000 0.812500
vt 0.375000 0.312500
vt 0.375000 0.750000
vt 0.375000 0.250000
vt 0.375000 0.687500
vt 0.375000 0.187500
vt 0.375000 0.625000
vt 0.343750 0.750000
vt 0.343750 0.312500
vt 0.343750 0.250000
vt 0.343750 0.687500
vt 0.343750 0.187500
vt 0.343750 0.625000
vt 0.343750 0.125000
vt 0.343750 0.562500
vt 0.343750 0.062500
vt 0.343750 0.500000
vt 0.359375 1.000000
vt 0.343750 0.937500
vt 0.359375 0.000000
vt 0.343750 0.437500
vt 0.343750 0.875000
vt 0.343750 0.375000
vt 0.343750 0.812500
vt 0.312500 0.562500
vt 0.312500 0.500000
vt 0.328125 1.000000
vt 0.312500 0.937500
vt 0.328125 0.000000
vt 0.312500 0.062500
vt 0.312500 0.437500
vt 0.312500 0.875000
vt 0.312500 0.375000
vt 0.312500 0.812500
vt 0.312500 0.312500
vt 0.312500 0.750000
vt 0.312500 0.250000
vt 0.312500 0.687500
vt 0.312500 0.187500
vt 0.312500 0.625000
vt 0.312500 0.125000
vt 0.281250 0.250000
vt 0.281250 0.750000
vt 0.281250 0.687500
vt 0.281250 0.187500
vt 0.281250 0.625000
vt 0.281250 0.125000
vt 0.281250 0.562500
vt 0.281250 0.062500
vt 0.281250 0.500000
vt 0.296875 1.000000
vt 0.281250 0.937500
vt 0.296875 0.000000
vt 0.281250 0.437500
vt 0.281250 0.875000
vt 0.281250 0.375000
vt 0.281250 0.812500
vt 0.281250 0.312500
vt 0.265625 0.000000
vt 0.250000 0.062500
vt 0.250000 0.437500
vt 0.250000 0.937500
vt 0.250000 0.875000
vt 0.250000 0.375000
vt 0.250000 0.812500
vt 0.250000 0.312500
vt 0.250000 0.750000
vt 0.250000 0.250000
vt 0.250000 0.687500
vt 0.250000 0.187500
vt 0.250000 0.625000
vt 0.250000 0.125000
vt 0.250000 0.562500
vt 0.250000 0.500000
vt 0.265625 1.000000
vt 0.218750 0.250000
vt 0.218750 0.187500
vt 0.218750 0.625000
vt 0.218750 0.125000
vt 0.218750 0.562500
vt 0.218750 0.062500
vt 0.218750 0.500000
vt 0.234375 1.000000
vt 0.218750 0.937500
vt 0.234375 0.000000
vt 0.218750 0.437500
vt 0.218750 0.875000
vt 0.218750 0.375000
vt 0.218750 0.812500
vt 0.218750 0.312500
vt 0.218750 0.750000
vt 0.218750 0.687500
vt 0.187500 0.875000
vt 0.187500 0.375000
vt 0.187500 0.812500
vt 0.187500 0.312500
vt 0.187500 0.750000
vt 0.187500 0.250000
vt 0.187500 0.687500
vt 0.187500 0.187500
vt 0.187500 0.625000
vt 0.187500 0.125000
vt 0.187500 0.562500
vt 0.187500 0.062500
vt 0.187500 0.500000
vt 0.203125 1.000000
vt 0.187500 0.937500
vt 0.203125 0.000000
vt 0.187500 0.437500
vt 0.156250 0.625000
vt 0.156250 0.125000
vt 0.156250 0.562500
vt 0.156250 0.062500
vt 0.156250 0.500000
vt 0.171875 1.000000
vt 0.156250 0.937500
vt 0.171875 0.000000
vt 0.156250 0.437500
vt 0.156250 0.875000
vt 0.156250 0.375000
vt 0.156250 0.812500
vt 0.156250 0.312500
vt 0.156250 0.750000
vt 0.156250 0.250000
vt 0.156250 0.687500
vt 0.156250 0.187500
vt 0.125000 0.375000
vt 0.125000 0.875000
vt 0.125000 0.812500
vt 0.125000 0.312500
vt 0.125000 0.750000
vt 0.125000 0.250000
vt 0.125000 0.687500
vt 0.125000 0.187500
vt 0.125000 0.625000
vt 0.125000 0.125000
vt 0.125000 0.562500
vt 0.125000 0.062500
vt 0.125000 0.500000
vt 0.140625 1.000000
vt 0.125000 0.937500
vt 0.140625 0.000000
vt 0.125000 0.437500
vt 0.093750 0.125000
vt 0.093750 0.625000
vt 0.093750 0.562500
vt 0.093750 0.062500
vt 0.093750 0.500000
vt 0.109375 1.000000
vt 0.093750 0.937500
vt 0.109375 0.000000
vt 0.093750 0.437500
vt 0.093750 0.875000
vt 0.093750 0.375000
vt 0.093750 0.812500
vt 0.093750 0.312500
vt 0.093750 0.750000
vt 0.093750 0.250000
vt 0.093750 0.687500
vt 0.093750 0.187500
vt 0.062500 0.812500
vt 0.062500 0.375000
vt 0.062500 0.312500
vt 0.062500 0.750000
vt 0.062500 0.250000
vt 0.062500 0.687500
vt 0.062500 0.187500
vt 0.062500 0.625000
vt 0.062500 0.125000
vt 0.062500 0.562500
vt 0.062500 0.062500
vt 0.062500 0.500000
vt 0.078125 1.000000
vt 0.062500 0.937500
vt 0.078125 0.000000
vt 0.062500 0.437500
vt 0.062500 0.875000
vt 0.031250 0.562500
vt 0.031250 0.125000
vt 0.031250 0.062500
vt 0.031250 0.500000
vt 0.046875 1.000000
vt 0.031250 0.937500
vt 0.046875 0.000000
vt 0.031250 0.437500
vt 0.031250 0.875000
vt 0.031250 0.375000
vt 0.031250 0.812500
vt 0.031250 0.312500
vt 0.031250 0.750000
vt 0.031250 0.250000
vt 0.031250 0.687500
vt 0.031250 0.187500
vt 0.031250 0.625000
vt 0.000000 0.312500
vt 0.000000 0.750000
vt 0.000000 0.250000
vt 0.000000 0.687500
vt 0.000000 0.187500
vt 0.000000 0.625000
vt 0.000000 0.125000
vt 0.000000 0.562500
vt 0.000000 0.062500
vt 0.000000 0.500000
vt 0.015625 1.000000
vt 0.000000 0.937500
vt 0.015625 0.000000
vt 0.000000 0.437500
vt 0.000000 0.875000
vt 0.000000 0.375000
vt 0.000000 0.812500
vt 1.000000 0.125000
vt 0.968750 0.062500
vt 1.000000 0.062500
vt 1.000000 0.500000
vt 0.968750 0.562500
vt 0.968750 0.500000
vt 1.000000 0.937500
vt 0.984375 1.000000
vt 0.968750 0.937500
vt 0.984375 0.000000
vt 0.968750 0.437500
vt 1.000000 0.437500
vt 0.968750 0.875000
vt 1.000000 0.875000
vt 0.968750 0.375000
vt 1.000000 0.375000
vt 0.968750 0.812500
vt 1.000000 0.812500
vt 0.968750 0.312500
vt 1.000000 0.312500
vt 0.968750 0.750000
vt 1.000000 0.750000
vt 0.968750 0.250000
vt 1.000000 0.250000
vt 0.968750 0.687500
vt 1.000000 0.687500
vt 0.968750 0.187500
vt 1.000000 0.187500
vt 1.000000 0.625000
vt 0.968750 0.625000
vt 0.968750 0.125000
vt 1.000000 0.562500
vt 0.937500 0.250000
vt 0.937500 0.750000
vt 0.937500 0.687500
vt 0.937500 0.187500
vt 0.937500 0.625000
vt 0.937500 0.125000
vt 0.937500 0.562500
vt 0.937500 0.062500
vt 0.937500 0.500000
vt 0.953125 1.000000
vt 0.937500 0.937500
vt 0.953125 0.000000
vt 0.937500 0.437500
vt 0.937500 0.875000
vt 0.937500 0.375000
vt 0.937500 0.812500
vt 0.937500 0.312500
vt 0.921875 1.000000
vt 0.906250 0.937500
vt 0.921875 0.000000
vt 0.906250 0.062500
vt 0.906250 0.437500
vt 0.906250 0.875000
vt 0.906250 0.375000
vt 0.906250 0.812500
vt 0.906250 0.312500
vt 0.906250 0.750000
vt 0.906250 0.250000
vt 0.906250 0.687500
vt 0.906250 0.187500
vt 0.906250 0.625000
vt 0.906250 0.125000
vt 0.906250 0.562500
vt 0.906250 0.500000
vt 0.875000 0.750000
vt 0.875000 0.687500
vt 0.875000 0.187500
vt 0.875000 0.625000
vt 0.875000 0.125000
vt 0.875000 0.562500
vt 0.875000 0.062500
vt 0.875000 0.500000
vt 0.890625 1.000000
vt 0.875000 0.937500
vt 0.890625 0.000000
vt 0.875000 0.437500
vt 0.875000 0.875000
vt 0.875000 0.375000
vt 0.875000 0.812500
vt 0.875000 0.312500
vt 0.875000 0.250000
vt 0.843750 0.437500
vt 0.843750 0.937500
vt 0.843750 0.875000
vt 0.843750 0.375000
vt 0.843750 0.812500
vt 0.843750 0.312500
vt 0.843750 0.750000
vt 0.843750 0.250000
vt 0.843750 0.687500
vt 0.843750 0.187500
vt 0.843750 0.625000
vt 0.843750 0.125000
vt 0.843750 0.562500
vt 0.843750 0.062500
vt 0.843750 0.500000
vt 0.859375 1.000000
vt 0.859375 0.000000
vt 0.812500 0.250000
vt 0.812500 0.187500
vt 0.812500 0.625000
vt 0.812500 0.125000
vt 0.812500 0.562500
vt 0.812500 0.062500
vt 0.812500 0.500000
vt 0.828125 1.000000
vt 0.812500 0.937500
vt 0.828125 0.000000
vt 0.812500 0.437500
vt 0.812500 0.875000
vt 0.812500 0.375000
vt 0.812500 0.812500
vt 0.812500 0.312500
vt 0.812500 0.750000
vt 0.812500 0.687500
vt 0.781250 0.937500
vt 0.781250 0.875000
vt 0.781250 0.375000
vt 0.781250 0.812500
vt 0.781250 0.312500
vt 0.781250 0.750000
vt 0.781250 0.250000
vt 0.781250 0.687500
vt 0.781250 0.187500
vt 0.781250 0.625000
vt 0.781250 0.125000
vt 0.781250 0.562500
vt 0.781250 0.062500
vt 0.781250 0.500000
vt 0.796875 1.000000
vt 0.796875 0.000000
vt 0.781250 0.437500
vt 0.765625 1.000000
vt 0.765625 0.000000
vt 1.000000 1.000000
vt 0.968750 0.500000
vt 0.968750 1.000000
vt 0.937500 0.500000
vt 0.937500 1.000000
vt 0.906250 0.500000
vt 0.906250 1.000000
vt 0.875000 0.500000
vt 0.875000 1.000000
vt 0.843750 0.500000
vt 0.843750 1.000000
vt 0.812500 0.500000
vt 0.812500 1.000000
vt 0.781250 0.500000
vt 0.781250 1.000000
vt 0.750000 1.000000
vt 0.718750 1.000000
vt 0.687500 1.000000
vt 0.656250 1.000000
vt 0.625000 1.000000
vt 0.593750 1.000000
vt 0.562500 1.000000
vt 0.531250 1.000000
vt 0.500000 0.500000
vt 0.500000 1.000000
vt 0.468750 0.500000
vt 0.468750 1.000000
vt 0.437500 0.500000
vt 0.437500 1.000000
vt 0.406250 0.500000
vt 0.406250 1.000000
vt 0.375000 0.500000
vt 0.375000 1.000000
vt 0.343750 0.500000
vt 0.343750 1.000000
vt 0.312500 0.500000
vt 0.312500 1.000000
vt 0.281250 0.500000
vt 0.281250 1.000000
vt 0.250000 0.500000
vt 0.250000 1.000000
vt 0.218750 0.500000
vt 0.218750 1.000000
vt 0.187500 0.500000
vt 0.187500 1.000000
vt 0.156250 0.500000
vt 0.156250 1.000000
vt 0.125000 0.500000
vt 0.125000 1.000000
vt 0.093750 0.500000
vt 0.093750 1.000000
vt 0.062500 0.500000
vt 0.158156 0.028269
vt 0.471731 0.158156
vt 0.341844 0.471731
vt 0.062500 1.000000
vt 0.031250 0.500000
vt 0.031250 1.000000
vt 0.796822 0.014612
vt 0.514612 0.203178
vt 0.703178 0.485388
vt 0.296822 0.485388
vt 0.250000 0.490000
vt 0.203178 0.485388
vt 0.158156 0.471731
vt 0.116663 0.449553
vt 0.080294 0.419706
vt 0.050447 0.383337
vt 0.028269 0.341844
vt 0.014612 0.296822
vt 0.010000 0.250000
vt 0.014612 0.203178
vt 0.028269 0.158156
vt 0.050447 0.116663
vt 0.080294 0.080294
vt 0.116663 0.050447
vt 0.203178 0.014612
vt 0.250000 0.010000
vt 0.296822 0.014612
vt 0.341844 0.028269
vt 0.383337 0.050447
vt 0.419706 0.080294
vt 0.449553 0.116663
vt 0.485388 0.203178
vt 0.490000 0.250000
vt 0.485388 0.296822
vt 0.471731 0.341844
vt 0.449553 0.383337
vt 0.419706 0.419706
vt 0.383337 0.449553
vt 0.000000 1.000000
vt 0.750000 0.490000
vt 0.796822 0.485388
vt 0.841844 0.471731
vt 0.883337 0.449553
vt 0.919706 0.419706
vt 0.949553 0.383337
vt 0.971731 0.341844
vt 0.985388 0.296822
vt 0.990000 0.250000
vt 0.985388 0.203178
vt 0.971731 0.158156
vt 0.949553 0.116663
vt 0.919706 0.080294
vt 0.883337 0.050447
vt 0.841844 0.028269
vt 0.750000 0.010000
vt 0.703178 0.014612
vt 0.658156 0.028269
vt 0.616663 0.050447
vt 0.580294 0.080294
vt 0.550447 0.116663
vt 0.528269 0.158156
vt 0.510000 0.250000
vt 0.514612 0.296822
vt 0.528269 0.341844
vt 0.550447 0.383337
vt 0.580294 0.419706
vt 0.616663 0.449553
vt 0.658156 0.471731
s 0
usemtl Material
f 1697/713/1102 1237/714/1102 1698/715/1102
f 1695/716/1103 1229/717/1103 1230/718/1103
f 1698/715/1104 1238/719/1104 1699/720/1104
f 1695/716/1105 1231/721/1105 1221/722/1105
f 1699/720/1106 1239/723/1106 1700/724/1106
f 1222/725/1107 1231/721/1107 1232/726/1107
f 1692/727/1108 1300/728/1108 1225/729/1108
f 1526/730/1109 1700/724/1109 1239/723/1109
f 1222/725/1110 1233/731/1110 1223/732/1110
f 1693/733/1111 1225/729/1111 1226/734/1111
f 1696/735/1112 1233/731/1112 1234/736/1112
f 1219/737/1113 1226/734/1113 1227/738/1113
f 1696/735/1114 1235/739/1114 1224/740/1114
f 1694/741/1115 1227/738/1115 1228/742/1115
f 1697/713/1116 1235/739/1116 1236/743/1116
f 1694/741/1117 1229/717/1117 1220/744/1117
f 1235/739/1118 1251/745/1118 1236/743/1118
f 1228/742/1119 1244/746/1119 1229/717/1119
f 1237/714/1120 1251/745/1120 1252/747/1120
f 1229/717/1121 1245/748/1121 1230/718/1121
f 1238/719/1122 1252/747/1122 1253/749/1122
f 1230/718/1123 1246/750/1123 1231/721/1123
f 1239/723/1124 1253/749/1124 1254/751/1124
f 1231/721/1125 1247/752/1125 1232/726/1125
f 1225/729/1126 1300/753/1126 1240/754/1126
f 1526/755/1127 1239/723/1127 1254/751/1127
f 1233/731/1128 1247/752/1128 1248/756/1128
f 1225/729/1129 1241/757/1129 1226/734/1129
f 1234/736/1130 1248/756/1130 1249/758/1130
f 1226/734/1131 1242/759/1131 1227/738/1131
f 1235/739/1132 1249/758/1132 1250/760/1132
f 1227/738/1133 1243/761/1133 1228/742/1133
f 1240/754/1134 1300/762/1134 1255/763/1134
f 1526/764/1135 1254/751/1135 1269/765/1135
f 1247/752/1136 1263/766/1136 1248/756/1136
f 1241/757/1137 1255/763/1137 1256/767/1137
f 1248/756/1138 1264/768/1138 1249/758/1138
f 1241/757/1139 1257/769/1139 1242/759/1139
f 1250/760/1140 1264/768/1140 1265/770/1140
f 1243/761/1141 1257/769/1141 1258/771/1141
f 1250/760/1142 1266/772/1142 1251/745/1142
f 1244/746/1143 1258/771/1143 1259/773/1143
f 1251/745/1144 1267/774/1144 1252/747/1144
f 1244/746/1145 1260/775/1145 1245/748/1145
f 1252/747/1146 1268/776/1146 1253/749/1146
f 1245/748/1147 1261/777/1147 1246/750/1147
f 1253/749/1148 1269/765/1148 1254/751/1148
f 1246/750/1149 1262/778/1149 1247/752/1149
f 1259/773/1150 1273/779/1150 1274/780/1150
f 1266/772/1151 1282/781/1151 1267/774/1151
f 1260/775/1152 1274/780/1152 1275/782/1152
f 1268/776/1153 1282/781/1153 1283/783/1153
f 1260/775/1154 1276/784/1154 1261/777/1154
f 1269/765/1155 1283/783/1155 1284/785/1155
f 1261/777/1156 1277/786/1156 1262/778/1156
f 1255/763/1157 1300/787/1157 1270/788/1157
f 1526/789/1158 1269/765/1158 1284/785/1158
f 1262/778/1159 1278/790/1159 1263/766/1159
f 1255/763/1160 1271/791/1160 1256/767/1160
f 1263/766/1161 1279/792/1161 1264/768/1161
f 1256/767/1162 1272/793/1162 1257/769/1162
f 1264/768/1163 1280/794/1163 1265/770/1163
f 1257/769/1164 1273/779/1164 1258/771/1164
f 1266/772/1165 1280/794/1165 1281/795/1165
f 1277/786/1166 1293/796/1166 1278/790/1166
f 1271/791/1167 1285/797/1167 1286/798/1167
f 1279/792/1168 1293/796/1168 1294/799/1168
f 1271/791/1169 1287/800/1169 1272/793/1169
f 1280/794/1170 1294/799/1170 1295/801/1170
f 1272/793/1171 1288/802/1171 1273/779/1171
f 1280/794/1172 1296/803/1172 1281/795/1172
f 1273/779/1173 1289/804/1173 1274/780/1173
f 1282/781/1174 1296/803/1174 1297/805/1174
f 1274/780/1175 1290/806/1175 1275/782/1175
f 1283/783/1176 1297/805/1176 1298/807/1176
f 1276/784/1177 1290/806/1177 1291/808/1177
f 1283/783/1178 1299/809/1178 1284/785/1178
f 1277/786/1179 1291/808/1179 1292/810/1179
f 1270/788/1180 1300/811/1180 1285/797/1180
f 1526/812/1181 1284/785/1181 1299/809/1181
f 1297/805/1182 1312/813/1182 1313/814/1182
f 1290/806/1183 1305/815/1183 1306/816/1183
f 1297/805/1184 1314/817/1184 1298/807/1184
f 1291/808/1185 1306/816/1185 1307/818/1185
f 1298/807/1186 1315/819/1186 1299/809/1186
f 1291/808/1187 1308/820/1187 1292/810/1187
f 1285/797/1188 1300/821/1188 1301/822/1188
f 1526/823/1189 1299/809/1189 1315/819/1189
f 1292/810/1190 1309/824/1190 1293/796/1190
f 1286/798/1191 1301/822/1191 1302/825/1191
f 1293/796/1192 1310/826/1192 1294/799/1192
f 1286/798/1193 1303/827/1193 1287/800/1193
f 1294/799/1194 1311/828/1194 1295/801/1194
f 1287/800/1195 1304/829/1195 1288/802/1195
f 1296/803/1196 1311/828/1196 1312/813/1196
f 1288/802/1197 1305/815/1197 1289/804/1197
f 1309/824/1198 1325/830/1198 1310/826/1198
f 1302/825/1199 1318/831/1199 1303/827/1199
f 1311/828/1200 1325/830/1200 1326/832/1200
f 1304/829/1201 1318/831/1201 1319/833/1201
f 1311/828/1202 1327/834/1202 1312/813/1202
f 1305/815/1203 1319/833/1203 1320/835/1203
f 1313/814/1204 1327/834/1204 1328/836/1204
f 1305/815/1205 1321/837/1205 1306/816/1205
f 1313/814/1206 1329/838/1206 1314/817/1206
f 1307/818/1207 1321/837/1207 1322/839/1207
f 1315/819/1208 1329/838/1208 1330/840/1208
f 1307/818/1209 1323/841/1209 1308/820/1209
f 1301/822/1210 1300/842/1210 1316/843/1210
f 1526/844/1211 1315/819/1211 1330/840/1211
f 1309/824/1212 1323/841/1212 1324/845/1212
f 1301/822/1213 1317/846/1213 1302/825/1213
f 1329/838/1214 1343/847/1214 1344/848/1214
f 1321/837/1215 1337/849/1215 1322/839/1215
f 1329/838/1216 1345/850/1216 1330/840/1216
f 1323/841/1217 1337/849/1217 1338/851/1217
f 1316/843/1218 1300/852/1218 1331/853/1218
f 1526/854/1219 1330/840/1219 1345/850/1219
f 1323/841/1220 1339/855/1220 1324/845/1220
f 1316/843/1221 1332/856/1221 1317/846/1221
f 1324/845/1222 1340/857/1222 1325/830/1222
f 1318/831/1223 1332/856/1223 1333/858/1223
f 1326/832/1224 1340/857/1224 1341/859/1224
f 1318/831/1225 1334/860/1225 1319/833/1225
f 1326/832/1226 1342/861/1226 1327/834/1226
f 1319/833/1227 1335/862/1227 1320/835/1227
f 1328/836/1228 1342/861/1228 1343/847/1228
f 1320/835/1229 1336/863/1229 1321/837/1229
f 1333/858/1230 1347/864/1230 1348/865/1230
f 1341/859/1231 1355/866/1231 1356/867/1231
f 1333/858/1232 1349/868/1232 1334/860/1232
f 1341/859/1233 1357/869/1233 1342/861/1233
f 1334/860/1234 1350/870/1234 1335/862/1234
f 1343/847/1235 1357/869/1235 1358/871/1235
f 1335/862/1236 1351/872/1236 1336/863/1236
f 1343/847/1237 1359/873/1237 1344/848/1237
f 1337/849/1238 1351/872/1238 1352/874/1238
f 1344/848/1239 1360/875/1239 1345/850/1239
f 1337/849/1240 1353/876/1240 1338/851/1240
f 1331/853/1241 1300/877/1241 1346/878/1241
f 1526/879/1242 1345/850/1242 1360/875/1242
f 1339/855/1243 1353/876/1243 1354/880/1243
f 1332/856/1244 1346/878/1244 1347/864/1244
f 1339/855/1245 1355/866/1245 1340/857/1245
f 1351/872/1246 1367/881/1246 1352/874/1246
f 1359/873/1247 1375/882/1247 1360/875/1247
f 1353/876/1248 1367/881/1248 1368/883/1248
f 1346/878/1249 1300/884/1249 1361/885/1249
f 1526/886/1250 1360/875/1250 1375/882/1250
f 1353/876/1251 1369/887/1251 1354/880/1251
f 1347/864/1252 1361/885/1252 1362/888/1252
f 1354/880/1253 1370/889/1253 1355/866/1253
f 1347/864/1254 1363/890/1254 1348/865/1254
f 1356/867/1255 1370/889/1255 1371/891/1255
f 1348/865/1256 1364/892/1256 1349/868/1256
f 1356/867/1257 1372/893/1257 1357/869/1257
f 1350/870/1258 1364/892/1258 1365/894/1258
f 1357/869/1259 1373/895/1259 1358/871/1259
f 1350/870/1260 1366/896/1260 1351/872/1260
f 1359/873/1261 1373/895/1261 1374/897/1261
f 1371/891/1262 1385/898/1262 1386/899/1262
f 1364/892/1263 1378/900/1263 1379/901/1263
f 1371/891/1264 1387/902/1264 1372/893/1264
f 1365/894/1265 1379/901/1265 1380/903/1265
f 1372/893/1266 1388/904/1266 1373/895/1266
f 1365/894/1267 1381/905/1267 1366/896/1267
f 1373/895/1268 1389/906/1268 1374/897/1268
f 1367/881/1269 1381/905/1269 1382/907/1269
f 1374/897/1270 1390/908/1270 1375/882/1270
f 1367/881/1271 1383/909/1271 1368/883/1271
f 1361/885/1272 1300/910/1272 1376/911/1272
f 1526/912/1273 1375/882/1273 1390/908/1273
f 1368/883/1274 1384/913/1274 1369/887/1274
f 1362/888/1275 1376/911/1275 1377/914/1275
f 1369/887/1276 1385/898/1276 1370/889/1276
f 1362/888/1277 1378/900/1277 1363/890/1277
f 1390/908/1278 1404/915/1278 1405/916/1278
f 1383/909/1279 1397/917/1279 1398/918/1279
f 1376/911/1280 1300/919/1280 1391/920/1280
f 1526/921/1281 1390/908/1281 1405/916/1281
f 1383/909/1282 1399/922/1282 1384/913/1282
f 1376/911/1283 1392/923/1283 1377/914/1283
f 1384/913/1284 1400/924/1284 1385/898/1284
f 1378/900/1285 1392/923/1285 1393/925/1285
f 1386/899/1286 1400/924/1286 1401/926/1286
f 1379/901/1287 1393/925/1287 1394/927/1287
f 1386/899/1288 1402/928/1288 1387/902/1288
f 1380/903/1289 1394/927/1289 1395/929/1289
f 1387/902/1290 1403/930/1290 1388/904/1290
f 1380/903/1291 1396/931/1291 1381/905/1291
f 1388/904/1292 1404/915/1292 1389/906/1292
f 1382/907/1293 1396/931/1293 1397/917/1293
f 1393/925/1294 1409/932/1294 1394/927/1294
f 1402/928/1295 1416/933/1295 1417/934/1295
f 1394/927/1296 1410/935/1296 1395/929/1296
f 1403/930/1297 1417/934/1297 1418/936/1297
f 1395/929/1298 1411/937/1298 1396/931/1298
f 1403/930/1299 1419/938/1299 1404/915/1299
f 1396/931/1300 1412/939/1300 1397/917/1300
f 1404/915/1301 1420/940/1301 1405/916/1301
f 1398/918/1302 1412/939/1302 1413/941/1302
f 1391/920/1303 1300/942/1303 1406/943/1303
f 1526/944/1304 1405/916/1304 1420/940/1304
f 1398/918/1305 1414/945/1305 1399/922/1305
f 1392/923/1306 1406/943/1306 1407/946/1306
f 1399/922/1307 1415/947/1307 1400/924/1307
f 1393/925/1308 1407/946/1308 1408/948/1308
f 1401/926/1309 1415/947/1309 1416/933/1309
f 1413/941/1310 1427/949/1310 1428/950/1310
f 1406/943/1311 1300/951/1311 1421/952/1311
f 1526/953/1312 1420/940/1312 1435/954/1312
f 1413/941/1313 1429/955/1313 1414/945/1313
f 1406/943/1314 1422/956/1314 1407/946/1314
f 1414/945/1315 1430/957/1315 1415/947/1315
f 1407/946/1316 1423/958/1316 1408/948/1316
f 1416/933/1317 1430/957/1317 1431/959/1317
f 1408/948/1318 1424/960/1318 1409/932/1318
f 1417/934/1319 1431/959/1319 1432/961/1319
f 1410/935/1320 1424/960/1320 1425/962/1320
f 1418/936/1321 1432/961/1321 1433/963/1321
f 1411/937/1322 1425/962/1322 1426/964/1322
f 1418/936/1323 1434/965/1323 1419/938/1323
f 1412/939/1324 1426/964/1324 1427/949/1324
f 1420/940/1325 1434/965/1325 1435/954/1325
f 1431/959/1326 1447/966/1326 1432/961/1326
f 1425/962/1327 1439/967/1327 1440/968/1327
f 1433/963/1328 1447/966/1328 1448/969/1328
f 1425/962/1329 1441/970/1329 1426/964/1329
f 1434/965/1330 1448/969/1330 1449/971/1330
f 1427/949/1331 1441/970/1331 1442/972/1331
f 1434/965/1332 1450/973/1332 1435/954/1332
f 1428/950/1333 1442/972/1333 1443/974/1333
f 1421/952/1334 1300/975/1334 1436/976/1334
f 1526/977/1335 1435/954/1335 1450/973/1335
f 1428/950/1336 1444/978/1336 1429/955/1336
f 1422/956/1337 1436/976/1337 1437/979/1337
f 1429/955/1338 1445/980/1338 1430/957/1338
f 1422/956/1339 1438/981/1339 1423/958/1339
f 1430/957/1340 1446/982/1340 1431/959/1340
f 1423/958/1341 1439/967/1341 1424/960/1341
f 1526/983/1342 1450/973/1342 1465/984/1342
f 1443/974/1343 1459/985/1343 1444/978/1343
f 1437/979/1344 1451/986/1344 1452/987/1344
f 1444/978/1345 1460/988/1345 1445/980/1345
f 1438/981/1346 1452/987/1346 1453/989/1346
f 1446/982/1347 1460/988/1347 1461/990/1347
f 1438/981/1348 1454/991/1348 1439/967/1348
f 1447/966/1349 1461/990/1349 1462/992/1349
f 1440/968/1350 1454/991/1350 1455/993/1350
f 1447/966/1351 1463/994/1351 1448/969/1351
f 1440/968/1352 1456/995/1352 1441/970/1352
f 1448/969/1353 1464/996/1353 1449/971/1353
f 1442/972/1354 1456/995/1354 1457/997/1354
f 1449/971/1355 1465/984/1355 1450/973/1355
f 1443/974/1356 1457/997/1356 1458/998/1356
f 1436/976/1357 1300/999/1357 1451/986/1357
f 1463/994/1358 1477/1000/1358 1478/1001/1358
f 1455/993/1359 1471/1002/1359 1456/995/1359
f 1464/996/1360 1478/1001/1360 1479/1003/1360
f 1457/997/1361 1471/1002/1361 1472/1004/1361
f 1465/984/1362 1479/1003/1362 1480/1005/1362
f 1458/998/1363 1472/1004/1363 1473/1006/1363
f 1451/986/1364 1300/1007/1364 1466/1008/1364
f 1526/1009/1365 1465/984/1365 1480/1005/1365
f 1458/998/1366 1474/1010/1366 1459/985/1366
f 1451/986/1367 1467/1011/1367 1452/987/1367
f 1459/985/1368 1475/1012/1368 1460/988/1368
f 1452/987/1369 1468/1013/1369 1453/989/1369
f 1461/990/1370 1475/1012/1370 1476/1014/1370
f 1453/989/1371 1469/1015/1371 1454/991/1371
f 1461/990/1372 1477/1000/1372 1462/992/1372
f 1455/993/1373 1469/1015/1373 1470/1016/1373
f 1466/1008/1374 1482/1017/1374 1467/1011/1374
f 1474/1010/1375 1490/1018/1375 1475/1012/1375
f 1468/1013/1376 1482/1017/1376 1483/1019/1376
f 1476/1014/1377 1490/1018/1377 1491/1020/1377
f 1469/1015/1378 1483/1019/1378 1484/1021/1378
f 1477/1000/1379 1491/1020/1379 1492/1022/1379
f 1469/1015/1380 1485/1023/1380 1470/1016/1380
f 1477/1000/1381 1493/1024/1381 1478/1001/1381
f 1470/1016/1382 1486/1025/1382 1471/1002/1382
f 1478/1001/1383 1494/1026/1383 1479/1003/1383
f 1472/1004/1384 1486/1025/1384 1487/1027/1384
f 1480/1005/1385 1494/1026/1385 1495/1028/1385
f 1473/1006/1386 1487/1027/1386 1488/1029/1386
f 1466/1008/1387 1300/1030/1387 1481/1031/1387
f 1526/1032/1388 1480/1005/1388 1495/1028/1388
f 1473/1006/1389 1489/1033/1389 1474/1010/1389
f 1485/1023/1390 1501/1034/1390 1486/1025/1390
f 1493/1024/1391 1509/1035/1391 1494/1026/1391
f 1487/1027/1392 1501/1034/1392 1502/1036/1392
f 1494/1026/1393 1510/1037/1393 1495/1028/1393
f 1487/1027/1394 1503/1038/1394 1488/1029/1394
f 1481/1031/1395 1300/1039/1395 1496/1040/1395
f 1526/1041/1396 1495/1028/1396 1510/1037/1396
f 1488/1029/1397 1504/1042/1397 1489/1033/1397
f 1481/1031/1398 1497/1043/1398 1482/1017/1398
f 1489/1033/1399 1505/1044/1399 1490/1018/1399
f 1483/1019/1400 1497/1043/1400 1498/1045/1400
f 1490/1018/1401 1506/1046/1401 1491/1020/1401
f 1484/1021/1402 1498/1045/1402 1499/1047/1402
f 1491/1020/1403 1507/1048/1403 1492/1022/1403
f 1485/1023/1404 1499/1047/1404 1500/1049/1404
f 1493/1024/1405 1507/1048/1405 1508/1050/1405
f 1504/1042/1406 1520/1051/1406 1505/1044/1406
f 1498/1045/1407 1512/1052/1407 1513/1053/1407
f 1506/1046/1408 1520/1051/1408 1521/1054/1408
f 1498/1045/1409 1514/1055/1409 1499/1047/1409
f 1506/1046/1410 1522/1056/1410 1507/1048/1410
f 1500/1049/1411 1514/1055/1411 1515/1057/1411
f 1508/1050/1412 1522/1056/1412 1523/1058/1412
f 1500/1049/1413 1516/1059/1413 1501/1034/1413
f 1508/1050/1414 1524/1060/1414 1509/1035/1414
f 1502/1036/1415 1516/1059/1415 1517/1061/1415
f 1509/1035/1416 1525/1062/1416 1510/1037/1416
f 1502/1036/1417 1518/1063/1417 1503/1038/1417
f 1496/1040/1418 1300/1064/1418 1511/1065/1418
f 1526/1066/1419 1510/1037/1419 1525/1062/1419
f 1503/1038/1420 1519/1067/1420 1504/1042/1420
f 1496/1040/1421 1512/1052/1421 1497/1043/1421
f 1523/1058/1422 1540/1068/1422 1524/1060/1422
f 1517/1061/1423 1532/1069/1423 1533/1070/1423
f 1525/1062/1424 1540/1068/1424 1541/1071/1424
f 1517/1061/1425 1534/1072/1425 1518/1063/1425
f 1511/1065/1426 1300/1073/1426 1527/1074/1426
f 1526/1075/1427 1525/1062/1427 1541/1071/1427
f 1518/1063/1428 1535/1076/1428 1519/1067/1428
f 1511/1065/1429 1528/1077/1429 1512/1052/1429
f 1519/1067/1430 1536/1078/1430 1520/1051/1430
f 1513/1053/1431 1528/1077/1431 1529/1079/1431
f 1521/1054/1432 1536/1078/1432 1537/1080/1432
f 1513/1053/1433 1530/1081/1433 1514/1055/1433
f 1521/1054/1434 1538/1082/1434 1522/1056/1434
f 1515/1057/1435 1530/1081/1435 1531/1083/1435
f 1523/1058/1436 1538/1082/1436 1539/1084/1436
f 1515/1057/1437 1532/1069/1437 1516/1059/1437
f 1528/1077/1438 1544/1085/1438 1529/1079/1438
f 1537/1080/1439 1551/1086/1439 1552/1087/1439
f 1529/1079/1440 1545/1088/1440 1530/1081/1440
f 1538/1082/1441 1552/1087/1441 1553/1089/1441
f 1531/1083/1442 1545/1088/1442 1546/1090/1442
f 1539/1084/1443 1553/1089/1443 1554/1091/1443
f 1531/1083/1444 1547/1092/1444 1532/1069/1444
f 1539/1084/1445 1555/1093/1445 1540/1068/1445
f 1533/1070/1446 1547/1092/1446 1548/1094/1446
f 1540/1068/1447 1556/1095/1447 1541/1071/1447
f 1533/1070/1448 1549/1096/1448 1534/1072/1448
f 1527/1074/1449 1300/1097/1449 1542/1098/1449
f 1526/1099/1450 1541/1071/1450 1556/1095/1450
f 1534/1072/1451 1550/1100/1451 1535/1076/1451
f 1528/1077/1452 1542/1098/1452 1543/1101/1452
f 1535/1076/1453 1551/1086/1453 1536/1078/1453
f 1547/1092/1454 1563/1102/1454 1548/1094/1454
f 1556/1095/1455 1570/1103/1455 1571/1104/1455
f 1548/1094/1456 1564/1105/1456 1549/1096/1456
f 1542/1098/1457 1300/1106/1457 1557/1107/1457
f 1526/1108/1458 1556/1095/1458 1571/1104/1458
f 1549/1096/1459 1565/1109/1459 1550/1100/1459
f 1542/1098/1460 1558/1110/1460 1543/1101/1460
f 1550/1100/1461 1566/1111/1461 1551/1086/1461
f 1544/1085/1462 1558/1110/1462 1559/1112/1462
f 1552/1087/1463 1566/1111/1463 1567/1113/1463
f 1544/1085/1464 1560/1114/1464 1545/1088/1464
f 1552/1087/1465 1568/1115/1465 1553/1089/1465
f 1546/1090/1466 1560/1114/1466 1561/1116/1466
f 1554/1091/1467 1568/1115/1467 1569/1117/1467
f 1546/1090/1468 1562/1118/1468 1547/1092/1468
f 1554/1091/1469 1570/1103/1469 1555/1093/1469
f 1566/1111/1470 1582/1119/1470 1567/1113/1470
f 1559/1112/1471 1575/1120/1471 1560/1114/1471
f 1567/1113/1472 1583/1121/1472 1568/1115/1472
f 1561/1116/1473 1575/1120/1473 1576/1122/1473
f 1569/1117/1474 1583/1121/1474 1584/1123/1474
f 1562/1118/1475 1576/1122/1475 1577/1124/1475
f 1569/1117/1476 1585/1125/1476 1570/1103/1476
f 1563/1102/1477 1577/1124/1477 1578/1126/1477
f 1571/1104/1478 1585/1125/1478 1586/1127/1478
f 1563/1102/1479 1579/1128/1479 1564/1105/1479
f 1557/1107/1480 1300/1129/1480 1572/1130/1480
f 1526/1131/1481 1571/1104/1481 1586/1127/1481
f 1564/1105/1482 1580/1132/1482 1565/1109/1482
f 1557/1107/1483 1573/1133/1483 1558/1110/1483
f 1565/1109/1484 1581/1134/1484 1566/1111/1484
f 1558/1110/1485 1574/1135/1485 1559/1112/1485
f 1585/1136/1486 1601/1137/1486 1586/1138/1486
f 1579/1139/1487 1593/1140/1487 1594/1141/1487
f 1572/1142/1488 1300/1143/1488 1587/1144/1488
f 1526/1145/1489 1586/1138/1489 1601/1137/1489
f 1579/1139/1490 1595/1146/1490 1580/1147/1490
f 1572/1142/1491 1588/1148/1491 1573/1149/1491
f 1580/1147/1492 1596/1150/1492 1581/1151/1492
f 1573/1149/1493 1589/1152/1493 1574/1153/1493
f 1581/1151/1494 1597/1154/1494 1582/1155/1494
f 1574/1153/1495 1590/1156/1495 1575/1157/1495
f 1582/1155/1496 1598/1158/1496 1583/1159/1496
f 1575/1157/1497 1591/1160/1497 1576/1161/1497
f 1583/1159/1498 1599/1162/1498 1584/1163/1498
f 1577/1164/1499 1591/1160/1499 1592/1165/1499
f 1584/1163/1500 1600/1166/1500 1585/1136/1500
f 1578/1167/1501 1592/1165/1501 1593/1140/1501
f 1597/1154/1502 1613/1168/1502 1598/1158/1502
f 1591/1160/1503 1605/1169/1503 1606/1170/1503
f 1599/1162/1504 1613/1168/1504 1614/1171/1504
f 1591/1160/1505 1607/1172/1505 1592/1165/1505
f 1600/1166/1506 1614/1171/1506 1615/1173/1506
f 1593/1140/1507 1607/1172/1507 1608/1174/1507
f 1600/1166/1508 1616/1175/1508 1601/1137/1508
f 1594/1141/1509 1608/1174/1509 1609/1176/1509
f 1587/1144/1510 1300/1177/1510 1602/1178/1510
f 1526/1179/1511 1601/1137/1511 1616/1175/1511
f 1594/1141/1512 1610/1180/1512 1595/1146/1512
f 1587/1144/1513 1603/1181/1513 1588/1148/1513
f 1595/1146/1514 1611/1182/1514 1596/1150/1514
f 1588/1148/1515 1604/1183/1515 1589/1152/1515
f 1597/1154/1516 1611/1182/1516 1612/1184/1516
f 1589/1152/1517 1605/1169/1517 1590/1156/1517
f 1602/1178/1518 1300/1185/1518 1617/1186/1518
f 1526/1187/1519 1616/1175/1519 1631/1188/1519
f 1609/1176/1520 1625/1189/1520 1610/1180/1520
f 1602/1178/1521 1618/1190/1521 1603/1181/1521
f 1610/1180/1522 1626/1191/1522 1611/1182/1522
f 1604/1183/1523 1618/1190/1523 1619/1192/1523
f 1612/1184/1524 1626/1191/1524 1627/1193/1524
f 1604/1183/1525 1620/1194/1525 1605/1169/1525
f 1612/1184/1526 1628/1195/1526 1613/1168/1526
f 1606/1170/1527 1620/1194/1527 1621/1196/1527
f 1613/1168/1528 1629/1197/1528 1614/1171/1528
f 1606/1170/1529 1622/1198/1529 1607/1172/1529
f 1615/1173/1530 1629/1197/1530 1630/1199/1530
f 1607/1172/1531 1623/1200/1531 1608/1174/1531
f 1615/1173/1532 1631/1188/1532 1616/1175/1532
f 1608/1174/1533 1624/1201/1533 1609/1176/1533
f 1621/1196/1534 1635/1202/1534 1636/1203/1534
f 1628/1195/1535 1644/1204/1535 1629/1197/1535
f 1621/1196/1536 1637/1205/1536 1622/1198/1536
f 1629/1197/1537 1645/1206/1537 1630/1199/1537
f 1623/1200/1538 1637/1205/1538 1638/1207/1538
f 1631/1188/1539 1645/1206/1539 1646/1208/1539
f 1624/1201/1540 1638/1207/1540 1639/1209/1540
f 1617/1186/1541 1300/1210/1541 1632/1211/1541
f 1526/1212/1542 1631/1188/1542 1646/1208/1542
f 1624/1201/1543 1640/1213/1543 1625/1189/1543
f 1617/1186/1544 1633/1214/1544 1618/1190/1544
f 1625/1189/1545 1641/1215/1545 1626/1191/1545
f 1619/1192/1546 1633/1214/1546 1634/1216/1546
f 1627/1193/1547 1641/1215/1547 1642/1217/1547
f 1620/1194/1548 1634/1216/1548 1635/1202/1548
f 1628/1195/1549 1642/1217/1549 1643/1218/1549
f 1639/1209/1550 1655/1219/1550 1640/1213/1550
f 1633/1214/1551 1647/1220/1551 1648/1221/1551
f 1641/1215/1552 1655/1219/1552 1656/1222/1552
f 1634/1216/1553 1648/1221/1553 1649/1223/1553
f 1642/1217/1554 1656/1222/1554 1657/1224/1554
f 1635/1202/1555 1649/1223/1555 1650/1225/1555
f 1643/1218/1556 1657/1224/1556 1658/1226/1556
f 1635/1202/1557 1651/1227/1557 1636/1203/1557
f 1643/1218/1558 1659/1228/1558 1644/1204/1558
f 1636/1203/1559 1652/1229/1559 1637/1205/1559
f 1644/1204/1560 1660/1230/1560 1645/1206/1560
f 1638/1207/1561 1652/1229/1561 1653/1231/1561
f 1645/1206/1562 1661/1232/1562 1646/1208/1562
f 1639/1209/1563 1653/1231/1563 1654/1233/1563
f 1632/1211/1564 1300/1234/1564 1647/1220/1564
f 1526/1235/1565 1646/1208/1565 1661/1232/1565
f 1659/1228/1566 1673/1236/1566 1674/1237/1566
f 1651/1227/1567 1667/1238/1567 1652/1229/1567
f 1659/1228/1568 1675/1239/1568 1660/1230/1568
f 1653/1231/1569 1667/1238/1569 1668/1240/1569
f 1660/1230/1570 1676/1241/1570 1661/1232/1570
f 1654/1233/1571 1668/1240/1571 1669/1242/1571
f 1647/1220/1572 1300/1243/1572 1662/1244/1572
f 1526/1245/1573 1661/1232/1573 1676/1241/1573
f 1654/1233/1574 1670/1246/1574 1655/1219/1574
f 1647/1220/1575 1663/1247/1575 1648/1221/1575
f 1655/1219/1576 1671/1248/1576 1656/1222/1576
f 1648/1221/1577 1664/1249/1577 1649/1223/1577
f 1657/1224/1578 1671/1248/1578 1672/1250/1578
f 1650/1225/1579 1664/1249/1579 1665/1251/1579
f 1657/1224/1580 1673/1236/1580 1658/1226/1580
f 1651/1227/1581 1665/1251/1581 1666/1252/1581
f 1663/1247/1582 1677/1253/1582 1678/1254/1582
f 1670/1246/1583 1686/1255/1583 1671/1248/1583
f 1663/1247/1584 1679/1256/1584 1664/1249/1584
f 1672/1250/1585 1686/1255/1585 1687/1257/1585
f 1664/1249/1586 1680/1258/1586 1665/1251/1586
f 1672/1250/1587 1688/1259/1587 1673/1236/1587
f 1666/1252/1588 1680/1258/1588 1681/1260/1588
f 1674/1237/1589 1688/1259/1589 1689/1261/1589
f 1666/1252/1590 1682/1262/1590 1667/1238/1590
f 1675/1239/1591 1689/1261/1591 1690/1263/1591
f 1668/1240/1592 1682/1262/1592 1683/1264/1592
f 1676/1241/1593 1690/1263/1593 1691/1265/1593
f 1669/1242/1594 1683/1264/1594 1684/1266/1594
f 1662/1244/1595 1300/1267/1595 1677/1253/1595
f 1526/1268/1596 1676/1241/1596 1691/1265/1596
f 1669/1242/1597 1685/1269/1597 1670/1246/1597
f 1682/1262/1598 1220/744/1598 1695/716/1598
f 1689/1261/1599 1699/720/1599 1690/1263/1599
f 1683/1264/1600 1695/716/1600 1221/722/1600
f 1690/1263/1601 1700/724/1601 1691/1265/1601
f 1684/1266/1602 1221/722/1602 1222/725/1602
f 1677/1253/1603 1300/1270/1603 1692/727/1603
f 1526/1271/1604 1691/1265/1604 1700/724/1604
f 1684/1266/1605 1223/732/1605 1685/1269/1605
f 1678/1254/1606 1692/727/1606 1693/733/1606
f 1685/1269/1607 1696/735/1607 1686/1255/1607
f 1679/1256/1608 1693/733/1608 1219/737/1608
f 1686/1255/1609 1224/740/1609 1687/1257/1609
f 1680/1258/1610 1219/737/1610 1694/741/1610
f 1687/1257/1611 1697/713/1611 1688/1259/1611
f 1681/1260/1612 1694/741/1612 1220/744/1612
f 1689/1261/1613 1697/713/1613 1698/715/1613
f 1702/1272/1614 1703/1273/1614 1701/1139/1614
f 1704/1274/1615 1705/1275/1615 1703/1273/1615
f 1706/1276/1616 1707/1277/1616 1705/1275/1616
f 1708/1278/1617 1709/1279/1617 1707/1277/1617
f 1710/1280/1618 1711/1281/1618 1709/1279/1618
f 1712/1282/1619 1713/1283/1619 1711/1281/1619
f 1714/1284/1620 1715/1285/1620 1713/1283/1620
f 1716/1286/1621 1717/725/1621 1715/1285/1621
f 1718/1287/1622 1719/726/1622 1717/725/1622
f 1720/1288/1623 1721/752/1623 1719/726/1623
f 1722/1289/1624 1723/778/1624 1721/752/1624
f 1724/1290/1625 1725/786/1625 1723/778/1625
f 1726/1291/1626 1727/810/1626 1725/786/1626
f 1728/1292/1627 1729/820/1627 1727/810/1627
f 1730/1293/1628 1731/841/1628 1729/820/1628
f 1732/1294/1629 1733/1295/1629 1731/841/1629
f 1734/1296/1630 1735/1297/1630 1733/1295/1630
f 1736/1298/1631 1737/1299/1631 1735/1297/1631
f 1738/1300/1632 1739/1301/1632 1737/1299/1632
f 1740/1302/1633 1741/1303/1633 1739/1301/1633
f 1742/1304/1634 1743/1305/1634 1741/1303/1634
f 1744/1306/1635 1745/1307/1635 1743/1305/1635
f 1746/1308/1636 1747/1309/1636 1745/1307/1636
f 1748/1310/1637 1749/1311/1637 1747/1309/1637
f 1750/1312/1638 1751/1313/1638 1749/1311/1638
f 1752/1314/1639 1753/1315/1639 1751/1313/1639
f 1754/1316/1640 1755/1317/1640 1753/1315/1640
f 1756/1318/1641 1757/1319/1641 1755/1317/1641
f 1758/1320/1642 1759/1321/1642 1757/1319/1642
f 1760/1322/1643 1761/1323/1643 1759/1321/1643
f 1738/1324/1644 1722/1325/1644 1706/1326/1644
f 1762/1327/1645 1763/1328/1645 1761/1323/1645
f 1764/1329/1646 1701/1128/1646 1763/1328/1646
f 1731/1330/1647 1747/1331/1647 1763/1332/1647
f 2243/713/1102 1783/714/1102 2244/715/1102
f 2241/716/1103 1775/717/1103 1776/718/1103
f 2244/715/1104 1784/719/1104 2245/720/1104
f 2241/716/1105 1777/721/1105 1767/722/1105
f 2245/720/1106 1785/723/1106 2246/724/1106
f 1768/725/1107 1777/721/1107 1778/726/1107
f 2238/727/1648 1846/728/1648 1771/729/1648
f 2072/730/1109 2246/724/1109 1785/723/1109
f 1768/725/1110 1779/731/1110 1769/732/1110
f 2239/733/1111 1771/729/1111 1772/734/1111
f 1769/732/1112 1780/736/1112 2242/735/1112
f 1765/737/1113 1772/734/1113 1773/738/1113
f 2242/735/1114 1781/739/1114 1770/740/1114
f 2240/741/1115 1773/738/1115 1774/742/1115
f 1770/740/1116 1782/743/1116 2243/713/1116
f 1766/744/1117 1774/742/1117 1775/717/1117
f 1782/743/1118 1796/760/1118 1797/745/1118
f 1774/742/1119 1790/746/1119 1775/717/1119
f 1783/714/1120 1797/745/1120 1798/747/1120
f 1775/717/1121 1791/748/1121 1776/718/1121
f 1784/719/1122 1798/747/1122 1799/749/1122
f 1776/718/1123 1792/750/1123 1777/721/1123
f 1785/723/1124 1799/749/1124 1800/751/1124
f 1777/721/1125 1793/752/1125 1778/726/1125
f 1771/729/1126 1846/753/1126 1786/754/1126
f 2072/755/1127 1785/723/1127 1800/751/1127
f 1779/731/1128 1793/752/1128 1794/756/1128
f 1771/729/1129 1787/757/1129 1772/734/1129
f 1779/731/1130 1795/758/1130 1780/736/1130
f 1772/734/1131 1788/759/1131 1773/738/1131
f 1780/736/1132 1796/760/1132 1781/739/1132
f 1773/738/1133 1789/761/1133 1774/742/1133
f 1786/754/1134 1846/762/1134 1801/763/1134
f 2072/764/1135 1800/751/1135 1815/765/1135
f 1793/752/1136 1809/766/1136 1794/756/1136
f 1787/757/1137 1801/763/1137 1802/767/1137
f 1795/758/1138 1809/766/1138 1810/768/1138
f 1788/759/1649 1802/767/1649 1803/769/1649
f 1796/760/1140 1810/768/1140 1811/770/1140
f 1789/761/1141 1803/769/1141 1804/771/1141
f 1797/745/1142 1811/770/1142 1812/772/1142
f 1789/761/1143 1805/773/1143 1790/746/1143
f 1797/745/1144 1813/774/1144 1798/747/1144
f 1790/746/1145 1806/775/1145 1791/748/1145
f 1798/747/1146 1814/776/1146 1799/749/1146
f 1791/748/1147 1807/777/1147 1792/750/1147
f 1799/749/1650 1815/765/1650 1800/751/1650
f 1793/752/1149 1807/777/1149 1808/778/1149
f 1805/773/1150 1819/779/1150 1820/780/1150
f 1813/774/1151 1827/795/1151 1828/781/1151
f 1806/775/1152 1820/780/1152 1821/782/1152
f 1814/776/1153 1828/781/1153 1829/783/1153
f 1807/777/1154 1821/782/1154 1822/784/1154
f 1815/765/1155 1829/783/1155 1830/785/1155
f 1807/777/1156 1823/786/1156 1808/778/1156
f 1801/763/1157 1846/787/1157 1816/788/1157
f 2072/789/1158 1815/765/1158 1830/785/1158
f 1808/778/1159 1824/790/1159 1809/766/1159
f 1801/763/1160 1817/791/1160 1802/767/1160
f 1810/768/1161 1824/790/1161 1825/792/1161
f 1802/767/1162 1818/793/1162 1803/769/1162
f 1810/768/1163 1826/794/1163 1811/770/1163
f 1804/771/1164 1818/793/1164 1819/779/1164
f 1811/770/1165 1827/795/1165 1812/772/1165
f 1823/786/1166 1839/796/1166 1824/790/1166
f 1817/791/1167 1831/797/1167 1832/798/1167
f 1824/790/1168 1840/799/1168 1825/792/1168
f 1817/791/1169 1833/800/1169 1818/793/1169
f 1826/794/1170 1840/799/1170 1841/801/1170
f 1818/793/1171 1834/802/1171 1819/779/1171
f 1827/795/1172 1841/801/1172 1842/803/1172
f 1819/779/1173 1835/804/1173 1820/780/1173
f 1827/795/1174 1843/805/1174 1828/781/1174
f 1821/782/1175 1835/804/1175 1836/806/1175
f 1829/783/1176 1843/805/1176 1844/807/1176
f 1821/782/1177 1837/808/1177 1822/784/1177
f 1829/783/1651 1845/809/1651 1830/785/1651
f 1822/784/1179 1838/810/1179 1823/786/1179
f 1816/788/1180 1846/811/1180 1831/797/1180
f 2072/812/1181 1830/785/1181 1845/809/1181
f 1843/805/1182 1858/813/1182 1859/814/1182
f 1836/806/1183 1851/815/1183 1852/816/1183
f 1843/805/1184 1860/817/1184 1844/807/1184
f 1837/808/1185 1852/816/1185 1853/818/1185
f 1844/807/1186 1861/819/1186 1845/809/1186
f 1838/810/1652 1853/818/1652 1854/820/1652
f 1831/797/1188 1846/821/1188 1847/822/1188
f 2072/823/1189 1845/809/1189 1861/819/1189
f 1838/810/1190 1855/824/1190 1839/796/1190
f 1832/798/1191 1847/822/1191 1848/825/1191
f 1839/796/1192 1856/826/1192 1840/799/1192
f 1833/800/1193 1848/825/1193 1849/827/1193
f 1841/801/1194 1856/826/1194 1857/828/1194
f 1833/800/1195 1850/829/1195 1834/802/1195
f 1842/803/1196 1857/828/1196 1858/813/1196
f 1834/802/1197 1851/815/1197 1835/804/1197
f 1855/824/1198 1871/830/1198 1856/826/1198
f 1849/827/1199 1863/846/1199 1864/831/1199
f 1857/828/1200 1871/830/1200 1872/832/1200
f 1849/827/1201 1865/833/1201 1850/829/1201
f 1857/828/1202 1873/834/1202 1858/813/1202
f 1851/815/1203 1865/833/1203 1866/835/1203
f 1858/813/1204 1874/836/1204 1859/814/1204
f 1851/815/1205 1867/837/1205 1852/816/1205
f 1859/814/1206 1875/838/1206 1860/817/1206
f 1853/818/1207 1867/837/1207 1868/839/1207
f 1861/819/1208 1875/838/1208 1876/840/1208
f 1853/818/1209 1869/841/1209 1854/820/1209
f 1847/822/1210 1846/842/1210 1862/843/1210
f 2072/844/1211 1861/819/1211 1876/840/1211
f 1855/824/1212 1869/841/1212 1870/845/1212
f 1847/822/1213 1863/846/1213 1848/825/1213
f 1874/836/1214 1890/848/1214 1875/838/1214
f 1867/837/1215 1883/849/1215 1868/839/1215
f 1875/838/1216 1891/850/1216 1876/840/1216
f 1868/839/1217 1884/851/1217 1869/841/1217
f 1862/843/1218 1846/852/1218 1877/853/1218
f 2072/854/1219 1876/840/1219 1891/850/1219
f 1869/841/1220 1885/855/1220 1870/845/1220
f 1862/843/1221 1878/856/1221 1863/846/1221
f 1871/830/1222 1885/855/1222 1886/857/1222
f 1863/846/1223 1879/858/1223 1864/831/1223
f 1872/832/1224 1886/857/1224 1887/859/1224
f 1864/831/1225 1880/860/1225 1865/833/1225
f 1872/832/1226 1888/861/1226 1873/834/1226
f 1865/833/1227 1881/862/1227 1866/835/1227
f 1874/836/1228 1888/861/1228 1889/847/1228
f 1866/835/1229 1882/863/1229 1867/837/1229
f 1878/856/1230 1894/865/1230 1879/858/1230
f 1887/859/1231 1901/866/1231 1902/867/1231
f 1879/858/1232 1895/868/1232 1880/860/1232
f 1887/859/1233 1903/869/1233 1888/861/1233
f 1880/860/1234 1896/870/1234 1881/862/1234
f 1889/847/1235 1903/869/1235 1904/871/1235
f 1881/862/1236 1897/872/1236 1882/863/1236
f 1890/848/1237 1904/871/1237 1905/873/1237
f 1883/849/1238 1897/872/1238 1898/874/1238
f 1890/848/1239 1906/875/1239 1891/850/1239
f 1883/849/1653 1899/876/1653 1884/851/1653
f 1877/853/1241 1846/877/1241 1892/878/1241
f 2072/879/1242 1891/850/1242 1906/875/1242
f 1885/855/1243 1899/876/1243 1900/880/1243
f 1878/856/1244 1892/878/1244 1893/864/1244
f 1885/855/1245 1901/866/1245 1886/857/1245
f 1897/872/1246 1913/881/1246 1898/874/1246
f 1905/873/1247 1921/882/1247 1906/875/1247
f 1898/874/1248 1914/883/1248 1899/876/1248
f 1892/878/1249 1846/884/1249 1907/885/1249
f 2072/886/1250 1906/875/1250 1921/882/1250
f 1899/876/1251 1915/887/1251 1900/880/1251
f 1893/864/1252 1907/885/1252 1908/888/1252
f 1900/880/1253 1916/889/1253 1901/866/1253
f 1893/864/1254 1909/890/1254 1894/865/1254
f 1902/867/1255 1916/889/1255 1917/891/1255
f 1894/865/1256 1910/892/1256 1895/868/1256
f 1902/867/1257 1918/893/1257 1903/869/1257
f 1896/870/1258 1910/892/1258 1911/894/1258
f 1903/869/1259 1919/895/1259 1904/871/1259
f 1896/870/1260 1912/896/1260 1897/872/1260
f 1905/873/1261 1919/895/1261 1920/897/1261
f 1917/891/1262 1931/898/1262 1932/899/1262
f 1909/890/1263 1925/901/1263 1910/892/1263
f 1917/891/1264 1933/902/1264 1918/893/1264
f 1911/894/1265 1925/901/1265 1926/903/1265
f 1919/895/1266 1933/902/1266 1934/904/1266
f 1911/894/1267 1927/905/1267 1912/896/1267
f 1920/897/1268 1934/904/1268 1935/906/1268
f 1913/881/1269 1927/905/1269 1928/907/1269
f 1920/897/1270 1936/908/1270 1921/882/1270
f 1913/881/1271 1929/909/1271 1914/883/1271
f 1907/885/1272 1846/910/1272 1922/911/1272
f 2072/912/1273 1921/882/1273 1936/908/1273
f 1914/883/1274 1930/913/1274 1915/887/1274
f 1908/888/1275 1922/911/1275 1923/914/1275
f 1915/887/1276 1931/898/1276 1916/889/1276
f 1908/888/1277 1924/900/1277 1909/890/1277
f 1936/908/1278 1950/915/1278 1951/916/1278
f 1929/909/1279 1943/917/1279 1944/918/1279
f 1922/911/1280 1846/919/1280 1937/920/1280
f 2072/921/1281 1936/908/1281 1951/916/1281
f 1929/909/1282 1945/922/1282 1930/913/1282
f 1922/911/1283 1938/923/1283 1923/914/1283
f 1930/913/1284 1946/924/1284 1931/898/1284
f 1924/900/1285 1938/923/1285 1939/925/1285
f 1932/899/1286 1946/924/1286 1947/926/1286
f 1924/900/1287 1940/927/1287 1925/901/1287
f 1932/899/1288 1948/928/1288 1933/902/1288
f 1926/903/1289 1940/927/1289 1941/929/1289
f 1934/904/1290 1948/928/1290 1949/930/1290
f 1926/903/1291 1942/931/1291 1927/905/1291
f 1934/904/1292 1950/915/1292 1935/906/1292
f 1927/905/1293 1943/917/1293 1928/907/1293
f 1939/925/1294 1955/932/1294 1940/927/1294
f 1948/928/1295 1962/933/1295 1963/934/1295
f 1940/927/1296 1956/935/1296 1941/929/1296
f 1948/928/1297 1964/936/1297 1949/930/1297
f 1941/929/1298 1957/937/1298 1942/931/1298
f 1949/930/1299 1965/938/1299 1950/915/1299
f 1943/917/1300 1957/937/1300 1958/939/1300
f 1950/915/1301 1966/940/1301 1951/916/1301
f 1944/918/1302 1958/939/1302 1959/941/1302
f 1937/920/1303 1846/942/1303 1952/943/1303
f 2072/944/1304 1951/916/1304 1966/940/1304
f 1944/918/1305 1960/945/1305 1945/922/1305
f 1938/923/1306 1952/943/1306 1953/946/1306
f 1946/924/1307 1960/945/1307 1961/947/1307
f 1939/925/1308 1953/946/1308 1954/948/1308
f 1947/926/1309 1961/947/1309 1962/933/1309
f 1959/941/1310 1973/949/1310 1974/950/1310
f 1952/943/1311 1846/951/1311 1967/952/1311
f 2072/953/1312 1966/940/1312 1981/954/1312
f 1959/941/1313 1975/955/1313 1960/945/1313
f 1952/943/1314 1968/956/1314 1953/946/1314
f 1960/945/1315 1976/957/1315 1961/947/1315
f 1953/946/1654 1969/958/1654 1954/948/1654
f 1962/933/1317 1976/957/1317 1977/959/1317
f 1954/948/1318 1970/960/1318 1955/932/1318
f 1963/934/1319 1977/959/1319 1978/961/1319
f 1955/932/1320 1971/962/1320 1956/935/1320
f 1964/936/1321 1978/961/1321 1979/963/1321
f 1956/935/1322 1972/964/1322 1957/937/1322
f 1965/938/1323 1979/963/1323 1980/965/1323
f 1958/939/1324 1972/964/1324 1973/949/1324
f 1966/940/1325 1980/965/1325 1981/954/1325
f 1977/959/1326 1993/966/1326 1978/961/1326
f 1971/962/1327 1985/967/1327 1986/968/1327
f 1979/963/1328 1993/966/1328 1994/969/1328
f 1971/962/1329 1987/970/1329 1972/964/1329
f 1980/965/1330 1994/969/1330 1995/971/1330
f 1973/949/1331 1987/970/1331 1988/972/1331
f 1980/965/1332 1996/973/1332 1981/954/1332
f 1974/950/1333 1988/972/1333 1989/974/1333
f 1967/952/1334 1846/975/1334 1982/976/1334
f 2072/977/1335 1981/954/1335 1996/973/1335
f 1974/950/1336 1990/978/1336 1975/955/1336
f 1967/952/1655 1983/979/1655 1968/956/1655
f 1975/955/1338 1991/980/1338 1976/957/1338
f 1968/956/1339 1984/981/1339 1969/958/1339
f 1976/957/1340 1992/982/1340 1977/959/1340
f 1969/958/1341 1985/967/1341 1970/960/1341
f 2072/983/1342 1996/973/1342 2011/984/1342
f 1989/974/1343 2005/985/1343 1990/978/1343
f 1983/979/1344 1997/986/1344 1998/987/1344
f 1990/978/1345 2006/988/1345 1991/980/1345
f 1983/979/1346 1999/989/1346 1984/981/1346
f 1992/982/1347 2006/988/1347 2007/990/1347
f 1985/967/1348 1999/989/1348 2000/991/1348
f 1992/982/1349 2008/992/1349 1993/966/1349
f 1986/968/1350 2000/991/1350 2001/993/1350
f 1993/966/1351 2009/994/1351 1994/969/1351
f 1986/968/1352 2002/995/1352 1987/970/1352
f 1994/969/1353 2010/996/1353 1995/971/1353
f 1988/972/1354 2002/995/1354 2003/997/1354
f 1995/971/1355 2011/984/1355 1996/973/1355
f 1989/974/1356 2003/997/1356 2004/998/1356
f 1982/976/1357 1846/999/1357 1997/986/1357
f 2009/994/1358 2023/1000/1358 2024/1001/1358
f 2001/993/1359 2017/1002/1359 2002/995/1359
f 2010/996/1360 2024/1001/1360 2025/1003/1360
f 2003/997/1361 2017/1002/1361 2018/1004/1361
f 2011/984/1362 2025/1003/1362 2026/1005/1362
f 2004/998/1363 2018/1004/1363 2019/1006/1363
f 1997/986/1364 1846/1007/1364 2012/1008/1364
f 2072/1009/1365 2011/984/1365 2026/1005/1365
f 2004/998/1366 2020/1010/1366 2005/985/1366
f 1997/986/1367 2013/1011/1367 1998/987/1367
f 2005/985/1368 2021/1012/1368 2006/988/1368
f 1998/987/1369 2014/1013/1369 1999/989/1369
f 2007/990/1370 2021/1012/1370 2022/1014/1370
f 1999/989/1371 2015/1015/1371 2000/991/1371
f 2008/992/1372 2022/1014/1372 2023/1000/1372
f 2000/991/1373 2016/1016/1373 2001/993/1373
f 2012/1008/1374 2028/1017/1374 2013/1011/1374
f 2020/1010/1375 2036/1018/1375 2021/1012/1375
f 2014/1013/1376 2028/1017/1376 2029/1019/1376
f 2022/1014/1377 2036/1018/1377 2037/1020/1377
f 2015/1015/1378 2029/1019/1378 2030/1021/1378
f 2022/1014/1379 2038/1022/1379 2023/1000/1379
f 2016/1016/1380 2030/1021/1380 2031/1023/1380
f 2024/1001/1381 2038/1022/1381 2039/1024/1381
f 2016/1016/1382 2032/1025/1382 2017/1002/1382
f 2024/1001/1383 2040/1026/1383 2025/1003/1383
f 2018/1004/1384 2032/1025/1384 2033/1027/1384
f 2026/1005/1385 2040/1026/1385 2041/1028/1385
f 2019/1006/1386 2033/1027/1386 2034/1029/1386
f 2012/1008/1387 1846/1030/1387 2027/1031/1387
f 2072/1032/1388 2026/1005/1388 2041/1028/1388
f 2019/1006/1389 2035/1033/1389 2020/1010/1389
f 2031/1023/1390 2047/1034/1390 2032/1025/1390
f 2039/1024/1391 2055/1035/1391 2040/1026/1391
f 2033/1027/1392 2047/1034/1392 2048/1036/1392
f 2040/1026/1393 2056/1037/1393 2041/1028/1393
f 2034/1029/1394 2048/1036/1394 2049/1038/1394
f 2027/1031/1395 1846/1039/1395 2042/1040/1395
f 2072/1041/1396 2041/1028/1396 2056/1037/1396
f 2034/1029/1397 2050/1042/1397 2035/1033/1397
f 2027/1031/1398 2043/1043/1398 2028/1017/1398
f 2035/1033/1399 2051/1044/1399 2036/1018/1399
f 2029/1019/1656 2043/1043/1656 2044/1045/1656
f 2037/1020/1401 2051/1044/1401 2052/1046/1401
f 2029/1019/1402 2045/1047/1402 2030/1021/1402
f 2037/1020/1403 2053/1048/1403 2038/1022/1403
f 2031/1023/1404 2045/1047/1404 2046/1049/1404
f 2038/1022/1405 2054/1050/1405 2039/1024/1405
f 2050/1042/1406 2066/1051/1406 2051/1044/1406
f 2043/1043/1407 2059/1053/1407 2044/1045/1407
f 2052/1046/1408 2066/1051/1408 2067/1054/1408
f 2044/1045/1409 2060/1055/1409 2045/1047/1409
f 2052/1046/1410 2068/1056/1410 2053/1048/1410
f 2046/1049/1411 2060/1055/1411 2061/1057/1411
f 2054/1050/1412 2068/1056/1412 2069/1058/1412
f 2046/1049/1413 2062/1059/1413 2047/1034/1413
f 2054/1050/1414 2070/1060/1414 2055/1035/1414
f 2048/1036/1415 2062/1059/1415 2063/1061/1415
f 2055/1035/1416 2071/1062/1416 2056/1037/1416
f 2048/1036/1417 2064/1063/1417 2049/1038/1417
f 2042/1040/1418 1846/1064/1418 2057/1065/1418
f 2072/1066/1419 2056/1037/1419 2071/1062/1419
f 2049/1038/1420 2065/1067/1420 2050/1042/1420
f 2042/1040/1421 2058/1052/1421 2043/1043/1421
f 2069/1058/1422 2086/1068/1422 2070/1060/1422
f 2063/1061/1423 2078/1069/1423 2079/1070/1423
f 2071/1062/1424 2086/1068/1424 2087/1071/1424
f 2064/1063/1425 2079/1070/1425 2080/1072/1425
f 2057/1065/1426 1846/1073/1426 2073/1074/1426
f 2072/1075/1427 2071/1062/1427 2087/1071/1427
f 2064/1063/1428 2081/1076/1428 2065/1067/1428
f 2057/1065/1429 2074/1077/1429 2058/1052/1429
f 2065/1067/1430 2082/1078/1430 2066/1051/1430
f 2059/1053/1431 2074/1077/1431 2075/1079/1431
f 2067/1054/1432 2082/1078/1432 2083/1080/1432
f 2059/1053/1433 2076/1081/1433 2060/1055/1433
f 2067/1054/1434 2084/1082/1434 2068/1056/1434
f 2061/1057/1435 2076/1081/1435 2077/1083/1435
f 2069/1058/1436 2084/1082/1436 2085/1084/1436
f 2061/1057/1437 2078/1069/1437 2062/1059/1437
f 2074/1077/1438 2090/1085/1438 2075/1079/1438
f 2083/1080/1439 2097/1086/1439 2098/1087/1439
f 2075/1079/1440 2091/1088/1440 2076/1081/1440
f 2083/1080/1441 2099/1089/1441 2084/1082/1441
f 2076/1081/1442 2092/1090/1442 2077/1083/1442
f 2085/1084/1443 2099/1089/1443 2100/1091/1443
f 2077/1083/1444 2093/1092/1444 2078/1069/1444
f 2086/1068/1445 2100/1091/1445 2101/1093/1445
f 2079/1070/1446 2093/1092/1446 2094/1094/1446
f 2086/1068/1447 2102/1095/1447 2087/1071/1447
f 2079/1070/1448 2095/1096/1448 2080/1072/1448
f 2073/1074/1449 1846/1097/1449 2088/1098/1449
f 2072/1099/1450 2087/1071/1450 2102/1095/1450
f 2080/1072/1451 2096/1100/1451 2081/1076/1451
f 2074/1077/1452 2088/1098/1452 2089/1101/1452
f 2081/1076/1453 2097/1086/1453 2082/1078/1453
f 2093/1092/1454 2109/1102/1454 2094/1094/1454
f 2102/1095/1455 2116/1103/1455 2117/1104/1455
f 2094/1094/1456 2110/1105/1456 2095/1096/1456
f 2088/1098/1457 1846/1106/1457 2103/1107/1457
f 2072/1108/1458 2102/1095/1458 2117/1104/1458
f 2095/1096/1459 2111/1109/1459 2096/1100/1459
f 2088/1098/1460 2104/1110/1460 2089/1101/1460
f 2096/1100/1461 2112/1111/1461 2097/1086/1461
f 2090/1085/1462 2104/1110/1462 2105/1112/1462
f 2098/1087/1463 2112/1111/1463 2113/1113/1463
f 2090/1085/1464 2106/1114/1464 2091/1088/1464
f 2098/1087/1465 2114/1115/1465 2099/1089/1465
f 2092/1090/1466 2106/1114/1466 2107/1116/1466
f 2100/1091/1467 2114/1115/1467 2115/1117/1467
f 2092/1090/1468 2108/1118/1468 2093/1092/1468
f 2100/1091/1469 2116/1103/1469 2101/1093/1469
f 2112/1111/1470 2128/1119/1470 2113/1113/1470
f 2105/1112/1471 2121/1120/1471 2106/1114/1471
f 2113/1113/1472 2129/1121/1472 2114/1115/1472
f 2107/1116/1473 2121/1120/1473 2122/1122/1473
f 2115/1117/1474 2129/1121/1474 2130/1123/1474
f 2108/1118/1475 2122/1122/1475 2123/1124/1475
f 2115/1117/1476 2131/1125/1476 2116/1103/1476
f 2109/1102/1477 2123/1124/1477 2124/1126/1477
f 2117/1104/1478 2131/1125/1478 2132/1127/1478
f 2110/1105/1479 2124/1126/1479 2125/1128/1479
f 2103/1107/1480 1846/1129/1480 2118/1130/1480
f 2072/1131/1481 2117/1104/1481 2132/1127/1481
f 2110/1105/1482 2126/1132/1482 2111/1109/1482
f 2103/1107/1657 2119/1133/1657 2104/1110/1657
f 2111/1109/1484 2127/1134/1484 2112/1111/1484
f 2104/1110/1485 2120/1135/1485 2105/1112/1485
f 2131/1136/1486 2147/1137/1486 2132/1138/1486
f 2125/1139/1487 2139/1140/1487 2140/1141/1487
f 2118/1142/1488 1846/1143/1488 2133/1144/1488
f 2072/1145/1489 2132/1138/1489 2147/1137/1489
f 2125/1139/1490 2141/1146/1490 2126/1147/1490
f 2118/1142/1491 2134/1148/1491 2119/1149/1491
f 2126/1147/1492 2142/1150/1492 2127/1151/1492
f 2119/1149/1493 2135/1152/1493 2120/1153/1493
f 2128/1155/1494 2142/1150/1494 2143/1154/1494
f 2121/1157/1495 2135/1152/1495 2136/1156/1495
f 2129/1159/1496 2143/1154/1496 2144/1158/1496
f 2121/1157/1497 2137/1160/1497 2122/1161/1497
f 2130/1163/1498 2144/1158/1498 2145/1162/1498
f 2122/1161/1499 2138/1165/1499 2123/1164/1499
f 2131/1136/1500 2145/1162/1500 2146/1166/1500
f 2124/1167/1501 2138/1165/1501 2139/1140/1501
f 2143/1154/1502 2159/1168/1502 2144/1158/1502
f 2137/1160/1503 2151/1169/1503 2152/1170/1503
f 2145/1162/1504 2159/1168/1504 2160/1171/1504
f 2137/1160/1505 2153/1172/1505 2138/1165/1505
f 2146/1166/1506 2160/1171/1506 2161/1173/1506
f 2139/1140/1507 2153/1172/1507 2154/1174/1507
f 2146/1166/1508 2162/1175/1508 2147/1137/1508
f 2140/1141/1509 2154/1174/1509 2155/1176/1509
f 2133/1144/1510 1846/1177/1510 2148/1178/1510
f 2072/1179/1511 2147/1137/1511 2162/1175/1511
f 2140/1141/1512 2156/1180/1512 2141/1146/1512
f 2133/1144/1513 2149/1181/1513 2134/1148/1513
f 2141/1146/1514 2157/1182/1514 2142/1150/1514
f 2134/1148/1515 2150/1183/1515 2135/1152/1515
f 2143/1154/1516 2157/1182/1516 2158/1184/1516
f 2135/1152/1517 2151/1169/1517 2136/1156/1517
f 2148/1178/1518 1846/1185/1518 2163/1186/1518
f 2072/1187/1519 2162/1175/1519 2177/1188/1519
f 2155/1176/1520 2171/1189/1520 2156/1180/1520
f 2148/1178/1521 2164/1190/1521 2149/1181/1521
f 2156/1180/1522 2172/1191/1522 2157/1182/1522
f 2149/1181/1523 2165/1192/1523 2150/1183/1523
f 2158/1184/1524 2172/1191/1524 2173/1193/1524
f 2150/1183/1525 2166/1194/1525 2151/1169/1525
f 2158/1184/1526 2174/1195/1526 2159/1168/1526
f 2151/1169/1527 2167/1196/1527 2152/1170/1527
f 2159/1168/1528 2175/1197/1528 2160/1171/1528
f 2152/1170/1529 2168/1198/1529 2153/1172/1529
f 2160/1171/1530 2176/1199/1530 2161/1173/1530
f 2154/1174/1531 2168/1198/1531 2169/1200/1531
f 2161/1173/1532 2177/1188/1532 2162/1175/1532
f 2154/1174/1533 2170/1201/1533 2155/1176/1533
f 2167/1196/1534 2181/1202/1534 2182/1203/1534
f 2174/1195/1535 2190/1204/1535 2175/1197/1535
f 2168/1198/1536 2182/1203/1536 2183/1205/1536
f 2176/1199/1537 2190/1204/1537 2191/1206/1537
f 2169/1200/1538 2183/1205/1538 2184/1207/1538
f 2177/1188/1539 2191/1206/1539 2192/1208/1539
f 2170/1201/1540 2184/1207/1540 2185/1209/1540
f 2163/1186/1541 1846/1210/1541 2178/1211/1541
f 2072/1212/1542 2177/1188/1542 2192/1208/1542
f 2170/1201/1543 2186/1213/1543 2171/1189/1543
f 2163/1186/1544 2179/1214/1544 2164/1190/1544
f 2171/1189/1545 2187/1215/1545 2172/1191/1545
f 2165/1192/1546 2179/1214/1546 2180/1216/1546
f 2173/1193/1547 2187/1215/1547 2188/1217/1547
f 2165/1192/1548 2181/1202/1548 2166/1194/1548
f 2173/1193/1549 2189/1218/1549 2174/1195/1549
f 2185/1209/1550 2201/1219/1550 2186/1213/1550
f 2179/1214/1551 2193/1220/1551 2194/1221/1551
f 2186/1213/1552 2202/1222/1552 2187/1215/1552
f 2180/1216/1553 2194/1221/1553 2195/1223/1553
f 2187/1215/1554 2203/1224/1554 2188/1217/1554
f 2181/1202/1555 2195/1223/1555 2196/1225/1555
f 2188/1217/1556 2204/1226/1556 2189/1218/1556
f 2182/1203/1557 2196/1225/1557 2197/1227/1557
f 2189/1218/1558 2205/1228/1558 2190/1204/1558
f 2182/1203/1559 2198/1229/1559 2183/1205/1559
f 2190/1204/1560 2206/1230/1560 2191/1206/1560
f 2183/1205/1561 2199/1231/1561 2184/1207/1561
f 2191/1206/1562 2207/1232/1562 2192/1208/1562
f 2185/1209/1563 2199/1231/1563 2200/1233/1563
f 2178/1211/1564 1846/1234/1564 2193/1220/1564
f 2072/1235/1565 2192/1208/1565 2207/1232/1565
f 2204/1226/1566 2220/1237/1566 2205/1228/1566
f 2197/1227/1567 2213/1238/1567 2198/1229/1567
f 2206/1230/1568 2220/1237/1568 2221/1239/1568
f 2199/1231/1569 2213/1238/1569 2214/1240/1569
f 2206/1230/1570 2222/1241/1570 2207/1232/1570
f 2200/1233/1571 2214/1240/1571 2215/1242/1571
f 2193/1220/1572 1846/1243/1572 2208/1244/1572
f 2072/1245/1573 2207/1232/1573 2222/1241/1573
f 2200/1233/1574 2216/1246/1574 2201/1219/1574
f 2193/1220/1575 2209/1247/1575 2194/1221/1575
f 2202/1222/1576 2216/1246/1576 2217/1248/1576
f 2194/1221/1658 2210/1249/1658 2195/1223/1658
f 2203/1224/1578 2217/1248/1578 2218/1250/1578
f 2195/1223/1579 2211/1251/1579 2196/1225/1579
f 2204/1226/1580 2218/1250/1580 2219/1236/1580
f 2196/1225/1581 2212/1252/1581 2197/1227/1581
f 2209/1247/1582 2223/1253/1582 2224/1254/1582
f 2216/1246/1583 2232/1255/1583 2217/1248/1583
f 2210/1249/1584 2224/1254/1584 2225/1256/1584
f 2217/1248/1585 2233/1257/1585 2218/1250/1585
f 2210/1249/1586 2226/1258/1586 2211/1251/1586
f 2218/1250/1587 2234/1259/1587 2219/1236/1587
f 2212/1252/1588 2226/1258/1588 2227/1260/1588
f 2219/1236/1589 2235/1261/1589 2220/1237/1589
f 2212/1252/1590 2228/1262/1590 2213/1238/1590
f 2220/1237/1591 2236/1263/1591 2221/1239/1591
f 2214/1240/1592 2228/1262/1592 2229/1264/1592
f 2222/1241/1593 2236/1263/1593 2237/1265/1593
f 2215/1242/1594 2229/1264/1594 2230/1266/1594
f 2208/1244/1595 1846/1267/1595 2223/1253/1595
f 2072/1268/1596 2222/1241/1596 2237/1265/1596
f 2215/1242/1597 2231/1269/1597 2216/1246/1597
f 2227/1260/1598 2241/716/1598 2228/1262/1598
f 2235/1261/1599 2245/720/1599 2236/1263/1599
f 2229/1264/1600 2241/716/1600 1767/722/1600
f 2236/1263/1601 2246/724/1601 2237/1265/1601
f 2230/1266/1602 1767/722/1602 1768/725/1602
f 2223/1253/1603 1846/1270/1603 2238/727/1603
f 2072/1271/1604 2237/1265/1604 2246/724/1604
f 2230/1266/1605 1769/732/1605 2231/1269/1605
f 2224/1254/1606 2238/727/1606 2239/733/1606
f 2231/1269/1607 2242/735/1607 2232/1255/1607
f 2225/1256/1608 2239/733/1608 1765/737/1608
f 2232/1255/1609 1770/740/1609 2233/1257/1609
f 2226/1258/1610 1765/737/1610 2240/741/1610
f 2233/1257/1611 2243/713/1611 2234/1259/1611
f 2227/1260/1612 2240/741/1612 1766/744/1612
f 2235/1261/1613 2243/713/1613 2244/715/1613
f 1697/713/1102 1236/743/1102 1237/714/1102
f 1695/716/1103 1220/744/1103 1229/717/1103
f 1698/715/1104 1237/714/1104 1238/719/1104
f 1695/716/1105 1230/718/1105 1231/721/1105
f 1699/720/1106 1238/719/1106 1239/723/1106
f 1222/725/1107 1221/722/1107 1231/721/1107
f 1222/725/1110 1232/726/1110 1233/731/1110
f 1693/733/1111 1692/727/1111 1225/729/1111
f 1696/735/1112 1223/732/1112 1233/731/1112
f 1219/737/1113 1693/733/1113 1226/734/1113
f 1696/735/1114 1234/736/1114 1235/739/1114
f 1694/741/1115 1219/737/1115 1227/738/1115
f 1697/713/1116 1224/740/1116 1235/739/1116
f 1694/741/1117 1228/742/1117 1229/717/1117
f 1235/739/1118 1250/760/1118 1251/745/1118
f 1228/742/1119 1243/761/1119 1244/746/1119
f 1237/714/1120 1236/743/1120 1251/745/1120
f 1229/717/1121 1244/746/1121 1245/748/1121
f 1238/719/1122 1237/714/1122 1252/747/1122
f 1230/718/1123 1245/748/1123 1246/750/1123
f 1239/723/1124 1238/719/1124 1253/749/1124
f 1231/721/1125 1246/750/1125 1247/752/1125
f 1233/731/1128 1232/726/1128 1247/752/1128
f 1225/729/1129 1240/754/1129 1241/757/1129
f 1234/736/1130 1233/731/1130 1248/756/1130
f 1226/734/1131 1241/757/1131 1242/759/1131
f 1235/739/1132 1234/736/1132 1249/758/1132
f 1227/738/1133 1242/759/1133 1243/761/1133
f 1247/752/1659 1262/778/1659 1263/766/1659
f 1241/757/1137 1240/754/1137 1255/763/1137
f 1248/756/1138 1263/766/1138 1264/768/1138
f 1241/757/1649 1256/767/1649 1257/769/1649
f 1250/760/1140 1249/758/1140 1264/768/1140
f 1243/761/1141 1242/759/1141 1257/769/1141
f 1250/760/1142 1265/770/1142 1266/772/1142
f 1244/746/1143 1243/761/1143 1258/771/1143
f 1251/745/1144 1266/772/1144 1267/774/1144
f 1244/746/1145 1259/773/1145 1260/775/1145
f 1252/747/1660 1267/774/1660 1268/776/1660
f 1245/748/1147 1260/775/1147 1261/777/1147
f 1253/749/1650 1268/776/1650 1269/765/1650
f 1246/750/1661 1261/777/1661 1262/778/1661
f 1259/773/1150 1258/771/1150 1273/779/1150
f 1266/772/1151 1281/795/1151 1282/781/1151
f 1260/775/1152 1259/773/1152 1274/780/1152
f 1268/776/1153 1267/774/1153 1282/781/1153
f 1260/775/1154 1275/782/1154 1276/784/1154
f 1269/765/1155 1268/776/1155 1283/783/1155
f 1261/777/1662 1276/784/1662 1277/786/1662
f 1262/778/1663 1277/786/1663 1278/790/1663
f 1255/763/1160 1270/788/1160 1271/791/1160
f 1263/766/1161 1278/790/1161 1279/792/1161
f 1256/767/1162 1271/791/1162 1272/793/1162
f 1264/768/1163 1279/792/1163 1280/794/1163
f 1257/769/1164 1272/793/1164 1273/779/1164
f 1266/772/1165 1265/770/1165 1280/794/1165
f 1277/786/1664 1292/810/1664 1293/796/1664
f 1271/791/1167 1270/788/1167 1285/797/1167
f 1279/792/1168 1278/790/1168 1293/796/1168
f 1271/791/1169 1286/798/1169 1287/800/1169
f 1280/794/1170 1279/792/1170 1294/799/1170
f 1272/793/1171 1287/800/1171 1288/802/1171
f 1280/794/1172 1295/801/1172 1296/803/1172
f 1273/779/1173 1288/802/1173 1289/804/1173
f 1282/781/1174 1281/795/1174 1296/803/1174
f 1274/780/1175 1289/804/1175 1290/806/1175
f 1283/783/1176 1282/781/1176 1297/805/1176
f 1276/784/1177 1275/782/1177 1290/806/1177
f 1283/783/1178 1298/807/1178 1299/809/1178
f 1277/786/1665 1276/784/1665 1291/808/1665
f 1297/805/1182 1296/803/1182 1312/813/1182
f 1290/806/1183 1289/804/1183 1305/815/1183
f 1297/805/1184 1313/814/1184 1314/817/1184
f 1291/808/1185 1290/806/1185 1306/816/1185
f 1298/807/1186 1314/817/1186 1315/819/1186
f 1291/808/1652 1307/818/1652 1308/820/1652
f 1292/810/1666 1308/820/1666 1309/824/1666
f 1286/798/1191 1285/797/1191 1301/822/1191
f 1293/796/1192 1309/824/1192 1310/826/1192
f 1286/798/1193 1302/825/1193 1303/827/1193
f 1294/799/1194 1310/826/1194 1311/828/1194
f 1287/800/1195 1303/827/1195 1304/829/1195
f 1296/803/1196 1295/801/1196 1311/828/1196
f 1288/802/1197 1304/829/1197 1305/815/1197
f 1309/824/1198 1324/845/1198 1325/830/1198
f 1302/825/1199 1317/846/1199 1318/831/1199
f 1311/828/1200 1310/826/1200 1325/830/1200
f 1304/829/1201 1303/827/1201 1318/831/1201
f 1311/828/1202 1326/832/1202 1327/834/1202
f 1305/815/1203 1304/829/1203 1319/833/1203
f 1313/814/1204 1312/813/1204 1327/834/1204
f 1305/815/1205 1320/835/1205 1321/837/1205
f 1313/814/1206 1328/836/1206 1329/838/1206
f 1307/818/1207 1306/816/1207 1321/837/1207
f 1315/819/1208 1314/817/1208 1329/838/1208
f 1307/818/1667 1322/839/1667 1323/841/1667
f 1309/824/1668 1308/820/1668 1323/841/1668
f 1301/822/1213 1316/843/1213 1317/846/1213
f 1329/838/1214 1328/836/1214 1343/847/1214
f 1321/837/1215 1336/863/1215 1337/849/1215
f 1329/838/1669 1344/848/1669 1345/850/1669
f 1323/841/1670 1322/839/1670 1337/849/1670
f 1323/841/1671 1338/851/1671 1339/855/1671
f 1316/843/1221 1331/853/1221 1332/856/1221
f 1324/845/1222 1339/855/1222 1340/857/1222
f 1318/831/1223 1317/846/1223 1332/856/1223
f 1326/832/1224 1325/830/1224 1340/857/1224
f 1318/831/1225 1333/858/1225 1334/860/1225
f 1326/832/1226 1341/859/1226 1342/861/1226
f 1319/833/1227 1334/860/1227 1335/862/1227
f 1328/836/1228 1327/834/1228 1342/861/1228
f 1320/835/1229 1335/862/1229 1336/863/1229
f 1333/858/1230 1332/856/1230 1347/864/1230
f 1341/859/1231 1340/857/1231 1355/866/1231
f 1333/858/1232 1348/865/1232 1349/868/1232
f 1341/859/1233 1356/867/1233 1357/869/1233
f 1334/860/1234 1349/868/1234 1350/870/1234
f 1343/847/1235 1342/861/1235 1357/869/1235
f 1335/862/1236 1350/870/1236 1351/872/1236
f 1343/847/1237 1358/871/1237 1359/873/1237
f 1337/849/1238 1336/863/1238 1351/872/1238
f 1344/848/1672 1359/873/1672 1360/875/1672
f 1337/849/1240 1352/874/1240 1353/876/1240
f 1339/855/1673 1338/851/1673 1353/876/1673
f 1332/856/1674 1331/853/1674 1346/878/1674
f 1339/855/1245 1354/880/1245 1355/866/1245
f 1351/872/1246 1366/896/1246 1367/881/1246
f 1359/873/1247 1374/897/1247 1375/882/1247
f 1353/876/1248 1352/874/1248 1367/881/1248
f 1353/876/1251 1368/883/1251 1369/887/1251
f 1347/864/1252 1346/878/1252 1361/885/1252
f 1354/880/1253 1369/887/1253 1370/889/1253
f 1347/864/1254 1362/888/1254 1363/890/1254
f 1356/867/1255 1355/866/1255 1370/889/1255
f 1348/865/1256 1363/890/1256 1364/892/1256
f 1356/867/1257 1371/891/1257 1372/893/1257
f 1350/870/1258 1349/868/1258 1364/892/1258
f 1357/869/1259 1372/893/1259 1373/895/1259
f 1350/870/1260 1365/894/1260 1366/896/1260
f 1359/873/1261 1358/871/1261 1373/895/1261
f 1371/891/1262 1370/889/1262 1385/898/1262
f 1364/892/1263 1363/890/1263 1378/900/1263
f 1371/891/1264 1386/899/1264 1387/902/1264
f 1365/894/1265 1364/892/1265 1379/901/1265
f 1372/893/1266 1387/902/1266 1388/904/1266
f 1365/894/1267 1380/903/1267 1381/905/1267
f 1373/895/1268 1388/904/1268 1389/906/1268
f 1367/881/1269 1366/896/1269 1381/905/1269
f 1374/897/1270 1389/906/1270 1390/908/1270
f 1367/881/1271 1382/907/1271 1383/909/1271
f 1368/883/1274 1383/909/1274 1384/913/1274
f 1362/888/1275 1361/885/1275 1376/911/1275
f 1369/887/1276 1384/913/1276 1385/898/1276
f 1362/888/1277 1377/914/1277 1378/900/1277
f 1390/908/1278 1389/906/1278 1404/915/1278
f 1383/909/1675 1382/907/1675 1397/917/1675
f 1383/909/1676 1398/918/1676 1399/922/1676
f 1376/911/1283 1391/920/1283 1392/923/1283
f 1384/913/1284 1399/922/1284 1400/924/1284
f 1378/900/1285 1377/914/1285 1392/923/1285
f 1386/899/1286 1385/898/1286 1400/924/1286
f 1379/901/1287 1378/900/1287 1393/925/1287
f 1386/899/1288 1401/926/1288 1402/928/1288
f 1380/903/1289 1379/901/1289 1394/927/1289
f 1387/902/1290 1402/928/1290 1403/930/1290
f 1380/903/1291 1395/929/1291 1396/931/1291
f 1388/904/1292 1403/930/1292 1404/915/1292
f 1382/907/1293 1381/905/1293 1396/931/1293
f 1393/925/1294 1408/948/1294 1409/932/1294
f 1402/928/1295 1401/926/1295 1416/933/1295
f 1394/927/1296 1409/932/1296 1410/935/1296
f 1403/930/1297 1402/928/1297 1417/934/1297
f 1395/929/1298 1410/935/1298 1411/937/1298
f 1403/930/1299 1418/936/1299 1419/938/1299
f 1396/931/1300 1411/937/1300 1412/939/1300
f 1404/915/1301 1419/938/1301 1420/940/1301
f 1398/918/1302 1397/917/1302 1412/939/1302
f 1398/918/1305 1413/941/1305 1414/945/1305
f 1392/923/1306 1391/920/1306 1406/943/1306
f 1399/922/1307 1414/945/1307 1415/947/1307
f 1393/925/1308 1392/923/1308 1407/946/1308
f 1401/926/1309 1400/924/1309 1415/947/1309
f 1413/941/1310 1412/939/1310 1427/949/1310
f 1413/941/1313 1428/950/1313 1429/955/1313
f 1406/943/1314 1421/952/1314 1422/956/1314
f 1414/945/1315 1429/955/1315 1430/957/1315
f 1407/946/1654 1422/956/1654 1423/958/1654
f 1416/933/1317 1415/947/1317 1430/957/1317
f 1408/948/1318 1423/958/1318 1424/960/1318
f 1417/934/1319 1416/933/1319 1431/959/1319
f 1410/935/1320 1409/932/1320 1424/960/1320
f 1418/936/1321 1417/934/1321 1432/961/1321
f 1411/937/1322 1410/935/1322 1425/962/1322
f 1418/936/1677 1433/963/1677 1434/965/1677
f 1412/939/1324 1411/937/1324 1426/964/1324
f 1420/940/1325 1419/938/1325 1434/965/1325
f 1431/959/1326 1446/982/1326 1447/966/1326
f 1425/962/1327 1424/960/1327 1439/967/1327
f 1433/963/1328 1432/961/1328 1447/966/1328
f 1425/962/1329 1440/968/1329 1441/970/1329
f 1434/965/1330 1433/963/1330 1448/969/1330
f 1427/949/1331 1426/964/1331 1441/970/1331
f 1434/965/1678 1449/971/1678 1450/973/1678
f 1428/950/1333 1427/949/1333 1442/972/1333
f 1428/950/1336 1443/974/1336 1444/978/1336
f 1422/956/1655 1421/952/1655 1436/976/1655
f 1429/955/1338 1444/978/1338 1445/980/1338
f 1422/956/1339 1437/979/1339 1438/981/1339
f 1430/957/1340 1445/980/1340 1446/982/1340
f 1423/958/1341 1438/981/1341 1439/967/1341
f 1443/974/1343 1458/998/1343 1459/985/1343
f 1437/979/1344 1436/976/1344 1451/986/1344
f 1444/978/1345 1459/985/1345 1460/988/1345
f 1438/981/1346 1437/979/1346 1452/987/1346
f 1446/982/1347 1445/980/1347 1460/988/1347
f 1438/981/1348 1453/989/1348 1454/991/1348
f 1447/966/1349 1446/982/1349 1461/990/1349
f 1440/968/1350 1439/967/1350 1454/991/1350
f 1447/966/1351 1462/992/1351 1463/994/1351
f 1440/968/1352 1455/993/1352 1456/995/1352
f 1448/969/1353 1463/994/1353 1464/996/1353
f 1442/972/1354 1441/970/1354 1456/995/1354
f 1449/971/1355 1464/996/1355 1465/984/1355
f 1443/974/1356 1442/972/1356 1457/997/1356
f 1463/994/1358 1462/992/1358 1477/1000/1358
f 1455/993/1359 1470/1016/1359 1471/1002/1359
f 1464/996/1360 1463/994/1360 1478/1001/1360
f 1457/997/1361 1456/995/1361 1471/1002/1361
f 1465/984/1362 1464/996/1362 1479/1003/1362
f 1458/998/1679 1457/997/1679 1472/1004/1679
f 1458/998/1680 1473/1006/1680 1474/1010/1680
f 1451/986/1367 1466/1008/1367 1467/1011/1367
f 1459/985/1368 1474/1010/1368 1475/1012/1368
f 1452/987/1369 1467/1011/1369 1468/1013/1369
f 1461/990/1370 1460/988/1370 1475/1012/1370
f 1453/989/1371 1468/1013/1371 1469/1015/1371
f 1461/990/1372 1476/1014/1372 1477/1000/1372
f 1455/993/1373 1454/991/1373 1469/1015/1373
f 1466/1008/1681 1481/1031/1681 1482/1017/1681
f 1474/1010/1375 1489/1033/1375 1490/1018/1375
f 1468/1013/1376 1467/1011/1376 1482/1017/1376
f 1476/1014/1377 1475/1012/1377 1490/1018/1377
f 1469/1015/1378 1468/1013/1378 1483/1019/1378
f 1477/1000/1379 1476/1014/1379 1491/1020/1379
f 1469/1015/1380 1484/1021/1380 1485/1023/1380
f 1477/1000/1381 1492/1022/1381 1493/1024/1381
f 1470/1016/1382 1485/1023/1382 1486/1025/1382
f 1478/1001/1383 1493/1024/1383 1494/1026/1383
f 1472/1004/1384 1471/1002/1384 1486/1025/1384
f 1480/1005/1682 1479/1003/1682 1494/1026/1682
f 1473/1006/1386 1472/1004/1386 1487/1027/1386
f 1473/1006/1389 1488/1029/1389 1489/1033/1389
f 1485/1023/1390 1500/1049/1390 1501/1034/1390
f 1493/1024/1683 1508/1050/1683 1509/1035/1683
f 1487/1027/1392 1486/1025/1392 1501/1034/1392
f 1494/1026/1393 1509/1035/1393 1510/1037/1393
f 1487/1027/1394 1502/1036/1394 1503/1038/1394
f 1488/1029/1397 1503/1038/1397 1504/1042/1397
f 1481/1031/1684 1496/1040/1684 1497/1043/1684
f 1489/1033/1399 1504/1042/1399 1505/1044/1399
f 1483/1019/1656 1482/1017/1656 1497/1043/1656
f 1490/1018/1401 1505/1044/1401 1506/1046/1401
f 1484/1021/1402 1483/1019/1402 1498/1045/1402
f 1491/1020/1403 1506/1046/1403 1507/1048/1403
f 1485/1023/1404 1484/1021/1404 1499/1047/1404
f 1493/1024/1405 1492/1022/1405 1507/1048/1405
f 1504/1042/1406 1519/1067/1406 1520/1051/1406
f 1498/1045/1407 1497/1043/1407 1512/1052/1407
f 1506/1046/1408 1505/1044/1408 1520/1051/1408
f 1498/1045/1409 1513/1053/1409 1514/1055/1409
f 1506/1046/1410 1521/1054/1410 1522/1056/1410
f 1500/1049/1411 1499/1047/1411 1514/1055/1411
f 1508/1050/1412 1507/1048/1412 1522/1056/1412
f 1500/1049/1413 1515/1057/1413 1516/1059/1413
f 1508/1050/1414 1523/1058/1414 1524/1060/1414
f 1502/1036/1415 1501/1034/1415 1516/1059/1415
f 1509/1035/1416 1524/1060/1416 1525/1062/1416
f 1502/1036/1685 1517/1061/1685 1518/1063/1685
f 1503/1038/1686 1518/1063/1686 1519/1067/1686
f 1496/1040/1421 1511/1065/1421 1512/1052/1421
f 1523/1058/1422 1539/1084/1422 1540/1068/1422
f 1517/1061/1423 1516/1059/1423 1532/1069/1423
f 1525/1062/1687 1524/1060/1687 1540/1068/1687
f 1517/1061/1425 1533/1070/1425 1534/1072/1425
f 1518/1063/1428 1534/1072/1428 1535/1076/1428
f 1511/1065/1688 1527/1074/1688 1528/1077/1688
f 1519/1067/1430 1535/1076/1430 1536/1078/1430
f 1513/1053/1431 1512/1052/1431 1528/1077/1431
f 1521/1054/1432 1520/1051/1432 1536/1078/1432
f 1513/1053/1433 1529/1079/1433 1530/1081/1433
f 1521/1054/1434 1537/1080/1434 1538/1082/1434
f 1515/1057/1435 1514/1055/1435 1530/1081/1435
f 1523/1058/1436 1522/1056/1436 1538/1082/1436
f 1515/1057/1437 1531/1083/1437 1532/1069/1437
f 1528/1077/1438 1543/1101/1438 1544/1085/1438
f 1537/1080/1439 1536/1078/1439 1551/1086/1439
f 1529/1079/1440 1544/1085/1440 1545/1088/1440
f 1538/1082/1441 1537/1080/1441 1552/1087/1441
f 1531/1083/1442 1530/1081/1442 1545/1088/1442
f 1539/1084/1443 1538/1082/1443 1553/1089/1443
f 1531/1083/1444 1546/1090/1444 1547/1092/1444
f 1539/1084/1445 1554/1091/1445 1555/1093/1445
f 1533/1070/1446 1532/1069/1446 1547/1092/1446
f 1540/1068/1447 1555/1093/1447 1556/1095/1447
f 1533/1070/1448 1548/1094/1448 1549/1096/1448
f 1534/1072/1451 1549/1096/1451 1550/1100/1451
f 1528/1077/1452 1527/1074/1452 1542/1098/1452
f 1535/1076/1453 1550/1100/1453 1551/1086/1453
f 1547/1092/1454 1562/1118/1454 1563/1102/1454
f 1556/1095/1455 1555/1093/1455 1570/1103/1455
f 1548/1094/1456 1563/1102/1456 1564/1105/1456
f 1549/1096/1459 1564/1105/1459 1565/1109/1459
f 1542/1098/1460 1557/1107/1460 1558/1110/1460
f 1550/1100/1461 1565/1109/1461 1566/1111/1461
f 1544/1085/1462 1543/1101/1462 1558/1110/1462
f 1552/1087/1463 1551/1086/1463 1566/1111/1463
f 1544/1085/1464 1559/1112/1464 1560/1114/1464
f 1552/1087/1465 1567/1113/1465 1568/1115/1465
f 1546/1090/1466 1545/1088/1466 1560/1114/1466
f 1554/1091/1467 1553/1089/1467 1568/1115/1467
f 1546/1090/1468 1561/1116/1468 1562/1118/1468
f 1554/1091/1469 1569/1117/1469 1570/1103/1469
f 1566/1111/1470 1581/1134/1470 1582/1119/1470
f 1559/1112/1471 1574/1135/1471 1575/1120/1471
f 1567/1113/1472 1582/1119/1472 1583/1121/1472
f 1561/1116/1473 1560/1114/1473 1575/1120/1473
f 1569/1117/1474 1568/1115/1474 1583/1121/1474
f 1562/1118/1475 1561/1116/1475 1576/1122/1475
f 1569/1117/1476 1584/1123/1476 1585/1125/1476
f 1563/1102/1477 1562/1118/1477 1577/1124/1477
f 1571/1104/1689 1570/1103/1689 1585/1125/1689
f 1563/1102/1690 1578/1126/1690 1579/1128/1690
f 1564/1105/1691 1579/1128/1691 1580/1132/1691
f 1557/1107/1657 1572/1130/1657 1573/1133/1657
f 1565/1109/1484 1580/1132/1484 1581/1134/1484
f 1558/1110/1485 1573/1133/1485 1574/1135/1485
f 1585/1136/1692 1600/1166/1692 1601/1137/1692
f 1579/1139/1487 1578/1167/1487 1593/1140/1487
f 1579/1139/1693 1594/1141/1693 1595/1146/1693
f 1572/1142/1694 1587/1144/1694 1588/1148/1694
f 1580/1147/1492 1595/1146/1492 1596/1150/1492
f 1573/1149/1493 1588/1148/1493 1589/1152/1493
f 1581/1151/1494 1596/1150/1494 1597/1154/1494
f 1574/1153/1495 1589/1152/1495 1590/1156/1495
f 1582/1155/1496 1597/1154/1496 1598/1158/1496
f 1575/1157/1497 1590/1156/1497 1591/1160/1497
f 1583/1159/1498 1598/1158/1498 1599/1162/1498
f 1577/1164/1499 1576/1161/1499 1591/1160/1499
f 1584/1163/1500 1599/1162/1500 1600/1166/1500
f 1578/1167/1501 1577/1164/1501 1592/1165/1501
f 1597/1154/1502 1612/1184/1502 1613/1168/1502
f 1591/1160/1503 1590/1156/1503 1605/1169/1503
f 1599/1162/1504 1598/1158/1504 1613/1168/1504
f 1591/1160/1505 1606/1170/1505 1607/1172/1505
f 1600/1166/1506 1599/1162/1506 1614/1171/1506
f 1593/1140/1507 1592/1165/1507 1607/1172/1507
f 1600/1166/1508 1615/1173/1508 1616/1175/1508
f 1594/1141/1509 1593/1140/1509 1608/1174/1509
f 1594/1141/1512 1609/1176/1512 1610/1180/1512
f 1587/1144/1513 1602/1178/1513 1603/1181/1513
f 1595/1146/1514 1610/1180/1514 1611/1182/1514
f 1588/1148/1515 1603/1181/1515 1604/1183/1515
f 1597/1154/1516 1596/1150/1516 1611/1182/1516
f 1589/1152/1517 1604/1183/1517 1605/1169/1517
f 1609/1176/1520 1624/1201/1520 1625/1189/1520
f 1602/1178/1695 1617/1186/1695 1618/1190/1695
f 1610/1180/1522 1625/1189/1522 1626/1191/1522
f 1604/1183/1523 1603/1181/1523 1618/1190/1523
f 1612/1184/1524 1611/1182/1524 1626/1191/1524
f 1604/1183/1525 1619/1192/1525 1620/1194/1525
f 1612/1184/1526 1627/1193/1526 1628/1195/1526
f 1606/1170/1527 1605/1169/1527 1620/1194/1527
f 1613/1168/1528 1628/1195/1528 1629/1197/1528
f 1606/1170/1529 1621/1196/1529 1622/1198/1529
f 1615/1173/1530 1614/1171/1530 1629/1197/1530
f 1607/1172/1531 1622/1198/1531 1623/1200/1531
f 1615/1173/1532 1630/1199/1532 1631/1188/1532
f 1608/1174/1533 1623/1200/1533 1624/1201/1533
f 1621/1196/1534 1620/1194/1534 1635/1202/1534
f 1628/1195/1535 1643/1218/1535 1644/1204/1535
f 1621/1196/1536 1636/1203/1536 1637/1205/1536
f 1629/1197/1537 1644/1204/1537 1645/1206/1537
f 1623/1200/1538 1622/1198/1538 1637/1205/1538
f 1631/1188/1696 1630/1199/1696 1645/1206/1696
f 1624/1201/1540 1623/1200/1540 1638/1207/1540
f 1624/1201/1543 1639/1209/1543 1640/1213/1543
f 1617/1186/1697 1632/1211/1697 1633/1214/1697
f 1625/1189/1545 1640/1213/1545 1641/1215/1545
f 1619/1192/1546 1618/1190/1546 1633/1214/1546
f 1627/1193/1547 1626/1191/1547 1641/1215/1547
f 1620/1194/1548 1619/1192/1548 1634/1216/1548
f 1628/1195/1549 1627/1193/1549 1642/1217/1549
f 1639/1209/1698 1654/1233/1698 1655/1219/1698
f 1633/1214/1551 1632/1211/1551 1647/1220/1551
f 1641/1215/1552 1640/1213/1552 1655/1219/1552
f 1634/1216/1553 1633/1214/1553 1648/1221/1553
f 1642/1217/1554 1641/1215/1554 1656/1222/1554
f 1635/1202/1555 1634/1216/1555 1649/1223/1555
f 1643/1218/1556 1642/1217/1556 1657/1224/1556
f 1635/1202/1557 1650/1225/1557 1651/1227/1557
f 1643/1218/1558 1658/1226/1558 1659/1228/1558
f 1636/1203/1559 1651/1227/1559 1652/1229/1559
f 1644/1204/1560 1659/1228/1560 1660/1230/1560
f 1638/1207/1561 1637/1205/1561 1652/1229/1561
f 1645/1206/1562 1660/1230/1562 1661/1232/1562
f 1639/1209/1699 1638/1207/1699 1653/1231/1699
f 1659/1228/1566 1658/1226/1566 1673/1236/1566
f 1651/1227/1567 1666/1252/1567 1667/1238/1567
f 1659/1228/1568 1674/1237/1568 1675/1239/1568
f 1653/1231/1569 1652/1229/1569 1667/1238/1569
f 1660/1230/1570 1675/1239/1570 1676/1241/1570
f 1654/1233/1700 1653/1231/1700 1668/1240/1700
f 1654/1233/1701 1669/1242/1701 1670/1246/1701
f 1647/1220/1575 1662/1244/1575 1663/1247/1575
f 1655/1219/1576 1670/1246/1576 1671/1248/1576
f 1648/1221/1658 1663/1247/1658 1664/1249/1658
f 1657/1224/1578 1656/1222/1578 1671/1248/1578
f 1650/1225/1579 1649/1223/1579 1664/1249/1579
f 1657/1224/1580 1672/1250/1580 1673/1236/1580
f 1651/1227/1581 1650/1225/1581 1665/1251/1581
f 1663/1247/1702 1662/1244/1702 1677/1253/1702
f 1670/1246/1583 1685/1269/1583 1686/1255/1583
f 1663/1247/1584 1678/1254/1584 1679/1256/1584
f 1672/1250/1585 1671/1248/1585 1686/1255/1585
f 1664/1249/1586 1679/1256/1586 1680/1258/1586
f 1672/1250/1587 1687/1257/1587 1688/1259/1587
f 1666/1252/1588 1665/1251/1588 1680/1258/1588
f 1674/1237/1589 1673/1236/1589 1688/1259/1589
f 1666/1252/1590 1681/1260/1590 1682/1262/1590
f 1675/1239/1591 1674/1237/1591 1689/1261/1591
f 1668/1240/1592 1667/1238/1592 1682/1262/1592
f 1676/1241/1703 1675/1239/1703 1690/1263/1703
f 1669/1242/1704 1668/1240/1704 1683/1264/1704
f 1669/1242/1705 1684/1266/1705 1685/1269/1705
f 1682/1262/1598 1681/1260/1598 1220/744/1598
f 1689/1261/1599 1698/715/1599 1699/720/1599
f 1683/1264/1600 1682/1262/1600 1695/716/1600
f 1690/1263/1601 1699/720/1601 1700/724/1601
f 1684/1266/1602 1683/1264/1602 1221/722/1602
f 1684/1266/1605 1222/725/1605 1223/732/1605
f 1678/1254/1606 1677/1253/1606 1692/727/1606
f 1685/1269/1607 1223/732/1607 1696/735/1607
f 1679/1256/1608 1678/1254/1608 1693/733/1608
f 1686/1255/1609 1696/735/1609 1224/740/1609
f 1680/1258/1610 1679/1256/1610 1219/737/1610
f 1687/1257/1611 1224/740/1611 1697/713/1611
f 1681/1260/1612 1680/1258/1612 1694/741/1612
f 1689/1261/1613 1688/1259/1613 1697/713/1613
f 1702/1272/1614 1704/1274/1614 1703/1273/1614
f 1704/1274/1615 1706/1276/1615 1705/1275/1615
f 1706/1276/1616 1708/1278/1616 1707/1277/1616
f 1708/1278/1617 1710/1280/1617 1709/1279/1617
f 1710/1280/1618 1712/1282/1618 1711/1281/1618
f 1712/1282/1619 1714/1284/1619 1713/1283/1619
f 1714/1284/1620 1716/1286/1620 1715/1285/1620
f 1716/1286/1621 1718/1287/1621 1717/725/1621
f 1718/1287/1622 1720/1288/1622 1719/726/1622
f 1720/1288/1623 1722/1289/1623 1721/752/1623
f 1722/1289/1624 1724/1290/1624 1723/778/1624
f 1724/1290/1625 1726/1291/1625 1725/786/1625
f 1726/1291/1626 1728/1292/1626 1727/810/1626
f 1728/1292/1627 1730/1293/1627 1729/820/1627
f 1730/1293/1628 1732/1294/1628 1731/841/1628
f 1732/1294/1629 1734/1296/1629 1733/1295/1629
f 1734/1296/1630 1736/1298/1630 1735/1297/1630
f 1736/1298/1631 1738/1300/1631 1737/1299/1631
f 1738/1300/1632 1740/1302/1632 1739/1301/1632
f 1740/1302/1633 1742/1304/1633 1741/1303/1633
f 1742/1304/1634 1744/1306/1634 1743/1305/1634
f 1744/1306/1635 1746/1308/1635 1745/1307/1635
f 1746/1308/1636 1748/1310/1636 1747/1309/1636
f 1748/1310/1637 1750/1312/1637 1749/1311/1637
f 1750/1312/1638 1752/1314/1638 1751/1313/1638
f 1752/1314/1639 1754/1316/1639 1753/1315/1639
f 1754/1316/1640 1756/1318/1640 1755/1317/1640
f 1756/1318/1641 1758/1320/1641 1757/1319/1641
f 1758/1320/1642 1760/1322/1642 1759/1321/1642
f 1760/1322/1643 1762/1327/1643 1761/1323/1643
f 1706/1326/1644 1704/1333/1644 1702/1334/1644
f 1702/1334/1644 1764/1335/1644 1762/1336/1644
f 1762/1336/1644 1760/1337/1644 1758/1338/1644
f 1758/1338/1644 1756/1339/1644 1754/1340/1644
f 1754/1340/1644 1752/1341/1644 1750/1342/1644
f 1750/1342/1644 1748/1343/1644 1746/1344/1644
f 1746/1344/1644 1744/1345/1644 1742/1346/1644
f 1742/1346/1644 1740/1347/1644 1738/1324/1644
f 1738/1324/1644 1736/1348/1644 1734/1349/1644
f 1734/1349/1644 1732/1350/1644 1730/1351/1644
f 1730/1351/1644 1728/1352/1644 1726/1353/1644
f 1726/1353/1644 1724/1354/1644 1722/1325/1644
f 1722/1325/1644 1720/1355/1644 1718/1356/1644
f 1718/1356/1644 1716/1357/1644 1714/1358/1644
f 1714/1358/1644 1712/1359/1644 1710/1360/1644
f 1710/1360/1644 1708/1361/1644 1706/1326/1644
f 1706/1326/1644 1702/1334/1644 1762/1336/1644
f 1762/1336/1644 1758/1338/1644 1754/1340/1644
f 1754/1340/1644 1750/1342/1644 1746/1344/1644
f 1746/1344/1644 1742/1346/1644 1738/1324/1644
f 1738/1324/1644 1734/1349/1644 1730/1351/1644
f 1730/1351/1644 1726/1353/1644 1722/1325/1644
f 1722/1325/1644 1718/1356/1644 1714/1358/1644
f 1714/1358/1644 1710/1360/1644 1706/1326/1644
f 1706/1326/1644 1762/1336/1644 1754/1340/1644
f 1754/1340/1644 1746/1344/1644 1738/1324/1644
f 1738/1324/1644 1730/1351/1644 1722/1325/1644
f 1722/1325/1644 1714/1358/1644 1706/1326/1644
f 1706/1326/1644 1754/1340/1644 1738/1324/1644
f 1762/1327/1645 1764/1329/1645 1763/1328/1645
f 1764/1329/1646 1702/1362/1646 1701/1128/1646
f 1763/1332/1647 1701/1363/1647 1703/1364/1647
f 1703/1364/1647 1705/1365/1647 1707/1366/1647
f 1707/1366/1647 1709/1367/1647 1711/1368/1647
f 1711/1368/1647 1713/1369/1647 1715/1370/1647
f 1715/1370/1647 1717/1371/1647 1719/1372/1647
f 1719/1372/1647 1721/1373/1647 1723/1374/1647
f 1723/1374/1647 1725/1375/1647 1727/1376/1647
f 1727/1376/1647 1729/1377/1647 1731/1330/1647
f 1731/1330/1647 1733/1378/1647 1735/1379/1647
f 1735/1379/1647 1737/1380/1647 1739/1381/1647
f 1739/1381/1647 1741/1382/1647 1743/1383/1647
f 1743/1383/1647 1745/1384/1647 1747/1331/1647
f 1747/1331/1647 1749/1385/1647 1751/1386/1647
f 1751/1386/1647 1753/1387/1647 1755/1388/1647
f 1755/1388/1647 1757/1389/1647 1759/1390/1647
f 1759/1390/1647 1761/1391/1647 1763/1332/1647
f 1763/1332/1647 1703/1364/1647 1707/1366/1647
f 1707/1366/1647 1711/1368/1647 1715/1370/1647
f 1715/1370/1647 1719/1372/1647 1723/1374/1647
f 1723/1374/1647 1727/1376/1647 1731/1330/1647
f 1731/1330/1647 1735/1379/1647 1739/1381/1647
f 1739/1381/1647 1743/1383/1647 1747/1331/1647
f 1747/1331/1647 1751/1386/1647 1755/1388/1647
f 1755/1388/1647 1759/1390/1647 1763/1332/1647
f 1763/1332/1647 1707/1366/1647 1715/1370/1647
f 1715/1370/1647 1723/1374/1647 1731/1330/1647
f 1731/1330/1647 1739/1381/1647 1747/1331/1647
f 1747/1331/1647 1755/1388/1647 1763/1332/1647
f 1763/1332/1647 1715/1370/1647 1731/1330/1647
f 2243/713/1102 1782/743/1102 1783/714/1102
f 2241/716/1103 1766/744/1103 1775/717/1103
f 2244/715/1104 1783/714/1104 1784/719/1104
f 2241/716/1105 1776/718/1105 1777/721/1105
f 2245/720/1106 1784/719/1106 1785/723/1106
f 1768/725/1107 1767/722/1107 1777/721/1107
f 1768/725/1110 1778/726/1110 1779/731/1110
f 2239/733/1111 2238/727/1111 1771/729/1111
f 1769/732/1112 1779/731/1112 1780/736/1112
f 1765/737/1113 2239/733/1113 1772/734/1113
f 2242/735/1114 1780/736/1114 1781/739/1114
f 2240/741/1115 1765/737/1115 1773/738/1115
f 1770/740/1116 1781/739/1116 1782/743/1116
f 1766/744/1117 2240/741/1117 1774/742/1117
f 1782/743/1118 1781/739/1118 1796/760/1118
f 1774/742/1119 1789/761/1119 1790/746/1119
f 1783/714/1120 1782/743/1120 1797/745/1120
f 1775/717/1121 1790/746/1121 1791/748/1121
f 1784/719/1122 1783/714/1122 1798/747/1122
f 1776/718/1123 1791/748/1123 1792/750/1123
f 1785/723/1124 1784/719/1124 1799/749/1124
f 1777/721/1125 1792/750/1125 1793/752/1125
f 1779/731/1128 1778/726/1128 1793/752/1128
f 1771/729/1129 1786/754/1129 1787/757/1129
f 1779/731/1130 1794/756/1130 1795/758/1130
f 1772/734/1131 1787/757/1131 1788/759/1131
f 1780/736/1132 1795/758/1132 1796/760/1132
f 1773/738/1133 1788/759/1133 1789/761/1133
f 1793/752/1659 1808/778/1659 1809/766/1659
f 1787/757/1706 1786/754/1706 1801/763/1706
f 1795/758/1138 1794/756/1138 1809/766/1138
f 1788/759/1139 1787/757/1139 1802/767/1139
f 1796/760/1140 1795/758/1140 1810/768/1140
f 1789/761/1141 1788/759/1141 1803/769/1141
f 1797/745/1142 1796/760/1142 1811/770/1142
f 1789/761/1143 1804/771/1143 1805/773/1143
f 1797/745/1144 1812/772/1144 1813/774/1144
f 1790/746/1145 1805/773/1145 1806/775/1145
f 1798/747/1660 1813/774/1660 1814/776/1660
f 1791/748/1147 1806/775/1147 1807/777/1147
f 1799/749/1650 1814/776/1650 1815/765/1650
f 1793/752/1661 1792/750/1661 1807/777/1661
f 1805/773/1150 1804/771/1150 1819/779/1150
f 1813/774/1151 1812/772/1151 1827/795/1151
f 1806/775/1152 1805/773/1152 1820/780/1152
f 1814/776/1153 1813/774/1153 1828/781/1153
f 1807/777/1154 1806/775/1154 1821/782/1154
f 1815/765/1155 1814/776/1155 1829/783/1155
f 1807/777/1662 1822/784/1662 1823/786/1662
f 1808/778/1663 1823/786/1663 1824/790/1663
f 1801/763/1160 1816/788/1160 1817/791/1160
f 1810/768/1161 1809/766/1161 1824/790/1161
f 1802/767/1162 1817/791/1162 1818/793/1162
f 1810/768/1163 1825/792/1163 1826/794/1163
f 1804/771/1164 1803/769/1164 1818/793/1164
f 1811/770/1165 1826/794/1165 1827/795/1165
f 1823/786/1664 1838/810/1664 1839/796/1664
f 1817/791/1167 1816/788/1167 1831/797/1167
f 1824/790/1168 1839/796/1168 1840/799/1168
f 1817/791/1169 1832/798/1169 1833/800/1169
f 1826/794/1170 1825/792/1170 1840/799/1170
f 1818/793/1171 1833/800/1171 1834/802/1171
f 1827/795/1172 1826/794/1172 1841/801/1172
f 1819/779/1173 1834/802/1173 1835/804/1173
f 1827/795/1174 1842/803/1174 1843/805/1174
f 1821/782/1175 1820/780/1175 1835/804/1175
f 1829/783/1176 1828/781/1176 1843/805/1176
f 1821/782/1177 1836/806/1177 1837/808/1177
f 1829/783/1178 1844/807/1178 1845/809/1178
f 1822/784/1665 1837/808/1665 1838/810/1665
f 1843/805/1182 1842/803/1182 1858/813/1182
f 1836/806/1183 1835/804/1183 1851/815/1183
f 1843/805/1184 1859/814/1184 1860/817/1184
f 1837/808/1185 1836/806/1185 1852/816/1185
f 1844/807/1186 1860/817/1186 1861/819/1186
f 1838/810/1187 1837/808/1187 1853/818/1187
f 1838/810/1666 1854/820/1666 1855/824/1666
f 1832/798/1191 1831/797/1191 1847/822/1191
f 1839/796/1192 1855/824/1192 1856/826/1192
f 1833/800/1193 1832/798/1193 1848/825/1193
f 1841/801/1194 1840/799/1194 1856/826/1194
f 1833/800/1195 1849/827/1195 1850/829/1195
f 1842/803/1196 1841/801/1196 1857/828/1196
f 1834/802/1197 1850/829/1197 1851/815/1197
f 1855/824/1198 1870/845/1198 1871/830/1198
f 1849/827/1199 1848/825/1199 1863/846/1199
f 1857/828/1200 1856/826/1200 1871/830/1200
f 1849/827/1201 1864/831/1201 1865/833/1201
f 1857/828/1202 1872/832/1202 1873/834/1202
f 1851/815/1203 1850/829/1203 1865/833/1203
f 1858/813/1204 1873/834/1204 1874/836/1204
f 1851/815/1205 1866/835/1205 1867/837/1205
f 1859/814/1206 1874/836/1206 1875/838/1206
f 1853/818/1207 1852/816/1207 1867/837/1207
f 1861/819/1208 1860/817/1208 1875/838/1208
f 1853/818/1667 1868/839/1667 1869/841/1667
f 1855/824/1668 1854/820/1668 1869/841/1668
f 1847/822/1213 1862/843/1213 1863/846/1213
f 1874/836/1214 1889/847/1214 1890/848/1214
f 1867/837/1215 1882/863/1215 1883/849/1215
f 1875/838/1669 1890/848/1669 1891/850/1669
f 1868/839/1670 1883/849/1670 1884/851/1670
f 1869/841/1671 1884/851/1671 1885/855/1671
f 1862/843/1221 1877/853/1221 1878/856/1221
f 1871/830/1222 1870/845/1222 1885/855/1222
f 1863/846/1223 1878/856/1223 1879/858/1223
f 1872/832/1224 1871/830/1224 1886/857/1224
f 1864/831/1225 1879/858/1225 1880/860/1225
f 1872/832/1226 1887/859/1226 1888/861/1226
f 1865/833/1227 1880/860/1227 1881/862/1227
f 1874/836/1228 1873/834/1228 1888/861/1228
f 1866/835/1229 1881/862/1229 1882/863/1229
f 1878/856/1230 1893/864/1230 1894/865/1230
f 1887/859/1231 1886/857/1231 1901/866/1231
f 1879/858/1232 1894/865/1232 1895/868/1232
f 1887/859/1233 1902/867/1233 1903/869/1233
f 1880/860/1234 1895/868/1234 1896/870/1234
f 1889/847/1235 1888/861/1235 1903/869/1235
f 1881/862/1236 1896/870/1236 1897/872/1236
f 1890/848/1237 1889/847/1237 1904/871/1237
f 1883/849/1238 1882/863/1238 1897/872/1238
f 1890/848/1672 1905/873/1672 1906/875/1672
f 1883/849/1240 1898/874/1240 1899/876/1240
f 1885/855/1673 1884/851/1673 1899/876/1673
f 1878/856/1674 1877/853/1674 1892/878/1674
f 1885/855/1245 1900/880/1245 1901/866/1245
f 1897/872/1246 1912/896/1246 1913/881/1246
f 1905/873/1247 1920/897/1247 1921/882/1247
f 1898/874/1248 1913/881/1248 1914/883/1248
f 1899/876/1251 1914/883/1251 1915/887/1251
f 1893/864/1252 1892/878/1252 1907/885/1252
f 1900/880/1253 1915/887/1253 1916/889/1253
f 1893/864/1254 1908/888/1254 1909/890/1254
f 1902/867/1255 1901/866/1255 1916/889/1255
f 1894/865/1256 1909/890/1256 1910/892/1256
f 1902/867/1257 1917/891/1257 1918/893/1257
f 1896/870/1258 1895/868/1258 1910/892/1258
f 1903/869/1259 1918/893/1259 1919/895/1259
f 1896/870/1260 1911/894/1260 1912/896/1260
f 1905/873/1261 1904/871/1261 1919/895/1261
f 1917/891/1262 1916/889/1262 1931/898/1262
f 1909/890/1263 1924/900/1263 1925/901/1263
f 1917/891/1264 1932/899/1264 1933/902/1264
f 1911/894/1265 1910/892/1265 1925/901/1265
f 1919/895/1266 1918/893/1266 1933/902/1266
f 1911/894/1267 1926/903/1267 1927/905/1267
f 1920/897/1268 1919/895/1268 1934/904/1268
f 1913/881/1269 1912/896/1269 1927/905/1269
f 1920/897/1270 1935/906/1270 1936/908/1270
f 1913/881/1271 1928/907/1271 1929/909/1271
f 1914/883/1274 1929/909/1274 1930/913/1274
f 1908/888/1707 1907/885/1707 1922/911/1707
f 1915/887/1276 1930/913/1276 1931/898/1276
f 1908/888/1277 1923/914/1277 1924/900/1277
f 1936/908/1278 1935/906/1278 1950/915/1278
f 1929/909/1675 1928/907/1675 1943/917/1675
f 1929/909/1676 1944/918/1676 1945/922/1676
f 1922/911/1708 1937/920/1708 1938/923/1708
f 1930/913/1284 1945/922/1284 1946/924/1284
f 1924/900/1285 1923/914/1285 1938/923/1285
f 1932/899/1286 1931/898/1286 1946/924/1286
f 1924/900/1287 1939/925/1287 1940/927/1287
f 1932/899/1288 1947/926/1288 1948/928/1288
f 1926/903/1289 1925/901/1289 1940/927/1289
f 1934/904/1290 1933/902/1290 1948/928/1290
f 1926/903/1291 1941/929/1291 1942/931/1291
f 1934/904/1292 1949/930/1292 1950/915/1292
f 1927/905/1293 1942/931/1293 1943/917/1293
f 1939/925/1294 1954/948/1294 1955/932/1294
f 1948/928/1295 1947/926/1295 1962/933/1295
f 1940/927/1296 1955/932/1296 1956/935/1296
f 1948/928/1297 1963/934/1297 1964/936/1297
f 1941/929/1298 1956/935/1298 1957/937/1298
f 1949/930/1299 1964/936/1299 1965/938/1299
f 1943/917/1300 1942/931/1300 1957/937/1300
f 1950/915/1301 1965/938/1301 1966/940/1301
f 1944/918/1302 1943/917/1302 1958/939/1302
f 1944/918/1305 1959/941/1305 1960/945/1305
f 1938/923/1306 1937/920/1306 1952/943/1306
f 1946/924/1307 1945/922/1307 1960/945/1307
f 1939/925/1308 1938/923/1308 1953/946/1308
f 1947/926/1309 1946/924/1309 1961/947/1309
f 1959/941/1310 1958/939/1310 1973/949/1310
f 1959/941/1313 1974/950/1313 1975/955/1313
f 1952/943/1709 1967/952/1709 1968/956/1709
f 1960/945/1315 1975/955/1315 1976/957/1315
f 1953/946/1316 1968/956/1316 1969/958/1316
f 1962/933/1317 1961/947/1317 1976/957/1317
f 1954/948/1318 1969/958/1318 1970/960/1318
f 1963/934/1319 1962/933/1319 1977/959/1319
f 1955/932/1320 1970/960/1320 1971/962/1320
f 1964/936/1321 1963/934/1321 1978/961/1321
f 1956/935/1322 1971/962/1322 1972/964/1322
f 1965/938/1677 1964/936/1677 1979/963/1677
f 1958/939/1324 1957/937/1324 1972/964/1324
f 1966/940/1325 1965/938/1325 1980/965/1325
f 1977/959/1326 1992/982/1326 1993/966/1326
f 1971/962/1327 1970/960/1327 1985/967/1327
f 1979/963/1328 1978/961/1328 1993/966/1328
f 1971/962/1329 1986/968/1329 1987/970/1329
f 1980/965/1330 1979/963/1330 1994/969/1330
f 1973/949/1331 1972/964/1331 1987/970/1331
f 1980/965/1678 1995/971/1678 1996/973/1678
f 1974/950/1333 1973/949/1333 1988/972/1333
f 1974/950/1336 1989/974/1336 1990/978/1336
f 1967/952/1337 1982/976/1337 1983/979/1337
f 1975/955/1338 1990/978/1338 1991/980/1338
f 1968/956/1339 1983/979/1339 1984/981/1339
f 1976/957/1340 1991/980/1340 1992/982/1340
f 1969/958/1341 1984/981/1341 1985/967/1341
f 1989/974/1343 2004/998/1343 2005/985/1343
f 1983/979/1344 1982/976/1344 1997/986/1344
f 1990/978/1345 2005/985/1345 2006/988/1345
f 1983/979/1346 1998/987/1346 1999/989/1346
f 1992/982/1347 1991/980/1347 2006/988/1347
f 1985/967/1348 1984/981/1348 1999/989/1348
f 1992/982/1349 2007/990/1349 2008/992/1349
f 1986/968/1350 1985/967/1350 2000/991/1350
f 1993/966/1351 2008/992/1351 2009/994/1351
f 1986/968/1352 2001/993/1352 2002/995/1352
f 1994/969/1353 2009/994/1353 2010/996/1353
f 1988/972/1354 1987/970/1354 2002/995/1354
f 1995/971/1355 2010/996/1355 2011/984/1355
f 1989/974/1356 1988/972/1356 2003/997/1356
f 2009/994/1358 2008/992/1358 2023/1000/1358
f 2001/993/1359 2016/1016/1359 2017/1002/1359
f 2010/996/1360 2009/994/1360 2024/1001/1360
f 2003/997/1361 2002/995/1361 2017/1002/1361
f 2011/984/1362 2010/996/1362 2025/1003/1362
f 2004/998/1679 2003/997/1679 2018/1004/1679
f 2004/998/1680 2019/1006/1680 2020/1010/1680
f 1997/986/1367 2012/1008/1367 2013/1011/1367
f 2005/985/1368 2020/1010/1368 2021/1012/1368
f 1998/987/1369 2013/1011/1369 2014/1013/1369
f 2007/990/1370 2006/988/1370 2021/1012/1370
f 1999/989/1371 2014/1013/1371 2015/1015/1371
f 2008/992/1372 2007/990/1372 2022/1014/1372
f 2000/991/1373 2015/1015/1373 2016/1016/1373
f 2012/1008/1681 2027/1031/1681 2028/1017/1681
f 2020/1010/1375 2035/1033/1375 2036/1018/1375
f 2014/1013/1376 2013/1011/1376 2028/1017/1376
f 2022/1014/1377 2021/1012/1377 2036/1018/1377
f 2015/1015/1378 2014/1013/1378 2029/1019/1378
f 2022/1014/1379 2037/1020/1379 2038/1022/1379
f 2016/1016/1380 2015/1015/1380 2030/1021/1380
f 2024/1001/1381 2023/1000/1381 2038/1022/1381
f 2016/1016/1382 2031/1023/1382 2032/1025/1382
f 2024/1001/1383 2039/1024/1383 2040/1026/1383
f 2018/1004/1384 2017/1002/1384 2032/1025/1384
f 2026/1005/1682 2025/1003/1682 2040/1026/1682
f 2019/1006/1386 2018/1004/1386 2033/1027/1386
f 2019/1006/1389 2034/1029/1389 2035/1033/1389
f 2031/1023/1390 2046/1049/1390 2047/1034/1390
f 2039/1024/1391 2054/1050/1391 2055/1035/1391
f 2033/1027/1392 2032/1025/1392 2047/1034/1392
f 2040/1026/1393 2055/1035/1393 2056/1037/1393
f 2034/1029/1394 2033/1027/1394 2048/1036/1394
f 2034/1029/1397 2049/1038/1397 2050/1042/1397
f 2027/1031/1684 2042/1040/1684 2043/1043/1684
f 2035/1033/1399 2050/1042/1399 2051/1044/1399
f 2029/1019/1400 2028/1017/1400 2043/1043/1400
f 2037/1020/1401 2036/1018/1401 2051/1044/1401
f 2029/1019/1402 2044/1045/1402 2045/1047/1402
f 2037/1020/1403 2052/1046/1403 2053/1048/1403
f 2031/1023/1404 2030/1021/1404 2045/1047/1404
f 2038/1022/1405 2053/1048/1405 2054/1050/1405
f 2050/1042/1406 2065/1067/1406 2066/1051/1406
f 2043/1043/1407 2058/1052/1407 2059/1053/1407
f 2052/1046/1408 2051/1044/1408 2066/1051/1408
f 2044/1045/1409 2059/1053/1409 2060/1055/1409
f 2052/1046/1410 2067/1054/1410 2068/1056/1410
f 2046/1049/1411 2045/1047/1411 2060/1055/1411
f 2054/1050/1412 2053/1048/1412 2068/1056/1412
f 2046/1049/1413 2061/1057/1413 2062/1059/1413
f 2054/1050/1414 2069/1058/1414 2070/1060/1414
f 2048/1036/1415 2047/1034/1415 2062/1059/1415
f 2055/1035/1416 2070/1060/1416 2071/1062/1416
f 2048/1036/1685 2063/1061/1685 2064/1063/1685
f 2049/1038/1686 2064/1063/1686 2065/1067/1686
f 2042/1040/1421 2057/1065/1421 2058/1052/1421
f 2069/1058/1422 2085/1084/1422 2086/1068/1422
f 2063/1061/1423 2062/1059/1423 2078/1069/1423
f 2071/1062/1687 2070/1060/1687 2086/1068/1687
f 2064/1063/1425 2063/1061/1425 2079/1070/1425
f 2064/1063/1428 2080/1072/1428 2081/1076/1428
f 2057/1065/1688 2073/1074/1688 2074/1077/1688
f 2065/1067/1430 2081/1076/1430 2082/1078/1430
f 2059/1053/1431 2058/1052/1431 2074/1077/1431
f 2067/1054/1432 2066/1051/1432 2082/1078/1432
f 2059/1053/1433 2075/1079/1433 2076/1081/1433
f 2067/1054/1434 2083/1080/1434 2084/1082/1434
f 2061/1057/1435 2060/1055/1435 2076/1081/1435
f 2069/1058/1436 2068/1056/1436 2084/1082/1436
f 2061/1057/1437 2077/1083/1437 2078/1069/1437
f 2074/1077/1438 2089/1101/1438 2090/1085/1438
f 2083/1080/1439 2082/1078/1439 2097/1086/1439
f 2075/1079/1440 2090/1085/1440 2091/1088/1440
f 2083/1080/1441 2098/1087/1441 2099/1089/1441
f 2076/1081/1442 2091/1088/1442 2092/1090/1442
f 2085/1084/1443 2084/1082/1443 2099/1089/1443
f 2077/1083/1444 2092/1090/1444 2093/1092/1444
f 2086/1068/1445 2085/1084/1445 2100/1091/1445
f 2079/1070/1446 2078/1069/1446 2093/1092/1446
f 2086/1068/1447 2101/1093/1447 2102/1095/1447
f 2079/1070/1448 2094/1094/1448 2095/1096/1448
f 2080/1072/1451 2095/1096/1451 2096/1100/1451
f 2074/1077/1452 2073/1074/1452 2088/1098/1452
f 2081/1076/1453 2096/1100/1453 2097/1086/1453
f 2093/1092/1454 2108/1118/1454 2109/1102/1454
f 2102/1095/1455 2101/1093/1455 2116/1103/1455
f 2094/1094/1456 2109/1102/1456 2110/1105/1456
f 2095/1096/1459 2110/1105/1459 2111/1109/1459
f 2088/1098/1460 2103/1107/1460 2104/1110/1460
f 2096/1100/1461 2111/1109/1461 2112/1111/1461
f 2090/1085/1462 2089/1101/1462 2104/1110/1462
f 2098/1087/1463 2097/1086/1463 2112/1111/1463
f 2090/1085/1464 2105/1112/1464 2106/1114/1464
f 2098/1087/1465 2113/1113/1465 2114/1115/1465
f 2092/1090/1466 2091/1088/1466 2106/1114/1466
f 2100/1091/1467 2099/1089/1467 2114/1115/1467
f 2092/1090/1468 2107/1116/1468 2108/1118/1468
f 2100/1091/1469 2115/1117/1469 2116/1103/1469
f 2112/1111/1470 2127/1134/1470 2128/1119/1470
f 2105/1112/1471 2120/1135/1471 2121/1120/1471
f 2113/1113/1472 2128/1119/1472 2129/1121/1472
f 2107/1116/1473 2106/1114/1473 2121/1120/1473
f 2115/1117/1474 2114/1115/1474 2129/1121/1474
f 2108/1118/1475 2107/1116/1475 2122/1122/1475
f 2115/1117/1476 2130/1123/1476 2131/1125/1476
f 2109/1102/1477 2108/1118/1477 2123/1124/1477
f 2117/1104/1478 2116/1103/1478 2131/1125/1478
f 2110/1105/1690 2109/1102/1690 2124/1126/1690
f 2110/1105/1691 2125/1128/1691 2126/1132/1691
f 2103/1107/1657 2118/1130/1657 2119/1133/1657
f 2111/1109/1484 2126/1132/1484 2127/1134/1484
f 2104/1110/1485 2119/1133/1485 2120/1135/1485
f 2131/1136/1692 2146/1166/1692 2147/1137/1692
f 2125/1139/1710 2124/1167/1710 2139/1140/1710
f 2125/1139/1693 2140/1141/1693 2141/1146/1693
f 2118/1142/1694 2133/1144/1694 2134/1148/1694
f 2126/1147/1492 2141/1146/1492 2142/1150/1492
f 2119/1149/1493 2134/1148/1493 2135/1152/1493
f 2128/1155/1494 2127/1151/1494 2142/1150/1494
f 2121/1157/1495 2120/1153/1495 2135/1152/1495
f 2129/1159/1496 2128/1155/1496 2143/1154/1496
f 2121/1157/1497 2136/1156/1497 2137/1160/1497
f 2130/1163/1498 2129/1159/1498 2144/1158/1498
f 2122/1161/1499 2137/1160/1499 2138/1165/1499
f 2131/1136/1500 2130/1163/1500 2145/1162/1500
f 2124/1167/1501 2123/1164/1501 2138/1165/1501
f 2143/1154/1502 2158/1184/1502 2159/1168/1502
f 2137/1160/1503 2136/1156/1503 2151/1169/1503
f 2145/1162/1504 2144/1158/1504 2159/1168/1504
f 2137/1160/1505 2152/1170/1505 2153/1172/1505
f 2146/1166/1506 2145/1162/1506 2160/1171/1506
f 2139/1140/1507 2138/1165/1507 2153/1172/1507
f 2146/1166/1508 2161/1173/1508 2162/1175/1508
f 2140/1141/1509 2139/1140/1509 2154/1174/1509
f 2140/1141/1512 2155/1176/1512 2156/1180/1512
f 2133/1144/1513 2148/1178/1513 2149/1181/1513
f 2141/1146/1514 2156/1180/1514 2157/1182/1514
f 2134/1148/1515 2149/1181/1515 2150/1183/1515
f 2143/1154/1516 2142/1150/1516 2157/1182/1516
f 2135/1152/1517 2150/1183/1517 2151/1169/1517
f 2155/1176/1520 2170/1201/1520 2171/1189/1520
f 2148/1178/1695 2163/1186/1695 2164/1190/1695
f 2156/1180/1522 2171/1189/1522 2172/1191/1522
f 2149/1181/1523 2164/1190/1523 2165/1192/1523
f 2158/1184/1524 2157/1182/1524 2172/1191/1524
f 2150/1183/1525 2165/1192/1525 2166/1194/1525
f 2158/1184/1526 2173/1193/1526 2174/1195/1526
f 2151/1169/1527 2166/1194/1527 2167/1196/1527
f 2159/1168/1528 2174/1195/1528 2175/1197/1528
f 2152/1170/1529 2167/1196/1529 2168/1198/1529
f 2160/1171/1530 2175/1197/1530 2176/1199/1530
f 2154/1174/1531 2153/1172/1531 2168/1198/1531
f 2161/1173/1532 2176/1199/1532 2177/1188/1532
f 2154/1174/1533 2169/1200/1533 2170/1201/1533
f 2167/1196/1534 2166/1194/1534 2181/1202/1534
f 2174/1195/1535 2189/1218/1535 2190/1204/1535
f 2168/1198/1536 2167/1196/1536 2182/1203/1536
f 2176/1199/1537 2175/1197/1537 2190/1204/1537
f 2169/1200/1538 2168/1198/1538 2183/1205/1538
f 2177/1188/1696 2176/1199/1696 2191/1206/1696
f 2170/1201/1540 2169/1200/1540 2184/1207/1540
f 2170/1201/1543 2185/1209/1543 2186/1213/1543
f 2163/1186/1697 2178/1211/1697 2179/1214/1697
f 2171/1189/1545 2186/1213/1545 2187/1215/1545
f 2165/1192/1546 2164/1190/1546 2179/1214/1546
f 2173/1193/1547 2172/1191/1547 2187/1215/1547
f 2165/1192/1548 2180/1216/1548 2181/1202/1548
f 2173/1193/1549 2188/1217/1549 2189/1218/1549
f 2185/1209/1698 2200/1233/1698 2201/1219/1698
f 2179/1214/1551 2178/1211/1551 2193/1220/1551
f 2186/1213/1552 2201/1219/1552 2202/1222/1552
f 2180/1216/1553 2179/1214/1553 2194/1221/1553
f 2187/1215/1554 2202/1222/1554 2203/1224/1554
f 2181/1202/1555 2180/1216/1555 2195/1223/1555
f 2188/1217/1556 2203/1224/1556 2204/1226/1556
f 2182/1203/1557 2181/1202/1557 2196/1225/1557
f 2189/1218/1558 2204/1226/1558 2205/1228/1558
f 2182/1203/1559 2197/1227/1559 2198/1229/1559
f 2190/1204/1560 2205/1228/1560 2206/1230/1560
f 2183/1205/1561 2198/1229/1561 2199/1231/1561
f 2191/1206/1562 2206/1230/1562 2207/1232/1562
f 2185/1209/1699 2184/1207/1699 2199/1231/1699
f 2204/1226/1566 2219/1236/1566 2220/1237/1566
f 2197/1227/1567 2212/1252/1567 2213/1238/1567
f 2206/1230/1711 2205/1228/1711 2220/1237/1711
f 2199/1231/1569 2198/1229/1569 2213/1238/1569
f 2206/1230/1712 2221/1239/1712 2222/1241/1712
f 2200/1233/1700 2199/1231/1700 2214/1240/1700
f 2200/1233/1701 2215/1242/1701 2216/1246/1701
f 2193/1220/1713 2208/1244/1713 2209/1247/1713
f 2202/1222/1576 2201/1219/1576 2216/1246/1576
f 2194/1221/1658 2209/1247/1658 2210/1249/1658
f 2203/1224/1578 2202/1222/1578 2217/1248/1578
f 2195/1223/1579 2210/1249/1579 2211/1251/1579
f 2204/1226/1580 2203/1224/1580 2218/1250/1580
f 2196/1225/1581 2211/1251/1581 2212/1252/1581
f 2209/1247/1702 2208/1244/1702 2223/1253/1702
f 2216/1246/1583 2231/1269/1583 2232/1255/1583
f 2210/1249/1584 2209/1247/1584 2224/1254/1584
f 2217/1248/1585 2232/1255/1585 2233/1257/1585
f 2210/1249/1586 2225/1256/1586 2226/1258/1586
f 2218/1250/1587 2233/1257/1587 2234/1259/1587
f 2212/1252/1588 2211/1251/1588 2226/1258/1588
f 2219/1236/1589 2234/1259/1589 2235/1261/1589
f 2212/1252/1590 2227/1260/1590 2228/1262/1590
f 2220/1237/1591 2235/1261/1591 2236/1263/1591
f 2214/1240/1592 2213/1238/1592 2228/1262/1592
f 2222/1241/1703 2221/1239/1703 2236/1263/1703
f 2215/1242/1704 2214/1240/1704 2229/1264/1704
f 2215/1242/1705 2230/1266/1705 2231/1269/1705
f 2227/1260/1598 1766/744/1598 2241/716/1598
f 2235/1261/1599 2244/715/1599 2245/720/1599
f 2229/1264/1600 2228/1262/1600 2241/716/1600
f 2236/1263/1601 2245/720/1601 2246/724/1601
f 2230/1266/1602 2229/1264/1602 1767/722/1602
f 2230/1266/1605 1768/725/1605 1769/732/1605
f 2224/1254/1606 2223/1253/1606 2238/727/1606
f 2231/1269/1607 1769/732/1607 2242/735/1607
f 2225/1256/1608 2224/1254/1608 2239/733/1608
f 2232/1255/1609 2242/735/1609 1770/740/1609
f 2226/1258/1610 2225/1256/1610 1765/737/1610
f 2233/1257/1611 1770/740/1611 2243/713/1611
f 2227/1260/1612 2226/1258/1612 2240/741/1612
f 2235/1261/1613 2234/1259/1613 2243/713/1613
o Suzanne
v -1.875904 0.867377 -2.074357
v -1.360261 0.867377 -2.501422
v -1.874605 0.813576 -1.997812
v -1.285298 0.813576 -2.485888
v -1.848846 0.783686 -1.910478
v -1.204291 0.783686 -2.444311
v -1.752812 0.723906 -2.028825
v -1.338456 0.723906 -2.372003
v -1.802382 0.765752 -2.088677
v -1.388026 0.765752 -2.431855
v -1.832887 0.843465 -2.125508
v -1.418530 0.843465 -2.468687
v -1.794474 0.867377 -2.172847
v -1.472196 0.867377 -2.439764
v -1.726346 0.813576 -2.174937
v -1.486940 0.813576 -2.373218
v -1.652965 0.783686 -2.142568
v -1.468807 0.783686 -2.295092
v -1.610739 0.927157 -2.185303
v -1.518660 0.927157 -2.261565
v -1.689515 0.927157 -2.205442
v -1.523772 0.927157 -2.342713
v -1.776058 0.927157 -2.188100
v -1.490612 0.927157 -2.424511
v -1.794474 0.992915 -2.172847
v -1.472196 0.992915 -2.439764
v -1.726346 1.040738 -2.174937
v -1.486940 1.040738 -2.373218
v -1.652965 1.076606 -2.142568
v -1.468807 1.076606 -2.295092
v -1.752812 1.136386 -2.028825
v -1.338456 1.136386 -2.372003
v -1.802382 1.088562 -2.088677
v -1.388026 1.088562 -2.431855
v -1.832887 1.016827 -2.125508
v -1.418530 1.016827 -2.468687
v -1.875904 0.992915 -2.074357
v -1.360261 0.992915 -2.501422
v -1.874605 1.040738 -1.997812
v -1.285298 1.040738 -2.485888
v -1.848846 1.076606 -1.910478
v -1.204291 1.076606 -2.444311
v -1.887259 0.927157 -1.863139
v -1.150625 0.927157 -2.473234
v -1.903811 0.927157 -1.958100
v -1.240840 0.927157 -2.507185
v -1.890507 0.927157 -2.054500
v -1.338032 0.927157 -2.512071
v -1.902737 0.927157 -2.059895
v -1.341054 0.927157 -2.525092
v -1.888134 0.998893 -2.079751
v -1.363283 0.998893 -2.514443
v -1.844326 1.028782 -2.139320
v -1.429970 1.028782 -2.482498
v -1.801309 0.998893 -2.190472
v -1.488240 0.998893 -2.449762
v -1.778289 0.927157 -2.209538
v -1.511259 0.927157 -2.430697
v -1.801309 0.861399 -2.190472
v -1.488240 0.861399 -2.449762
v -1.855765 0.927157 -2.153132
v -1.441409 0.927157 -2.496310
v -1.844326 0.831510 -2.139320
v -1.429970 0.831510 -2.482498
v -1.888134 0.861399 -2.079751
v -1.363283 0.861399 -2.514443
v -1.606643 1.070628 -2.274078
v -1.644774 1.010849 -2.320117
v -1.602830 0.221757 -2.269474
v -1.625709 0.496743 -2.297097
v -1.633335 0.598369 -2.306305
v -1.595204 0.150021 -2.260266
v -1.538008 1.052694 -2.191206
v -1.522755 1.178232 -2.172791
v -0.977484 1.429306 -1.514424
v -0.828773 1.172254 -1.334870
v -0.840212 0.795642 -1.348682
v -1.072811 0.448920 -1.629523
v -1.638645 0.598369 -2.069046
v -1.399239 0.598369 -2.267327
v -1.706914 0.407074 -2.020267
v -1.338597 0.407074 -2.325314
v -1.729934 0.209801 -2.001202
v -1.315577 0.209801 -2.344379
v -1.720076 0.060352 -1.970556
v -1.287304 0.060352 -2.328986
v -1.693243 0.018506 -1.985017
v -1.306510 0.018506 -2.305316
v -1.621020 0.000572 -2.075881
v -1.409238 0.000572 -2.251284
v -1.526568 -0.011384 -2.177394
v -1.761512 0.634237 -1.936238
v -1.245868 0.634237 -2.363304
v -1.880424 0.711950 -1.845514
v -1.134582 0.711950 -2.463235
v -1.949766 0.855421 -1.694940
v -0.973726 0.855421 -2.503314
v -2.040630 1.070628 -1.767163
v -1.027759 1.070628 -2.606042
v -1.968407 1.112474 -1.858027
v -1.130486 1.112474 -2.552009
v -1.870001 1.202144 -2.001625
v -1.289902 1.202144 -2.482074
v -1.791593 1.321703 -2.113137
v -1.414068 1.321703 -2.425810
v -1.706349 1.291813 -2.207024
v -1.522190 1.291813 -2.359547
v -1.647288 1.118452 -2.248177
v -1.573625 1.118452 -2.309186
v -1.718579 1.058672 -2.212419
v -1.525212 1.058672 -2.372568
v -1.691746 0.974981 -2.226880
v -1.544419 0.974981 -2.348899
v -1.726346 0.813576 -2.174937
v -1.486940 0.813576 -2.373218
v -1.808568 0.753796 -2.068030
v -1.366588 0.753796 -2.434086
v -1.862375 0.789664 -1.992417
v -1.282276 0.789664 -2.472867
v -1.929203 0.885311 -1.913783
v -1.192569 0.885311 -2.523877
v -1.938411 0.969003 -1.906157
v -1.183361 0.969003 -2.531503
v -1.923017 1.028782 -1.934430
v -1.214007 1.028782 -2.521646
v -1.848422 1.076606 -2.050546
v -1.341986 1.076606 -2.469986
v -1.761596 1.100518 -2.161267
v -1.466943 1.100518 -2.405304
v -1.602830 0.155999 -2.269474
v -1.667286 0.191867 -2.216090
v -1.538375 0.191867 -2.322857
v -1.660450 0.102197 -2.198465
v -1.522331 0.102197 -2.312858
v -1.620596 0.066330 -2.215949
v -1.546933 0.066330 -2.276958
v -1.579952 0.060352 -2.241850
v -1.610456 0.592391 -2.278682
v -1.606643 0.634237 -2.274078
v -1.666495 0.628259 -2.224508
v -1.546792 0.628259 -2.323648
v -1.684120 0.568479 -2.217672
v -1.536793 0.568479 -2.339691
v -1.657287 0.520655 -2.232134
v -1.556000 0.520655 -2.316022
v -1.807127 0.705972 -2.038174
v -1.337523 0.705972 -2.427109
v -1.913160 0.783686 -1.903784
v -1.185734 0.783686 -2.506252
v -1.966176 0.897267 -1.836589
v -1.109839 0.897267 -2.545824
v -2.002076 1.028782 -1.861191
v -1.127323 1.028782 -2.585678
v -2.004166 1.058672 -1.929318
v -1.193869 1.058672 -2.600421
v -1.891157 1.160298 -2.092772
v -1.375513 1.160298 -2.519838
v -1.836559 1.232033 -2.176802
v -1.468242 1.232033 -2.481849
v -1.779729 1.214100 -2.239393
v -1.540323 1.214100 -2.437674
v -1.716065 1.070628 -2.284359
v -1.596362 1.070628 -2.383499
v -1.714624 0.664126 -2.254504
v -1.567298 0.664126 -2.376523
v -1.715698 0.401096 -2.152709
v -1.467084 0.401096 -2.358615
v -1.727278 0.203823 -2.119831
v -1.432625 0.203823 -2.363869
v -1.725047 0.114153 -2.098393
v -1.411978 0.114153 -2.357683
v -1.691379 0.042418 -2.095230
v -1.415141 0.042418 -2.324015
v -1.649943 0.030462 -2.129547
v -1.456577 0.030462 -2.289697
v -1.557073 0.018506 -2.214226
v -1.599017 0.777708 -2.264870
v -1.618083 0.903245 -2.287889
v -1.800010 1.106496 -2.113928
v -1.413277 1.106496 -2.434227
v -1.707139 0.849443 -2.198607
v -1.513773 0.849443 -2.358757
v -1.692537 0.903245 -2.218463
v -1.536002 0.903245 -2.348108
v -1.671890 0.215779 -2.212277
v -1.533771 0.215779 -2.326670
v -1.656496 0.401096 -2.240551
v -1.564417 0.401096 -2.316813
v -1.610456 0.401096 -2.278682
v -1.606643 0.490765 -2.274078
v -1.680956 0.532611 -2.251340
v -1.570461 0.532611 -2.342854
v -1.711602 0.568479 -2.241483
v -1.555068 0.568479 -2.371128
v -1.690164 0.640215 -2.243714
v -1.561253 0.640215 -2.350481
v -1.648728 0.646192 -2.278032
v -1.602689 0.646192 -2.316163
v -1.648587 0.586413 -2.324721
v -1.668585 0.628259 -2.292635
v -1.613337 0.628259 -2.338392
v -1.696209 0.622281 -2.269756
v -1.585714 0.622281 -2.361270
v -1.713043 0.568479 -2.271338
v -1.584132 0.568479 -2.378104
v -1.683188 0.550545 -2.272779
v -1.591108 0.550545 -2.349040
v -1.637148 0.520655 -2.310909
v -1.667060 0.502721 -2.037751
v -1.363198 0.502721 -2.289414
v -1.688074 0.556523 -2.175587
v -1.494708 0.556523 -2.335737
v -1.697282 0.502721 -2.167961
v -1.485500 0.502721 -2.343363
v -1.653248 0.550545 -2.049190
v -1.377010 0.550545 -2.277975
v -1.579952 0.072308 -2.241850
v -1.607575 0.078285 -2.218971
v -1.552328 0.078285 -2.264729
v -1.646638 0.114153 -2.209905
v -1.536143 0.114153 -2.301419
v -1.654265 0.173933 -2.219113
v -1.543770 0.173933 -2.310627
v -1.564699 0.144043 -2.223434
v -1.623760 0.167955 -2.182281
v -1.513265 0.167955 -2.273795
v -1.612321 0.120131 -2.168469
v -1.501826 0.120131 -2.259983
v -1.580884 0.090241 -2.186744
v -1.525636 0.090241 -2.232501
v -1.553260 0.084263 -2.209622
v -1.726996 0.909223 -2.213209
v -1.524422 0.909223 -2.380985
v -1.732391 0.861399 -2.200979
v -1.511401 0.861399 -2.384008
v -1.812240 1.070628 -2.119323
v -1.416299 1.070628 -2.447248
v -1.783034 1.064650 -2.159035
v -1.460757 1.064650 -2.425951
v -1.870510 1.046716 -2.086587
v -1.373282 1.046716 -2.498400
v -1.915250 1.010849 -1.971911
v -1.252280 1.010849 -2.520996
v -1.925249 0.963025 -1.955868
v -1.234655 0.963025 -2.527832
v -1.916832 0.891289 -1.955077
v -1.235445 0.891289 -2.519414
v -1.876046 0.819554 -2.027667
v -1.314362 0.819554 -2.492864
v -1.827633 0.789664 -2.091049
v -1.385653 0.789664 -2.457106
v -1.759224 0.825532 -2.186518
v -1.492194 0.825532 -2.407677
v -1.731600 0.969003 -2.209396
v -1.519818 0.969003 -2.384799
v -1.750016 1.028782 -2.194144
v -1.501402 1.028782 -2.400051
v -1.752388 1.016827 -2.168893
v -1.476151 1.016827 -2.397678
v -1.729368 0.969003 -2.187958
v -1.499170 0.969003 -2.378613
v -1.756992 0.837488 -2.165080
v -1.471547 0.837488 -2.401491
v -1.820007 0.807598 -2.081841
v -1.378027 0.807598 -2.447898
v -1.859211 0.831510 -2.026086
v -1.315944 0.831510 -2.476030
v -1.894603 0.903245 -1.965726
v -1.250048 0.903245 -2.499558
v -1.899207 0.957047 -1.961913
v -1.245444 0.957047 -2.503371
v -1.889208 0.998893 -1.977956
v -1.263069 0.998893 -2.496536
v -1.854466 1.040738 -2.076588
v -1.366446 1.040738 -2.480775
v -1.783825 1.046716 -2.150618
v -1.452340 1.046716 -2.425161
v -1.808427 1.052694 -2.114719
v -1.412486 1.052694 -2.442644
v -1.730159 0.873355 -2.179541
v -1.490753 0.873355 -2.377822
v -1.725555 0.915201 -2.183354
v -1.495357 0.915201 -2.374009
v -1.606276 1.094540 -2.142427
v -1.477365 1.094540 -2.249194
v -1.660733 1.249967 -2.105087
v -1.430535 1.249967 -2.295742
v -1.732165 1.267901 -2.022640
v -1.336224 1.267901 -2.350565
v -1.800575 1.166276 -1.927171
v -1.229684 1.166276 -2.399994
v -1.885169 1.088562 -1.795012
v -1.084080 1.088562 -2.458490
v -1.938976 1.052694 -1.719400
v -0.999768 1.052694 -2.497270
v -1.883220 0.867377 -1.680196
v -0.971636 0.867377 -2.435187
v -1.800998 0.741840 -1.787103
v -1.091989 0.741840 -2.374319
v -1.731007 0.670104 -1.899406
v -1.215363 0.670104 -2.326472
v -1.385484 1.429306 -2.007048
v -1.206269 1.495064 -1.790662
v -0.916474 0.592391 -1.440761
v -1.335914 0.389140 -1.947196
v -1.469372 -0.005406 -2.108335
v -1.412176 0.126109 -2.039276
v -1.400736 0.305448 -2.025464
v -1.381671 0.371206 -2.002444
v -1.772923 0.921179 -1.453302
v -0.769260 0.921179 -2.284556
v -1.727957 0.986937 -1.389638
v -0.715086 0.986937 -2.228518
v -1.486659 0.945091 -1.201384
v -0.575075 0.945091 -1.956375
v -1.172855 1.076606 -1.197373
v -0.629588 1.076606 -1.647317
v -1.711490 0.705972 -1.519707
v -0.845945 0.705972 -2.236567
v -1.514226 0.646192 -1.450223
v -0.814424 0.646192 -2.029813
v -1.412205 0.735862 -1.270810
v -0.657155 0.735862 -1.896157
v -1.118258 0.783686 -1.281402
v -0.722317 0.783686 -1.609328
v -1.580799 0.472831 -1.961715
v -1.304562 0.472831 -2.190500
v -1.476123 0.425008 -1.900931
v -1.264341 0.425008 -2.076333
v -1.601588 0.197845 -1.921211
v -1.260895 0.197845 -2.203380
v -1.582381 0.359250 -1.944881
v -1.287727 0.359250 -2.188918
v -1.632234 0.042418 -1.911354
v -1.245501 0.042418 -2.231653
v -1.506486 0.161977 -1.984452
v -1.340744 0.161977 -2.121723
v -1.493465 0.329360 -1.987474
v -1.346138 0.329360 -2.109493
v -1.554616 0.018506 -2.014448
v -1.361250 0.018506 -2.174598
v -1.583031 0.526633 -1.983153
v -1.325209 0.526633 -2.196686
v -1.597492 0.568479 -2.009986
v -1.348878 0.568479 -2.215892
v -1.608140 0.610325 -2.032215
v -1.368734 0.610325 -2.230495
v -1.448782 0.442942 -1.830431
v -1.200168 0.442942 -2.036338
v -1.289705 0.502721 -1.535269
v -0.939804 0.502721 -1.825064
v -1.183871 0.628259 -1.351252
v -0.778722 0.628259 -1.686804
v -1.324588 1.405395 -1.389948
v -0.790529 1.405395 -1.832266
v -1.477112 1.453218 -1.574107
v -0.943052 1.453218 -2.016425
v -1.625822 1.393439 -1.753661
v -1.091763 1.393439 -2.195979
v -1.725753 1.142364 -1.864947
v -1.182486 1.142364 -2.314891
v -1.836531 1.052694 -1.680054
v -0.980194 1.052694 -2.389289
v -1.754592 1.088562 -1.693584
v -1.008750 1.088562 -2.311304
v -1.648616 1.279857 -1.556256
v -0.893567 1.279857 -2.181602
v -1.775013 1.172254 -1.521430
v -0.835805 1.172254 -2.299300
v -1.656807 1.214100 -1.378707
v -0.717599 1.214100 -2.156577
v -1.526597 1.315725 -1.408929
v -0.771548 1.315725 -2.034276
v -1.404578 1.261923 -1.261602
v -0.649529 1.261923 -1.886949
v -1.538602 1.154320 -1.235984
v -0.599394 1.154320 -2.013854
v -1.322131 0.992915 -1.190170
v -0.594705 0.992915 -1.792638
v -1.262929 0.759774 -1.278013
v -0.692038 0.759774 -1.750836
v -1.628675 0.992915 -1.316624
v -0.661844 0.992915 -2.117373
v -1.556254 0.610325 -1.725896
v -1.077443 0.610325 -2.122457
v -1.394664 0.592391 -1.502675
v -0.888229 0.592391 -1.922114
v -1.654859 1.052694 -1.263891
v -0.605156 1.052694 -2.133275
v -1.639182 0.634237 -1.385542
v -0.727598 0.634237 -2.140534
v -1.696577 0.664126 -1.136194
v -0.471923 0.664126 -2.150476
v -1.789729 0.783686 -0.958137
v -0.279630 0.783686 -2.208830
v -1.834978 0.986937 -0.928423
v -0.242008 0.986937 -2.247752
v -1.765919 1.130408 -0.985619
v -0.311067 1.130408 -2.190556
v -1.694995 1.106496 -1.153028
v -0.488757 1.106496 -2.152058
v -1.701830 1.058672 -1.170653
v -0.504801 1.058672 -2.162056
v -1.753547 1.076606 -1.026914
v -0.353943 1.076606 -2.186093
v -1.791961 0.963025 -0.979575
v -0.300278 0.963025 -2.215016
v -1.759733 0.801620 -1.006267
v -0.332505 0.801620 -2.188324
v -1.703412 0.711950 -1.153819
v -0.487966 0.711950 -2.160475
v -1.667597 0.688038 -1.354247
v -0.691557 0.688038 -2.162621
v -1.680901 1.016827 -1.257846
v -0.594366 1.016827 -2.157735
v -1.660395 0.974981 -1.204971
v -0.546236 0.974981 -2.127739
v -1.661694 0.723906 -1.281515
v -0.621199 0.723906 -2.143274
v -1.677511 0.741840 -1.113174
v -0.452858 0.741840 -2.127456
v -1.726856 0.813576 -0.994686
v -0.327252 0.813576 -2.153865
v -1.754479 0.933135 -0.971808
v -0.299628 0.933135 -2.176744
v -1.721461 1.016827 -1.006916
v -0.340273 1.016827 -2.150843
v -1.672117 1.004871 -1.125405
v -0.465879 1.004871 -2.124434
v -1.638674 0.963025 -1.300581
v -0.644219 0.963025 -2.124208
v -1.603565 0.873355 -1.267562
v -0.618318 0.873355 -2.083563
v -1.557526 0.813576 -1.305693
v -0.664357 0.813576 -2.045432
v -1.594357 0.807598 -1.275188
v -0.627526 0.807598 -2.075937
v -1.608169 0.753796 -1.263749
v -0.613714 0.753796 -2.087376
v -1.589754 0.729884 -1.279001
v -0.632130 0.729884 -2.072124
v -1.638250 0.741840 -1.440648
v -0.781914 0.741840 -2.149883
v -1.584076 0.723906 -1.384610
v -0.736947 0.723906 -2.086218
v -1.576450 0.771730 -1.375402
v -0.729321 0.771730 -2.077011
v -1.611050 0.897267 -1.323459
v -0.671842 0.897267 -2.101330
v -1.639606 0.927157 -1.245475
v -0.589903 0.927157 -2.114859
v -1.612915 0.921179 -1.213247
v -0.563212 0.921179 -2.082631
v -1.566875 0.729884 -1.251378
v -0.609251 0.729884 -2.044500
v -1.589895 0.753796 -1.232312
v -0.586231 0.753796 -2.063566
v -1.576083 0.801620 -1.243752
v -0.600043 0.801620 -2.052126
v -1.539251 0.813576 -1.274256
v -0.636875 0.813576 -2.021622
v -1.585291 0.873355 -1.236125
v -0.590835 0.873355 -2.059753
v -1.654633 0.992915 -1.085551
v -0.429979 0.992915 -2.099832
v -1.707790 1.004871 -0.971666
v -0.308186 1.004871 -2.130845
v -1.745413 0.927157 -0.932745
v -0.262938 0.927157 -2.160559
v -1.721602 0.807598 -0.960227
v -0.294374 0.807598 -2.142285
v -1.655424 0.741840 -1.077134
v -0.421562 0.741840 -2.099041
v -1.635002 0.729884 -1.249288
v -0.594507 0.729884 -2.111046
v -1.638307 0.963025 -1.168930
v -0.514941 0.963025 -2.099324
v -1.609102 0.825532 -1.208643
v -0.559399 0.825532 -2.078027
v -1.632912 0.789664 -1.181160
v -0.527962 0.789664 -2.096302
v -1.654492 0.837488 -1.132240
v -0.475878 0.837488 -2.108391
v -1.639098 0.873355 -1.160513
v -0.506524 0.873355 -2.098533
v -1.659886 0.921179 -1.120010
v -0.462857 0.921179 -2.111413
v -1.679093 0.885311 -1.096340
v -0.436024 0.885311 -2.125874
v -1.707508 0.903245 -1.065045
v -0.399983 0.903245 -2.147962
v -1.693696 0.951069 -1.076484
v -0.413795 0.951069 -2.136523
v -1.611107 1.076606 -1.051741
v -0.404869 1.076606 -2.050771
v -1.714117 1.100518 -0.904330
v -0.240850 1.100518 -2.124518
v -1.806055 0.969003 -0.874757
v -0.194669 0.969003 -2.209338
v -1.758575 0.783686 -0.883033
v -0.211644 0.783686 -2.164231
v -1.616502 0.676082 -1.039511
v -0.391848 0.676082 -2.053793
v -1.549250 0.646192 -1.258213
v -0.619250 0.646192 -2.028457
v -1.563994 1.034760 -1.191668
v -0.551123 1.034760 -2.030547
vn -0.6848 -0.6566 0.3160
vn 0.4381 -0.6566 -0.6140
vn -0.8561 -0.5104 -0.0811
vn 0.0798 -0.5104 -0.8562
vn -0.8356 -0.5463 0.0574
vn 0.2120 -0.5463 -0.8103
vn -0.3957 -0.8712 -0.2907
vn -0.2119 -0.8712 -0.4429
vn -0.4927 -0.7515 -0.4388
vn -0.3394 -0.7515 -0.5658
vn -0.1855 -0.9670 -0.1748
vn -0.1371 -0.9670 -0.2148
vn 0.2963 -0.6883 -0.6622
vn -0.7058 -0.6883 0.1678
vn -0.1015 -0.5362 -0.8380
vn -0.8044 -0.5362 -0.2559
vn 0.0817 -0.6332 -0.7697
vn -0.7714 -0.6332 -0.0631
vn 0.2493 -0.0070 -0.9684
vn -0.9979 -0.0070 0.0646
vn 0.0696 -0.0041 -0.9976
vn -0.9931 -0.0041 -0.1175
vn 0.5382 -0.0102 -0.8427
vn -0.9282 -0.0102 0.3718
vn 0.3167 0.6821 -0.6591
vn -0.7066 0.6821 0.1884
vn -0.1085 0.5222 -0.8459
vn -0.8109 0.5222 -0.2642
vn 0.0440 0.6258 -0.7788
vn -0.7733 0.6258 -0.1019
vn -0.4319 0.8416 -0.3243
vn -0.2382 0.8416 -0.4847
vn -0.5032 0.7402 -0.4460
vn -0.3444 0.7402 -0.5775
vn -0.1673 0.9726 -0.1616
vn -0.1276 0.9726 -0.1945
vn -0.6821 0.6521 0.3308
vn 0.4521 0.6521 -0.6086
vn -0.8642 0.4956 -0.0868
vn 0.0757 0.4956 -0.8652
vn -0.8430 0.5371 0.0298
vn 0.1863 0.5371 -0.8227
vn -0.9851 -0.0047 0.1717
vn 0.3522 -0.0047 -0.9359
vn -0.9988 -0.0029 0.0484
vn 0.2336 -0.0029 -0.9723
vn -0.9032 -0.0118 0.4291
vn 0.5899 -0.0118 -0.8074
vn -0.9111 -0.0127 0.4120
vn 0.5745 -0.0127 -0.8184
vn -0.6976 0.6556 0.2890
vn 0.4139 0.6556 -0.6316
vn -0.2510 0.9389 -0.2355
vn -0.1846 0.9389 -0.2905
vn 0.1839 0.6285 -0.7557
vn -0.7767 0.6285 0.0399
vn 0.4748 -0.0130 -0.8800
vn -0.9530 -0.0130 0.3026
vn 0.1783 -0.6366 -0.7503
vn -0.7704 -0.6366 0.0354
vn -0.7684 -0.0053 -0.6399
vn -0.4856 -0.0053 -0.8742
vn -0.2481 -0.9404 -0.2328
vn -0.1825 -0.9404 -0.2871
vn -0.6929 -0.6625 0.2847
vn 0.4087 -0.6625 -0.6277
vn -0.1705 0.9636 -0.2059
vn -0.6357 -0.0827 -0.7675
vn -0.6375 -0.0341 -0.7697
vn -0.3196 -0.8654 -0.3859
vn -0.2000 0.8128 -0.5471
vn -0.1743 -0.9619 -0.2104
vn -0.3263 0.8592 -0.3940
vn -0.5412 0.5293 -0.6534
vn 0.3517 0.8342 0.4247
vn 0.5938 0.3650 0.7170
vn 0.6075 -0.3049 0.7335
vn 0.2147 -0.9417 0.2592
vn -0.8840 -0.3307 0.3303
vn 0.4892 -0.3307 -0.8070
vn -0.8359 0.2492 0.4891
vn 0.6362 0.2492 -0.7301
vn -0.8824 0.1003 0.4598
vn 0.6161 0.1003 -0.7813
vn -0.8545 -0.2579 0.4510
vn 0.6023 -0.2579 -0.7555
vn -0.5084 -0.8347 0.2119
vn 0.3028 -0.8347 -0.4600
vn -0.2204 -0.9753 -0.0160
vn 0.0254 -0.9753 -0.2195
vn -0.1609 -0.9677 -0.1943
vn -0.2635 -0.9371 0.2288
vn 0.2739 -0.9371 -0.2162
vn -0.5781 -0.7849 0.2230
vn 0.3268 -0.7849 -0.5265
vn -0.6163 -0.4009 0.6778
vn 0.7808 -0.4009 -0.4792
vn -0.8413 0.4434 0.3092
vn 0.4605 0.4434 -0.7690
vn -0.5338 0.8291 0.1661
vn 0.2627 0.8291 -0.4935
vn -0.5652 0.7847 0.2544
vn 0.3552 0.7847 -0.5079
vn -0.2898 0.9570 0.0127
vn 0.0665 0.9570 -0.2823
vn 0.3322 0.7680 -0.5475
vn -0.5998 0.7680 0.2244
vn 0.5408 0.5468 -0.6392
vn -0.7287 0.5468 0.4123
vn -0.8482 -0.2836 -0.4474
vn -0.2815 -0.2836 -0.9167
vn -0.6517 -0.1782 -0.7373
vn -0.6030 -0.1782 -0.7776
vn -0.4919 -0.2548 -0.8325
vn -0.7263 -0.2548 -0.6384
vn -0.8101 -0.3667 -0.4574
vn -0.2985 -0.3667 -0.8812
vn -0.8498 -0.3895 -0.3552
vn -0.1907 -0.3895 -0.9011
vn -0.9109 -0.1651 -0.3782
vn -0.2019 -0.1651 -0.9654
vn -0.8669 -0.1192 -0.4841
vn -0.3141 -0.1192 -0.9419
vn -0.7509 -0.3608 -0.5532
vn -0.4037 -0.3608 -0.8408
vn -0.7906 0.0372 -0.6112
vn -0.4532 0.0372 -0.8906
vn -0.8098 -0.1265 -0.5730
vn -0.4121 -0.1265 -0.9023
vn -0.5164 -0.5870 -0.6235
vn -0.7388 -0.1202 -0.6632
vn -0.5139 -0.1202 -0.8494
vn -0.6995 -0.3187 -0.6397
vn -0.4982 -0.3187 -0.8064
vn -0.5439 -0.3784 -0.7490
vn -0.6346 -0.3784 -0.6739
vn -0.5983 -0.3465 -0.7224
vn 0.7702 -0.0000 -0.6379
vn -0.4012 0.5084 -0.7619
vn -0.8902 -0.3412 -0.3018
vn -0.1307 -0.3412 -0.9308
vn -0.9365 -0.1242 0.3279
vn 0.4966 -0.1242 -0.8590
vn -0.8649 -0.4293 -0.2600
vn -0.0943 -0.4293 -0.8982
vn -0.7606 -0.5671 -0.3161
vn -0.1689 -0.5671 -0.8061
vn -0.8824 -0.3761 -0.2829
vn -0.1135 -0.3761 -0.9196
vn -0.9210 -0.3188 -0.2238
vn -0.0483 -0.3188 -0.9466
vn -0.9134 -0.1448 -0.3805
vn -0.2037 -0.1448 -0.9683
vn -0.9169 -0.1833 -0.3544
vn -0.1774 -0.1833 -0.9669
vn -0.8443 0.0039 -0.5358
vn -0.3692 0.0039 -0.9294
vn -0.8044 0.2166 -0.5533
vn -0.3937 0.2166 -0.8933
vn -0.4997 0.1660 -0.8501
vn -0.7422 0.1660 -0.6493
vn -0.5894 -0.0253 -0.8075
vn -0.6835 -0.0253 -0.7295
vn -0.6442 -0.2722 -0.7148
vn -0.5823 -0.2722 -0.7661
vn -0.9659 0.1082 -0.2354
vn -0.0514 0.1082 -0.9928
vn -0.9612 -0.0297 -0.2744
vn -0.0906 -0.0297 -0.9954
vn -0.9382 -0.2264 -0.2617
vn -0.0823 -0.2264 -0.9706
vn -0.7065 -0.6392 -0.3039
vn -0.1670 -0.6392 -0.7507
vn -0.5230 -0.7590 -0.3878
vn -0.2836 -0.7590 -0.5861
vn -0.4028 -0.7753 -0.4864
vn -0.6365 0.0643 -0.7686
vn -0.6219 -0.2220 -0.7509
vn -0.7378 -0.1542 -0.6572
vn -0.5082 -0.1542 -0.8473
vn -0.4045 -0.3012 -0.8635
vn -0.7731 -0.3012 -0.5582
vn -0.4644 -0.1350 -0.8753
vn -0.7734 -0.1350 -0.6194
vn -0.7664 -0.0452 -0.6408
vn -0.4868 -0.0452 -0.8723
vn -0.7354 0.0063 -0.6776
vn -0.5288 0.0063 -0.8487
vn -0.6379 -0.0000 -0.7702
vn -0.5610 -0.4760 -0.6773
vn -0.7196 -0.6929 0.0461
vn 0.1794 -0.6929 -0.6984
vn -0.8956 -0.2353 0.3776
vn 0.5378 -0.2353 -0.8095
vn -0.5592 0.7688 0.3103
vn 0.4090 0.7688 -0.4916
vn 0.0554 0.9491 -0.3102
vn -0.3151 0.9491 -0.0034
vn -0.6299 0.1578 -0.7605
vn -0.3554 0.5956 -0.7204
vn -0.6415 0.5956 -0.4834
vn -0.7914 0.4713 -0.3894
vn -0.2351 0.4713 -0.8501
vn -0.8791 -0.3147 -0.3579
vn -0.1878 -0.3147 -0.9304
vn -0.6445 -0.5864 -0.4907
vn -0.3621 -0.5864 -0.7246
vn -0.5590 -0.4815 -0.6750
vn -0.7916 0.3530 0.4987
vn 0.6374 0.3530 -0.6849
vn -0.9992 0.0387 0.0088
vn 0.1948 0.0387 -0.9801
vn -0.9761 0.1488 -0.1585
vn 0.0261 0.1488 -0.9885
vn -0.7973 0.3435 0.4963
vn 0.6361 0.3435 -0.6909
vn -0.5290 0.5588 -0.6387
vn -0.1286 0.5798 -0.8045
vn -0.7665 0.5798 -0.2762
vn -0.0028 0.0428 -0.9991
vn -0.9811 0.0428 -0.1888
vn -0.4295 -0.5273 -0.7331
vn -0.6403 -0.5273 -0.5586
vn -0.4562 -0.6990 -0.5508
vn 0.0887 -0.7041 -0.7045
vn -0.7087 -0.7041 -0.0441
vn 0.0534 0.1155 -0.9919
vn -0.9845 0.1155 -0.1323
vn -0.3008 0.4750 -0.8270
vn -0.7565 0.4750 -0.4496
vn -0.5395 0.5334 -0.6514
vn -0.7493 -0.0843 -0.6569
vn -0.5058 -0.0843 -0.8585
vn -0.6285 -0.0700 -0.7747
vn -0.6441 -0.0700 -0.7618
vn -0.7778 0.1032 -0.6199
vn -0.4642 0.1032 -0.8797
vn -0.7388 0.0966 -0.6670
vn -0.5177 0.0966 -0.8501
vn -0.6985 -0.1272 -0.7043
vn -0.5618 -0.1272 -0.8174
vn -0.8363 0.0047 -0.5483
vn -0.3829 0.0047 -0.9238
vn -0.7633 -0.0608 -0.6432
vn -0.4897 -0.0608 -0.8697
vn -0.8328 -0.1021 -0.5441
vn -0.3795 -0.1021 -0.9196
vn -0.8385 -0.0356 -0.5437
vn -0.3779 -0.0356 -0.9251
vn -0.7576 -0.1863 -0.6255
vn -0.4735 -0.1863 -0.8609
vn -0.5975 -0.2198 -0.7712
vn -0.6464 -0.2198 -0.7307
vn -0.8346 -0.0602 -0.5476
vn -0.3826 -0.0602 -0.9220
vn -0.7484 -0.1065 -0.6547
vn -0.5038 -0.1065 -0.8572
vn -0.8329 -0.4658 -0.2988
vn -0.1384 -0.4658 -0.8740
vn -0.9775 -0.2032 0.0574
vn 0.2384 -0.2032 -0.9497
vn -0.7715 0.5833 -0.2539
vn -0.1057 0.5833 -0.8053
vn -0.6313 0.5587 -0.5379
vn -0.4109 0.5587 -0.7205
vn -0.3671 0.6098 -0.7024
vn -0.6217 0.6098 -0.4915
vn -0.4660 0.1914 -0.8639
vn -0.7619 0.1914 -0.6187
vn -0.2482 -0.1078 -0.9627
vn -0.8996 -0.1078 -0.4232
vn -0.4008 -0.5826 -0.7070
vn -0.6200 -0.5826 -0.5255
vn -0.0690 -0.8556 -0.5130
vn -0.4911 -0.8556 -0.1634
vn -0.8066 -0.2786 -0.5214
vn -0.3620 -0.2786 -0.8896
vn -0.6885 -0.3142 -0.6536
vn -0.5139 -0.3142 -0.7982
vn -0.9518 0.2985 -0.0705
vn 0.1080 0.2985 -0.9483
vn -0.9986 0.0110 0.0510
vn 0.2361 0.0110 -0.9717
vn 0.2188 0.8619 -0.4574
vn -0.4902 0.8619 0.1298
vn 0.8238 0.5120 0.2434
vn 0.0857 0.5120 0.8547
vn 0.3846 0.6503 0.6551
vn 0.5720 0.6503 0.4999
vn 0.0980 0.8745 0.4750
vn 0.4484 0.8745 0.1847
vn -0.1263 0.9124 0.3892
vn 0.4059 0.9125 -0.0516
vn -0.2667 0.5814 0.7687
vn 0.8049 0.5814 -0.1189
vn -0.5873 -0.3062 0.7492
vn 0.8455 -0.3062 -0.4375
vn -0.3852 -0.8372 0.3883
vn 0.4533 -0.8372 -0.3061
vn -0.2507 -0.8637 0.4372
vn 0.4763 -0.8637 -0.1649
vn -0.3552 0.8306 -0.4288
vn -0.0144 0.9997 -0.0174
vn 0.4609 -0.6913 0.5565
vn 0.1169 -0.9831 0.1412
vn 0.3008 -0.8818 0.3632
vn 0.6090 -0.2974 0.7353
vn 0.6232 -0.2133 0.7524
vn 0.4061 -0.7711 0.4904
vn -0.7989 -0.1605 0.5797
vn 0.7184 -0.1605 -0.6769
vn -0.7369 -0.0283 0.6754
vn 0.8009 -0.0283 -0.5981
vn -0.0444 -0.0453 0.9980
vn 0.9888 -0.0453 0.1423
vn 0.1863 0.1763 0.9665
vn 0.9149 0.1763 0.3631
vn -0.5968 -0.6898 0.4098
vn 0.5138 -0.6898 -0.5101
vn -0.2413 -0.9500 0.1983
vn 0.2398 -0.9500 -0.2001
vn 0.2139 -0.6029 0.7686
vn 0.7153 -0.6029 0.3533
vn 0.1802 -0.3584 0.9160
vn 0.8664 -0.3584 0.3477
vn -0.4586 0.2578 0.8504
vn 0.9210 0.2578 -0.2922
vn -0.3532 -0.6687 0.6543
vn 0.7086 -0.6687 -0.2251
vn 0.0196 0.0835 0.9963
vn 0.9752 0.0835 0.2049
vn -0.2014 -0.0105 0.9795
vn 0.9998 -0.0105 -0.0154
vn 0.0075 -0.4762 0.8793
vn 0.8625 -0.4762 0.1712
vn 0.5065 -0.1510 0.8489
vn 0.7397 -0.1510 0.6558
vn 0.3657 -0.3147 0.8759
vn 0.7925 -0.3147 0.5224
vn 0.3423 -0.7832 0.5191
vn 0.4463 -0.7832 0.4330
vn -0.7930 -0.1959 0.5769
vn 0.7145 -0.1959 -0.6716
vn -0.9599 -0.1577 0.2319
vn 0.4067 -0.1577 -0.8999
vn -0.7561 -0.5715 0.3188
vn 0.4541 -0.5715 -0.6835
vn -0.4487 -0.8197 0.3561
vn 0.4334 -0.8197 -0.3745
vn -0.2608 -0.8376 0.4800
vn 0.5202 -0.8376 -0.1669
vn -0.0529 -0.6536 0.7550
vn 0.7516 -0.6536 0.0887
vn -0.0291 0.8153 0.5783
vn 0.5736 0.8153 0.0792
vn -0.3437 0.9096 0.2334
vn 0.2933 0.9096 -0.2942
vn -0.6783 0.7244 -0.1226
vn 0.0059 0.7244 -0.6893
vn -0.4680 0.8832 -0.0310
vn 0.0568 0.8832 -0.4655
vn -0.6444 0.6311 0.4318
vn 0.5443 0.6311 -0.5527
vn -0.6134 0.7886 -0.0439
vn 0.0711 0.7886 -0.6108
vn -0.7184 0.6719 0.1801
vn 0.3108 0.6719 -0.6723
vn -0.8442 0.5164 0.1436
vn 0.2984 0.5164 -0.8027
vn -0.6446 0.5288 0.5521
vn 0.6625 0.5288 -0.5305
vn -0.4781 0.7314 0.4863
vn 0.5668 0.7314 -0.3792
vn -0.1148 0.5696 0.8139
vn 0.8210 0.5696 0.0388
vn -0.4327 0.3146 0.8449
vn 0.9107 0.3146 -0.2678
vn 0.0219 -0.0605 0.9979
vn 0.9764 -0.0605 0.2074
vn 0.0273 -0.5051 0.8626
vn 0.8424 -0.5051 0.1875
vn -0.7904 0.4934 0.3630
vn 0.5039 0.4934 -0.7090
vn -0.5370 -0.8027 0.2594
vn 0.3549 -0.8027 -0.4793
vn -0.3564 -0.8173 0.4528
vn 0.5112 -0.8173 -0.2659
vn -0.1523 0.7683 -0.6217
vn -0.5824 0.7683 -0.2654
vn -0.5151 -0.6350 -0.5756
vn -0.4696 -0.6350 -0.6133
vn -0.6235 -0.7810 0.0356
vn 0.1511 -0.7810 -0.6060
vn -0.8782 -0.4768 -0.0372
vn 0.1270 -0.4768 -0.8698
vn -0.9853 0.1678 0.0313
vn 0.2143 0.1678 -0.9623
vn -0.5051 0.8630 -0.0086
vn 0.0857 0.8630 -0.4979
vn -0.3262 0.8723 -0.3643
vn -0.2972 0.8723 -0.3883
vn -0.9543 -0.0788 -0.2881
vn -0.1053 -0.0788 -0.9913
vn -0.8487 -0.0923 -0.5208
vn -0.3535 -0.0923 -0.9308
vn -0.5063 -0.1239 -0.8534
vn -0.7442 -0.1239 -0.6564
vn -0.5740 0.3109 -0.7575
vn -0.6374 0.3109 -0.7051
vn -0.9181 0.2953 -0.2644
vn -0.0888 0.2953 -0.9513
vn -0.8216 0.3157 -0.4747
vn -0.3133 0.3157 -0.8956
vn -0.9153 -0.0383 -0.4009
vn -0.2233 -0.0383 -0.9740
vn -0.8281 -0.5558 0.0727
vn 0.2257 -0.5558 -0.8001
vn -0.4361 0.8581 -0.2712
vn -0.1852 0.8581 -0.4790
vn -0.0061 0.9538 -0.3002
vn -0.2938 0.9538 -0.0619
vn 0.5993 0.6471 -0.4712
vn -0.5746 0.6471 0.5010
vn 0.6674 -0.0996 -0.7380
vn -0.8494 -0.0996 0.5183
vn -0.2991 -0.7455 -0.5956
vn -0.5295 -0.7455 -0.4048
vn -0.7500 -0.6609 -0.0269
vn 0.1133 -0.6609 -0.7419
vn -0.9695 -0.2332 0.0757
vn 0.2550 -0.2332 -0.9384
vn -0.7675 -0.6234 0.1493
vn 0.2897 -0.6234 -0.7263
vn -0.9892 0.0414 0.1405
vn 0.3223 0.0414 -0.9457
vn -0.7565 0.6344 -0.1588
vn -0.0150 0.6344 -0.7729
vn -0.9737 -0.1763 0.1445
vn 0.3233 -0.1763 -0.9297
vn -0.8535 0.5132 -0.0902
vn 0.0704 0.5132 -0.8554
vn -0.5656 -0.4931 0.6610
vn 0.7548 -0.4931 -0.4326
vn -0.9921 0.1144 -0.0515
vn 0.1342 0.1144 -0.9843
vn -0.8995 -0.1188 0.4205
vn 0.5807 -0.1188 -0.8054
vn -0.8212 -0.4790 0.3101
vn 0.4577 -0.4790 -0.7491
vn -0.8610 -0.4989 0.0987
vn 0.2574 -0.4989 -0.8275
vn -0.8829 -0.4685 -0.0324
vn 0.1327 -0.4685 -0.8735
vn -0.9423 0.3101 -0.1264
vn 0.0513 0.3101 -0.9493
vn -0.7877 0.3709 -0.4918
vn -0.3365 0.3709 -0.8656
vn -0.8618 0.3799 -0.3362
vn -0.1698 0.3799 -0.9093
vn -0.9635 0.2666 0.0256
vn 0.2046 0.2666 -0.9418
vn -0.8905 -0.4189 -0.1776
vn -0.0086 -0.4189 -0.9080
vn -0.8810 -0.3291 -0.3398
vn -0.1697 -0.3291 -0.9289
vn -0.3110 -0.5331 -0.7868
vn -0.7151 -0.5331 -0.4521
vn 0.1606 -0.0338 -0.9864
vn -0.9991 -0.0338 -0.0259
vn 0.0407 0.4999 -0.8651
vn -0.8575 0.4999 -0.1212
vn -0.5013 0.7039 -0.5033
vn -0.4011 0.7039 -0.5862
vn -0.1822 0.9449 -0.2719
vn -0.2332 0.9449 -0.2296
vn -0.9041 -0.4206 -0.0754
vn 0.0943 -0.4206 -0.9023
vn -0.7754 0.0390 -0.6303
vn -0.4748 0.0390 -0.8792
vn -0.8911 0.1273 -0.4356
vn -0.2620 0.1273 -0.9566
vn -0.9107 -0.0937 -0.4023
vn -0.2256 -0.0937 -0.9697
vn -0.8588 -0.0046 -0.5122
vn -0.3433 -0.0046 -0.9392
vn -0.8548 0.1068 -0.5079
vn -0.3398 0.1068 -0.9344
vn -0.8440 -0.1038 -0.5262
vn -0.3598 -0.1038 -0.9273
vn -0.8826 -0.0685 -0.4650
vn -0.2925 -0.0685 -0.9538
vn -0.7994 0.3158 -0.5111
vn -0.3532 0.3158 -0.8806
vn 0.7812 0.5509 0.2938
vn 0.1431 0.5509 0.8222
vn 0.2564 0.5978 0.7596
vn 0.6985 0.5978 0.3934
vn -0.4779 0.0918 0.8736
vn 0.9473 0.0918 -0.3068
vn -0.1182 -0.5043 0.8554
vn 0.8624 -0.5043 0.0432
vn 0.4871 -0.6796 0.5485
vn 0.4482 -0.6796 0.5807
vn 0.4156 -0.8409 0.3468
vn 0.2633 -0.8409 0.4729
vn 0.8102 0.5847 -0.0408
vn -0.1911 0.5847 0.7885
vt 0.843250 0.588863
vt 0.794218 0.611927
vt 0.815334 0.560948
vt 0.866314 0.937441
vt 0.889378 0.888409
vt 0.917293 0.916324
vt 0.746541 0.611927
vt 0.781622 0.527235
vt 0.866314 0.985118
vt 0.951006 0.950037
vt 0.781622 0.696619
vt 0.781622 0.950037
vt 0.833697 0.611927
vt 0.815334 0.662907
vt 0.815334 0.916325
vt 0.866314 0.897962
vt 0.843250 0.634991
vt 0.866314 0.684023
vt 0.794218 0.865345
vt 0.843250 0.888409
vt 0.866314 0.731700
vt 0.746541 0.865345
vt 0.917293 0.662907
vt 0.815334 0.814366
vt 0.781622 0.780653
vt 0.866314 0.644544
vt 0.833697 0.865345
vt 0.889378 0.634991
vt 0.938410 0.611927
vt 0.866314 0.793249
vt 0.843250 0.842281
vt 0.951006 0.696619
vt 0.866314 0.745572
vt 0.917294 0.560947
vt 0.986087 0.611927
vt 0.917294 0.814365
vt 0.951006 0.780653
vt 0.889378 0.588863
vt 0.898931 0.611927
vt 0.889378 0.842281
vt 0.866314 0.579310
vt 0.898931 0.865345
vt 0.938410 0.865345
vt 0.866314 0.539831
vt 0.951006 0.527235
vt 0.986087 0.865345
vt 0.866314 0.492154
vt 0.847600 0.593213
vt 0.885028 0.884059
vt 0.892780 0.865345
vt 0.866314 0.585461
vt 0.885028 0.846631
vt 0.885028 0.593213
vt 0.866314 0.832728
vt 0.866314 0.838879
vt 0.892780 0.611927
vt 0.847600 0.846631
vt 0.866314 0.638393
vt 0.885028 0.630641
vt 0.839848 0.865345
vt 0.847600 0.630641
vt 0.847600 0.884059
vt 0.839848 0.611927
vt 0.866314 0.891811
vt 0.866314 0.611927
vt 0.866314 0.865345
vt 0.517028 0.068490
vt 0.500000 0.054411
vt 0.520711 0.060503
vt 0.482972 0.068490
vt 0.500000 0.064527
vt 0.522612 0.070678
vt 0.530457 0.065062
vt 0.477388 0.070678
vt 0.479289 0.060503
vt 0.532878 0.067822
vt 0.467122 0.067822
vt 0.469543 0.065062
vt 0.544695 0.083023
vt 0.526301 0.079422
vt 0.473699 0.079422
vt 0.455305 0.083023
vt 0.565647 0.115495
vt 0.529228 0.091098
vt 0.470772 0.091098
vt 0.434353 0.115495
vt 0.586916 0.172042
vt 0.600470 0.238288
vt 0.535885 0.215568
vt 0.399530 0.238288
vt 0.413084 0.172042
vt 0.464115 0.215568
vt 0.650908 0.240294
vt 0.626605 0.208159
vt 0.349092 0.240294
vt 0.363038 0.261221
vt 0.655896 0.284413
vt 0.636962 0.261221
vt 0.344104 0.284413
vt 0.684517 0.317795
vt 0.689501 0.268805
vt 0.315483 0.317795
vt 0.340493 0.313152
vt 0.671357 0.334694
vt 0.659507 0.313152
vt 0.328643 0.334694
vt 0.350893 0.322437
vt 0.636775 0.370732
vt 0.649107 0.322437
vt 0.363225 0.370732
vt 0.386364 0.353108
vt 0.594178 0.371277
vt 0.613636 0.353108
vt 0.405822 0.371277
vt 0.581044 0.398468
vt 0.602261 0.395588
vt 0.418956 0.398468
vt 0.422649 0.373341
vt 0.532016 0.387365
vt 0.577351 0.373341
vt 0.467984 0.387365
vt 0.460183 0.354339
vt 0.500000 0.382860
vt 0.539817 0.354339
vt 0.500000 0.340417
vt 0.579057 0.335646
vt 0.559135 0.334326
vt 0.420943 0.335646
vt 0.592090 0.332885
vt 0.606163 0.325516
vt 0.407910 0.332885
vt 0.628251 0.311636
vt 0.393837 0.325516
vt 0.635551 0.300507
vt 0.371749 0.311636
vt 0.631484 0.283889
vt 0.364449 0.300507
vt 0.611331 0.264411
vt 0.368516 0.283889
vt 0.592372 0.254897
vt 0.388669 0.264411
vt 0.559669 0.267717
vt 0.407628 0.254897
vt 0.500000 0.252445
vt 0.440331 0.267717
vt 0.544001 0.314523
vt 0.455999 0.314523
vt 0.500000 0.295691
vt 0.543637 0.293371
vt 0.456363 0.293371
vt 0.550878 0.277832
vt 0.449122 0.277832
vt 0.506819 0.075382
vt 0.493181 0.075382
vt 0.511782 0.080633
vt 0.488218 0.080633
vt 0.512172 0.093457
vt 0.537536 0.127779
vt 0.513874 0.097191
vt 0.486126 0.097191
vt 0.462464 0.127779
vt 0.487828 0.093457
vt 0.500000 0.157864
vt 0.514257 0.133422
vt 0.520226 0.164615
vt 0.485743 0.133422
vt 0.500000 0.134352
vt 0.500000 0.100063
vt 0.500000 0.091346
vt 0.530258 0.180239
vt 0.517666 0.172353
vt 0.482334 0.172353
vt 0.469742 0.180239
vt 0.479774 0.164615
vt 0.523673 0.198817
vt 0.521901 0.181560
vt 0.478099 0.181560
vt 0.476327 0.198817
vt 0.508211 0.197295
vt 0.500000 0.203867
vt 0.491789 0.197295
vt 0.481043 0.194728
vt 0.500000 0.192167
vt 0.500000 0.197278
vt 0.500000 0.165170
vt 0.500000 0.171718
vt 0.486462 0.176949
vt 0.508818 0.192407
vt 0.491182 0.192407
vt 0.515232 0.190709
vt 0.518957 0.194728
vt 0.484768 0.190709
vt 0.483092 0.181873
vt 0.513538 0.176949
vt 0.516908 0.181873
vt 0.500000 0.186182
vt 0.544209 0.172814
vt 0.455791 0.172814
vt 0.458673 0.154899
vt 0.541327 0.154899
vt 0.578661 0.139176
vt 0.421339 0.139176
vt 0.583245 0.154155
vt 0.416755 0.154155
vt 0.509911 0.090724
vt 0.490089 0.090724
vt 0.500000 0.089977
vt 0.509713 0.082236
vt 0.490287 0.082236
vt 0.505196 0.077083
vt 0.494804 0.077083
vt 0.500000 0.073497
vt 0.500000 0.075473
vt 0.500000 0.080320
vt 0.496555 0.080840
vt 0.506660 0.083289
vt 0.503445 0.080840
vt 0.493340 0.083289
vt 0.506822 0.086791
vt 0.493178 0.086791
vt 0.500000 0.085637
vt 0.562361 0.284338
vt 0.559190 0.294882
vt 0.437639 0.284338
vt 0.440810 0.294882
vt 0.563180 0.307151
vt 0.436820 0.307151
vt 0.570458 0.318697
vt 0.429542 0.318697
vt 0.430757 0.278245
vt 0.589914 0.271772
vt 0.569243 0.278245
vt 0.410086 0.271772
vt 0.602190 0.277180
vt 0.397810 0.277180
vt 0.617110 0.287175
vt 0.382890 0.287175
vt 0.618074 0.299197
vt 0.381926 0.299197
vt 0.384129 0.307438
vt 0.615871 0.307438
vt 0.401576 0.313725
vt 0.590828 0.319797
vt 0.598424 0.313725
vt 0.409172 0.319797
vt 0.582130 0.320991
vt 0.417870 0.320991
vt 0.583998 0.312892
vt 0.416002 0.312892
vt 0.421385 0.309394
vt 0.589656 0.312336
vt 0.410344 0.312336
vt 0.596347 0.309249
vt 0.403653 0.309249
vt 0.606014 0.302517
vt 0.393986 0.302517
vt 0.607735 0.297520
vt 0.392265 0.297520
vt 0.606985 0.291216
vt 0.393015 0.291216
vt 0.598275 0.283083
vt 0.401725 0.283083
vt 0.589866 0.280167
vt 0.410134 0.280167
vt 0.576352 0.284624
vt 0.423648 0.284624
vt 0.572831 0.289915
vt 0.427169 0.289915
vt 0.573307 0.303342
vt 0.578615 0.309394
vt 0.426693 0.303342
vt 0.572447 0.295716
vt 0.427553 0.295716
vt 0.529647 0.428636
vt 0.500000 0.428636
vt 0.470353 0.428636
vt 0.584616 0.428636
vt 0.415384 0.428636
vt 0.397739 0.395588
vt 0.377699 0.417889
vt 0.622301 0.417889
vt 0.333786 0.388954
vt 0.666214 0.388954
vt 0.298519 0.344467
vt 0.712163 0.315527
vt 0.701481 0.344467
vt 0.287837 0.315527
vt 0.310499 0.268805
vt 0.295695 0.260225
vt 0.672947 0.224880
vt 0.704305 0.260225
vt 0.327053 0.224880
vt 0.640497 0.198841
vt 0.359503 0.198841
vt 0.625128 0.029461
vt 0.598617 0.056841
vt 0.603553 0.023452
vt 0.374872 0.029461
vt 0.401383 0.056841
vt 0.364247 0.082198
vt 0.556354 0.040906
vt 0.546781 0.009442
vt 0.396447 0.023452
vt 0.443646 0.040906
vt 0.527159 0.049514
vt 0.500000 0.033223
vt 0.453219 0.009442
vt 0.472841 0.049514
vt 0.537222 0.060794
vt 0.462778 0.060794
vt 0.558499 0.065137
vt 0.441501 0.065137
vt 0.588127 0.085177
vt 0.411873 0.085177
vt 0.635753 0.082198
vt 0.607239 0.113940
vt 0.392761 0.113940
vt 0.612663 0.133675
vt 0.387337 0.133675
vt 0.394533 0.151503
vt 0.600708 0.162985
vt 0.399292 0.162985
vt 0.373395 0.208159
vt 0.859647 0.117994
vt 0.861342 0.027230
vt 0.922374 0.064228
vt 0.140353 0.117994
vt 0.138658 0.027230
vt 0.176713 0.101559
vt 0.823287 0.101559
vt 0.774604 0.010837
vt 0.225396 0.010837
vt 0.234137 0.087001
vt 0.661952 0.087561
vt 0.647010 0.028716
vt 0.338048 0.087561
vt 0.352990 0.028716
vt 0.743592 0.198572
vt 0.766410 0.233065
vt 0.256408 0.198572
vt 0.233590 0.233065
vt 0.889478 0.177602
vt 0.987633 0.154243
vt 0.110522 0.177602
vt 0.077626 0.064228
vt 0.844317 0.347370
vt 0.958963 0.357385
vt 0.899807 0.420886
vt 0.155683 0.347370
vt 0.041037 0.357385
vt 0.118831 0.309153
vt 0.903302 0.261367
vt 0.999860 0.253531
vt 0.096698 0.261367
vt 0.000140 0.253531
vt 0.012367 0.154243
vt 0.724763 0.340212
vt 0.744725 0.304629
vt 0.766113 0.319494
vt 0.255275 0.304629
vt 0.275237 0.340212
vt 0.233887 0.319494
vt 0.793427 0.280495
vt 0.826663 0.297810
vt 0.206573 0.280495
vt 0.173337 0.297810
vt 0.823620 0.254612
vt 0.855331 0.267956
vt 0.176380 0.254612
vt 0.144669 0.267956
vt 0.835860 0.225225
vt 0.868309 0.233525
vt 0.164140 0.225225
vt 0.131691 0.233525
vt 0.851288 0.181145
vt 0.813499 0.190705
vt 0.148712 0.181145
vt 0.881169 0.309153
vt 0.772263 0.374010
vt 0.744519 0.390057
vt 0.227737 0.374010
vt 0.824765 0.470987
vt 0.100193 0.420886
vt 0.792141 0.464714
vt 0.726855 0.432574
vt 0.273145 0.432574
vt 0.207859 0.464714
vt 0.255481 0.390057
vt 0.175235 0.470987
vt 0.795638 0.489991
vt 0.204362 0.489991
vt 0.786137 0.227788
vt 0.213863 0.227788
vt 0.802950 0.203415
vt 0.197050 0.203415
vt 0.765863 0.087001
vt 0.691484 0.146686
vt 0.308516 0.146686
vt 0.230666 0.128771
vt 0.780113 0.169386
vt 0.219887 0.169386
vt 0.605467 0.151503
vt 0.803789 0.171181
vt 0.196211 0.171181
vt 0.169083 0.139518
vt 0.769334 0.128771
vt 0.830917 0.139518
vt 0.464516 0.959188
vt 0.545439 0.884582
vt 0.574628 0.959188
vt 0.285710 0.959188
vt 0.204787 0.884582
vt 0.272900 0.891852
vt 0.605134 0.846978
vt 0.715894 0.897069
vt 0.145092 0.846978
vt 0.175598 0.959188
vt 0.034332 0.897069
vt 0.683874 0.757011
vt 0.066352 0.757011
vt 0.144866 0.784410
vt 0.605360 0.784410
vt 0.617867 0.719156
vt 0.132359 0.719156
vt 0.175391 0.744212
vt 0.574835 0.744212
vt 0.568728 0.682132
vt 0.181498 0.682132
vt 0.215230 0.712528
vt 0.483006 0.686791
vt 0.508539 0.641024
vt 0.267220 0.686791
vt 0.241687 0.641024
vt 0.534996 0.712528
vt 0.478880 0.719593
vt 0.271346 0.719593
vt 0.513415 0.736977
vt 0.236811 0.736977
vt 0.557599 0.789442
vt 0.192627 0.789442
vt 0.209109 0.760754
vt 0.553841 0.821849
vt 0.196385 0.821849
vt 0.524671 0.842380
vt 0.225555 0.842380
vt 0.485193 0.845321
vt 0.265033 0.845321
vt 0.770208 0.191225
vt 0.229792 0.191225
vt 0.213850 0.181127
vt 0.409610 0.674022
vt 0.408153 0.587507
vt 0.340616 0.674022
vt 0.400301 0.910556
vt 0.477326 0.891852
vt 0.349925 0.910556
vt 0.443630 0.713731
vt 0.306596 0.713731
vt 0.392812 0.710774
vt 0.429725 0.728622
vt 0.357414 0.710774
vt 0.422979 0.754609
vt 0.432640 0.746527
vt 0.320501 0.728622
vt 0.327247 0.754609
vt 0.317586 0.746527
vt 0.391578 0.815187
vt 0.427719 0.796173
vt 0.358648 0.815187
vt 0.448277 0.830976
vt 0.414155 0.878318
vt 0.301949 0.830976
vt 0.322507 0.796173
vt 0.336071 0.878318
vt 0.802580 0.199758
vt 0.197420 0.199758
vt 0.797710 0.195652
vt 0.202290 0.195652
vt 0.210391 0.184671
vt 0.786150 0.181127
vt 0.789609 0.184671
vt 0.466042 0.804091
vt 0.490498 0.816075
vt 0.284184 0.804091
vt 0.259728 0.816075
vt 0.302184 0.783921
vt 0.438745 0.764960
vt 0.448042 0.783921
vt 0.311481 0.764960
vt 0.305010 0.756351
vt 0.445216 0.756351
vt 0.300407 0.743458
vt 0.456307 0.732687
vt 0.449819 0.743458
vt 0.293919 0.732687
vt 0.475471 0.740871
vt 0.274755 0.740871
vt 0.514211 0.817769
vt 0.236015 0.817769
vt 0.527961 0.808598
vt 0.222265 0.808598
vt 0.530079 0.790754
vt 0.220147 0.790754
vt 0.518620 0.772385
vt 0.541117 0.760754
vt 0.231606 0.772385
vt 0.498668 0.755033
vt 0.251558 0.755033
vt 0.459660 0.770459
vt 0.290566 0.770459
vt 0.282197 0.756171
vt 0.468029 0.756171
vt 0.477354 0.785393
vt 0.272872 0.785393
vt 0.263059 0.769899
vt 0.504617 0.782999
vt 0.496545 0.797122
vt 0.245609 0.782999
vt 0.253681 0.797122
vt 0.513713 0.804019
vt 0.236513 0.804019
vt 0.234089 0.792591
vt 0.516137 0.792591
vt 0.574269 0.607668
vt 0.613510 0.655816
vt 0.175957 0.607668
vt 0.136716 0.655816
vt 0.644031 0.693270
vt 0.106195 0.693270
vt 0.668163 0.712097
vt 0.082063 0.712097
vt 0.676584 0.686010
vt 0.727131 0.698475
vt 0.073642 0.686010
vt 0.667013 0.640198
vt 0.729804 0.624370
vt 0.023095 0.698475
vt 0.083213 0.640198
vt 0.648152 0.594596
vt 0.721292 0.572934
vt 0.020422 0.624370
vt 0.102074 0.594596
vt 0.717709 0.538143
vt 0.630034 0.557583
vt 0.032517 0.538143
vt 0.028934 0.572934
vt 0.526877 0.539235
vt 0.120192 0.557583
vt 0.223349 0.539235
vt 0.342073 0.587507
vt 0.440865 0.334326
vt 0.186501 0.190705
vt 0.742181 0.461543
vt 0.257819 0.461543
vt 0.487167 0.769899
s 1
usemtl Material.005
f 2293/1392/1760 2249/1393/1716 2291/1394/1758
f 2250/1395/1717 2294/1396/1761 2292/1397/1759
f 2291/1394/1758 2251/1398/1718 2289/1399/1756
f 2252/1400/1719 2292/1397/1759 2290/1401/1757
f 2249/1393/1716 2253/1402/1720 2251/1398/1718
f 2254/1403/1721 2250/1395/1717 2252/1400/1719
f 2247/1404/1714 2255/1405/1722 2249/1393/1716
f 2256/1406/1723 2248/1407/1715 2250/1395/1717
f 2257/1408/1724 2261/1409/1728 2255/1405/1722
f 2262/1410/1729 2258/1411/1725 2256/1406/1723
f 2255/1405/1722 2263/1412/1730 2253/1402/1720
f 2264/1413/1731 2256/1406/1723 2254/1403/1721
f 2267/1414/1734 2263/1412/1730 2261/1409/1728
f 2268/1415/1735 2264/1413/1731 2266/1416/1733
f 2259/1417/1726 2267/1414/1734 2261/1409/1728
f 2268/1415/1735 2260/1418/1727 2262/1410/1729
f 2269/1419/1736 2273/1420/1740 2267/1414/1734
f 2274/1421/1741 2270/1422/1737 2268/1415/1735
f 2273/1420/1740 2265/1423/1732 2267/1414/1734
f 2274/1421/1741 2266/1416/1733 2276/1424/1743
f 2279/1425/1746 2275/1426/1742 2273/1420/1740
f 2280/1427/1747 2276/1424/1743 2278/1428/1745
f 2281/1429/1748 2273/1420/1740 2271/1430/1738
f 2282/1431/1749 2274/1421/1741 2280/1427/1747
f 2283/1432/1750 2279/1425/1746 2281/1429/1748
f 2284/1433/1751 2280/1427/1747 2286/1434/1753
f 2285/1435/1752 2277/1436/1744 2279/1425/1746
f 2286/1434/1753 2278/1428/1745 2288/1437/1755
f 2291/1394/1758 2287/1438/1754 2285/1435/1752
f 2292/1397/1759 2288/1437/1755 2290/1401/1757
f 2293/1392/1760 2285/1435/1752 2283/1432/1750
f 2294/1396/1761 2286/1434/1753 2292/1397/1759
f 2283/1432/1750 2295/1439/1762 2293/1392/1760
f 2284/1433/1751 2296/1440/1763 2298/1441/1765
f 2281/1429/1748 2297/1442/1764 2283/1432/1750
f 2282/1431/1749 2298/1441/1765 2300/1443/1767
f 2271/1430/1738 2299/1444/1766 2281/1429/1748
f 2272/1445/1739 2300/1443/1767 2302/1446/1769
f 2269/1419/1736 2301/1447/1768 2271/1430/1738
f 2270/1422/1737 2302/1446/1769 2304/1448/1771
f 2269/1419/1736 2305/1449/1772 2303/1450/1770
f 2306/1451/1773 2270/1422/1737 2304/1448/1771
f 2259/1417/1726 2309/1452/1776 2305/1449/1772
f 2310/1453/1777 2260/1418/1727 2306/1451/1773
f 2257/1408/1724 2311/1454/1778 2309/1452/1776
f 2312/1455/1779 2258/1411/1725 2310/1453/1777
f 2247/1404/1714 2295/1439/1762 2311/1454/1778
f 2296/1440/1763 2248/1407/1715 2312/1455/1779
f 2307/1456/1774 2311/1454/1778 2295/1439/1762
f 2296/1440/1763 2312/1455/1779 2308/1457/1775
f 2309/1452/1776 2311/1454/1778 2307/1456/1774
f 2308/1457/1775 2312/1455/1779 2310/1453/1777
f 2307/1456/1774 2305/1449/1772 2309/1452/1776
f 2310/1453/1777 2306/1451/1773 2308/1457/1775
f 2307/1456/1774 2303/1450/1770 2305/1449/1772
f 2306/1451/1773 2304/1448/1771 2308/1457/1775
f 2307/1456/1774 2301/1447/1768 2303/1450/1770
f 2304/1448/1771 2302/1446/1769 2308/1457/1775
f 2307/1456/1774 2299/1444/1766 2301/1447/1768
f 2302/1446/1769 2300/1443/1767 2308/1457/1775
f 2307/1456/1774 2297/1442/1764 2299/1444/1766
f 2300/1443/1767 2298/1441/1765 2308/1457/1775
f 2307/1456/1774 2295/1439/1762 2297/1442/1764
f 2298/1441/1765 2296/1440/1763 2308/1457/1775
f 2420/1458/1887 2337/1459/1804 2335/1460/1802
f 2421/1461/1888 2337/1459/1804 2422/1462/1889
f 2418/1463/1885 2335/1460/1802 2333/1464/1800
f 2419/1465/1886 2336/1466/1803 2421/1461/1888
f 2331/1467/1798 2418/1463/1885 2333/1464/1800
f 2419/1465/1886 2332/1468/1799 2334/1469/1801
f 2329/1470/1796 2416/1471/1883 2331/1467/1798
f 2417/1472/1884 2330/1473/1797 2332/1468/1799
f 2327/1474/1794 2414/1475/1881 2329/1470/1796
f 2415/1476/1882 2328/1477/1795 2330/1473/1797
f 2325/1478/1792 2392/1479/1859 2410/1480/1877
f 2393/1481/1860 2326/1482/1793 2411/1483/1878
f 2340/1484/1807 2392/1479/1859 2338/1485/1805
f 2341/1486/1808 2393/1481/1860 2395/1487/1862
f 2340/1484/1807 2396/1488/1863 2394/1489/1861
f 2397/1490/1864 2341/1486/1808 2395/1487/1862
f 2344/1491/1811 2396/1488/1863 2342/1492/1809
f 2345/1493/1812 2397/1490/1864 2399/1494/1866
f 2346/1495/1813 2398/1496/1865 2344/1491/1811
f 2347/1497/1814 2399/1494/1866 2401/1498/1868
f 2348/1499/1815 2400/1500/1867 2346/1495/1813
f 2349/1501/1816 2401/1498/1868 2403/1502/1870
f 2348/1499/1815 2404/1503/1871 2402/1504/1869
f 2405/1505/1872 2349/1501/1816 2403/1502/1870
f 2352/1506/1819 2404/1503/1871 2350/1507/1817
f 2353/1508/1820 2405/1505/1872 2407/1509/1874
f 2354/1510/1821 2406/1511/1873 2352/1506/1819
f 2355/1512/1822 2407/1509/1874 2409/1513/1876
f 2313/1514/1780 2408/1515/1875 2354/1510/1821
f 2313/1514/1780 2409/1513/1876 2314/1516/1781
f 2374/1517/1841 2408/1515/1875 2356/1518/1823
f 2375/1519/1842 2409/1513/1876 2407/1509/1874
f 2374/1517/1841 2404/1503/1871 2406/1511/1873
f 2405/1505/1872 2375/1519/1842 2407/1509/1874
f 2402/1504/1869 2425/1520/1892 2372/1521/1839
f 2403/1502/1870 2426/1522/1893 2405/1505/1872
f 2400/1500/1867 2372/1521/1839 2370/1523/1837
f 2401/1498/1868 2373/1524/1840 2403/1502/1870
f 2398/1496/1865 2370/1523/1837 2368/1525/1835
f 2399/1494/1866 2371/1526/1838 2401/1498/1868
f 2396/1488/1863 2368/1525/1835 2366/1527/1833
f 2397/1490/1864 2369/1528/1836 2399/1494/1866
f 2394/1489/1861 2366/1527/1833 2364/1529/1831
f 2395/1487/1862 2367/1530/1834 2397/1490/1864
f 2392/1479/1859 2364/1529/1831 2362/1531/1829
f 2393/1481/1860 2365/1532/1832 2395/1487/1862
f 2410/1480/1877 2362/1531/1829 2360/1533/1827
f 2411/1483/1878 2363/1534/1830 2393/1481/1860
f 2360/1533/1827 2423/1535/1890 2410/1480/1877
f 2423/1535/1890 2361/1536/1828 2411/1483/1878
f 2408/1515/1875 2358/1537/1825 2356/1518/1823
f 2409/1513/1876 2359/1538/1826 2314/1516/1781
f 2358/1537/1825 2424/1539/1891 2429/1540/1896
f 2424/1539/1891 2359/1538/1826 2430/1541/1897
f 2427/1542/1894 2424/1539/1891 2423/1535/1890
f 2428/1543/1895 2424/1539/1891 2430/1541/1897
f 2381/1544/1848 2422/1462/1889 2420/1458/1887
f 2422/1462/1889 2382/1545/1849 2421/1461/1888
f 2379/1546/1846 2420/1458/1887 2418/1463/1885
f 2421/1461/1888 2380/1547/1847 2419/1465/1886
f 2379/1546/1846 2416/1471/1883 2377/1548/1844
f 2380/1547/1847 2417/1472/1884 2419/1465/1886
f 2412/1549/1879 2431/1550/1898 2414/1475/1881
f 2432/1551/1899 2413/1552/1880 2415/1476/1882
f 2377/1548/1844 2414/1475/1881 2431/1550/1898
f 2415/1476/1882 2378/1553/1845 2432/1551/1899
f 2436/1554/1903 2433/1555/1900 2390/1556/1857
f 2436/1554/1903 2434/1557/1901 2435/1558/1902
f 2433/1555/1900 2315/1559/1782 2431/1550/1898
f 2434/1557/1901 2315/1559/1782 2435/1558/1902
f 2377/1548/1844 2315/1559/1782 2376/1560/1843
f 2378/1553/1845 2315/1559/1782 2432/1551/1899
f 2388/1561/1855 2437/1562/1904 2390/1556/1857
f 2438/1563/1905 2389/1564/1856 2391/1565/1858
f 2386/1566/1853 2439/1567/1906 2388/1561/1855
f 2440/1568/1907 2387/1569/1854 2389/1564/1856
f 2443/1570/1910 2386/1566/1853 2385/1571/1852
f 2444/1572/1911 2387/1569/1854 2442/1573/1909
f 2317/1574/1784 2385/1571/1852 2384/1575/1851
f 2317/1574/1784 2385/1571/1852 2444/1572/1911
f 2390/1556/1857 2316/1576/1783 2436/1554/1903
f 2391/1565/1858 2316/1576/1783 2438/1563/1905
f 2437/1562/1904 2454/1577/1921 2316/1576/1783
f 2438/1563/1905 2454/1577/1921 2453/1578/1920
f 2317/1574/1784 2446/1579/1913 2443/1570/1910
f 2447/1580/1914 2317/1574/1784 2444/1572/1911
f 2443/1570/1910 2448/1581/1915 2441/1582/1908
f 2449/1583/1916 2444/1572/1911 2442/1573/1909
f 2448/1581/1915 2439/1567/1906 2441/1582/1908
f 2449/1583/1916 2440/1568/1907 2451/1584/1918
f 2439/1567/1906 2452/1585/1919 2437/1562/1904
f 2453/1578/1920 2440/1568/1907 2438/1563/1905
f 2450/1586/1917 2446/1579/1913 2445/1587/1912
f 2451/1584/1918 2447/1580/1914 2449/1583/1916
f 2445/1587/1912 2452/1585/1919 2450/1586/1917
f 2453/1578/1920 2445/1587/1912 2451/1584/1918
f 2385/1571/1852 2410/1480/1877 2423/1535/1890
f 2411/1483/1878 2385/1571/1852 2423/1535/1890
f 2386/1566/1853 2457/1588/1924 2410/1480/1877
f 2458/1589/1925 2387/1569/1854 2411/1483/1878
f 2390/1556/1857 2457/1588/1924 2388/1561/1855
f 2391/1565/1858 2458/1589/1925 2460/1590/1927
f 2433/1555/1900 2459/1591/1926 2390/1556/1857
f 2434/1557/1901 2460/1590/1927 2413/1552/1880
f 2455/1592/1922 2412/1549/1879 2327/1474/1794
f 2456/1593/1923 2413/1552/1880 2460/1590/1927
f 2461/1594/1928 2459/1591/1926 2455/1592/1922
f 2462/1595/1929 2460/1590/1927 2458/1589/1925
f 2325/1478/1792 2457/1588/1924 2461/1594/1928
f 2458/1589/1925 2326/1482/1793 2462/1595/1929
f 2376/1560/1843 2468/1596/1935 2377/1548/1844
f 2376/1560/1843 2469/1597/1936 2318/1598/1785
f 2379/1546/1846 2468/1596/1935 2466/1599/1933
f 2469/1597/1936 2380/1547/1847 2467/1600/1934
f 2381/1544/1848 2466/1599/1933 2464/1601/1931
f 2467/1600/1934 2382/1545/1849 2465/1602/1932
f 2383/1603/1850 2464/1601/1931 2463/1604/1930
f 2465/1602/1932 2383/1603/1850 2463/1604/1930
f 2464/1601/1931 2477/1605/1944 2463/1604/1930
f 2465/1602/1932 2477/1605/1944 2476/1606/1943
f 2464/1601/1931 2473/1607/1940 2475/1608/1942
f 2474/1609/1941 2465/1602/1932 2476/1606/1943
f 2466/1599/1933 2471/1610/1938 2473/1607/1940
f 2472/1611/1939 2467/1600/1934 2474/1609/1941
f 2318/1598/1785 2471/1610/1938 2468/1596/1935
f 2318/1598/1785 2472/1611/1939 2470/1612/1937
f 2470/1612/1937 2475/1608/1942 2471/1610/1938
f 2476/1606/1943 2470/1612/1937 2472/1611/1939
f 2471/1610/1938 2475/1608/1942 2473/1607/1940
f 2474/1609/1941 2476/1606/1943 2472/1611/1939
f 2429/1540/1896 2480/1613/1947 2478/1614/1945
f 2481/1615/1948 2430/1541/1897 2479/1616/1946
f 2358/1537/1825 2478/1614/1945 2500/1617/1967
f 2479/1616/1946 2359/1538/1826 2501/1618/1968
f 2358/1537/1825 2502/1619/1969 2356/1518/1823
f 2359/1538/1826 2503/1620/1970 2501/1618/1968
f 2360/1533/1827 2480/1613/1947 2427/1542/1894
f 2361/1536/1828 2481/1615/1948 2499/1621/1966
f 2360/1533/1827 2496/1622/1963 2498/1623/1965
f 2497/1624/1964 2361/1536/1828 2499/1621/1966
f 2362/1531/1829 2494/1625/1961 2496/1622/1963
f 2495/1626/1962 2363/1534/1830 2497/1624/1964
f 2364/1529/1831 2492/1627/1959 2494/1625/1961
f 2493/1628/1960 2365/1532/1832 2495/1626/1962
f 2366/1527/1833 2490/1629/1957 2492/1627/1959
f 2491/1630/1958 2367/1530/1834 2493/1628/1960
f 2370/1523/1837 2490/1629/1957 2368/1525/1835
f 2371/1526/1838 2491/1630/1958 2489/1631/1956
f 2372/1521/1839 2488/1632/1955 2370/1523/1837
f 2373/1524/1840 2489/1631/1956 2487/1633/1954
f 2372/1521/1839 2482/1634/1949 2486/1635/1953
f 2483/1636/1950 2373/1524/1840 2487/1633/1954
f 2425/1520/1892 2484/1637/1951 2482/1634/1949
f 2485/1638/1952 2426/1522/1893 2483/1636/1950
f 2374/1517/1841 2502/1619/1969 2484/1637/1951
f 2503/1620/1970 2375/1519/1842 2485/1638/1952
f 2502/1619/1969 2522/1639/1989 2484/1637/1951
f 2503/1620/1970 2523/1640/1990 2505/1641/1972
f 2482/1634/1949 2522/1639/1989 2524/1642/1991
f 2523/1640/1990 2483/1636/1950 2525/1643/1992
f 2482/1634/1949 2520/1644/1987 2486/1635/1953
f 2483/1636/1950 2521/1645/1988 2525/1643/1992
f 2486/1635/1953 2518/1646/1985 2488/1632/1955
f 2487/1633/1954 2519/1647/1986 2521/1645/1988
f 2490/1629/1957 2518/1646/1985 2516/1648/1983
f 2519/1647/1986 2491/1630/1958 2517/1649/1984
f 2490/1629/1957 2514/1650/1981 2492/1627/1959
f 2491/1630/1958 2515/1651/1982 2517/1649/1984
f 2494/1625/1961 2514/1650/1981 2512/1652/1979
f 2515/1651/1982 2495/1626/1962 2513/1653/1980
f 2494/1625/1961 2510/1654/1977 2496/1622/1963
f 2495/1626/1962 2511/1655/1978 2513/1653/1980
f 2496/1622/1963 2508/1656/1975 2498/1623/1965
f 2497/1624/1964 2509/1657/1976 2511/1655/1978
f 2480/1613/1947 2508/1656/1975 2526/1658/1993
f 2509/1657/1976 2481/1615/1948 2527/1659/1994
f 2502/1619/1969 2506/1660/1973 2504/1661/1971
f 2507/1662/1974 2503/1620/1970 2505/1641/1972
f 2500/1617/1967 2528/1663/1995 2506/1660/1973
f 2529/1664/1996 2501/1618/1968 2507/1662/1974
f 2478/1614/1945 2526/1658/1993 2528/1663/1995
f 2527/1659/1994 2479/1616/1946 2529/1664/1996
f 2313/1514/1780 2530/1665/1997 2319/1666/1786
f 2531/1667/1998 2313/1514/1780 2319/1666/1786
f 2354/1510/1821 2532/1668/1999 2530/1665/1997
f 2533/1669/2000 2355/1512/1822 2531/1667/1998
f 2350/1507/1817 2532/1668/1999 2352/1506/1819
f 2351/1670/1818 2533/1669/2000 2535/1671/2002
f 2348/1499/1815 2534/1672/2001 2350/1507/1817
f 2349/1501/1816 2535/1671/2002 2537/1673/2004
f 2346/1495/1813 2536/1674/2003 2348/1499/1815
f 2347/1497/1814 2537/1673/2004 2539/1675/2006
f 2346/1495/1813 2540/1676/2007 2538/1677/2005
f 2541/1678/2008 2347/1497/1814 2539/1675/2006
f 2342/1492/1809 2540/1676/2007 2344/1491/1811
f 2343/1679/1810 2541/1678/2008 2543/1680/2010
f 2342/1492/1809 2544/1681/2011 2542/1682/2009
f 2545/1683/2012 2343/1679/1810 2543/1680/2010
f 2340/1484/1807 2546/1684/2013 2544/1681/2011
f 2547/1685/2014 2341/1486/1808 2545/1683/2012
f 2555/1686/2022 2584/1687/2051 2554/1688/2021
f 2555/1689/2022 2585/1690/2052 2575/1691/2042
f 2554/1688/2021 2582/1692/2049 2553/1693/2020
f 2554/1694/2021 2583/1695/2050 2585/1690/2052
f 2553/1693/2020 2586/1696/2053 2552/1697/2019
f 2553/1698/2020 2587/1699/2054 2583/1695/2050
f 2335/1460/1802 2552/1697/2019 2586/1696/2053
f 2552/1697/2019 2336/1466/1803 2587/1699/2054
f 2333/1464/1800 2586/1696/2053 2580/1700/2047
f 2587/1699/2054 2334/1469/1801 2581/1701/2048
f 2331/1467/1798 2580/1700/2047 2576/1702/2043
f 2581/1701/2048 2332/1468/1799 2577/1703/2044
f 2329/1470/1796 2576/1702/2043 2578/1704/2045
f 2577/1703/2044 2330/1473/1797 2579/1705/2046
f 2576/1702/2043 2584/1687/2051 2578/1704/2045
f 2585/1690/2052 2577/1703/2044 2579/1705/2046
f 2580/1700/2047 2582/1692/2049 2576/1702/2043
f 2581/1701/2048 2583/1695/2050 2587/1699/2054
f 2578/1704/2045 2574/1706/2041 2572/1707/2039
f 2579/1705/2046 2575/1691/2042 2585/1690/2052
f 2327/1474/1794 2578/1704/2045 2572/1707/2039
f 2579/1705/2046 2328/1477/1795 2573/1708/2040
f 2588/1709/2055 2461/1594/1928 2455/1592/1922
f 2589/1710/2056 2462/1595/1929 2591/1711/2058
f 2572/1707/2039 2455/1592/1922 2327/1474/1794
f 2573/1708/2040 2456/1593/1923 2589/1710/2056
f 2461/1594/1928 2592/1712/2059 2325/1478/1792
f 2462/1595/1929 2593/1713/2060 2591/1711/2058
f 2592/1712/2059 2338/1485/1805 2325/1478/1792
f 2593/1713/2060 2339/1714/1806 2547/1685/2014
f 2570/1715/2037 2550/1716/2017 2323/1717/1790
f 2571/1718/2038 2550/1719/2017 2599/1720/2066
f 2598/1721/2065 2324/1722/1791 2550/1716/2017
f 2599/1720/2066 2324/1723/1791 2597/1724/2064
f 2324/1722/1791 2594/1725/2061 2551/1726/2018
f 2595/1727/2062 2324/1723/1791 2551/1728/2018
f 2551/1726/2018 2574/1706/2041 2555/1686/2022
f 2575/1691/2042 2551/1728/2018 2555/1689/2022
f 2574/1706/2041 2588/1709/2055 2572/1707/2039
f 2575/1691/2042 2589/1710/2056 2595/1727/2062
f 2542/1682/2009 2564/1729/2031 2556/1730/2023
f 2565/1731/2032 2543/1680/2010 2557/1732/2024
f 2562/1733/2029 2323/1717/1790 2322/1734/1789
f 2563/1735/2030 2323/1736/1790 2571/1718/2038
f 2604/1737/2071 2549/1738/2016 2548/1739/2015
f 2605/1740/2072 2549/1741/2016 2603/1742/2070
f 2549/1738/2016 2600/1743/2067 2321/1744/1788
f 2601/1745/2068 2549/1741/2016 2321/1746/1788
f 2321/1744/1788 2562/1733/2029 2322/1734/1789
f 2563/1735/2030 2321/1746/1788 2322/1747/1789
f 2538/1748/2005 2608/1749/2075 2610/1750/2077
f 2609/1751/2076 2539/1752/2006 2611/1753/2078
f 2610/1750/2077 2614/1754/2081 2612/1755/2079
f 2615/1756/2082 2611/1753/2078 2613/1757/2080
f 2612/1755/2079 2616/1758/2083 2618/1759/2085
f 2617/1760/2084 2613/1757/2080 2619/1761/2086
f 2618/1759/2085 2622/1762/2089 2620/1763/2087
f 2623/1764/2090 2619/1761/2086 2621/1765/2088
f 2624/1766/2091 2622/1762/2089 2560/1767/2027
f 2625/1768/2092 2623/1764/2090 2621/1765/2088
f 2562/1733/2029 2620/1763/2087 2624/1766/2091
f 2621/1765/2088 2563/1735/2030 2625/1768/2092
f 2600/1743/2067 2618/1759/2085 2620/1763/2087
f 2619/1761/2086 2601/1745/2068 2621/1765/2088
f 2602/1769/2069 2612/1755/2079 2618/1759/2085
f 2613/1757/2080 2603/1742/2070 2619/1761/2086
f 2604/1737/2071 2610/1750/2077 2612/1755/2079
f 2611/1753/2078 2605/1740/2072 2613/1757/2080
f 2538/1748/2005 2606/1770/2073 2536/1771/2003
f 2539/1752/2006 2607/1772/2074 2611/1753/2078
f 2606/1770/2073 2548/1739/2015 2320/1773/1787
f 2607/1772/2074 2548/1774/2015 2605/1740/2072
f 2530/1775/1997 2534/1776/2001 2536/1771/2003
f 2535/1777/2002 2531/1778/1998 2537/1779/2004
f 2530/1775/1997 2606/1770/2073 2320/1773/1787
f 2607/1772/2074 2531/1778/1998 2320/1780/1787
f 2319/1781/1786 2530/1775/1997 2320/1773/1787
f 2320/1780/1787 2531/1778/1998 2319/1782/1786
f 2542/1682/2009 2608/1749/2075 2540/1676/2007
f 2543/1680/2010 2609/1751/2076 2557/1732/2024
f 2556/1730/2023 2614/1754/2081 2608/1749/2075
f 2615/1756/2082 2557/1732/2024 2609/1751/2076
f 2558/1783/2025 2616/1758/2083 2614/1754/2081
f 2617/1760/2084 2559/1784/2026 2615/1756/2082
f 2622/1762/2089 2628/1785/2095 2560/1767/2027
f 2623/1764/2090 2629/1786/2096 2617/1760/2084
f 2596/1787/2063 2630/1788/2097 2594/1725/2061
f 2597/1724/2064 2631/1789/2098 2633/1790/2100
f 2630/1788/2097 2566/1791/2033 2564/1729/2031
f 2631/1789/2098 2567/1792/2034 2633/1790/2100
f 2544/1681/2011 2630/1788/2097 2564/1729/2031
f 2631/1789/2098 2545/1683/2012 2565/1731/2032
f 2546/1684/2013 2588/1709/2055 2630/1788/2097
f 2589/1710/2056 2547/1685/2014 2631/1789/2098
f 2588/1709/2055 2594/1725/2061 2630/1788/2097
f 2631/1789/2098 2595/1727/2062 2589/1710/2056
f 2546/1684/2013 2592/1712/2059 2590/1793/2057
f 2591/1711/2058 2593/1713/2060 2547/1685/2014
f 2568/1794/2035 2624/1766/2091 2560/1767/2027
f 2569/1795/2036 2625/1768/2092 2627/1796/2094
f 2624/1766/2091 2570/1715/2037 2562/1733/2029
f 2625/1768/2092 2571/1718/2038 2627/1796/2094
f 2632/1797/2099 2568/1794/2035 2566/1791/2033
f 2633/1790/2100 2569/1795/2036 2627/1796/2094
f 2598/1721/2065 2632/1797/2099 2596/1787/2063
f 2599/1720/2066 2633/1790/2100 2627/1796/2094
f 2570/1715/2037 2626/1798/2093 2598/1721/2065
f 2599/1720/2066 2627/1796/2094 2571/1718/2038
f 2634/1799/2101 2648/1800/2115 2646/1801/2113
f 2635/1802/2102 2649/1803/2116 2661/1804/2128
f 2646/1801/2113 2650/1805/2117 2644/1806/2111
f 2651/1807/2118 2647/1808/2114 2645/1809/2112
f 2650/1805/2117 2642/1810/2109 2644/1806/2111
f 2651/1807/2118 2643/1811/2110 2653/1812/2120
f 2652/1813/2119 2640/1814/2107 2642/1810/2109
f 2653/1812/2120 2641/1815/2108 2655/1816/2122
f 2654/1817/2121 2638/1818/2105 2640/1814/2107
f 2655/1816/2122 2639/1819/2106 2657/1820/2124
f 2638/1818/2105 2658/1821/2125 2636/1822/2103
f 2659/1823/2126 2639/1819/2106 2637/1824/2104
f 2656/1825/2123 2664/1826/2131 2658/1821/2125
f 2665/1827/2132 2657/1820/2124 2659/1823/2126
f 2654/1817/2121 2666/1828/2133 2656/1825/2123
f 2667/1829/2134 2655/1816/2122 2657/1820/2124
f 2670/1830/2137 2654/1817/2121 2652/1813/2119
f 2671/1831/2138 2655/1816/2122 2669/1832/2136
f 2672/1833/2139 2652/1813/2119 2650/1805/2117
f 2673/1834/2140 2653/1812/2120 2671/1831/2138
f 2674/1835/2141 2650/1805/2117 2648/1800/2115
f 2675/1836/2142 2651/1807/2118 2673/1834/2140
f 2648/1800/2115 2662/1837/2129 2674/1835/2141
f 2663/1838/2130 2649/1803/2116 2675/1836/2142
f 2566/1791/2033 2688/1839/2155 2564/1729/2031
f 2567/1792/2034 2689/1840/2156 2691/1841/2158
f 2636/1822/2103 2690/1842/2157 2566/1843/2033
f 2637/1824/2104 2691/1844/2158 2659/1823/2126
f 2556/1730/2023 2688/1839/2155 2558/1783/2025
f 2689/1840/2156 2557/1732/2024 2559/1784/2026
f 2628/1845/2095 2660/1846/2127 2634/1799/2101
f 2661/1804/2128 2629/1847/2096 2635/1802/2102
f 2658/1821/2125 2686/1848/2153 2690/1842/2157
f 2687/1849/2154 2659/1823/2126 2691/1844/2158
f 2692/1850/2159 2686/1848/2153 2684/1851/2151
f 2693/1852/2160 2687/1849/2154 2691/1844/2158
f 2680/1853/2147 2684/1851/2151 2682/1854/2149
f 2685/1855/2152 2681/1856/2148 2683/1857/2150
f 2694/1858/2161 2680/1853/2147 2678/1859/2145
f 2695/1860/2162 2681/1856/2148 2693/1852/2160
f 2694/1858/2161 2696/1861/2163 2676/1862/2143
f 2695/1860/2162 2697/1863/2164 2679/1864/2146
f 2676/1862/2143 2662/1837/2129 2660/1846/2127
f 2677/1865/2144 2663/1838/2130 2697/1863/2164
f 2558/1783/2025 2676/1866/2143 2628/1785/2095
f 2677/1867/2144 2559/1784/2026 2629/1786/2096
f 2688/1839/2155 2694/1868/2161 2558/1783/2025
f 2689/1840/2156 2695/1869/2162 2693/1870/2160
f 2688/1839/2155 2690/1871/2157 2692/1872/2159
f 2693/1870/2160 2691/1841/2158 2689/1840/2156
f 2662/1837/2129 2698/1873/2165 2722/1874/2189
f 2699/1875/2166 2663/1838/2130 2723/1876/2190
f 2678/1859/2145 2698/1873/2165 2696/1861/2163
f 2679/1864/2146 2699/1875/2166 2709/1877/2176
f 2678/1859/2145 2706/1878/2173 2708/1879/2175
f 2707/1880/2174 2679/1864/2146 2709/1877/2176
f 2682/1854/2149 2706/1878/2173 2680/1853/2147
f 2683/1857/2150 2707/1880/2174 2705/1881/2172
f 2684/1851/2151 2704/1882/2171 2682/1854/2149
f 2685/1855/2152 2705/1881/2172 2703/1883/2170
f 2684/1851/2151 2700/1884/2167 2702/1885/2169
f 2701/1886/2168 2685/1855/2152 2703/1883/2170
f 2686/1848/2153 2720/1887/2187 2700/1884/2167
f 2721/1888/2188 2687/1849/2154 2701/1886/2168
f 2674/1835/2141 2722/1874/2189 2710/1889/2177
f 2723/1876/2190 2675/1836/2142 2711/1890/2178
f 2672/1833/2139 2710/1889/2177 2712/1891/2179
f 2711/1890/2178 2673/1834/2140 2713/1892/2180
f 2670/1830/2137 2712/1891/2179 2714/1893/2181
f 2713/1892/2180 2671/1831/2138 2715/1894/2182
f 2670/1830/2137 2716/1895/2183 2668/1896/2135
f 2671/1831/2138 2717/1897/2184 2715/1894/2182
f 2668/1896/2135 2718/1898/2185 2666/1828/2133
f 2669/1832/2136 2719/1899/2186 2717/1897/2184
f 2666/1828/2133 2720/1887/2187 2664/1826/2131
f 2667/1829/2134 2721/1888/2188 2719/1899/2186
f 2702/1885/2169 2724/1900/2191 2704/1882/2171
f 2703/1883/2170 2725/1901/2192 2727/1902/2194
f 2726/1903/2193 2730/1904/2197 2724/1900/2191
f 2727/1902/2194 2731/1905/2198 2729/1906/2196
f 2730/1904/2197 2734/1907/2201 2732/1908/2199
f 2735/1909/2202 2731/1905/2198 2733/1910/2200
f 2734/1907/2201 2738/1911/2205 2732/1908/2199
f 2735/1909/2202 2739/1912/2206 2737/1913/2204
f 2710/1889/2177 2732/1908/2199 2738/1911/2205
f 2733/1910/2200 2711/1890/2178 2739/1912/2206
f 2730/1904/2197 2722/1874/2189 2698/1873/2165
f 2731/1905/2198 2723/1876/2190 2733/1910/2200
f 2708/1879/2175 2730/1904/2197 2698/1873/2165
f 2709/1877/2176 2731/1905/2198 2725/1901/2192
f 2704/1882/2171 2708/1879/2175 2706/1878/2173
f 2709/1877/2176 2705/1881/2172 2707/1880/2174
f 2720/1887/2187 2702/1885/2169 2700/1884/2167
f 2721/1888/2188 2703/1883/2170 2727/1902/2194
f 2718/1898/2185 2726/1903/2193 2720/1887/2187
f 2727/1902/2194 2719/1899/2186 2721/1888/2188
f 2734/1907/2201 2718/1898/2185 2716/1895/2183
f 2735/1909/2202 2719/1899/2186 2729/1906/2196
f 2736/1914/2203 2716/1895/2183 2714/1893/2181
f 2737/1913/2204 2717/1897/2184 2735/1909/2202
f 2712/1891/2179 2736/1914/2203 2714/1893/2181
f 2737/1913/2204 2713/1892/2180 2715/1894/2182
f 2710/1889/2177 2738/1911/2205 2712/1891/2179
f 2713/1892/2180 2739/1912/2206 2711/1890/2178
f 2638/1818/2105 2750/1915/2217 2748/1916/2215
f 2751/1917/2218 2639/1819/2106 2749/1918/2216
f 2640/1814/2107 2748/1916/2215 2746/1919/2213
f 2749/1918/2216 2641/1815/2108 2747/1920/2214
f 2640/1814/2107 2744/1921/2211 2642/1810/2109
f 2641/1815/2108 2745/1922/2212 2747/1920/2214
f 2642/1810/2109 2742/1923/2209 2644/1924/2111
f 2643/1811/2110 2743/1925/2210 2745/1922/2212
f 2644/1924/2111 2740/1926/2207 2646/1927/2113
f 2645/1928/2112 2741/1929/2208 2743/1925/2210
f 2646/1927/2113 2752/1930/2219 2634/1931/2101
f 2647/1932/2114 2753/1933/2220 2741/1929/2208
f 2748/1916/2215 2752/1930/2219 2740/1926/2207
f 2749/1918/2216 2753/1933/2220 2751/1917/2218
f 2740/1926/2207 2746/1919/2213 2748/1916/2215
f 2747/1920/2214 2741/1929/2208 2749/1918/2216
f 2742/1923/2209 2744/1921/2211 2746/1919/2213
f 2747/1920/2214 2745/1922/2212 2743/1925/2210
f 2628/1934/2095 2752/1930/2219 2560/1935/2027
f 2629/1936/2096 2753/1933/2220 2635/1937/2102
f 2560/1935/2027 2750/1915/2217 2568/1938/2035
f 2751/1917/2218 2561/1939/2028 2569/1940/2036
f 2566/1843/2033 2750/1915/2217 2636/1822/2103
f 2751/1917/2218 2567/1941/2034 2637/1824/2104
f 2293/1392/1760 2247/1404/1714 2249/1393/1716
f 2250/1395/1717 2248/1407/1715 2294/1396/1761
f 2291/1394/1758 2249/1393/1716 2251/1398/1718
f 2252/1400/1719 2250/1395/1717 2292/1397/1759
f 2249/1393/1716 2255/1405/1722 2253/1402/1720
f 2254/1403/1721 2256/1406/1723 2250/1395/1717
f 2247/1404/1714 2257/1408/1724 2255/1405/1722
f 2256/1406/1723 2258/1411/1725 2248/1407/1715
f 2257/1408/1724 2259/1417/1726 2261/1409/1728
f 2262/1410/1729 2260/1418/1727 2258/1411/1725
f 2255/1405/1722 2261/1409/1728 2263/1412/1730
f 2264/1413/1731 2262/1410/1729 2256/1406/1723
f 2267/1414/1734 2265/1423/1732 2263/1412/1730
f 2268/1415/1735 2262/1410/1729 2264/1413/1731
f 2259/1417/1726 2269/1419/1736 2267/1414/1734
f 2268/1415/1735 2270/1422/1737 2260/1418/1727
f 2269/1419/1736 2271/1430/1738 2273/1420/1740
f 2274/1421/1741 2272/1445/1739 2270/1422/1737
f 2273/1420/1740 2275/1426/1742 2265/1423/1732
f 2274/1421/1741 2268/1415/1735 2266/1416/1733
f 2279/1425/1746 2277/1436/1744 2275/1426/1742
f 2280/1427/1747 2274/1421/1741 2276/1424/1743
f 2281/1429/1748 2279/1425/1746 2273/1420/1740
f 2282/1431/1749 2272/1445/1739 2274/1421/1741
f 2283/1432/1750 2285/1435/1752 2279/1425/1746
f 2284/1433/1751 2282/1431/1749 2280/1427/1747
f 2285/1435/1752 2287/1438/1754 2277/1436/1744
f 2286/1434/1753 2280/1427/1747 2278/1428/1745
f 2291/1394/1758 2289/1399/1756 2287/1438/1754
f 2292/1397/1759 2286/1434/1753 2288/1437/1755
f 2293/1392/1760 2291/1394/1758 2285/1435/1752
f 2294/1396/1761 2284/1433/1751 2286/1434/1753
f 2283/1432/1750 2297/1442/1764 2295/1439/1762
f 2284/1433/1751 2294/1396/1761 2296/1440/1763
f 2281/1429/1748 2299/1444/1766 2297/1442/1764
f 2282/1431/1749 2284/1433/1751 2298/1441/1765
f 2271/1430/1738 2301/1447/1768 2299/1444/1766
f 2272/1445/1739 2282/1431/1749 2300/1443/1767
f 2269/1419/1736 2303/1450/1770 2301/1447/1768
f 2270/1422/1737 2272/1445/1739 2302/1446/1769
f 2269/1419/1736 2259/1417/1726 2305/1449/1772
f 2306/1451/1773 2260/1418/1727 2270/1422/1737
f 2259/1417/1726 2257/1408/1724 2309/1452/1776
f 2310/1453/1777 2258/1411/1725 2260/1418/1727
f 2257/1408/1724 2247/1404/1714 2311/1454/1778
f 2312/1455/1779 2248/1407/1715 2258/1411/1725
f 2247/1404/1714 2293/1392/1760 2295/1439/1762
f 2296/1440/1763 2294/1396/1761 2248/1407/1715
f 2420/1458/1887 2422/1462/1889 2337/1459/1804
f 2421/1461/1888 2336/1466/1803 2337/1459/1804
f 2418/1463/1885 2420/1458/1887 2335/1460/1802
f 2419/1465/1886 2334/1469/1801 2336/1466/1803
f 2331/1467/1798 2416/1471/1883 2418/1463/1885
f 2419/1465/1886 2417/1472/1884 2332/1468/1799
f 2329/1470/1796 2414/1475/1881 2416/1471/1883
f 2417/1472/1884 2415/1476/1882 2330/1473/1797
f 2327/1474/1794 2412/1549/1879 2414/1475/1881
f 2415/1476/1882 2413/1552/1880 2328/1477/1795
f 2325/1478/1792 2338/1485/1805 2392/1479/1859
f 2393/1481/1860 2339/1714/1806 2326/1482/1793
f 2340/1484/1807 2394/1489/1861 2392/1479/1859
f 2341/1486/1808 2339/1714/1806 2393/1481/1860
f 2340/1484/1807 2342/1492/1809 2396/1488/1863
f 2397/1490/1864 2343/1679/1810 2341/1486/1808
f 2344/1491/1811 2398/1496/1865 2396/1488/1863
f 2345/1493/1812 2343/1679/1810 2397/1490/1864
f 2346/1495/1813 2400/1500/1867 2398/1496/1865
f 2347/1497/1814 2345/1493/1812 2399/1494/1866
f 2348/1499/1815 2402/1504/1869 2400/1500/1867
f 2349/1501/1816 2347/1497/1814 2401/1498/1868
f 2348/1499/1815 2350/1507/1817 2404/1503/1871
f 2405/1505/1872 2351/1670/1818 2349/1501/1816
f 2352/1506/1819 2406/1511/1873 2404/1503/1871
f 2353/1508/1820 2351/1670/1818 2405/1505/1872
f 2354/1510/1821 2408/1515/1875 2406/1511/1873
f 2355/1512/1822 2353/1508/1820 2407/1509/1874
f 2313/1514/1780 2314/1516/1781 2408/1515/1875
f 2313/1514/1780 2355/1512/1822 2409/1513/1876
f 2374/1517/1841 2406/1511/1873 2408/1515/1875
f 2375/1519/1842 2357/1942/1824 2409/1513/1876
f 2374/1517/1841 2425/1520/1892 2404/1503/1871
f 2405/1505/1872 2426/1522/1893 2375/1519/1842
f 2402/1504/1869 2404/1503/1871 2425/1520/1892
f 2403/1502/1870 2373/1524/1840 2426/1522/1893
f 2400/1500/1867 2402/1504/1869 2372/1521/1839
f 2401/1498/1868 2371/1526/1838 2373/1524/1840
f 2398/1496/1865 2400/1500/1867 2370/1523/1837
f 2399/1494/1866 2369/1528/1836 2371/1526/1838
f 2396/1488/1863 2398/1496/1865 2368/1525/1835
f 2397/1490/1864 2367/1530/1834 2369/1528/1836
f 2394/1489/1861 2396/1488/1863 2366/1527/1833
f 2395/1487/1862 2365/1532/1832 2367/1530/1834
f 2392/1479/1859 2394/1489/1861 2364/1529/1831
f 2393/1481/1860 2363/1534/1830 2365/1532/1832
f 2410/1480/1877 2392/1479/1859 2362/1531/1829
f 2411/1483/1878 2361/1536/1828 2363/1534/1830
f 2360/1533/1827 2427/1542/1894 2423/1535/1890
f 2423/1535/1890 2428/1543/1895 2361/1536/1828
f 2408/1515/1875 2314/1516/1781 2358/1537/1825
f 2409/1513/1876 2357/1942/1824 2359/1538/1826
f 2358/1537/1825 2314/1516/1781 2424/1539/1891
f 2424/1539/1891 2314/1516/1781 2359/1538/1826
f 2427/1542/1894 2429/1540/1896 2424/1539/1891
f 2428/1543/1895 2423/1535/1890 2424/1539/1891
f 2381/1544/1848 2383/1603/1850 2422/1462/1889
f 2422/1462/1889 2383/1603/1850 2382/1545/1849
f 2379/1546/1846 2381/1544/1848 2420/1458/1887
f 2421/1461/1888 2382/1545/1849 2380/1547/1847
f 2379/1546/1846 2418/1463/1885 2416/1471/1883
f 2380/1547/1847 2378/1553/1845 2417/1472/1884
f 2412/1549/1879 2433/1555/1900 2431/1550/1898
f 2432/1551/1899 2434/1557/1901 2413/1552/1880
f 2377/1548/1844 2416/1471/1883 2414/1475/1881
f 2415/1476/1882 2417/1472/1884 2378/1553/1845
f 2436/1554/1903 2435/1558/1902 2433/1555/1900
f 2436/1554/1903 2391/1565/1858 2434/1557/1901
f 2433/1555/1900 2435/1558/1902 2315/1559/1782
f 2434/1557/1901 2432/1551/1899 2315/1559/1782
f 2377/1548/1844 2431/1550/1898 2315/1559/1782
f 2378/1553/1845 2376/1560/1843 2315/1559/1782
f 2388/1561/1855 2439/1567/1906 2437/1562/1904
f 2438/1563/1905 2440/1568/1907 2389/1564/1856
f 2386/1566/1853 2441/1582/1908 2439/1567/1906
f 2440/1568/1907 2442/1573/1909 2387/1569/1854
f 2443/1570/1910 2441/1582/1908 2386/1566/1853
f 2444/1572/1911 2385/1571/1852 2387/1569/1854
f 2317/1574/1784 2443/1570/1910 2385/1571/1852
f 2390/1556/1857 2437/1562/1904 2316/1576/1783
f 2391/1565/1858 2436/1554/1903 2316/1576/1783
f 2437/1562/1904 2452/1585/1919 2454/1577/1921
f 2438/1563/1905 2316/1576/1783 2454/1577/1921
f 2317/1574/1784 2445/1587/1912 2446/1579/1913
f 2447/1580/1914 2445/1587/1912 2317/1574/1784
f 2443/1570/1910 2446/1579/1913 2448/1581/1915
f 2449/1583/1916 2447/1580/1914 2444/1572/1911
f 2448/1581/1915 2450/1586/1917 2439/1567/1906
f 2449/1583/1916 2442/1573/1909 2440/1568/1907
f 2439/1567/1906 2450/1586/1917 2452/1585/1919
f 2453/1578/1920 2451/1584/1918 2440/1568/1907
f 2450/1586/1917 2448/1581/1915 2446/1579/1913
f 2451/1584/1918 2445/1587/1912 2447/1580/1914
f 2445/1587/1912 2454/1577/1921 2452/1585/1919
f 2453/1578/1920 2454/1577/1921 2445/1587/1912
f 2385/1571/1852 2386/1566/1853 2410/1480/1877
f 2411/1483/1878 2387/1569/1854 2385/1571/1852
f 2386/1566/1853 2388/1561/1855 2457/1588/1924
f 2458/1589/1925 2389/1564/1856 2387/1569/1854
f 2390/1556/1857 2459/1591/1926 2457/1588/1924
f 2391/1565/1858 2389/1564/1856 2458/1589/1925
f 2433/1555/1900 2412/1549/1879 2459/1591/1926
f 2434/1557/1901 2391/1565/1858 2460/1590/1927
f 2455/1592/1922 2459/1591/1926 2412/1549/1879
f 2456/1593/1923 2328/1477/1795 2413/1552/1880
f 2461/1594/1928 2457/1588/1924 2459/1591/1926
f 2462/1595/1929 2456/1593/1923 2460/1590/1927
f 2325/1478/1792 2410/1480/1877 2457/1588/1924
f 2458/1589/1925 2411/1483/1878 2326/1482/1793
f 2376/1560/1843 2318/1598/1785 2468/1596/1935
f 2376/1560/1843 2378/1553/1845 2469/1597/1936
f 2379/1546/1846 2377/1548/1844 2468/1596/1935
f 2469/1597/1936 2378/1553/1845 2380/1547/1847
f 2381/1544/1848 2379/1546/1846 2466/1599/1933
f 2467/1600/1934 2380/1547/1847 2382/1545/1849
f 2383/1603/1850 2381/1544/1848 2464/1601/1931
f 2465/1602/1932 2382/1545/1849 2383/1603/1850
f 2464/1601/1931 2475/1608/1942 2477/1605/1944
f 2465/1602/1932 2463/1604/1930 2477/1605/1944
f 2464/1601/1931 2466/1599/1933 2473/1607/1940
f 2474/1609/1941 2467/1600/1934 2465/1602/1932
f 2466/1599/1933 2468/1596/1935 2471/1610/1938
f 2472/1611/1939 2469/1597/1936 2467/1600/1934
f 2318/1598/1785 2470/1612/1937 2471/1610/1938
f 2318/1598/1785 2469/1597/1936 2472/1611/1939
f 2470/1612/1937 2477/1605/1944 2475/1608/1942
f 2476/1606/1943 2477/1605/1944 2470/1612/1937
f 2429/1540/1896 2427/1542/1894 2480/1613/1947
f 2481/1615/1948 2428/1543/1895 2430/1541/1897
f 2358/1537/1825 2429/1540/1896 2478/1614/1945
f 2479/1616/1946 2430/1541/1897 2359/1538/1826
f 2358/1537/1825 2500/1617/1967 2502/1619/1969
f 2359/1538/1826 2357/1942/1824 2503/1620/1970
f 2360/1533/1827 2498/1623/1965 2480/1613/1947
f 2361/1536/1828 2428/1543/1895 2481/1615/1948
f 2360/1533/1827 2362/1531/1829 2496/1622/1963
f 2497/1624/1964 2363/1534/1830 2361/1536/1828
f 2362/1531/1829 2364/1529/1831 2494/1625/1961
f 2495/1626/1962 2365/1532/1832 2363/1534/1830
f 2364/1529/1831 2366/1527/1833 2492/1627/1959
f 2493/1628/1960 2367/1530/1834 2365/1532/1832
f 2366/1527/1833 2368/1525/1835 2490/1629/1957
f 2491/1630/1958 2369/1528/1836 2367/1530/1834
f 2370/1523/1837 2488/1632/1955 2490/1629/1957
f 2371/1526/1838 2369/1528/1836 2491/1630/1958
f 2372/1521/1839 2486/1635/1953 2488/1632/1955
f 2373/1524/1840 2371/1526/1838 2489/1631/1956
f 2372/1521/1839 2425/1520/1892 2482/1634/1949
f 2483/1636/1950 2426/1522/1893 2373/1524/1840
f 2425/1520/1892 2374/1517/1841 2484/1637/1951
f 2485/1638/1952 2375/1519/1842 2426/1522/1893
f 2374/1517/1841 2356/1518/1823 2502/1619/1969
f 2503/1620/1970 2357/1942/1824 2375/1519/1842
f 2502/1619/1969 2504/1661/1971 2522/1639/1989
f 2503/1620/1970 2485/1638/1952 2523/1640/1990
f 2482/1634/1949 2484/1637/1951 2522/1639/1989
f 2523/1640/1990 2485/1638/1952 2483/1636/1950
f 2482/1634/1949 2524/1642/1991 2520/1644/1987
f 2483/1636/1950 2487/1633/1954 2521/1645/1988
f 2486/1635/1953 2520/1644/1987 2518/1646/1985
f 2487/1633/1954 2489/1631/1956 2519/1647/1986
f 2490/1629/1957 2488/1632/1955 2518/1646/1985
f 2519/1647/1986 2489/1631/1956 2491/1630/1958
f 2490/1629/1957 2516/1648/1983 2514/1650/1981
f 2491/1630/1958 2493/1628/1960 2515/1651/1982
f 2494/1625/1961 2492/1627/1959 2514/1650/1981
f 2515/1651/1982 2493/1628/1960 2495/1626/1962
f 2494/1625/1961 2512/1652/1979 2510/1654/1977
f 2495/1626/1962 2497/1624/1964 2511/1655/1978
f 2496/1622/1963 2510/1654/1977 2508/1656/1975
f 2497/1624/1964 2499/1621/1966 2509/1657/1976
f 2480/1613/1947 2498/1623/1965 2508/1656/1975
f 2509/1657/1976 2499/1621/1966 2481/1615/1948
f 2502/1619/1969 2500/1617/1967 2506/1660/1973
f 2507/1662/1974 2501/1618/1968 2503/1620/1970
f 2500/1617/1967 2478/1614/1945 2528/1663/1995
f 2529/1664/1996 2479/1616/1946 2501/1618/1968
f 2478/1614/1945 2480/1613/1947 2526/1658/1993
f 2527/1659/1994 2481/1615/1948 2479/1616/1946
f 2313/1514/1780 2354/1510/1821 2530/1665/1997
f 2531/1667/1998 2355/1512/1822 2313/1514/1780
f 2354/1510/1821 2352/1506/1819 2532/1668/1999
f 2533/1669/2000 2353/1508/1820 2355/1512/1822
f 2350/1507/1817 2534/1672/2001 2532/1668/1999
f 2351/1670/1818 2353/1508/1820 2533/1669/2000
f 2348/1499/1815 2536/1674/2003 2534/1672/2001
f 2349/1501/1816 2351/1670/1818 2535/1671/2002
f 2346/1495/1813 2538/1677/2005 2536/1674/2003
f 2347/1497/1814 2349/1501/1816 2537/1673/2004
f 2346/1495/1813 2344/1491/1811 2540/1676/2007
f 2541/1678/2008 2345/1493/1812 2347/1497/1814
f 2342/1492/1809 2542/1682/2009 2540/1676/2007
f 2343/1679/1810 2345/1493/1812 2541/1678/2008
f 2342/1492/1809 2340/1484/1807 2544/1681/2011
f 2545/1683/2012 2341/1486/1808 2343/1679/1810
f 2340/1484/1807 2338/1485/1805 2546/1684/2013
f 2547/1685/2014 2339/1714/1806 2341/1486/1808
f 2555/1686/2022 2574/1706/2041 2584/1687/2051
f 2555/1689/2022 2554/1694/2021 2585/1690/2052
f 2554/1688/2021 2584/1687/2051 2582/1692/2049
f 2554/1694/2021 2553/1698/2020 2583/1695/2050
f 2553/1693/2020 2582/1692/2049 2586/1696/2053
f 2553/1698/2020 2552/1697/2019 2587/1699/2054
f 2335/1460/1802 2337/1459/1804 2552/1697/2019
f 2552/1697/2019 2337/1459/1804 2336/1466/1803
f 2333/1464/1800 2335/1460/1802 2586/1696/2053
f 2587/1699/2054 2336/1466/1803 2334/1469/1801
f 2331/1467/1798 2333/1464/1800 2580/1700/2047
f 2581/1701/2048 2334/1469/1801 2332/1468/1799
f 2329/1470/1796 2331/1467/1798 2576/1702/2043
f 2577/1703/2044 2332/1468/1799 2330/1473/1797
f 2576/1702/2043 2582/1692/2049 2584/1687/2051
f 2585/1690/2052 2583/1695/2050 2577/1703/2044
f 2580/1700/2047 2586/1696/2053 2582/1692/2049
f 2581/1701/2048 2577/1703/2044 2583/1695/2050
f 2578/1704/2045 2584/1687/2051 2574/1706/2041
f 2579/1705/2046 2573/1708/2040 2575/1691/2042
f 2327/1474/1794 2329/1470/1796 2578/1704/2045
f 2579/1705/2046 2330/1473/1797 2328/1477/1795
f 2588/1709/2055 2590/1793/2057 2461/1594/1928
f 2589/1710/2056 2456/1593/1923 2462/1595/1929
f 2572/1707/2039 2588/1709/2055 2455/1592/1922
f 2573/1708/2040 2328/1477/1795 2456/1593/1923
f 2461/1594/1928 2590/1793/2057 2592/1712/2059
f 2462/1595/1929 2326/1482/1793 2593/1713/2060
f 2592/1712/2059 2546/1684/2013 2338/1485/1805
f 2593/1713/2060 2326/1482/1793 2339/1714/1806
f 2570/1715/2037 2598/1721/2065 2550/1716/2017
f 2571/1718/2038 2323/1736/1790 2550/1719/2017
f 2598/1721/2065 2596/1787/2063 2324/1722/1791
f 2599/1720/2066 2550/1719/2017 2324/1723/1791
f 2324/1722/1791 2596/1787/2063 2594/1725/2061
f 2595/1727/2062 2597/1724/2064 2324/1723/1791
f 2551/1726/2018 2594/1725/2061 2574/1706/2041
f 2575/1691/2042 2595/1727/2062 2551/1728/2018
f 2574/1706/2041 2594/1725/2061 2588/1709/2055
f 2575/1691/2042 2573/1708/2040 2589/1710/2056
f 2542/1682/2009 2544/1681/2011 2564/1729/2031
f 2565/1731/2032 2545/1683/2012 2543/1680/2010
f 2562/1733/2029 2570/1715/2037 2323/1717/1790
f 2563/1735/2030 2322/1747/1789 2323/1736/1790
f 2604/1737/2071 2602/1769/2069 2549/1738/2016
f 2605/1740/2072 2548/1774/2015 2549/1741/2016
f 2549/1738/2016 2602/1769/2069 2600/1743/2067
f 2601/1745/2068 2603/1742/2070 2549/1741/2016
f 2321/1744/1788 2600/1743/2067 2562/1733/2029
f 2563/1735/2030 2601/1745/2068 2321/1746/1788
f 2538/1748/2005 2540/1676/2007 2608/1749/2075
f 2609/1751/2076 2541/1678/2008 2539/1752/2006
f 2610/1750/2077 2608/1749/2075 2614/1754/2081
f 2615/1756/2082 2609/1751/2076 2611/1753/2078
f 2612/1755/2079 2614/1754/2081 2616/1758/2083
f 2617/1760/2084 2615/1756/2082 2613/1757/2080
f 2618/1759/2085 2616/1758/2083 2622/1762/2089
f 2623/1764/2090 2617/1760/2084 2619/1761/2086
f 2624/1766/2091 2620/1763/2087 2622/1762/2089
f 2625/1768/2092 2561/1943/2028 2623/1764/2090
f 2562/1733/2029 2600/1743/2067 2620/1763/2087
f 2621/1765/2088 2601/1745/2068 2563/1735/2030
f 2600/1743/2067 2602/1769/2069 2618/1759/2085
f 2619/1761/2086 2603/1742/2070 2601/1745/2068
f 2602/1769/2069 2604/1737/2071 2612/1755/2079
f 2613/1757/2080 2605/1740/2072 2603/1742/2070
f 2604/1737/2071 2606/1770/2073 2610/1750/2077
f 2611/1753/2078 2607/1772/2074 2605/1740/2072
f 2538/1748/2005 2610/1750/2077 2606/1770/2073
f 2539/1752/2006 2537/1779/2004 2607/1772/2074
f 2606/1770/2073 2604/1737/2071 2548/1739/2015
f 2607/1772/2074 2320/1780/1787 2548/1774/2015
f 2530/1775/1997 2532/1944/1999 2534/1776/2001
f 2535/1777/2002 2533/1945/2000 2531/1778/1998
f 2530/1775/1997 2536/1771/2003 2606/1770/2073
f 2607/1772/2074 2537/1779/2004 2531/1778/1998
f 2542/1682/2009 2556/1730/2023 2608/1749/2075
f 2543/1680/2010 2541/1678/2008 2609/1751/2076
f 2556/1730/2023 2558/1783/2025 2614/1754/2081
f 2615/1756/2082 2559/1784/2026 2557/1732/2024
f 2558/1783/2025 2628/1785/2095 2616/1758/2083
f 2617/1760/2084 2629/1786/2096 2559/1784/2026
f 2622/1762/2089 2616/1758/2083 2628/1785/2095
f 2623/1764/2090 2561/1943/2028 2629/1786/2096
f 2596/1787/2063 2632/1797/2099 2630/1788/2097
f 2597/1724/2064 2595/1727/2062 2631/1789/2098
f 2630/1788/2097 2632/1797/2099 2566/1791/2033
f 2631/1789/2098 2565/1731/2032 2567/1792/2034
f 2544/1681/2011 2546/1684/2013 2630/1788/2097
f 2631/1789/2098 2547/1685/2014 2545/1683/2012
f 2546/1684/2013 2590/1793/2057 2588/1709/2055
f 2589/1710/2056 2591/1711/2058 2547/1685/2014
f 2568/1794/2035 2626/1798/2093 2624/1766/2091
f 2569/1795/2036 2561/1943/2028 2625/1768/2092
f 2624/1766/2091 2626/1798/2093 2570/1715/2037
f 2625/1768/2092 2563/1735/2030 2571/1718/2038
f 2632/1797/2099 2626/1798/2093 2568/1794/2035
f 2633/1790/2100 2567/1792/2034 2569/1795/2036
f 2598/1721/2065 2626/1798/2093 2632/1797/2099
f 2599/1720/2066 2597/1724/2064 2633/1790/2100
f 2634/1799/2101 2660/1846/2127 2648/1800/2115
f 2635/1802/2102 2647/1808/2114 2649/1803/2116
f 2646/1801/2113 2648/1800/2115 2650/1805/2117
f 2651/1807/2118 2649/1803/2116 2647/1808/2114
f 2650/1805/2117 2652/1813/2119 2642/1810/2109
f 2651/1807/2118 2645/1809/2112 2643/1811/2110
f 2652/1813/2119 2654/1817/2121 2640/1814/2107
f 2653/1812/2120 2643/1811/2110 2641/1815/2108
f 2654/1817/2121 2656/1825/2123 2638/1818/2105
f 2655/1816/2122 2641/1815/2108 2639/1819/2106
f 2638/1818/2105 2656/1825/2123 2658/1821/2125
f 2659/1823/2126 2657/1820/2124 2639/1819/2106
f 2656/1825/2123 2666/1828/2133 2664/1826/2131
f 2665/1827/2132 2667/1829/2134 2657/1820/2124
f 2654/1817/2121 2668/1896/2135 2666/1828/2133
f 2667/1829/2134 2669/1832/2136 2655/1816/2122
f 2670/1830/2137 2668/1896/2135 2654/1817/2121
f 2671/1831/2138 2653/1812/2120 2655/1816/2122
f 2672/1833/2139 2670/1830/2137 2652/1813/2119
f 2673/1834/2140 2651/1807/2118 2653/1812/2120
f 2674/1835/2141 2672/1833/2139 2650/1805/2117
f 2675/1836/2142 2649/1803/2116 2651/1807/2118
f 2648/1800/2115 2660/1846/2127 2662/1837/2129
f 2663/1838/2130 2661/1804/2128 2649/1803/2116
f 2566/1791/2033 2690/1871/2157 2688/1839/2155
f 2567/1792/2034 2565/1731/2032 2689/1840/2156
f 2636/1822/2103 2658/1821/2125 2690/1842/2157
f 2637/1824/2104 2567/1941/2034 2691/1844/2158
f 2556/1730/2023 2564/1729/2031 2688/1839/2155
f 2689/1840/2156 2565/1731/2032 2557/1732/2024
f 2628/1845/2095 2676/1862/2143 2660/1846/2127
f 2661/1804/2128 2677/1865/2144 2629/1847/2096
f 2658/1821/2125 2664/1826/2131 2686/1848/2153
f 2687/1849/2154 2665/1827/2132 2659/1823/2126
f 2692/1850/2159 2690/1842/2157 2686/1848/2153
f 2693/1852/2160 2685/1855/2152 2687/1849/2154
f 2680/1853/2147 2692/1850/2159 2684/1851/2151
f 2685/1855/2152 2693/1852/2160 2681/1856/2148
f 2694/1858/2161 2692/1850/2159 2680/1853/2147
f 2695/1860/2162 2679/1864/2146 2681/1856/2148
f 2694/1858/2161 2678/1859/2145 2696/1861/2163
f 2695/1860/2162 2677/1865/2144 2697/1863/2164
f 2676/1862/2143 2696/1861/2163 2662/1837/2129
f 2677/1865/2144 2661/1804/2128 2663/1838/2130
f 2558/1783/2025 2694/1868/2161 2676/1866/2143
f 2677/1867/2144 2695/1869/2162 2559/1784/2026
f 2688/1839/2155 2692/1872/2159 2694/1868/2161
f 2689/1840/2156 2559/1784/2026 2695/1869/2162
f 2662/1837/2129 2696/1861/2163 2698/1873/2165
f 2699/1875/2166 2697/1863/2164 2663/1838/2130
f 2678/1859/2145 2708/1879/2175 2698/1873/2165
f 2679/1864/2146 2697/1863/2164 2699/1875/2166
f 2678/1859/2145 2680/1853/2147 2706/1878/2173
f 2707/1880/2174 2681/1856/2148 2679/1864/2146
f 2682/1854/2149 2704/1882/2171 2706/1878/2173
f 2683/1857/2150 2681/1856/2148 2707/1880/2174
f 2684/1851/2151 2702/1885/2169 2704/1882/2171
f 2685/1855/2152 2683/1857/2150 2705/1881/2172
f 2684/1851/2151 2686/1848/2153 2700/1884/2167
f 2701/1886/2168 2687/1849/2154 2685/1855/2152
f 2686/1848/2153 2664/1826/2131 2720/1887/2187
f 2721/1888/2188 2665/1827/2132 2687/1849/2154
f 2674/1835/2141 2662/1837/2129 2722/1874/2189
f 2723/1876/2190 2663/1838/2130 2675/1836/2142
f 2672/1833/2139 2674/1835/2141 2710/1889/2177
f 2711/1890/2178 2675/1836/2142 2673/1834/2140
f 2670/1830/2137 2672/1833/2139 2712/1891/2179
f 2713/1892/2180 2673/1834/2140 2671/1831/2138
f 2670/1830/2137 2714/1893/2181 2716/1895/2183
f 2671/1831/2138 2669/1832/2136 2717/1897/2184
f 2668/1896/2135 2716/1895/2183 2718/1898/2185
f 2669/1832/2136 2667/1829/2134 2719/1899/2186
f 2666/1828/2133 2718/1898/2185 2720/1887/2187
f 2667/1829/2134 2665/1827/2132 2721/1888/2188
f 2702/1885/2169 2726/1903/2193 2724/1900/2191
f 2703/1883/2170 2705/1881/2172 2725/1901/2192
f 2726/1903/2193 2728/1946/2195 2730/1904/2197
f 2727/1902/2194 2725/1901/2192 2731/1905/2198
f 2730/1904/2197 2728/1946/2195 2734/1907/2201
f 2735/1909/2202 2729/1906/2196 2731/1905/2198
f 2734/1907/2201 2736/1914/2203 2738/1911/2205
f 2735/1909/2202 2733/1910/2200 2739/1912/2206
f 2710/1889/2177 2722/1874/2189 2732/1908/2199
f 2733/1910/2200 2723/1876/2190 2711/1890/2178
f 2730/1904/2197 2732/1908/2199 2722/1874/2189
f 2731/1905/2198 2699/1875/2166 2723/1876/2190
f 2708/1879/2175 2724/1900/2191 2730/1904/2197
f 2709/1877/2176 2699/1875/2166 2731/1905/2198
f 2704/1882/2171 2724/1900/2191 2708/1879/2175
f 2709/1877/2176 2725/1901/2192 2705/1881/2172
f 2720/1887/2187 2726/1903/2193 2702/1885/2169
f 2721/1888/2188 2701/1886/2168 2703/1883/2170
f 2718/1898/2185 2728/1946/2195 2726/1903/2193
f 2727/1902/2194 2729/1906/2196 2719/1899/2186
f 2734/1907/2201 2728/1946/2195 2718/1898/2185
f 2735/1909/2202 2717/1897/2184 2719/1899/2186
f 2736/1914/2203 2734/1907/2201 2716/1895/2183
f 2737/1913/2204 2715/1894/2182 2717/1897/2184
f 2712/1891/2179 2738/1911/2205 2736/1914/2203
f 2737/1913/2204 2739/1912/2206 2713/1892/2180
f 2638/1818/2105 2636/1822/2103 2750/1915/2217
f 2751/1917/2218 2637/1824/2104 2639/1819/2106
f 2640/1814/2107 2638/1818/2105 2748/1916/2215
f 2749/1918/2216 2639/1819/2106 2641/1815/2108
f 2640/1814/2107 2746/1919/2213 2744/1921/2211
f 2641/1815/2108 2643/1811/2110 2745/1922/2212
f 2642/1810/2109 2744/1921/2211 2742/1923/2209
f 2643/1811/2110 2645/1928/2112 2743/1925/2210
f 2644/1924/2111 2742/1923/2209 2740/1926/2207
f 2645/1928/2112 2647/1932/2114 2741/1929/2208
f 2646/1927/2113 2740/1926/2207 2752/1930/2219
f 2647/1932/2114 2635/1937/2102 2753/1933/2220
f 2748/1916/2215 2750/1915/2217 2752/1930/2219
f 2749/1918/2216 2741/1929/2208 2753/1933/2220
f 2740/1926/2207 2742/1923/2209 2746/1919/2213
f 2747/1920/2214 2743/1925/2210 2741/1929/2208
f 2628/1934/2095 2634/1931/2101 2752/1930/2219
f 2629/1936/2096 2561/1939/2028 2753/1933/2220
f 2560/1935/2027 2752/1930/2219 2750/1915/2217
f 2751/1917/2218 2753/1933/2220 2561/1939/2028
f 2566/1843/2033 2568/1938/2035 2750/1915/2217
f 2751/1917/2218 2569/1940/2036 2567/1941/2034
