# Blender 5.0.1
# www.blender.org
mtllib CornellBox-Sphere.mtl
o CornellBox-Sphere
v -0.421400 0.658400 -0.280000
v -0.421400 0.652900 -0.340000
v -0.432400 0.652900 -0.338900
v -0.443100 0.652900 -0.335900
v -0.453000 0.652900 -0.331000
v -0.461800 0.652900 -0.324300
v -0.469300 0.652900 -0.316100
v -0.475100 0.652900 -0.306700
v -0.479100 0.652900 -0.296400
v -0.481100 0.652900 -0.285500
v -0.481100 0.652900 -0.274500
v -0.479100 0.652900 -0.263600
v -0.475100 0.652900 -0.253300
v -0.469300 0.652900 -0.243900
v -0.461800 0.652900 -0.235700
v -0.453000 0.652900 -0.229000
v -0.443100 0.652900 -0.224100
v -0.432400 0.652900 -0.221100
v -0.421400 0.652900 -0.220000
v -0.410400 0.652900 -0.221100
v -0.399700 0.652900 -0.224100
v -0.389800 0.652900 -0.229000
v -0.381000 0.652900 -0.235700
v -0.373500 0.652900 -0.243900
v -0.367700 0.652900 -0.253300
v -0.363700 0.652900 -0.263600
v -0.361700 0.652900 -0.274500
v -0.361700 0.652900 -0.285500
v -0.363700 0.652900 -0.296400
v -0.367700 0.652900 -0.306700
v -0.373500 0.652900 -0.316100
v -0.381000 0.652900 -0.324300
v -0.389800 0.652900 -0.331000
v -0.399700 0.652900 -0.335900
v -0.410400 0.652900 -0.338900
v -0.421400 0.636400 -0.397900
v -0.443100 0.636400 -0.395900
v -0.464000 0.636400 -0.389900
v -0.483500 0.636400 -0.380200
v -0.500800 0.636400 -0.367100
v -0.515500 0.636400 -0.351000
v -0.526900 0.636400 -0.332500
v -0.534800 0.636400 -0.312300
v -0.538800 0.636400 -0.290900
v -0.538800 0.636400 -0.269100
v -0.534800 0.636400 -0.247700
v -0.526900 0.636400 -0.227500
v -0.515500 0.636400 -0.209000
v -0.500800 0.636400 -0.192900
v -0.483500 0.636400 -0.179800
v -0.464000 0.636400 -0.170100
v -0.443100 0.636400 -0.164100
v -0.421400 0.636400 -0.162100
v -0.399700 0.636400 -0.164100
v -0.378800 0.636400 -0.170100
v -0.359300 0.636400 -0.179800
v -0.342000 0.636400 -0.192900
v -0.327300 0.636400 -0.209000
v -0.315900 0.636400 -0.227500
v -0.308000 0.636400 -0.247700
v -0.304000 0.636400 -0.269100
v -0.304000 0.636400 -0.290900
v -0.308000 0.636400 -0.312300
v -0.315900 0.636400 -0.332500
v -0.327300 0.636400 -0.351000
v -0.342000 0.636400 -0.367100
v -0.359300 0.636400 -0.380200
v -0.378800 0.636400 -0.389900
v -0.399700 0.636400 -0.395900
v -0.421400 0.609600 -0.451800
v -0.453000 0.609600 -0.448900
v -0.483500 0.609600 -0.440200
v -0.511800 0.609600 -0.426100
v -0.537100 0.609600 -0.407000
v -0.558500 0.609600 -0.383500
v -0.575200 0.609600 -0.356600
v -0.586600 0.609600 -0.327000
v -0.592500 0.609600 -0.295900
v -0.592500 0.609600 -0.264100
v -0.586600 0.609600 -0.233000
v -0.575200 0.609600 -0.203400
v -0.558500 0.609600 -0.176500
v -0.537100 0.609600 -0.153000
v -0.511800 0.609600 -0.133900
v -0.483500 0.609600 -0.119800
v -0.453000 0.609600 -0.111100
v -0.421400 0.609600 -0.108200
v -0.389800 0.609600 -0.111100
v -0.359300 0.609600 -0.119800
v -0.331000 0.609600 -0.133900
v -0.305700 0.609600 -0.153000
v -0.284300 0.609600 -0.176500
v -0.267600 0.609600 -0.203400
v -0.256200 0.609600 -0.233000
v -0.250300 0.609600 -0.264100
v -0.250300 0.609600 -0.295900
v -0.256200 0.609600 -0.327000
v -0.267600 0.609600 -0.356600
v -0.284300 0.609600 -0.383500
v -0.305700 0.609600 -0.407000
v -0.331000 0.609600 -0.426100
v -0.359300 0.609600 -0.440200
v -0.389800 0.609600 -0.448900
v -0.421400 0.573300 -0.499900
v -0.461800 0.573300 -0.496100
v -0.500800 0.573300 -0.485000
v -0.537100 0.573300 -0.466900
v -0.569500 0.573300 -0.442500
v -0.596800 0.573300 -0.412500
v -0.618200 0.573300 -0.378000
v -0.632900 0.573300 -0.340200
v -0.640300 0.573300 -0.300300
v -0.640300 0.573300 -0.259700
v -0.632900 0.573300 -0.219800
v -0.618200 0.573300 -0.182000
v -0.596800 0.573300 -0.147500
v -0.569500 0.573300 -0.117500
v -0.537100 0.573300 -0.093100
v -0.500800 0.573300 -0.075000
v -0.461800 0.573300 -0.063900
v -0.421400 0.573300 -0.060100
v -0.381000 0.573300 -0.063900
v -0.342000 0.573300 -0.075000
v -0.305700 0.573300 -0.093100
v -0.273300 0.573300 -0.117500
v -0.246000 0.573300 -0.147500
v -0.224600 0.573300 -0.182000
v -0.209900 0.573300 -0.219800
v -0.202500 0.573300 -0.259700
v -0.202500 0.573300 -0.300300
v -0.209900 0.573300 -0.340200
v -0.224600 0.573300 -0.378000
v -0.246000 0.573300 -0.412500
v -0.273300 0.573300 -0.442500
v -0.305700 0.573300 -0.466900
v -0.342000 0.573300 -0.485000
v -0.381000 0.573300 -0.496100
v -0.421400 0.528800 -0.540400
v -0.469300 0.528800 -0.536000
v -0.515500 0.528800 -0.522800
v -0.558500 0.528800 -0.501400
v -0.596800 0.528800 -0.472500
v -0.629200 0.528800 -0.436900
v -0.654500 0.528800 -0.396100
v -0.671900 0.528800 -0.351300
v -0.680700 0.528800 -0.304000
v -0.680700 0.528800 -0.256000
v -0.671900 0.528800 -0.208700
v -0.654500 0.528800 -0.163900
v -0.629200 0.528800 -0.123100
v -0.596800 0.528800 -0.087500
v -0.558500 0.528800 -0.058600
v -0.515500 0.528800 -0.037200
v -0.469300 0.528800 -0.024000
v -0.421400 0.528800 -0.019600
v -0.373500 0.528800 -0.024000
v -0.327300 0.528800 -0.037200
v -0.284300 0.528800 -0.058600
v -0.246000 0.528800 -0.087500
v -0.213600 0.528800 -0.123100
v -0.188300 0.528800 -0.163900
v -0.170900 0.528800 -0.208700
v -0.162100 0.528800 -0.256000
v -0.162100 0.528800 -0.304000
v -0.170900 0.528800 -0.351300
v -0.188300 0.528800 -0.396100
v -0.213600 0.528800 -0.436900
v -0.246000 0.528800 -0.472500
v -0.284300 0.528800 -0.501400
v -0.327300 0.528800 -0.522800
v -0.373500 0.528800 -0.536000
v -0.421400 0.477600 -0.572100
v -0.475100 0.477600 -0.567200
v -0.526900 0.477600 -0.552400
v -0.575200 0.477600 -0.528400
v -0.618200 0.477600 -0.495900
v -0.654500 0.477600 -0.456000
v -0.682900 0.477600 -0.410200
v -0.702400 0.477600 -0.359900
v -0.712300 0.477600 -0.307000
v -0.712300 0.477600 -0.253000
v -0.702400 0.477600 -0.200100
v -0.682900 0.477600 -0.149800
v -0.654500 0.477600 -0.104000
v -0.618200 0.477600 -0.064100
v -0.575200 0.477600 -0.031600
v -0.526900 0.477600 -0.007600
v -0.475100 0.477600 0.007200
v -0.421400 0.477600 0.012100
v -0.367700 0.477600 0.007200
v -0.315900 0.477600 -0.007600
v -0.267600 0.477600 -0.031600
v -0.224600 0.477600 -0.064100
v -0.188300 0.477600 -0.104000
v -0.159900 0.477600 -0.149800
v -0.140400 0.477600 -0.200100
v -0.130500 0.477600 -0.253000
v -0.130500 0.477600 -0.307000
v -0.140400 0.477600 -0.359900
v -0.159900 0.477600 -0.410200
v -0.188300 0.477600 -0.456000
v -0.224600 0.477600 -0.495900
v -0.267600 0.477600 -0.528400
v -0.315900 0.477600 -0.552400
v -0.367700 0.477600 -0.567200
v -0.421400 0.421400 -0.593900
v -0.479100 0.421400 -0.588500
v -0.534800 0.421400 -0.572700
v -0.586600 0.421400 -0.546900
v -0.632900 0.421400 -0.512000
v -0.671900 0.421400 -0.469200
v -0.702400 0.421400 -0.419900
v -0.723300 0.421400 -0.365900
v -0.733900 0.421400 -0.309000
v -0.733900 0.421400 -0.251000
v -0.723300 0.421400 -0.194100
v -0.702400 0.421400 -0.140100
v -0.671900 0.421400 -0.090800
v -0.632900 0.421400 -0.048000
v -0.586600 0.421400 -0.013100
v -0.534800 0.421400 0.012700
v -0.479100 0.421400 0.028500
v -0.421400 0.421400 0.033900
v -0.363700 0.421400 0.028500
v -0.308000 0.421400 0.012700
v -0.256200 0.421400 -0.013100
v -0.209900 0.421400 -0.048000
v -0.170900 0.421400 -0.090800
v -0.140400 0.421400 -0.140100
v -0.119500 0.421400 -0.194100
v -0.108900 0.421400 -0.251000
v -0.108900 0.421400 -0.309000
v -0.119500 0.421400 -0.365900
v -0.140400 0.421400 -0.419900
v -0.170900 0.421400 -0.469200
v -0.209900 0.421400 -0.512000
v -0.256200 0.421400 -0.546900
v -0.308000 0.421400 -0.572700
v -0.363700 0.421400 -0.588500
v -0.421400 0.362200 -0.604900
v -0.481100 0.362200 -0.599400
v -0.538800 0.362200 -0.583000
v -0.592500 0.362200 -0.556300
v -0.640300 0.362200 -0.520100
v -0.680700 0.362200 -0.475800
v -0.712300 0.362200 -0.424800
v -0.733900 0.362200 -0.368900
v -0.745000 0.362200 -0.310000
v -0.745000 0.362200 -0.250000
v -0.733900 0.362200 -0.191100
v -0.712300 0.362200 -0.135200
v -0.680700 0.362200 -0.084200
v -0.640300 0.362200 -0.039900
v -0.592500 0.362200 -0.003700
v -0.538800 0.362200 0.023000
v -0.481100 0.362200 0.039400
v -0.421400 0.362200 0.044900
v -0.361700 0.362200 0.039400
v -0.304000 0.362200 0.023000
v -0.250300 0.362200 -0.003700
v -0.202500 0.362200 -0.039900
v -0.162100 0.362200 -0.084200
v -0.130500 0.362200 -0.135200
v -0.108900 0.362200 -0.191100
v -0.097800 0.362200 -0.250000
v -0.097800 0.362200 -0.310000
v -0.108900 0.362200 -0.368900
v -0.130500 0.362200 -0.424800
v -0.162100 0.362200 -0.475800
v -0.202500 0.362200 -0.520100
v -0.250300 0.362200 -0.556300
v -0.304000 0.362200 -0.583000
v -0.361700 0.362200 -0.599400
v -0.421400 0.302000 -0.604900
v -0.481100 0.302000 -0.599400
v -0.538800 0.302000 -0.583000
v -0.592500 0.302000 -0.556300
v -0.640300 0.302000 -0.520100
v -0.680700 0.302000 -0.475800
v -0.712300 0.302000 -0.424800
v -0.733900 0.302000 -0.368900
v -0.745000 0.302000 -0.310000
v -0.745000 0.302000 -0.250000
v -0.733900 0.302000 -0.191100
v -0.712300 0.302000 -0.135200
v -0.680700 0.302000 -0.084200
v -0.640300 0.302000 -0.039900
v -0.592500 0.302000 -0.003700
v -0.538800 0.302000 0.023000
v -0.481100 0.302000 0.039400
v -0.421400 0.302000 0.044900
v -0.361700 0.302000 0.039400
v -0.304000 0.302000 0.023000
v -0.250300 0.302000 -0.003700
v -0.202500 0.302000 -0.039900
v -0.162100 0.302000 -0.084200
v -0.130500 0.302000 -0.135200
v -0.108900 0.302000 -0.191100
v -0.097800 0.302000 -0.250000
v -0.097800 0.302000 -0.310000
v -0.108900 0.302000 -0.368900
v -0.130500 0.302000 -0.424800
v -0.162100 0.302000 -0.475800
v -0.202500 0.302000 -0.520100
v -0.250300 0.302000 -0.556300
v -0.304000 0.302000 -0.583000
v -0.361700 0.302000 -0.599400
v -0.421400 0.242800 -0.593900
v -0.479100 0.242800 -0.588500
v -0.534800 0.242800 -0.572700
v -0.586600 0.242800 -0.546900
v -0.632900 0.242800 -0.512000
v -0.671900 0.242800 -0.469200
v -0.702400 0.242800 -0.419900
v -0.723300 0.242800 -0.365900
v -0.733900 0.242800 -0.309000
v -0.733900 0.242800 -0.251000
v -0.723300 0.242800 -0.194100
v -0.702400 0.242800 -0.140100
v -0.671900 0.242800 -0.090800
v -0.632900 0.242800 -0.048000
v -0.586600 0.242800 -0.013100
v -0.534800 0.242800 0.012700
v -0.479100 0.242800 0.028500
v -0.421400 0.242800 0.033900
v -0.363700 0.242800 0.028500
v -0.308000 0.242800 0.012700
v -0.256200 0.242800 -0.013100
v -0.209900 0.242800 -0.048000
v -0.170900 0.242800 -0.090800
v -0.140400 0.242800 -0.140100
v -0.119500 0.242800 -0.194100
v -0.108900 0.242800 -0.251000
v -0.108900 0.242800 -0.309000
v -0.119500 0.242800 -0.365900
v -0.140400 0.242800 -0.419900
v -0.170900 0.242800 -0.469200
v -0.209900 0.242800 -0.512000
v -0.256200 0.242800 -0.546900
v -0.308000 0.242800 -0.572700
v -0.363700 0.242800 -0.588500
v -0.421400 0.186600 -0.572100
v -0.475100 0.186600 -0.567200
v -0.526900 0.186600 -0.552400
v -0.575200 0.186600 -0.528400
v -0.618200 0.186600 -0.495900
v -0.654500 0.186600 -0.456000
v -0.682900 0.186600 -0.410200
v -0.702400 0.186600 -0.359900
v -0.712300 0.186600 -0.307000
v -0.712300 0.186600 -0.253000
v -0.702400 0.186600 -0.200100
v -0.682900 0.186600 -0.149800
v -0.654500 0.186600 -0.104000
v -0.618200 0.186600 -0.064100
v -0.575200 0.186600 -0.031600
v -0.526900 0.186600 -0.007600
v -0.475100 0.186600 0.007200
v -0.421400 0.186600 0.012100
v -0.367700 0.186600 0.007200
v -0.315900 0.186600 -0.007600
v -0.267600 0.186600 -0.031600
v -0.224600 0.186600 -0.064100
v -0.188300 0.186600 -0.104000
v -0.159900 0.186600 -0.149800
v -0.140400 0.186600 -0.200100
v -0.130500 0.186600 -0.253000
v -0.130500 0.186600 -0.307000
v -0.140400 0.186600 -0.359900
v -0.159900 0.186600 -0.410200
v -0.188300 0.186600 -0.456000
v -0.224600 0.186600 -0.495900
v -0.267600 0.186600 -0.528400
v -0.315900 0.186600 -0.552400
v -0.367700 0.186600 -0.567200
v -0.421400 0.135400 -0.540400
v -0.469300 0.135400 -0.536000
v -0.515500 0.135400 -0.522800
v -0.558500 0.135400 -0.501400
v -0.596800 0.135400 -0.472500
v -0.629200 0.135400 -0.436900
v -0.654500 0.135400 -0.396100
v -0.671900 0.135400 -0.351300
v -0.680700 0.135400 -0.304000
v -0.680700 0.135400 -0.256000
v -0.671900 0.135400 -0.208700
v -0.654500 0.135400 -0.163900
v -0.629200 0.135400 -0.123100
v -0.596800 0.135400 -0.087500
v -0.558500 0.135400 -0.058600
v -0.515500 0.135400 -0.037200
v -0.469300 0.135400 -0.024000
v -0.421400 0.135400 -0.019600
v -0.373500 0.135400 -0.024000
v -0.327300 0.135400 -0.037200
v -0.284300 0.135400 -0.058600
v -0.246000 0.135400 -0.087500
v -0.213600 0.135400 -0.123100
v -0.188300 0.135400 -0.163900
v -0.170900 0.135400 -0.208700
v -0.162100 0.135400 -0.256000
v -0.162100 0.135400 -0.304000
v -0.170900 0.135400 -0.351300
v -0.188300 0.135400 -0.396100
v -0.213600 0.135400 -0.436900
v -0.246000 0.135400 -0.472500
v -0.284300 0.135400 -0.501400
v -0.327300 0.135400 -0.522800
v -0.373500 0.135400 -0.536000
v -0.421400 0.090900 -0.499900
v -0.461800 0.090900 -0.496100
v -0.500800 0.090900 -0.485000
v -0.537100 0.090900 -0.466900
v -0.569500 0.090900 -0.442500
v -0.596800 0.090900 -0.412500
v -0.618200 0.090900 -0.378000
v -0.632900 0.090900 -0.340200
v -0.640300 0.090900 -0.300300
v -0.640300 0.090900 -0.259700
v -0.632900 0.090900 -0.219800
v -0.618200 0.090900 -0.182000
v -0.596800 0.090900 -0.147500
v -0.569500 0.090900 -0.117500
v -0.537100 0.090900 -0.093100
v -0.500800 0.090900 -0.075000
v -0.461800 0.090900 -0.063900
v -0.421400 0.090900 -0.060100
v -0.381000 0.090900 -0.063900
v -0.342000 0.090900 -0.075000
v -0.305700 0.090900 -0.093100
v -0.273300 0.090900 -0.117500
v -0.246000 0.090900 -0.147500
v -0.224600 0.090900 -0.182000
v -0.209900 0.090900 -0.219800
v -0.202500 0.090900 -0.259700
v -0.202500 0.090900 -0.300300
v -0.209900 0.090900 -0.340200
v -0.224600 0.090900 -0.378000
v -0.246000 0.090900 -0.412500
v -0.273300 0.090900 -0.442500
v -0.305700 0.090900 -0.466900
v -0.342000 0.090900 -0.485000
v -0.381000 0.090900 -0.496100
v -0.421400 0.054600 -0.451800
v -0.453000 0.054600 -0.448900
v -0.483500 0.054600 -0.440200
v -0.511800 0.054600 -0.426100
v -0.537100 0.054600 -0.407000
v -0.558500 0.054600 -0.383500
v -0.575200 0.054600 -0.356600
v -0.586600 0.054600 -0.327000
v -0.592500 0.054600 -0.295900
v -0.592500 0.054600 -0.264100
v -0.586600 0.054600 -0.233000
v -0.575200 0.054600 -0.203400
v -0.558500 0.054600 -0.176500
v -0.537100 0.054600 -0.153000
v -0.511800 0.054600 -0.133900
v -0.483500 0.054600 -0.119800
v -0.453000 0.054600 -0.111100
v -0.421400 0.054600 -0.108200
v -0.389800 0.054600 -0.111100
v -0.359300 0.054600 -0.119800
v -0.331000 0.054600 -0.133900
v -0.305700 0.054600 -0.153000
v -0.284300 0.054600 -0.176500
v -0.267600 0.054600 -0.203400
v -0.256200 0.054600 -0.233000
v -0.250300 0.054600 -0.264100
v -0.250300 0.054600 -0.295900
v -0.256200 0.054600 -0.327000
v -0.267600 0.054600 -0.356600
v -0.284300 0.054600 -0.383500
v -0.305700 0.054600 -0.407000
v -0.331000 0.054600 -0.426100
v -0.359300 0.054600 -0.440200
v -0.389800 0.054600 -0.448900
v -0.421400 0.027800 -0.397900
v -0.443100 0.027800 -0.395900
v -0.464000 0.027800 -0.389900
v -0.483500 0.027800 -0.380200
v -0.500800 0.027800 -0.367100
v -0.515500 0.027800 -0.351000
v -0.526900 0.027800 -0.332500
v -0.534800 0.027800 -0.312300
v -0.538800 0.027800 -0.290900
v -0.538800 0.027800 -0.269100
v -0.534800 0.027800 -0.247700
v -0.526900 0.027800 -0.227500
v -0.515500 0.027800 -0.209000
v -0.500800 0.027800 -0.192900
v -0.483500 0.027800 -0.179800
v -0.464000 0.027800 -0.170100
v -0.443100 0.027800 -0.164100
v -0.421400 0.027800 -0.162100
v -0.399700 0.027800 -0.164100
v -0.378800 0.027800 -0.170100
v -0.359300 0.027800 -0.179800
v -0.342000 0.027800 -0.192900
v -0.327300 0.027800 -0.209000
v -0.315900 0.027800 -0.227500
v -0.308000 0.027800 -0.247700
v -0.304000 0.027800 -0.269100
v -0.304000 0.027800 -0.290900
v -0.308000 0.027800 -0.312300
v -0.315900 0.027800 -0.332500
v -0.327300 0.027800 -0.351000
v -0.342000 0.027800 -0.367100
v -0.359300 0.027800 -0.380200
v -0.378800 0.027800 -0.389900
v -0.399700 0.027800 -0.395900
v -0.421400 0.011300 -0.340000
v -0.432400 0.011300 -0.338900
v -0.443100 0.011300 -0.335900
v -0.453000 0.011300 -0.331000
v -0.461800 0.011300 -0.324300
v -0.469300 0.011300 -0.316100
v -0.475100 0.011300 -0.306700
v -0.479100 0.011300 -0.296400
v -0.481100 0.011300 -0.285500
v -0.481100 0.011300 -0.274500
v -0.479100 0.011300 -0.263600
v -0.475100 0.011300 -0.253300
v -0.469300 0.011300 -0.243900
v -0.461800 0.011300 -0.235700
v -0.453000 0.011300 -0.229000
v -0.443100 0.011300 -0.224100
v -0.432400 0.011300 -0.221100
v -0.421400 0.011300 -0.220000
v -0.410400 0.011300 -0.221100
v -0.399700 0.011300 -0.224100
v -0.389800 0.011300 -0.229000
v -0.381000 0.011300 -0.235700
v -0.373500 0.011300 -0.243900
v -0.367700 0.011300 -0.253300
v -0.363700 0.011300 -0.263600
v -0.361700 0.011300 -0.274500
v -0.361700 0.011300 -0.285500
v -0.363700 0.011300 -0.296400
v -0.367700 0.011300 -0.306700
v -0.373500 0.011300 -0.316100
v -0.381000 0.011300 -0.324300
v -0.389800 0.011300 -0.331000
v -0.399700 0.011300 -0.335900
v -0.410400 0.011300 -0.338900
v -0.421400 0.005800 -0.280000
v 0.445800 0.658400 0.376700
v 0.445800 0.652900 0.316800
v 0.434800 0.652900 0.317800
v 0.424200 0.652900 0.320800
v 0.414300 0.652900 0.325800
v 0.405400 0.652900 0.332400
v 0.398000 0.652900 0.340600
v 0.392200 0.652900 0.350000
v 0.388200 0.652900 0.360300
v 0.386100 0.652900 0.371200
v 0.386100 0.652900 0.382300
v 0.388200 0.652900 0.393200
v 0.392200 0.652900 0.403500
v 0.398000 0.652900 0.412900
v 0.405400 0.652900 0.421100
v 0.414300 0.652900 0.427700
v 0.424200 0.652900 0.432700
v 0.434800 0.652900 0.435700
v 0.445800 0.652900 0.436700
v 0.456900 0.652900 0.435700
v 0.467500 0.652900 0.432700
v 0.477400 0.652900 0.427700
v 0.486200 0.652900 0.421100
v 0.493700 0.652900 0.412900
v 0.499500 0.652900 0.403500
v 0.503500 0.652900 0.393200
v 0.505600 0.652900 0.382300
v 0.505600 0.652900 0.371200
v 0.503500 0.652900 0.360300
v 0.499500 0.652900 0.350000
v 0.493700 0.652900 0.340600
v 0.486200 0.652900 0.332400
v 0.477400 0.652900 0.325800
v 0.467500 0.652900 0.320800
v 0.456900 0.652900 0.317800
v 0.445800 0.636400 0.258900
v 0.424200 0.636400 0.260900
v 0.403300 0.636400 0.266800
v 0.383800 0.636400 0.276500
v 0.366400 0.636400 0.289600
v 0.351800 0.636400 0.305700
v 0.340300 0.636400 0.324200
v 0.332500 0.636400 0.344500
v 0.328500 0.636400 0.365900
v 0.328500 0.636400 0.387600
v 0.332500 0.636400 0.409000
v 0.340300 0.636400 0.429300
v 0.351800 0.636400 0.447800
v 0.366400 0.636400 0.463900
v 0.383800 0.636400 0.477000
v 0.403300 0.636400 0.486700
v 0.424200 0.636400 0.492600
v 0.445800 0.636400 0.494600
v 0.467500 0.636400 0.492600
v 0.488400 0.636400 0.486700
v 0.507900 0.636400 0.477000
v 0.525300 0.636400 0.463900
v 0.539900 0.636400 0.447800
v 0.551400 0.636400 0.429300
v 0.559200 0.636400 0.409000
v 0.563200 0.636400 0.387600
v 0.563200 0.636400 0.365900
v 0.559200 0.636400 0.344500
v 0.551400 0.636400 0.324200
v 0.539900 0.636400 0.305700
v 0.525300 0.636400 0.289600
v 0.507900 0.636400 0.276500
v 0.488400 0.636400 0.266800
v 0.467500 0.636400 0.260900
v 0.445800 0.609600 0.204900
v 0.414300 0.609600 0.207900
v 0.383800 0.609600 0.216600
v 0.355400 0.609600 0.230700
v 0.330100 0.609600 0.249800
v 0.308700 0.609600 0.273200
v 0.292100 0.609600 0.300200
v 0.280600 0.609600 0.329700
v 0.274800 0.609600 0.360900
v 0.274800 0.609600 0.392600
v 0.280600 0.609600 0.423800
v 0.292100 0.609600 0.453300
v 0.308700 0.609600 0.480300
v 0.330100 0.609600 0.503700
v 0.355400 0.609600 0.522800
v 0.383800 0.609600 0.536900
v 0.414300 0.609600 0.545600
v 0.445800 0.609600 0.548500
v 0.477400 0.609600 0.545600
v 0.507900 0.609600 0.536900
v 0.536300 0.609600 0.522800
v 0.561600 0.609600 0.503700
v 0.582900 0.609600 0.480300
v 0.599600 0.609600 0.453300
v 0.611100 0.609600 0.423800
v 0.616900 0.609600 0.392600
v 0.616900 0.609600 0.360900
v 0.611100 0.609600 0.329700
v 0.599600 0.609600 0.300200
v 0.582900 0.609600 0.273200
v 0.561600 0.609600 0.249800
v 0.536300 0.609600 0.230700
v 0.507900 0.609600 0.216600
v 0.477400 0.609600 0.207900
v 0.445800 0.573300 0.156900
v 0.405400 0.573300 0.160600
v 0.366400 0.573300 0.171700
v 0.330100 0.573300 0.189800
v 0.297700 0.573300 0.214300
v 0.270400 0.573300 0.244300
v 0.249000 0.573300 0.278700
v 0.234400 0.573300 0.316600
v 0.226900 0.573300 0.356500
v 0.226900 0.573300 0.397000
v 0.234400 0.573300 0.436900
v 0.249000 0.573300 0.474700
v 0.270400 0.573300 0.509200
v 0.297700 0.573300 0.539200
v 0.330100 0.573300 0.563700
v 0.366400 0.573300 0.581800
v 0.405400 0.573300 0.592900
v 0.445800 0.573300 0.596600
v 0.486200 0.573300 0.592900
v 0.525300 0.573300 0.581800
v 0.561600 0.573300 0.563700
v 0.594000 0.573300 0.539200
v 0.621300 0.573300 0.509200
v 0.642600 0.573300 0.474700
v 0.657300 0.573300 0.436900
v 0.664800 0.573300 0.397000
v 0.664800 0.573300 0.356500
v 0.657300 0.573300 0.316600
v 0.642600 0.573300 0.278700
v 0.621300 0.573300 0.244300
v 0.594000 0.573300 0.214300
v 0.561600 0.573300 0.189800
v 0.525300 0.573300 0.171700
v 0.486200 0.573300 0.160600
v 0.445800 0.528800 0.116300
v 0.398000 0.528800 0.120800
v 0.351800 0.528800 0.133900
v 0.308700 0.528800 0.155300
v 0.270400 0.528800 0.184300
v 0.238000 0.528800 0.219800
v 0.212700 0.528800 0.260700
v 0.195400 0.528800 0.305500
v 0.186500 0.528800 0.352700
v 0.186500 0.528800 0.400800
v 0.195400 0.528800 0.448000
v 0.212700 0.528800 0.492800
v 0.238000 0.528800 0.533700
v 0.270400 0.528800 0.569200
v 0.308700 0.528800 0.598200
v 0.351800 0.528800 0.619600
v 0.398000 0.528800 0.632700
v 0.445800 0.528800 0.637200
v 0.493700 0.528800 0.632700
v 0.539900 0.528800 0.619600
v 0.582900 0.528800 0.598200
v 0.621300 0.528800 0.569200
v 0.653700 0.528800 0.533700
v 0.679000 0.528800 0.492800
v 0.696300 0.528800 0.448000
v 0.705200 0.528800 0.400800
v 0.705200 0.528800 0.352700
v 0.696300 0.528800 0.305500
v 0.679000 0.528800 0.260700
v 0.653700 0.528800 0.219800
v 0.621300 0.528800 0.184300
v 0.582900 0.528800 0.155300
v 0.539900 0.528800 0.133900
v 0.493700 0.528800 0.120800
v 0.445800 0.477600 0.084600
v 0.392200 0.477600 0.089600
v 0.340300 0.477600 0.104300
v 0.292100 0.477600 0.128400
v 0.249000 0.477600 0.160900
v 0.212700 0.477600 0.200700
v 0.184300 0.477600 0.246500
v 0.164900 0.477600 0.296800
v 0.155000 0.477600 0.349800
v 0.155000 0.477600 0.403700
v 0.164900 0.477600 0.456700
v 0.184300 0.477600 0.507000
v 0.212700 0.477600 0.552800
v 0.249000 0.477600 0.592600
v 0.292100 0.477600 0.625100
v 0.340300 0.477600 0.649100
v 0.392200 0.477600 0.663900
v 0.445800 0.477600 0.668900
v 0.499500 0.477600 0.663900
v 0.551400 0.477600 0.649100
v 0.599600 0.477600 0.625100
v 0.642600 0.477600 0.592600
v 0.679000 0.477600 0.552800
v 0.707300 0.477600 0.507000
v 0.726800 0.477600 0.456700
v 0.736700 0.477600 0.403700
v 0.736700 0.477600 0.349800
v 0.726800 0.477600 0.296800
v 0.707300 0.477600 0.246500
v 0.679000 0.477600 0.200700
v 0.642600 0.477600 0.160900
v 0.599600 0.477600 0.128400
v 0.551400 0.477600 0.104300
v 0.499500 0.477600 0.089600
v 0.445800 0.421400 0.062900
v 0.388200 0.421400 0.068200
v 0.332500 0.421400 0.084100
v 0.280600 0.421400 0.109900
v 0.234400 0.421400 0.144800
v 0.195400 0.421400 0.187600
v 0.164900 0.421400 0.236800
v 0.143900 0.421400 0.290800
v 0.133300 0.421400 0.347800
v 0.133300 0.421400 0.405700
v 0.143900 0.421400 0.462600
v 0.164900 0.421400 0.516700
v 0.195400 0.421400 0.565900
v 0.234400 0.421400 0.608700
v 0.280600 0.421400 0.643600
v 0.332500 0.421400 0.669400
v 0.388200 0.421400 0.685300
v 0.445800 0.421400 0.690600
v 0.503500 0.421400 0.685300
v 0.559200 0.421400 0.669400
v 0.611100 0.421400 0.643600
v 0.657300 0.421400 0.608700
v 0.696300 0.421400 0.565900
v 0.726800 0.421400 0.516700
v 0.747700 0.421400 0.462600
v 0.758400 0.421400 0.405700
v 0.758400 0.421400 0.347800
v 0.747700 0.421400 0.290800
v 0.726800 0.421400 0.236800
v 0.696300 0.421400 0.187600
v 0.657300 0.421400 0.144800
v 0.611100 0.421400 0.109900
v 0.559200 0.421400 0.084100
v 0.503500 0.421400 0.068200
v 0.445800 0.362200 0.051800
v 0.386100 0.362200 0.057300
v 0.328500 0.362200 0.073700
v 0.274800 0.362200 0.100500
v 0.226900 0.362200 0.136600
v 0.186500 0.362200 0.180900
v 0.155000 0.362200 0.231900
v 0.133300 0.362200 0.287800
v 0.122300 0.362200 0.346800
v 0.122300 0.362200 0.406700
v 0.133300 0.362200 0.465700
v 0.155000 0.362200 0.521600
v 0.186500 0.362200 0.572600
v 0.226900 0.362200 0.616900
v 0.274800 0.362200 0.653000
v 0.328500 0.362200 0.679700
v 0.386100 0.362200 0.696200
v 0.445800 0.362200 0.701700
v 0.505600 0.362200 0.696200
v 0.563200 0.362200 0.679700
v 0.616900 0.362200 0.653000
v 0.664800 0.362200 0.616900
v 0.705200 0.362200 0.572600
v 0.736700 0.362200 0.521600
v 0.758400 0.362200 0.465700
v 0.769400 0.362200 0.406700
v 0.769400 0.362200 0.346800
v 0.758400 0.362200 0.287800
v 0.736700 0.362200 0.231900
v 0.705200 0.362200 0.180900
v 0.664800 0.362200 0.136600
v 0.616900 0.362200 0.100500
v 0.563200 0.362200 0.073700
v 0.505600 0.362200 0.057300
v 0.445800 0.302000 0.051800
v 0.386100 0.302000 0.057300
v 0.328500 0.302000 0.073700
v 0.274800 0.302000 0.100500
v 0.226900 0.302000 0.136600
v 0.186500 0.302000 0.180900
v 0.155000 0.302000 0.231900
v 0.133300 0.302000 0.287800
v 0.122300 0.302000 0.346800
v 0.122300 0.302000 0.406700
v 0.133300 0.302000 0.465700
v 0.155000 0.302000 0.521600
v 0.186500 0.302000 0.572600
v 0.226900 0.302000 0.616900
v 0.274800 0.302000 0.653000
v 0.328500 0.302000 0.679700
v 0.386100 0.302000 0.696200
v 0.445800 0.302000 0.701700
v 0.505600 0.302000 0.696200
v 0.563200 0.302000 0.679700
v 0.616900 0.302000 0.653000
v 0.664800 0.302000 0.616900
v 0.705200 0.302000 0.572600
v 0.736700 0.302000 0.521600
v 0.758400 0.302000 0.465700
v 0.769400 0.302000 0.406700
v 0.769400 0.302000 0.346800
v 0.758400 0.302000 0.287800
v 0.736700 0.302000 0.231900
v 0.705200 0.302000 0.180900
v 0.664800 0.302000 0.136600
v 0.616900 0.302000 0.100500
v 0.563200 0.302000 0.073700
v 0.505600 0.302000 0.057300
v 0.445800 0.242800 0.062900
v 0.388200 0.242800 0.068200
v 0.332500 0.242800 0.084100
v 0.280600 0.242800 0.109900
v 0.234400 0.242800 0.144800
v 0.195400 0.242800 0.187600
v 0.164900 0.242800 0.236800
v 0.143900 0.242800 0.290800
v 0.133300 0.242800 0.347800
v 0.133300 0.242800 0.405700
v 0.143900 0.242800 0.462600
v 0.164900 0.242800 0.516700
v 0.195400 0.242800 0.565900
v 0.234400 0.242800 0.608700
v 0.280600 0.242800 0.643600
v 0.332500 0.242800 0.669400
v 0.388200 0.242800 0.685300
v 0.445800 0.242800 0.690600
v 0.503500 0.242800 0.685300
v 0.559200 0.242800 0.669400
v 0.611100 0.242800 0.643600
v 0.657300 0.242800 0.608700
v 0.696300 0.242800 0.565900
v 0.726800 0.242800 0.516700
v 0.747700 0.242800 0.462600
v 0.758400 0.242800 0.405700
v 0.758400 0.242800 0.347800
v 0.747700 0.242800 0.290800
v 0.726800 0.242800 0.236800
v 0.696300 0.242800 0.187600
v 0.657300 0.242800 0.144800
v 0.611100 0.242800 0.109900
v 0.559200 0.242800 0.084100
v 0.503500 0.242800 0.068200
v 0.445800 0.186600 0.084600
v 0.392200 0.186600 0.089600
v 0.340300 0.186600 0.104300
v 0.292100 0.186600 0.128400
v 0.249000 0.186600 0.160900
v 0.212700 0.186600 0.200700
v 0.184300 0.186600 0.246500
v 0.164900 0.186600 0.296800
v 0.155000 0.186600 0.349800
v 0.155000 0.186600 0.403700
v 0.164900 0.186600 0.456700
v 0.184300 0.186600 0.507000
v 0.212700 0.186600 0.552800
v 0.249000 0.186600 0.592600
v 0.292100 0.186600 0.625100
v 0.340300 0.186600 0.649100
v 0.392200 0.186600 0.663900
v 0.445800 0.186600 0.668900
v 0.499500 0.186600 0.663900
v 0.551400 0.186600 0.649100
v 0.599600 0.186600 0.625100
v 0.642600 0.186600 0.592600
v 0.679000 0.186600 0.552800
v 0.707300 0.186600 0.507000
v 0.726800 0.186600 0.456700
v 0.736700 0.186600 0.403700
v 0.736700 0.186600 0.349800
v 0.726800 0.186600 0.296800
v 0.707300 0.186600 0.246500
v 0.679000 0.186600 0.200700
v 0.642600 0.186600 0.160900
v 0.599600 0.186600 0.128400
v 0.551400 0.186600 0.104300
v 0.499500 0.186600 0.089600
v 0.445800 0.135400 0.116300
v 0.398000 0.135400 0.120800
v 0.351800 0.135400 0.133900
v 0.308700 0.135400 0.155300
v 0.270400 0.135400 0.184300
v 0.238000 0.135400 0.219800
v 0.212700 0.135400 0.260700
v 0.195400 0.135400 0.305500
v 0.186500 0.135400 0.352700
v 0.186500 0.135400 0.400800
v 0.195400 0.135400 0.448000
v 0.212700 0.135400 0.492800
v 0.238000 0.135400 0.533700
v 0.270400 0.135400 0.569200
v 0.308700 0.135400 0.598200
v 0.351800 0.135400 0.619600
v 0.398000 0.135400 0.632700
v 0.445800 0.135400 0.637200
v 0.493700 0.135400 0.632700
v 0.539900 0.135400 0.619600
v 0.582900 0.135400 0.598200
v 0.621300 0.135400 0.569200
v 0.653700 0.135400 0.533700
v 0.679000 0.135400 0.492800
v 0.696300 0.135400 0.448000
v 0.705200 0.135400 0.400800
v 0.705200 0.135400 0.352700
v 0.696300 0.135400 0.305500
v 0.679000 0.135400 0.260700
v 0.653700 0.135400 0.219800
v 0.621300 0.135400 0.184300
v 0.582900 0.135400 0.155300
v 0.539900 0.135400 0.133900
v 0.493700 0.135400 0.120800
v 0.445800 0.090900 0.156900
v 0.405400 0.090900 0.160600
v 0.366400 0.090900 0.171700
v 0.330100 0.090900 0.189800
v 0.297700 0.090900 0.214300
v 0.270400 0.090900 0.244300
v 0.249000 0.090900 0.278700
v 0.234400 0.090900 0.316600
v 0.226900 0.090900 0.356500
v 0.226900 0.090900 0.397000
v 0.234400 0.090900 0.436900
v 0.249000 0.090900 0.474700
v 0.270400 0.090900 0.509200
v 0.297700 0.090900 0.539200
v 0.330100 0.090900 0.563700
v 0.366400 0.090900 0.581800
v 0.405400 0.090900 0.592900
v 0.445800 0.090900 0.596600
v 0.486200 0.090900 0.592900
v 0.525300 0.090900 0.581800
v 0.561600 0.090900 0.563700
v 0.594000 0.090900 0.539200
v 0.621300 0.090900 0.509200
v 0.642600 0.090900 0.474700
v 0.657300 0.090900 0.436900
v 0.664800 0.090900 0.397000
v 0.664800 0.090900 0.356500
v 0.657300 0.090900 0.316600
v 0.642600 0.090900 0.278700
v 0.621300 0.090900 0.244300
v 0.594000 0.090900 0.214300
v 0.561600 0.090900 0.189800
v 0.525300 0.090900 0.171700
v 0.486200 0.090900 0.160600
v 0.445800 0.054600 0.204900
v 0.414300 0.054600 0.207900
v 0.383800 0.054600 0.216600
v 0.355400 0.054600 0.230700
v 0.330100 0.054600 0.249800
v 0.308700 0.054600 0.273200
v 0.292100 0.054600 0.300200
v 0.280600 0.054600 0.329700
v 0.274800 0.054600 0.360900
v 0.274800 0.054600 0.392600
v 0.280600 0.054600 0.423800
v 0.292100 0.054600 0.453300
v 0.308700 0.054600 0.480300
v 0.330100 0.054600 0.503700
v 0.355400 0.054600 0.522800
v 0.383800 0.054600 0.536900
v 0.414300 0.054600 0.545600
v 0.445800 0.054600 0.548500
v 0.477400 0.054600 0.545600
v 0.507900 0.054600 0.536900
v 0.536300 0.054600 0.522800
v 0.561600 0.054600 0.503700
v 0.582900 0.054600 0.480300
v 0.599600 0.054600 0.453300
v 0.611100 0.054600 0.423800
v 0.616900 0.054600 0.392600
v 0.616900 0.054600 0.360900
v 0.611100 0.054600 0.329700
v 0.599600 0.054600 0.300200
v 0.582900 0.054600 0.273200
v 0.561600 0.054600 0.249800
v 0.536300 0.054600 0.230700
v 0.507900 0.054600 0.216600
v 0.477400 0.054600 0.207900
v 0.445800 0.027800 0.258900
v 0.424200 0.027800 0.260900
v 0.403300 0.027800 0.266800
v 0.383800 0.027800 0.276500
v 0.366400 0.027800 0.289600
v 0.351800 0.027800 0.305700
v 0.340300 0.027800 0.324200
v 0.332500 0.027800 0.344500
v 0.328500 0.027800 0.365900
v 0.328500 0.027800 0.387600
v 0.332500 0.027800 0.409000
v 0.340300 0.027800 0.429300
v 0.351800 0.027800 0.447800
v 0.366400 0.027800 0.463900
v 0.383800 0.027800 0.477000
v 0.403300 0.027800 0.486700
v 0.424200 0.027800 0.492600
v 0.445800 0.027800 0.494600
v 0.467500 0.027800 0.492600
v 0.488400 0.027800 0.486700
v 0.507900 0.027800 0.477000
v 0.525300 0.027800 0.463900
v 0.539900 0.027800 0.447800
v 0.551400 0.027800 0.429300
v 0.559200 0.027800 0.409000
v 0.563200 0.027800 0.387600
v 0.563200 0.027800 0.365900
v 0.559200 0.027800 0.344500
v 0.551400 0.027800 0.324200
v 0.539900 0.027800 0.305700
v 0.525300 0.027800 0.289600
v 0.507900 0.027800 0.276500
v 0.488400 0.027800 0.266800
v 0.467500 0.027800 0.260900
v 0.445800 0.011300 0.316800
v 0.434800 0.011300 0.317800
v 0.424200 0.011300 0.320800
v 0.414300 0.011300 0.325800
v 0.405400 0.011300 0.332400
v 0.398000 0.011300 0.340600
v 0.392200 0.011300 0.350000
v 0.388200 0.011300 0.360300
v 0.386100 0.011300 0.371200
v 0.386100 0.011300 0.382300
v 0.388200 0.011300 0.393200
v 0.392200 0.011300 0.403500
v 0.398000 0.011300 0.412900
v 0.405400 0.011300 0.421100
v 0.414300 0.011300 0.427700
v 0.424200 0.011300 0.432700
v 0.434800 0.011300 0.435700
v 0.445800 0.011300 0.436700
v 0.456900 0.011300 0.435700
v 0.467500 0.011300 0.432700
v 0.477400 0.011300 0.427700
v 0.486200 0.011300 0.421100
v 0.493700 0.011300 0.412900
v 0.499500 0.011300 0.403500
v 0.503500 0.011300 0.393200
v 0.505600 0.011300 0.382300
v 0.505600 0.011300 0.371200
v 0.503500 0.011300 0.360300
v 0.499500 0.011300 0.350000
v 0.493700 0.011300 0.340600
v 0.486200 0.011300 0.332400
v 0.477400 0.011300 0.325800
v 0.467500 0.011300 0.320800
v 0.456900 0.011300 0.317800
v 0.445800 0.005800 0.376700
v 1.000000 -0.000000 -1.040000
v -0.990000 -0.000000 -1.040000
v -1.010000 0.000000 0.990000
v 1.000000 0.000000 0.990000
v 1.000000 1.590000 -1.040000
v 1.000000 1.590000 0.990000
v -1.020000 1.590000 0.990000
v -1.020000 1.590000 -1.040000
v 1.000000 1.590000 -1.040000
v -1.020000 1.590000 -1.040000
v -0.990000 -0.000000 -1.040000
v 1.000000 -0.000000 -1.040000
v 1.000000 1.590000 0.990000
v 1.000000 1.590000 -1.040000
v 1.000000 -0.000000 -1.040000
v 1.000000 0.000000 0.990000
v -1.020000 1.590000 -1.040000
v -1.020000 1.590000 0.990000
v -1.010000 0.000000 0.990000
v -0.990000 -0.000000 -1.040000
v 0.230000 1.580000 -0.220000
v 0.230000 1.580000 0.160000
v -0.240000 1.580000 0.160000
v -0.240000 1.580000 -0.220000
vn -0.0000 1.0000 -0.0000
vn 0.0001 0.9820 -0.1890
vn -0.0348 0.9820 -0.1855
vn -0.0683 0.9820 -0.1762
vn -0.0995 0.9820 -0.1606
vn -0.1273 0.9820 -0.1396
vn -0.1507 0.9820 -0.1138
vn -0.1689 0.9820 -0.0841
vn -0.1816 0.9820 -0.0515
vn -0.1880 0.9820 -0.0173
vn -0.1878 0.9820 0.0171
vn -0.1818 0.9820 0.0518
vn -0.1690 0.9820 0.0841
vn -0.1507 0.9820 0.1138
vn -0.1272 0.9820 0.1393
vn -0.0996 0.9820 0.1605
vn -0.0680 0.9820 0.1762
vn -0.0347 0.9820 0.1855
vn -0.0001 0.9820 0.1890
vn 0.0348 0.9820 0.1855
vn 0.0677 0.9820 0.1763
vn 0.0995 0.9820 0.1606
vn 0.1273 0.9820 0.1392
vn 0.1507 0.9820 0.1138
vn 0.1689 0.9820 0.0841
vn 0.1816 0.9820 0.0515
vn 0.1882 0.9820 0.0174
vn 0.1881 0.9820 -0.0173
vn 0.1817 0.9820 -0.0515
vn 0.1690 0.9820 -0.0841
vn 0.1507 0.9820 -0.1138
vn 0.1273 0.9820 -0.1396
vn 0.0996 0.9820 -0.1605
vn 0.0677 0.9820 -0.1761
vn 0.0347 0.9820 -0.1857
vn 0.0001 0.9307 -0.3657
vn -0.0675 0.9307 -0.3594
vn -0.1322 0.9306 -0.3412
vn -0.1926 0.9307 -0.3109
vn -0.2465 0.9307 -0.2701
vn -0.2920 0.9307 -0.2203
vn -0.3274 0.9307 -0.1630
vn -0.3520 0.9306 -0.1002
vn -0.3641 0.9308 -0.0337
vn -0.3645 0.9306 0.0338
vn -0.3518 0.9307 0.1005
vn -0.3275 0.9307 0.1631
vn -0.2922 0.9307 0.2202
vn -0.2464 0.9307 0.2702
vn -0.1928 0.9307 0.3109
vn -0.1322 0.9306 0.3412
vn -0.0675 0.9307 0.3595
vn 0.0001 0.9305 0.3662
vn 0.0675 0.9307 0.3594
vn 0.1324 0.9308 0.3407
vn 0.1926 0.9307 0.3109
vn 0.2465 0.9307 0.2701
vn 0.2920 0.9307 0.2203
vn 0.3276 0.9306 0.1631
vn 0.3518 0.9306 0.1008
vn 0.3641 0.9308 0.0337
vn 0.3642 0.9307 -0.0338
vn 0.3518 0.9307 -0.1005
vn 0.3278 0.9306 -0.1630
vn 0.2922 0.9307 -0.2202
vn 0.2464 0.9307 -0.2702
vn 0.1928 0.9307 -0.3109
vn 0.1324 0.9307 -0.3409
vn 0.0675 0.9307 -0.3595
vn -0.0001 0.8480 -0.5300
vn -0.0974 0.8478 -0.5213
vn -0.1918 0.8479 -0.4943
vn -0.2790 0.8479 -0.4508
vn -0.3572 0.8480 -0.3916
vn -0.4230 0.8479 -0.3196
vn -0.4745 0.8480 -0.2362
vn -0.5101 0.8478 -0.1451
vn -0.5281 0.8478 -0.0493
vn -0.5278 0.8479 0.0494
vn -0.5099 0.8479 0.1452
vn -0.4747 0.8479 0.2362
vn -0.4230 0.8479 0.3195
vn -0.3571 0.8479 0.3918
vn -0.2792 0.8478 0.4508
vn -0.1917 0.8479 0.4943
vn -0.0975 0.8479 0.5211
vn 0.0001 0.8480 0.5300
vn 0.0974 0.8478 0.5213
vn 0.1918 0.8479 0.4943
vn 0.2790 0.8479 0.4508
vn 0.3572 0.8480 0.3916
vn 0.4230 0.8479 0.3196
vn 0.4745 0.8480 0.2362
vn 0.5097 0.8480 0.1450
vn 0.5281 0.8478 0.0490
vn 0.5278 0.8479 -0.0494
vn 0.5099 0.8479 -0.1452
vn 0.4747 0.8479 -0.2362
vn 0.4230 0.8479 -0.3195
vn 0.3571 0.8479 -0.3918
vn 0.2792 0.8478 -0.4508
vn 0.1917 0.8479 -0.4943
vn 0.0975 0.8479 -0.5211
vn 0.0001 0.7361 -0.6768
vn -0.1248 0.7363 -0.6650
vn -0.2446 0.7362 -0.6311
vn -0.3561 0.7362 -0.5755
vn -0.4559 0.7362 -0.5002
vn -0.5400 0.7362 -0.4078
vn -0.6057 0.7363 -0.3018
vn -0.6508 0.7364 -0.1850
vn -0.6738 0.7363 -0.0621
vn -0.6738 0.7363 0.0624
vn -0.6508 0.7363 0.1853
vn -0.6055 0.7363 0.3021
vn -0.5400 0.7362 0.4079
vn -0.4558 0.7363 0.5001
vn -0.3560 0.7363 0.5755
vn -0.2447 0.7362 0.6310
vn -0.1247 0.7362 0.6652
vn -0.0001 0.7361 0.6768
vn 0.1248 0.7363 0.6650
vn 0.2446 0.7361 0.6311
vn 0.3561 0.7362 0.5755
vn 0.4559 0.7362 0.5002
vn 0.5400 0.7362 0.4078
vn 0.6057 0.7363 0.3018
vn 0.6508 0.7364 0.1850
vn 0.6738 0.7363 0.0621
vn 0.6738 0.7362 -0.0623
vn 0.6508 0.7363 -0.1853
vn 0.6056 0.7363 -0.3018
vn 0.5400 0.7362 -0.4079
vn 0.4558 0.7363 -0.5001
vn 0.3560 0.7363 -0.5755
vn 0.2444 0.7363 -0.6309
vn 0.1247 0.7362 -0.6652
vn 0.0002 0.5999 -0.8001
vn -0.1473 0.6002 -0.7862
vn -0.2892 0.6002 -0.7457
vn -0.4209 0.6003 -0.6800
vn -0.5390 0.6001 -0.5911
vn -0.6385 0.6000 -0.4820
vn -0.7159 0.6000 -0.3571
vn -0.7694 0.6000 -0.2191
vn -0.7964 0.6003 -0.0734
vn -0.7965 0.6002 0.0735
vn -0.7695 0.5999 0.2189
vn -0.7160 0.6000 0.3569
vn -0.6385 0.6000 0.4820
vn -0.5391 0.6001 0.5910
vn -0.4211 0.6000 0.6801
vn -0.2894 0.6002 0.7457
vn -0.1470 0.6002 0.7862
vn -0.0002 0.5999 0.8001
vn 0.1473 0.6002 0.7862
vn 0.2892 0.6002 0.7457
vn 0.4211 0.6001 0.6801
vn 0.5390 0.6001 0.5911
vn 0.6385 0.6000 0.4820
vn 0.7159 0.6000 0.3571
vn 0.7695 0.6001 0.2185
vn 0.7964 0.6003 0.0734
vn 0.7965 0.6002 -0.0735
vn 0.7695 0.5999 -0.2189
vn 0.7161 0.6000 -0.3567
vn 0.6385 0.6000 -0.4820
vn 0.5391 0.6001 -0.5910
vn 0.4211 0.6000 -0.6801
vn 0.2894 0.6002 -0.7457
vn 0.1470 0.6002 -0.7862
vn -0.0002 0.4436 -0.8962
vn -0.1647 0.4436 -0.8810
vn -0.3239 0.4437 -0.8356
vn -0.4716 0.4436 -0.7621
vn -0.6039 0.4438 -0.6621
vn -0.7152 0.4435 -0.5402
vn -0.8021 0.4436 -0.3998
vn -0.8620 0.4436 -0.2453
vn -0.8926 0.4432 -0.0827
vn -0.8925 0.4434 0.0827
vn -0.8621 0.4435 0.2453
vn -0.8021 0.4437 0.3997
vn -0.7151 0.4440 0.5399
vn -0.6041 0.4437 0.6620
vn -0.4717 0.4436 0.7621
vn -0.3237 0.4437 0.8357
vn -0.1648 0.4433 0.8811
vn 0.0002 0.4436 0.8962
vn 0.1647 0.4436 0.8810
vn 0.3239 0.4437 0.8356
vn 0.4716 0.4436 0.7621
vn 0.6038 0.4437 0.6622
vn 0.7152 0.4440 0.5397
vn 0.8021 0.4436 0.3998
vn 0.8621 0.4433 0.2454
vn 0.8924 0.4436 0.0827
vn 0.8925 0.4434 -0.0827
vn 0.8621 0.4435 -0.2453
vn 0.8021 0.4437 -0.3997
vn 0.7153 0.4434 -0.5402
vn 0.6041 0.4437 -0.6620
vn 0.4717 0.4436 -0.7621
vn 0.3237 0.4437 -0.8357
vn 0.1648 0.4433 -0.8811
vn -0.0001 0.2718 -0.9623
vn -0.1768 0.2722 -0.9459
vn -0.3474 0.2721 -0.8974
vn -0.5064 0.2720 -0.8183
vn -0.6482 0.2723 -0.7111
vn -0.7680 0.2722 -0.5797
vn -0.8615 0.2722 -0.4287
vn -0.9256 0.2720 -0.2633
vn -0.9581 0.2724 -0.0886
vn -0.9582 0.2720 0.0888
vn -0.9255 0.2721 0.2633
vn -0.8615 0.2720 0.4288
vn -0.7680 0.2721 0.5798
vn -0.6483 0.2721 0.7111
vn -0.5062 0.2723 0.8183
vn -0.3473 0.2721 0.8974
vn -0.1768 0.2722 0.9459
vn 0.0001 0.2718 0.9623
vn 0.1767 0.2718 0.9460
vn 0.3474 0.2721 0.8974
vn 0.5066 0.2723 0.8181
vn 0.6482 0.2716 0.7114
vn 0.7680 0.2722 0.5797
vn 0.8615 0.2722 0.4287
vn 0.9256 0.2720 0.2633
vn 0.9581 0.2724 0.0886
vn 0.9582 0.2720 -0.0888
vn 0.9256 0.2720 -0.2632
vn 0.8615 0.2720 -0.4288
vn 0.7680 0.2721 -0.5798
vn 0.6483 0.2721 -0.7111
vn 0.5062 0.2723 -0.8183
vn 0.3473 0.2721 -0.8974
vn 0.1768 0.2723 -0.9458
vn 0.0002 0.0914 -0.9958
vn -0.1827 0.0917 -0.9789
vn -0.3596 0.0918 -0.9286
vn -0.5243 0.0918 -0.8465
vn -0.6711 0.0913 -0.7357
vn -0.7946 0.0915 -0.6002
vn -0.8914 0.0918 -0.4439
vn -0.9577 0.0917 -0.2726
vn -0.9915 0.0919 -0.0921
vn -0.9915 0.0920 0.0921
vn -0.9578 0.0916 0.2726
vn -0.8915 0.0915 0.4437
vn -0.7946 0.0913 0.6002
vn -0.6710 0.0916 0.7358
vn -0.5243 0.0918 0.8465
vn -0.3594 0.0917 0.9287
vn -0.1825 0.0918 0.9789
vn -0.0002 0.0914 0.9958
vn 0.1827 0.0917 0.9789
vn 0.3593 0.0917 0.9287
vn 0.5242 0.0918 0.8466
vn 0.6711 0.0913 0.7357
vn 0.7946 0.0912 0.6003
vn 0.8914 0.0917 0.4438
vn 0.9577 0.0914 0.2729
vn 0.9915 0.0919 0.0921
vn 0.9915 0.0919 -0.0920
vn 0.9578 0.0916 -0.2726
vn 0.8915 0.0915 -0.4437
vn 0.7946 0.0919 -0.6001
vn 0.6709 0.0917 -0.7358
vn 0.5243 0.0918 -0.8465
vn 0.3594 0.0917 -0.9287
vn 0.1825 0.0918 -0.9789
vn -0.0002 -0.0914 -0.9958
vn -0.1825 -0.0918 -0.9789
vn -0.3594 -0.0917 -0.9287
vn -0.5243 -0.0918 -0.8465
vn -0.6709 -0.0918 -0.7359
vn -0.7946 -0.0913 -0.6002
vn -0.8914 -0.0918 -0.4439
vn -0.9578 -0.0916 -0.2726
vn -0.9915 -0.0919 -0.0920
vn -0.9915 -0.0922 0.0923
vn -0.9577 -0.0917 0.2726
vn -0.8913 -0.0919 0.4440
vn -0.7946 -0.0917 0.6001
vn -0.6711 -0.0913 0.7357
vn -0.5242 -0.0918 0.8466
vn -0.3593 -0.0917 0.9287
vn -0.1827 -0.0917 0.9789
vn 0.0002 -0.0914 0.9958
vn 0.1825 -0.0918 0.9789
vn 0.3594 -0.0917 0.9287
vn 0.5243 -0.0918 0.8465
vn 0.6709 -0.0918 0.7359
vn 0.7947 -0.0919 0.6000
vn 0.8915 -0.0915 0.4437
vn 0.9578 -0.0916 0.2726
vn 0.9915 -0.0918 0.0919
vn 0.9915 -0.0918 -0.0919
vn 0.9577 -0.0914 -0.2729
vn 0.8916 -0.0915 -0.4435
vn 0.7946 -0.0917 -0.6001
vn 0.6709 -0.0917 -0.7358
vn 0.5246 -0.0919 -0.8464
vn 0.3593 -0.0917 -0.9287
vn 0.1831 -0.0918 -0.9788
vn 0.0001 -0.2718 -0.9623
vn -0.1769 -0.2717 -0.9460
vn -0.3473 -0.2721 -0.8974
vn -0.5062 -0.2723 -0.8183
vn -0.6483 -0.2721 -0.7111
vn -0.7680 -0.2721 -0.5798
vn -0.8615 -0.2720 -0.4288
vn -0.9255 -0.2722 -0.2633
vn -0.9582 -0.2720 -0.0888
vn -0.9581 -0.2724 0.0886
vn -0.9256 -0.2720 0.2633
vn -0.8615 -0.2722 0.4287
vn -0.7680 -0.2722 0.5797
vn -0.6482 -0.2716 0.7114
vn -0.5064 -0.2720 0.8183
vn -0.3474 -0.2721 0.8974
vn -0.1767 -0.2718 0.9460
vn -0.0001 -0.2718 0.9623
vn 0.1768 -0.2723 0.9458
vn 0.3473 -0.2721 0.8974
vn 0.5065 -0.2722 0.8181
vn 0.6483 -0.2721 0.7111
vn 0.7680 -0.2721 0.5798
vn 0.8615 -0.2720 0.4288
vn 0.9255 -0.2722 0.2633
vn 0.9582 -0.2720 0.0888
vn 0.9581 -0.2724 -0.0886
vn 0.9256 -0.2720 -0.2633
vn 0.8615 -0.2722 -0.4287
vn 0.7680 -0.2722 -0.5797
vn 0.6482 -0.2721 -0.7112
vn 0.5064 -0.2720 -0.8183
vn 0.3474 -0.2721 -0.8974
vn 0.1767 -0.2718 -0.9460
vn 0.0002 -0.4436 -0.8962
vn -0.1648 -0.4433 -0.8811
vn -0.3237 -0.4437 -0.8357
vn -0.4717 -0.4436 -0.7621
vn -0.6041 -0.4437 -0.6620
vn -0.7152 -0.4437 -0.5401
vn -0.8021 -0.4437 -0.3997
vn -0.8621 -0.4435 -0.2453
vn -0.8925 -0.4434 -0.0827
vn -0.8926 -0.4432 0.0827
vn -0.8621 -0.4433 0.2454
vn -0.8021 -0.4436 0.3998
vn -0.7152 -0.4440 0.5397
vn -0.6040 -0.4440 0.6618
vn -0.4716 -0.4436 0.7621
vn -0.3239 -0.4437 0.8356
vn -0.1644 -0.4432 0.8812
vn -0.0002 -0.4436 0.8962
vn 0.1646 -0.4437 0.8809
vn 0.3237 -0.4437 0.8357
vn 0.4717 -0.4436 0.7621
vn 0.6038 -0.4436 0.6623
vn 0.7151 -0.4440 0.5399
vn 0.8021 -0.4437 0.3997
vn 0.8621 -0.4435 0.2453
vn 0.8925 -0.4434 0.0827
vn 0.8924 -0.4435 -0.0827
vn 0.8621 -0.4433 -0.2454
vn 0.8021 -0.4436 -0.3998
vn 0.7152 -0.4440 -0.5397
vn 0.6038 -0.4437 -0.6622
vn 0.4716 -0.4436 -0.7621
vn 0.3239 -0.4437 -0.8356
vn 0.1644 -0.4432 -0.8812
vn -0.0002 -0.5999 -0.8001
vn -0.1470 -0.6002 -0.7862
vn -0.2894 -0.6002 -0.7457
vn -0.4207 -0.6003 -0.6801
vn -0.5391 -0.6001 -0.5910
vn -0.6385 -0.6000 -0.4820
vn -0.7161 -0.6000 -0.3565
vn -0.7695 -0.5999 -0.2189
vn -0.7965 -0.6002 -0.0735
vn -0.7964 -0.6003 0.0734
vn -0.7694 -0.6000 0.2191
vn -0.7159 -0.6000 0.3571
vn -0.6385 -0.6000 0.4820
vn -0.5390 -0.6001 0.5911
vn -0.4209 -0.6003 0.6800
vn -0.2892 -0.6002 0.7457
vn -0.1473 -0.6002 0.7862
vn 0.0002 -0.5999 0.8001
vn 0.1470 -0.6002 0.7862
vn 0.2894 -0.6002 0.7457
vn 0.4207 -0.6003 0.6801
vn 0.5391 -0.6001 0.5910
vn 0.6385 -0.6000 0.4820
vn 0.7158 -0.6000 0.3572
vn 0.7695 -0.5999 0.2189
vn 0.7966 -0.6000 0.0738
vn 0.7965 -0.6001 -0.0737
vn 0.7694 -0.6000 -0.2191
vn 0.7161 -0.6000 -0.3566
vn 0.6385 -0.6000 -0.4820
vn 0.5390 -0.6001 -0.5911
vn 0.4209 -0.6003 -0.6800
vn 0.2892 -0.6002 -0.7457
vn 0.1473 -0.6002 -0.7862
vn -0.0001 -0.7361 -0.6768
vn -0.1247 -0.7362 -0.6652
vn -0.2447 -0.7362 -0.6310
vn -0.3560 -0.7363 -0.5755
vn -0.4558 -0.7363 -0.5001
vn -0.5400 -0.7362 -0.4079
vn -0.6055 -0.7363 -0.3021
vn -0.6508 -0.7363 -0.1853
vn -0.6740 -0.7361 -0.0620
vn -0.6738 -0.7363 0.0621
vn -0.6508 -0.7364 0.1850
vn -0.6055 -0.7362 0.3023
vn -0.5400 -0.7362 0.4078
vn -0.4559 -0.7362 0.5002
vn -0.3561 -0.7362 0.5755
vn -0.2446 -0.7361 0.6311
vn -0.1248 -0.7363 0.6650
vn 0.0001 -0.7361 0.6768
vn 0.1247 -0.7362 0.6652
vn 0.2447 -0.7362 0.6310
vn 0.3560 -0.7363 0.5755
vn 0.4558 -0.7363 0.5001
vn 0.5400 -0.7362 0.4079
vn 0.6055 -0.7363 0.3021
vn 0.6508 -0.7363 0.1853
vn 0.6738 -0.7363 0.0624
vn 0.6738 -0.7363 -0.0621
vn 0.6508 -0.7364 -0.1850
vn 0.6055 -0.7362 -0.3023
vn 0.5400 -0.7362 -0.4078
vn 0.4559 -0.7362 -0.5002
vn 0.3561 -0.7362 -0.5755
vn 0.2446 -0.7361 -0.6311
vn 0.1248 -0.7363 -0.6650
vn 0.0001 -0.8480 -0.5300
vn -0.0975 -0.8479 -0.5211
vn -0.1917 -0.8479 -0.4943
vn -0.2792 -0.8478 -0.4508
vn -0.3571 -0.8479 -0.3918
vn -0.4230 -0.8479 -0.3195
vn -0.4747 -0.8479 -0.2362
vn -0.5101 -0.8478 -0.1451
vn -0.5278 -0.8479 -0.0494
vn -0.5281 -0.8477 0.0496
vn -0.5097 -0.8480 0.1450
vn -0.4745 -0.8480 0.2362
vn -0.4230 -0.8479 0.3196
vn -0.3572 -0.8480 0.3916
vn -0.2790 -0.8479 0.4508
vn -0.1918 -0.8479 0.4943
vn -0.0974 -0.8478 0.5213
vn -0.0001 -0.8480 0.5300
vn 0.0975 -0.8479 0.5211
vn 0.1915 -0.8478 0.4946
vn 0.2792 -0.8478 0.4508
vn 0.3571 -0.8479 0.3918
vn 0.4230 -0.8479 0.3195
vn 0.4747 -0.8479 0.2362
vn 0.5100 -0.8478 0.1451
vn 0.5280 -0.8478 0.0491
vn 0.5281 -0.8478 -0.0490
vn 0.5100 -0.8479 -0.1451
vn 0.4745 -0.8480 -0.2362
vn 0.4230 -0.8479 -0.3196
vn 0.3572 -0.8480 -0.3916
vn 0.2790 -0.8479 -0.4508
vn 0.1918 -0.8479 -0.4943
vn 0.0974 -0.8478 -0.5213
vn 0.0001 -0.9305 -0.3662
vn -0.0675 -0.9307 -0.3595
vn -0.1321 -0.9306 -0.3414
vn -0.1928 -0.9307 -0.3109
vn -0.2466 -0.9306 -0.2705
vn -0.2922 -0.9307 -0.2202
vn -0.3275 -0.9307 -0.1631
vn -0.3518 -0.9307 -0.1005
vn -0.3642 -0.9307 -0.0338
vn -0.3641 -0.9308 0.0337
vn -0.3519 -0.9306 0.1003
vn -0.3276 -0.9306 0.1631
vn -0.2920 -0.9307 0.2203
vn -0.2465 -0.9307 0.2701
vn -0.1926 -0.9307 0.3109
vn -0.1323 -0.9307 0.3411
vn -0.0675 -0.9307 0.3594
vn 0.0001 -0.9307 0.3657
vn 0.0675 -0.9307 0.3595
vn 0.1324 -0.9307 0.3409
vn 0.1928 -0.9307 0.3109
vn 0.2464 -0.9307 0.2702
vn 0.2922 -0.9307 0.2202
vn 0.3275 -0.9307 0.1631
vn 0.3518 -0.9307 0.1005
vn 0.3642 -0.9307 0.0338
vn 0.3641 -0.9308 -0.0337
vn 0.3518 -0.9306 -0.1008
vn 0.3277 -0.9306 -0.1631
vn 0.2920 -0.9307 -0.2203
vn 0.2465 -0.9307 -0.2701
vn 0.1926 -0.9307 -0.3109
vn 0.1324 -0.9308 -0.3407
vn 0.0675 -0.9307 -0.3594
vn -0.0001 -0.9820 -0.1890
vn -0.0347 -0.9820 -0.1857
vn -0.0677 -0.9820 -0.1761
vn -0.0996 -0.9820 -0.1605
vn -0.1273 -0.9820 -0.1396
vn -0.1507 -0.9820 -0.1138
vn -0.1690 -0.9820 -0.0841
vn -0.1817 -0.9820 -0.0515
vn -0.1878 -0.9820 -0.0171
vn -0.1878 -0.9821 0.0171
vn -0.1816 -0.9820 0.0515
vn -0.1689 -0.9820 0.0841
vn -0.1507 -0.9820 0.1138
vn -0.1273 -0.9820 0.1396
vn -0.0995 -0.9820 0.1606
vn -0.0680 -0.9820 0.1762
vn -0.0348 -0.9820 0.1855
vn 0.0001 -0.9820 0.1890
vn 0.0347 -0.9820 0.1858
vn 0.0680 -0.9820 0.1762
vn 0.0996 -0.9820 0.1605
vn 0.1273 -0.9820 0.1398
vn 0.1507 -0.9820 0.1138
vn 0.1690 -0.9820 0.0841
vn 0.1817 -0.9820 0.0515
vn 0.1878 -0.9820 0.0171
vn 0.1878 -0.9821 -0.0171
vn 0.1816 -0.9820 -0.0515
vn 0.1689 -0.9820 -0.0841
vn 0.1507 -0.9820 -0.1138
vn 0.1273 -0.9821 -0.1392
vn 0.0995 -0.9820 -0.1606
vn 0.0677 -0.9820 -0.1763
vn 0.0348 -0.9820 -0.1855
vn -0.0000 -1.0000 -0.0000
vn -0.0001 1.0000 -0.0001
vn -0.0001 0.9820 -0.1887
vn -0.0344 0.9820 -0.1857
vn -0.0685 0.9820 -0.1760
vn -0.0995 0.9820 -0.1607
vn -0.1271 0.9820 -0.1400
vn -0.1508 0.9820 -0.1138
vn -0.1690 0.9820 -0.0840
vn -0.1817 0.9820 -0.0519
vn -0.1882 0.9820 -0.0175
vn -0.1882 0.9820 0.0175
vn -0.1818 0.9820 0.0517
vn -0.1689 0.9820 0.0841
vn -0.1510 0.9820 0.1132
vn -0.1271 0.9820 0.1398
vn -0.0992 0.9820 0.1606
vn -0.0686 0.9820 0.1760
vn -0.0344 0.9820 0.1856
vn -0.0000 0.9820 0.1887
vn 0.0343 0.9820 0.1856
vn 0.0685 0.9820 0.1759
vn 0.0995 0.9820 0.1605
vn 0.1268 0.9820 0.1397
vn 0.1506 0.9820 0.1138
vn 0.1689 0.9821 0.0840
vn 0.1814 0.9820 0.0522
vn 0.1882 0.9820 0.0175
vn 0.1880 0.9820 -0.0179
vn 0.1818 0.9820 -0.0517
vn 0.1692 0.9820 -0.0842
vn 0.1507 0.9820 -0.1137
vn 0.1273 0.9820 -0.1397
vn 0.0995 0.9820 -0.1607
vn 0.0686 0.9820 -0.1761
vn 0.0344 0.9820 -0.1857
vn -0.0002 0.9308 -0.3656
vn -0.0669 0.9307 -0.3597
vn -0.1924 0.9307 -0.3112
vn -0.2464 0.9307 -0.2703
vn -0.2920 0.9306 -0.2206
vn -0.3275 0.9307 -0.1631
vn -0.3519 0.9307 -0.0998
vn -0.3642 0.9307 -0.0338
vn -0.3642 0.9307 0.0337
vn -0.3519 0.9307 0.0998
vn -0.3277 0.9307 0.1628
vn -0.2917 0.9308 0.2203
vn -0.2468 0.9306 0.2703
vn -0.1922 0.9307 0.3112
vn -0.1324 0.9306 0.3412
vn -0.0668 0.9307 0.3596
vn -0.0001 0.9307 0.3658
vn 0.0669 0.9307 0.3597
vn 0.1323 0.9306 0.3412
vn 0.1924 0.9307 0.3112
vn 0.2466 0.9307 0.2703
vn 0.2920 0.9307 0.2202
vn 0.3275 0.9307 0.1631
vn 0.3519 0.9307 0.0998
vn 0.3642 0.9307 0.0338
vn 0.3642 0.9307 -0.0337
vn 0.3519 0.9307 -0.0998
vn 0.3277 0.9306 -0.1629
vn 0.2920 0.9307 -0.2203
vn 0.2467 0.9307 -0.2702
vn 0.1922 0.9307 -0.3112
vn 0.1319 0.9307 -0.3413
vn 0.0668 0.9307 -0.3595
vn 0.0001 0.8480 -0.5301
vn -0.0976 0.8479 -0.5211
vn -0.1916 0.8478 -0.4945
vn -0.2792 0.8478 -0.4509
vn -0.3570 0.8478 -0.3921
vn -0.4232 0.8479 -0.3194
vn -0.4745 0.8481 -0.2358
vn -0.5098 0.8479 -0.1454
vn -0.5276 0.8481 -0.0487
vn -0.5282 0.8477 0.0489
vn -0.5097 0.8480 0.1452
vn -0.4745 0.8480 0.2362
vn -0.4235 0.8478 0.3192
vn -0.3568 0.8480 0.3919
vn -0.2788 0.8480 0.4507
vn -0.1915 0.8479 0.4943
vn -0.0973 0.8481 0.5209
vn -0.0001 0.8481 0.5299
vn 0.0974 0.8478 0.5212
vn 0.1913 0.8481 0.4941
vn 0.2788 0.8479 0.4508
vn 0.3573 0.8479 0.3917
vn 0.4234 0.8479 0.3192
vn 0.4746 0.8478 0.2368
vn 0.5098 0.8479 0.1454
vn 0.5280 0.8479 0.0488
vn 0.5277 0.8480 -0.0488
vn 0.5098 0.8479 -0.1453
vn 0.4744 0.8479 -0.2366
vn 0.4232 0.8479 -0.3193
vn 0.3573 0.8479 -0.3916
vn 0.2788 0.8480 -0.4507
vn 0.1916 0.8478 -0.4945
vn 0.0979 0.8479 -0.5210
vn -0.0001 0.7362 -0.6767
vn -0.1241 0.7361 -0.6654
vn -0.2445 0.7365 -0.6308
vn -0.3564 0.7365 -0.5749
vn -0.4559 0.7363 -0.5000
vn -0.5399 0.7362 -0.4080
vn -0.6058 0.7362 -0.3016
vn -0.6509 0.7363 -0.1851
vn -0.6737 0.7364 -0.0626
vn -0.6736 0.7364 0.0628
vn -0.6510 0.7362 0.1851
vn -0.6057 0.7364 0.3015
vn -0.5400 0.7363 0.4077
vn -0.4563 0.7362 0.4998
vn -0.3563 0.7364 0.5751
vn -0.2445 0.7363 0.6310
vn -0.1243 0.7363 0.6651
vn 0.0002 0.7365 0.6765
vn 0.1242 0.7363 0.6652
vn 0.2444 0.7364 0.6309
vn 0.3564 0.7364 0.5751
vn 0.4561 0.7364 0.4997
vn 0.5400 0.7364 0.4076
vn 0.6056 0.7365 0.3014
vn 0.6508 0.7363 0.1853
vn 0.6737 0.7364 0.0626
vn 0.6737 0.7363 -0.0625
vn 0.6508 0.7363 -0.1854
vn 0.6054 0.7365 -0.3017
vn 0.5400 0.7365 -0.4075
vn 0.4563 0.7362 -0.4998
vn 0.3565 0.7362 -0.5752
vn 0.2443 0.7363 -0.6310
vn 0.1240 0.7363 -0.6651
vn -0.0001 0.6001 -0.7999
vn -0.1470 0.6000 -0.7863
vn -0.2886 0.5998 -0.7463
vn -0.4213 0.5997 -0.6804
vn -0.5391 0.6001 -0.5910
vn -0.6382 0.6003 -0.4821
vn -0.7161 0.6000 -0.3565
vn -0.7692 0.6003 -0.2189
vn -0.7966 0.5999 -0.0739
vn -0.7967 0.5998 0.0743
vn -0.7693 0.6001 0.2190
vn -0.7161 0.6000 0.3565
vn -0.6382 0.6002 0.4821
vn -0.5390 0.6000 0.5911
vn -0.4212 0.5999 0.6802
vn -0.2885 0.5998 0.7463
vn -0.1472 0.5999 0.7865
vn -0.0000 0.6001 0.7999
vn 0.1472 0.6000 0.7864
vn 0.2888 0.5998 0.7462
vn 0.4211 0.6000 0.6802
vn 0.5389 0.5997 0.5916
vn 0.6384 0.6001 0.4820
vn 0.7161 0.6000 0.3566
vn 0.7695 0.6000 0.2188
vn 0.7967 0.5999 0.0740
vn 0.7967 0.5998 -0.0743
vn 0.7694 0.6000 -0.2192
vn 0.7165 0.5999 -0.3560
vn 0.6382 0.6002 -0.4822
vn 0.5390 0.5998 -0.5914
vn 0.4213 0.5999 -0.6802
vn 0.2890 0.6000 -0.7460
vn 0.1471 0.5999 -0.7864
vn 0.0001 0.4433 -0.8964
vn -0.1647 0.4435 -0.8810
vn -0.3238 0.4437 -0.8356
vn -0.4721 0.4433 -0.7620
vn -0.6038 0.4436 -0.6623
vn -0.8024 0.4435 -0.3994
vn -0.8620 0.4437 -0.2452
vn -0.8923 0.4437 -0.0826
vn -0.8925 0.4434 0.0826
vn -0.8621 0.4436 0.2450
vn -0.8026 0.4433 0.3992
vn -0.7152 0.4432 0.5404
vn -0.6039 0.4437 0.6622
vn -0.4718 0.4435 0.7621
vn -0.3238 0.4435 0.8357
vn -0.1649 0.4435 0.8810
vn -0.0003 0.4433 0.8964
vn 0.1652 0.4437 0.8808
vn 0.3239 0.4434 0.8358
vn 0.4719 0.4435 0.7620
vn 0.6038 0.4436 0.6623
vn 0.7152 0.4436 0.5401
vn 0.8025 0.4433 0.3992
vn 0.8923 0.4437 0.0826
vn 0.8923 0.4438 -0.0827
vn 0.8621 0.4434 -0.2454
vn 0.8025 0.4434 -0.3994
vn 0.7153 0.4432 -0.5403
vn 0.6034 0.4435 -0.6627
vn 0.4719 0.4435 -0.7620
vn 0.3241 0.4431 -0.8358
vn 0.1646 0.4436 -0.8810
vn -0.0000 0.2721 -0.9623
vn -0.1769 0.2724 -0.9458
vn -0.3477 0.2720 -0.8973
vn -0.5066 0.2724 -0.8181
vn -0.6482 0.2725 -0.7110
vn -0.7679 0.2722 -0.5799
vn -0.8614 0.2722 -0.4289
vn -0.9255 0.2721 -0.2633
vn -0.9581 0.2723 -0.0884
vn -0.9582 0.2722 0.0885
vn -0.9255 0.2723 0.2633
vn -0.8614 0.2719 0.4291
vn -0.7677 0.2723 0.5801
vn -0.6482 0.2722 0.7111
vn -0.5067 0.2723 0.8180
vn -0.3478 0.2721 0.8972
vn -0.1769 0.2725 0.9458
vn -0.0002 0.2721 0.9623
vn 0.1770 0.2723 0.9458
vn 0.3477 0.2720 0.8973
vn 0.5063 0.2722 0.8183
vn 0.6482 0.2724 0.7111
vn 0.7678 0.2723 0.5800
vn 0.8614 0.2722 0.4288
vn 0.9255 0.2724 0.2633
vn 0.9581 0.2721 0.0892
vn 0.9581 0.2724 -0.0890
vn 0.9256 0.2721 -0.2631
vn 0.8614 0.2723 -0.4289
vn 0.7678 0.2724 -0.5799
vn 0.6481 0.2725 -0.7111
vn 0.5065 0.2724 -0.8181
vn 0.3478 0.2722 -0.8972
vn 0.1766 0.2723 -0.9459
vn -0.0001 0.0920 -0.9958
vn -0.1828 0.0921 -0.9788
vn -0.3598 0.0919 -0.9285
vn -0.5240 0.0918 -0.8467
vn -0.6709 0.0918 -0.7358
vn -0.7947 0.0919 -0.6000
vn -0.8914 0.0918 -0.4438
vn -0.9577 0.0914 -0.2727
vn -0.9916 0.0916 -0.0916
vn -0.9916 0.0916 0.0916
vn -0.9577 0.0916 0.2726
vn -0.8915 0.0916 0.4437
vn -0.7948 0.0922 0.5999
vn -0.6708 0.0919 0.7360
vn -0.5240 0.0918 0.8468
vn -0.3597 0.0918 0.9285
vn -0.1835 0.0919 0.9787
vn -0.0001 0.0920 0.9958
vn 0.1832 0.0919 0.9788
vn 0.3602 0.0918 0.9284
vn 0.5241 0.0918 0.8467
vn 0.6708 0.0919 0.7360
vn 0.7947 0.0919 0.6000
vn 0.8914 0.0918 0.4438
vn 0.9577 0.0922 0.2724
vn 0.9915 0.0918 0.0918
vn 0.9577 0.0920 -0.2727
vn 0.8914 0.0918 -0.4439
vn 0.7946 0.0918 -0.6001
vn 0.6708 0.0918 -0.7359
vn 0.5243 0.0917 -0.8466
vn 0.3600 0.0922 -0.9284
vn 0.1828 0.0921 -0.9788
vn -0.0001 -0.0920 -0.9958
vn -0.1829 -0.0921 -0.9788
vn -0.3600 -0.0922 -0.9284
vn -0.5243 -0.0917 -0.8466
vn -0.7948 -0.0922 -0.5999
vn -0.8915 -0.0915 -0.4437
vn -0.9578 -0.0914 -0.2726
vn -0.9916 -0.0916 -0.0916
vn -0.9916 -0.0916 0.0916
vn -0.9577 -0.0916 0.2726
vn -0.8914 -0.0918 0.4438
vn -0.7949 -0.0923 0.5997
vn -0.6708 -0.0919 0.7360
vn -0.5241 -0.0918 0.8467
vn -0.3602 -0.0918 0.9284
vn -0.1831 -0.0919 0.9788
vn -0.0001 -0.0920 0.9958
vn 0.1834 -0.0919 0.9787
vn 0.3603 -0.0916 0.9283
vn 0.5242 -0.0918 0.8466
vn 0.6704 -0.0922 0.7362
vn 0.7946 -0.0917 0.6001
vn 0.8913 -0.0918 0.4439
vn 0.9576 -0.0922 0.2728
vn 0.9916 -0.0916 0.0916
vn 0.9915 -0.0918 -0.0918
vn 0.9578 -0.0920 -0.2725
vn 0.8914 -0.0918 -0.4438
vn 0.7947 -0.0920 -0.6000
vn 0.6705 -0.0920 -0.7362
vn 0.5240 -0.0918 -0.8467
vn 0.3598 -0.0919 -0.9285
vn 0.1827 -0.0921 -0.9788
vn -0.0002 -0.2721 -0.9623
vn -0.1767 -0.2723 -0.9459
vn -0.3478 -0.2722 -0.8972
vn -0.5065 -0.2723 -0.8182
vn -0.6482 -0.2722 -0.7111
vn -0.7677 -0.2723 -0.5801
vn -0.8614 -0.2722 -0.4289
vn -0.9254 -0.2723 -0.2635
vn -0.9582 -0.2722 -0.0884
vn -0.9581 -0.2723 0.0885
vn -0.9256 -0.2721 0.2631
vn -0.8614 -0.2721 0.4290
vn -0.7679 -0.2722 0.5799
vn -0.6482 -0.2725 0.7110
vn -0.5066 -0.2722 0.8181
vn -0.3477 -0.2720 0.8973
vn -0.1771 -0.2723 0.9458
vn -0.0000 -0.2721 0.9623
vn 0.1768 -0.2725 0.9458
vn 0.3478 -0.2721 0.8972
vn 0.5064 -0.2722 0.8182
vn 0.6481 -0.2725 0.7111
vn 0.7678 -0.2724 0.5799
vn 0.8615 -0.2722 0.4287
vn 0.9256 -0.2721 0.2632
vn 0.9580 -0.2724 0.0891
vn 0.9581 -0.2721 -0.0891
vn 0.9254 -0.2723 -0.2635
vn 0.8613 -0.2721 -0.4290
vn 0.7678 -0.2723 -0.5800
vn 0.6482 -0.2722 -0.7111
vn 0.5065 -0.2720 -0.8182
vn 0.3477 -0.2720 -0.8973
vn 0.1768 -0.2724 -0.9458
vn -0.0003 -0.4433 -0.8964
vn -0.1643 -0.4437 -0.8810
vn -0.3239 -0.4435 -0.8357
vn -0.4718 -0.4436 -0.7620
vn -0.6036 -0.4434 -0.6626
vn -0.7152 -0.4432 -0.5404
vn -0.8026 -0.4433 -0.3992
vn -0.8620 -0.4437 -0.2450
vn -0.8923 -0.4438 -0.0828
vn -0.8925 -0.4435 0.0828
vn -0.8620 -0.4438 0.2450
vn -0.8024 -0.4434 0.3993
vn -0.7152 -0.4435 0.5402
vn -0.6038 -0.4437 0.6623
vn -0.4716 -0.4431 0.7624
vn -0.3239 -0.4434 0.8358
vn -0.1653 -0.4437 0.8808
vn 0.0001 -0.4433 0.8964
vn 0.1649 -0.4435 0.8810
vn 0.3241 -0.4432 0.8358
vn 0.4719 -0.4433 0.7621
vn 0.6034 -0.4435 0.6627
vn 0.7153 -0.4432 0.5403
vn 0.8025 -0.4434 0.3994
vn 0.8621 -0.4433 0.2454
vn 0.8924 -0.4436 0.0827
vn 0.8925 -0.4435 -0.0828
vn 0.8621 -0.4435 -0.2453
vn 0.8025 -0.4434 -0.3993
vn 0.7152 -0.4431 -0.5405
vn 0.6038 -0.4436 -0.6623
vn 0.4718 -0.4436 -0.7620
vn 0.3238 -0.4433 -0.8359
vn 0.1647 -0.4435 -0.8810
vn -0.0000 -0.6001 -0.8000
vn -0.1472 -0.5998 -0.7865
vn -0.2889 -0.6001 -0.7460
vn -0.4215 -0.5998 -0.6801
vn -0.5390 -0.6000 -0.5911
vn -0.6382 -0.6001 -0.4822
vn -0.7161 -0.6000 -0.3566
vn -0.7693 -0.6001 -0.2190
vn -0.7966 -0.5999 -0.0740
vn -0.7966 -0.6000 0.0739
vn -0.7695 -0.5999 0.2190
vn -0.7161 -0.6000 0.3566
vn -0.6382 -0.6003 0.4821
vn -0.5391 -0.6001 0.5910
vn -0.4213 -0.5997 0.6804
vn -0.2889 -0.5999 0.7461
vn -0.1472 -0.5999 0.7864
vn -0.0001 -0.6001 0.7999
vn 0.1471 -0.5999 0.7864
vn 0.2888 -0.5998 0.7462
vn 0.4212 -0.5998 0.6804
vn 0.5390 -0.5998 0.5914
vn 0.6382 -0.6002 0.4821
vn 0.7161 -0.6000 0.3565
vn 0.7695 -0.6001 0.2186
vn 0.7967 -0.5998 0.0743
vn 0.7967 -0.5999 -0.0740
vn 0.7694 -0.6000 -0.2190
vn 0.6384 -0.6001 -0.4820
vn 0.5389 -0.5997 -0.5916
vn 0.4212 -0.5999 -0.6802
vn 0.2888 -0.6000 -0.7461
vn 0.1470 -0.6001 -0.7863
vn 0.0001 -0.7363 -0.6767
vn -0.1243 -0.7363 -0.6651
vn -0.2445 -0.7363 -0.6310
vn -0.3563 -0.7364 -0.5751
vn -0.4558 -0.7363 -0.5000
vn -0.5397 -0.7364 -0.4080
vn -0.6056 -0.7364 -0.3016
vn -0.6507 -0.7364 -0.1853
vn -0.6736 -0.7364 -0.0628
vn -0.6737 -0.7364 0.0626
vn -0.6508 -0.7363 0.1853
vn -0.6058 -0.7363 0.3014
vn -0.5400 -0.7363 0.4077
vn -0.4561 -0.7364 0.4997
vn -0.3564 -0.7365 0.5749
vn -0.2445 -0.7365 0.6308
vn -0.1240 -0.7362 0.6653
vn -0.0002 -0.7364 0.6765
vn 0.1240 -0.7363 0.6651
vn 0.2443 -0.7363 0.6310
vn 0.3565 -0.7362 0.5752
vn 0.4563 -0.7362 0.4998
vn 0.5400 -0.7363 0.4078
vn 0.6055 -0.7365 0.3016
vn 0.6507 -0.7363 0.1856
vn 0.6736 -0.7364 0.0628
vn 0.6737 -0.7364 -0.0626
vn 0.6508 -0.7363 -0.1853
vn 0.6056 -0.7364 -0.3016
vn 0.5400 -0.7365 -0.4073
vn 0.4561 -0.7364 -0.4997
vn 0.3564 -0.7364 -0.5751
vn 0.2444 -0.7364 -0.6309
vn 0.1239 -0.7361 -0.6655
vn -0.0002 -0.8479 -0.5301
vn -0.0979 -0.8480 -0.5209
vn -0.1915 -0.8478 -0.4944
vn -0.2788 -0.8480 -0.4507
vn -0.3568 -0.8480 -0.3919
vn -0.4235 -0.8478 -0.3192
vn -0.4744 -0.8481 -0.2361
vn -0.5097 -0.8480 -0.1451
vn -0.5277 -0.8480 -0.0488
vn -0.5276 -0.8481 0.0487
vn -0.5101 -0.8478 0.1451
vn -0.4746 -0.8480 0.2359
vn -0.4233 -0.8478 0.3193
vn -0.3574 -0.8478 0.3918
vn -0.2792 -0.8478 0.4509
vn -0.1917 -0.8477 0.4946
vn -0.0974 -0.8478 0.5214
vn -0.0000 -0.8481 0.5299
vn 0.0973 -0.8480 0.5210
vn 0.1915 -0.8479 0.4944
vn 0.2788 -0.8480 0.4507
vn 0.3573 -0.8479 0.3916
vn 0.4232 -0.8479 0.3193
vn 0.4745 -0.8479 0.2366
vn 0.5098 -0.8479 0.1454
vn 0.5277 -0.8480 0.0488
vn 0.5276 -0.8481 -0.0487
vn 0.5098 -0.8479 -0.1454
vn 0.4745 -0.8479 -0.2367
vn 0.4233 -0.8479 -0.3192
vn 0.3573 -0.8479 -0.3917
vn 0.2788 -0.8479 -0.4508
vn 0.1913 -0.8481 -0.4941
vn 0.0975 -0.8478 -0.5212
vn -0.0000 -0.9308 -0.3656
vn -0.0669 -0.9307 -0.3595
vn -0.1319 -0.9307 -0.3413
vn -0.1922 -0.9307 -0.3112
vn -0.2468 -0.9306 -0.2703
vn -0.2917 -0.9308 -0.2203
vn -0.3277 -0.9307 -0.1628
vn -0.3519 -0.9307 -0.0998
vn -0.3642 -0.9307 -0.0337
vn -0.3642 -0.9307 0.0338
vn -0.3520 -0.9306 0.1000
vn -0.3275 -0.9307 0.1631
vn -0.2920 -0.9306 0.2206
vn -0.2464 -0.9307 0.2703
vn -0.1924 -0.9307 0.3112
vn -0.1318 -0.9306 0.3415
vn -0.0669 -0.9307 0.3597
vn -0.0001 -0.9307 0.3658
vn 0.0667 -0.9307 0.3597
vn 0.1319 -0.9307 0.3413
vn 0.1922 -0.9307 0.3112
vn 0.2463 -0.9306 0.2706
vn 0.2920 -0.9307 0.2203
vn 0.3275 -0.9306 0.1632
vn 0.3519 -0.9307 0.0998
vn 0.3642 -0.9307 0.0337
vn 0.3642 -0.9307 -0.0338
vn 0.3519 -0.9307 -0.0999
vn 0.3275 -0.9307 -0.1631
vn 0.2466 -0.9307 -0.2703
vn 0.1924 -0.9307 -0.3112
vn 0.1321 -0.9306 -0.3413
vn 0.0669 -0.9307 -0.3597
vn -0.0000 -0.9820 -0.1887
vn -0.0344 -0.9820 -0.1857
vn -0.0687 -0.9820 -0.1761
vn -0.0988 -0.9821 -0.1604
vn -0.1272 -0.9820 -0.1398
vn -0.1508 -0.9820 -0.1138
vn -0.1689 -0.9820 -0.0841
vn -0.1818 -0.9820 -0.0517
vn -0.1881 -0.9820 -0.0179
vn -0.1882 -0.9820 0.0176
vn -0.1817 -0.9820 0.0518
vn -0.1692 -0.9820 0.0842
vn -0.1508 -0.9820 0.1137
vn -0.1271 -0.9820 0.1400
vn -0.0994 -0.9820 0.1606
vn -0.0685 -0.9820 0.1759
vn -0.0344 -0.9820 0.1856
vn -0.0001 -0.9820 0.1887
vn 0.0343 -0.9820 0.1856
vn 0.0683 -0.9820 0.1762
vn 0.0993 -0.9821 0.1601
vn 0.1267 -0.9821 0.1397
vn 0.1506 -0.9820 0.1137
vn 0.1688 -0.9821 0.0841
vn 0.1815 -0.9820 0.0519
vn 0.1882 -0.9820 0.0174
vn 0.1881 -0.9820 -0.0180
vn 0.1814 -0.9820 -0.0522
vn 0.1689 -0.9820 -0.0840
vn 0.1506 -0.9820 -0.1138
vn 0.1274 -0.9820 -0.1397
vn 0.0994 -0.9821 -0.1601
vn 0.0685 -0.9820 -0.1760
vn 0.0343 -0.9820 -0.1857
vn -0.0001 -1.0000 -0.0001
vn -0.0000 -0.0000 1.0000
vn -1.0000 -0.0000 -0.0000
vn 0.9999 0.0135 0.0057
vn 1.0000 0.0063 -0.0000
vn 0.9999 0.0116 0.0042
vn 0.9998 0.0189 0.0098
vt 0.000000 1.000000
vt 0.000000 0.941200
vt 0.029400 0.941200
vt 0.029400 1.000000
vt 0.058800 0.941200
vt 0.058800 1.000000
vt 0.088200 0.941200
vt 0.088200 1.000000
vt 0.117600 0.941200
vt 0.117600 1.000000
vt 0.147100 0.941200
vt 0.147100 1.000000
vt 0.176500 0.941200
vt 0.176500 1.000000
vt 0.205900 0.941200
vt 0.205900 1.000000
vt 0.235300 0.941200
vt 0.235300 1.000000
vt 0.264700 0.941200
vt 0.264700 1.000000
vt 0.294100 0.941200
vt 0.294100 1.000000
vt 0.323500 0.941200
vt 0.323500 1.000000
vt 0.352900 0.941200
vt 0.352900 1.000000
vt 0.382400 0.941200
vt 0.382400 1.000000
vt 0.411800 0.941200
vt 0.411800 1.000000
vt 0.441200 0.941200
vt 0.441200 1.000000
vt 0.470600 0.941200
vt 0.470600 1.000000
vt 0.500000 0.941200
vt 0.500000 1.000000
vt 0.529400 0.941200
vt 0.529400 1.000000
vt 0.558800 0.941200
vt 0.558800 1.000000
vt 0.588200 0.941200
vt 0.588200 1.000000
vt 0.617600 0.941200
vt 0.617600 1.000000
vt 0.647100 0.941200
vt 0.647100 1.000000
vt 0.676500 0.941200
vt 0.676500 1.000000
vt 0.705900 0.941200
vt 0.705900 1.000000
vt 0.735300 0.941200
vt 0.735300 1.000000
vt 0.764700 0.941200
vt 0.764700 1.000000
vt 0.794100 0.941200
vt 0.794100 1.000000
vt 0.823500 0.941200
vt 0.823500 1.000000
vt 0.852900 0.941200
vt 0.852900 1.000000
vt 0.882400 0.941200
vt 0.882400 1.000000
vt 0.911800 0.941200
vt 0.911800 1.000000
vt 0.941200 0.941200
vt 0.941200 1.000000
vt 0.970600 0.941200
vt 0.970600 1.000000
vt 1.000000 0.941200
vt 0.000000 0.882400
vt 0.029400 0.882400
vt 0.058800 0.882400
vt 0.088200 0.882400
vt 0.117600 0.882400
vt 0.147100 0.882400
vt 0.176500 0.882400
vt 0.205900 0.882400
vt 0.235300 0.882400
vt 0.264700 0.882400
vt 0.294100 0.882400
vt 0.323500 0.882400
vt 0.352900 0.882400
vt 0.382400 0.882400
vt 0.411800 0.882400
vt 0.441200 0.882400
vt 0.470600 0.882400
vt 0.500000 0.882400
vt 0.529400 0.882400
vt 0.558800 0.882400
vt 0.588200 0.882400
vt 0.617600 0.882400
vt 0.647100 0.882400
vt 0.676500 0.882400
vt 0.705900 0.882400
vt 0.735300 0.882400
vt 0.764700 0.882400
vt 0.794100 0.882400
vt 0.823500 0.882400
vt 0.852900 0.882400
vt 0.882400 0.882400
vt 0.911800 0.882400
vt 0.941200 0.882400
vt 0.970600 0.882400
vt 1.000000 0.882400
vt 0.000000 0.823500
vt 0.029400 0.823500
vt 0.058800 0.823500
vt 0.088200 0.823500
vt 0.117600 0.823500
vt 0.147100 0.823500
vt 0.176500 0.823500
vt 0.205900 0.823500
vt 0.235300 0.823500
vt 0.264700 0.823500
vt 0.294100 0.823500
vt 0.323500 0.823500
vt 0.352900 0.823500
vt 0.382400 0.823500
vt 0.411800 0.823500
vt 0.441200 0.823500
vt 0.470600 0.823500
vt 0.500000 0.823500
vt 0.529400 0.823500
vt 0.558800 0.823500
vt 0.588200 0.823500
vt 0.617600 0.823500
vt 0.647100 0.823500
vt 0.676500 0.823500
vt 0.705900 0.823500
vt 0.735300 0.823500
vt 0.764700 0.823500
vt 0.794100 0.823500
vt 0.823500 0.823500
vt 0.852900 0.823500
vt 0.882400 0.823500
vt 0.911800 0.823500
vt 0.941200 0.823500
vt 0.970600 0.823500
vt 1.000000 0.823500
vt 0.000000 0.764700
vt 0.029400 0.764700
vt 0.058800 0.764700
vt 0.088200 0.764700
vt 0.117600 0.764700
vt 0.147100 0.764700
vt 0.176500 0.764700
vt 0.205900 0.764700
vt 0.235300 0.764700
vt 0.264700 0.764700
vt 0.294100 0.764700
vt 0.323500 0.764700
vt 0.352900 0.764700
vt 0.382400 0.764700
vt 0.411800 0.764700
vt 0.441200 0.764700
vt 0.470600 0.764700
vt 0.500000 0.764700
vt 0.529400 0.764700
vt 0.558800 0.764700
vt 0.588200 0.764700
vt 0.617600 0.764700
vt 0.647100 0.764700
vt 0.676500 0.764700
vt 0.705900 0.764700
vt 0.735300 0.764700
vt 0.764700 0.764700
vt 0.794100 0.764700
vt 0.823500 0.764700
vt 0.852900 0.764700
vt 0.882400 0.764700
vt 0.911800 0.764700
vt 0.941200 0.764700
vt 0.970600 0.764700
vt 1.000000 0.764700
vt 0.000000 0.705900
vt 0.029400 0.705900
vt 0.058800 0.705900
vt 0.088200 0.705900
vt 0.117600 0.705900
vt 0.147100 0.705900
vt 0.176500 0.705900
vt 0.205900 0.705900
vt 0.235300 0.705900
vt 0.264700 0.705900
vt 0.294100 0.705900
vt 0.323500 0.705900
vt 0.352900 0.705900
vt 0.382400 0.705900
vt 0.411800 0.705900
vt 0.441200 0.705900
vt 0.470600 0.705900
vt 0.500000 0.705900
vt 0.529400 0.705900
vt 0.558800 0.705900
vt 0.588200 0.705900
vt 0.617600 0.705900
vt 0.647100 0.705900
vt 0.676500 0.705900
vt 0.705900 0.705900
vt 0.735300 0.705900
vt 0.764700 0.705900
vt 0.794100 0.705900
vt 0.823500 0.705900
vt 0.852900 0.705900
vt 0.882400 0.705900
vt 0.911800 0.705900
vt 0.941200 0.705900
vt 0.970600 0.705900
vt 1.000000 0.705900
vt 0.000000 0.647100
vt 0.029400 0.647100
vt 0.058800 0.647100
vt 0.088200 0.647100
vt 0.117600 0.647100
vt 0.147100 0.647100
vt 0.176500 0.647100
vt 0.205900 0.647100
vt 0.235300 0.647100
vt 0.264700 0.647100
vt 0.294100 0.647100
vt 0.323500 0.647100
vt 0.352900 0.647100
vt 0.382400 0.647100
vt 0.411800 0.647100
vt 0.441200 0.647100
vt 0.470600 0.647100
vt 0.500000 0.647100
vt 0.529400 0.647100
vt 0.558800 0.647100
vt 0.588200 0.647100
vt 0.617600 0.647100
vt 0.647100 0.647100
vt 0.676500 0.647100
vt 0.705900 0.647100
vt 0.735300 0.647100
vt 0.764700 0.647100
vt 0.794100 0.647100
vt 0.823500 0.647100
vt 0.852900 0.647100
vt 0.882400 0.647100
vt 0.911800 0.647100
vt 0.941200 0.647100
vt 0.970600 0.647100
vt 1.000000 0.647100
vt 0.000000 0.588200
vt 0.029400 0.588200
vt 0.058800 0.588200
vt 0.088200 0.588200
vt 0.117600 0.588200
vt 0.147100 0.588200
vt 0.176500 0.588200
vt 0.205900 0.588200
vt 0.235300 0.588200
vt 0.264700 0.588200
vt 0.294100 0.588200
vt 0.323500 0.588200
vt 0.352900 0.588200
vt 0.382400 0.588200
vt 0.411800 0.588200
vt 0.441200 0.588200
vt 0.470600 0.588200
vt 0.500000 0.588200
vt 0.529400 0.588200
vt 0.558800 0.588200
vt 0.588200 0.588200
vt 0.617600 0.588200
vt 0.647100 0.588200
vt 0.676500 0.588200
vt 0.705900 0.588200
vt 0.735300 0.588200
vt 0.764700 0.588200
vt 0.794100 0.588200
vt 0.823500 0.588200
vt 0.852900 0.588200
vt 0.882400 0.588200
vt 0.911800 0.588200
vt 0.941200 0.588200
vt 0.970600 0.588200
vt 1.000000 0.588200
vt 0.000000 0.529400
vt 0.029400 0.529400
vt 0.058800 0.529400
vt 0.088200 0.529400
vt 0.117600 0.529400
vt 0.147100 0.529400
vt 0.176500 0.529400
vt 0.205900 0.529400
vt 0.235300 0.529400
vt 0.264700 0.529400
vt 0.294100 0.529400
vt 0.323500 0.529400
vt 0.352900 0.529400
vt 0.382400 0.529400
vt 0.411800 0.529400
vt 0.441200 0.529400
vt 0.470600 0.529400
vt 0.500000 0.529400
vt 0.529400 0.529400
vt 0.558800 0.529400
vt 0.588200 0.529400
vt 0.617600 0.529400
vt 0.647100 0.529400
vt 0.676500 0.529400
vt 0.705900 0.529400
vt 0.735300 0.529400
vt 0.764700 0.529400
vt 0.794100 0.529400
vt 0.823500 0.529400
vt 0.852900 0.529400
vt 0.882400 0.529400
vt 0.911800 0.529400
vt 0.941200 0.529400
vt 0.970600 0.529400
vt 1.000000 0.529400
vt 0.000000 0.470600
vt 0.029400 0.470600
vt 0.058800 0.470600
vt 0.088200 0.470600
vt 0.117600 0.470600
vt 0.147100 0.470600
vt 0.176500 0.470600
vt 0.205900 0.470600
vt 0.235300 0.470600
vt 0.264700 0.470600
vt 0.294100 0.470600
vt 0.323500 0.470600
vt 0.352900 0.470600
vt 0.382400 0.470600
vt 0.411800 0.470600
vt 0.441200 0.470600
vt 0.470600 0.470600
vt 0.500000 0.470600
vt 0.529400 0.470600
vt 0.558800 0.470600
vt 0.588200 0.470600
vt 0.617600 0.470600
vt 0.647100 0.470600
vt 0.676500 0.470600
vt 0.705900 0.470600
vt 0.735300 0.470600
vt 0.764700 0.470600
vt 0.794100 0.470600
vt 0.823500 0.470600
vt 0.852900 0.470600
vt 0.882400 0.470600
vt 0.911800 0.470600
vt 0.941200 0.470600
vt 0.970600 0.470600
vt 1.000000 0.470600
vt 0.000000 0.411800
vt 0.029400 0.411800
vt 0.058800 0.411800
vt 0.088200 0.411800
vt 0.117600 0.411800
vt 0.147100 0.411800
vt 0.176500 0.411800
vt 0.205900 0.411800
vt 0.235300 0.411800
vt 0.264700 0.411800
vt 0.294100 0.411800
vt 0.323500 0.411800
vt 0.352900 0.411800
vt 0.382400 0.411800
vt 0.411800 0.411800
vt 0.441200 0.411800
vt 0.470600 0.411800
vt 0.500000 0.411800
vt 0.529400 0.411800
vt 0.558800 0.411800
vt 0.588200 0.411800
vt 0.617600 0.411800
vt 0.647100 0.411800
vt 0.676500 0.411800
vt 0.705900 0.411800
vt 0.735300 0.411800
vt 0.764700 0.411800
vt 0.794100 0.411800
vt 0.823500 0.411800
vt 0.852900 0.411800
vt 0.882400 0.411800
vt 0.911800 0.411800
vt 0.941200 0.411800
vt 0.970600 0.411800
vt 1.000000 0.411800
vt 0.000000 0.352900
vt 0.029400 0.352900
vt 0.058800 0.352900
vt 0.088200 0.352900
vt 0.117600 0.352900
vt 0.147100 0.352900
vt 0.176500 0.352900
vt 0.205900 0.352900
vt 0.235300 0.352900
vt 0.264700 0.352900
vt 0.294100 0.352900
vt 0.323500 0.352900
vt 0.352900 0.352900
vt 0.382400 0.352900
vt 0.411800 0.352900
vt 0.441200 0.352900
vt 0.470600 0.352900
vt 0.500000 0.352900
vt 0.529400 0.352900
vt 0.558800 0.352900
vt 0.588200 0.352900
vt 0.617600 0.352900
vt 0.647100 0.352900
vt 0.676500 0.352900
vt 0.705900 0.352900
vt 0.735300 0.352900
vt 0.764700 0.352900
vt 0.794100 0.352900
vt 0.823500 0.352900
vt 0.852900 0.352900
vt 0.882400 0.352900
vt 0.911800 0.352900
vt 0.941200 0.352900
vt 0.970600 0.352900
vt 1.000000 0.352900
vt 0.000000 0.294100
vt 0.029400 0.294100
vt 0.058800 0.294100
vt 0.088200 0.294100
vt 0.117600 0.294100
vt 0.147100 0.294100
vt 0.176500 0.294100
vt 0.205900 0.294100
vt 0.235300 0.294100
vt 0.264700 0.294100
vt 0.294100 0.294100
vt 0.323500 0.294100
vt 0.352900 0.294100
vt 0.382400 0.294100
vt 0.411800 0.294100
vt 0.441200 0.294100
vt 0.470600 0.294100
vt 0.500000 0.294100
vt 0.529400 0.294100
vt 0.558800 0.294100
vt 0.588200 0.294100
vt 0.617600 0.294100
vt 0.647100 0.294100
vt 0.676500 0.294100
vt 0.705900 0.294100
vt 0.735300 0.294100
vt 0.764700 0.294100
vt 0.794100 0.294100
vt 0.823500 0.294100
vt 0.852900 0.294100
vt 0.882400 0.294100
vt 0.911800 0.294100
vt 0.941200 0.294100
vt 0.970600 0.294100
vt 1.000000 0.294100
vt 0.000000 0.235300
vt 0.029400 0.235300
vt 0.058800 0.235300
vt 0.088200 0.235300
vt 0.117600 0.235300
vt 0.147100 0.235300
vt 0.176500 0.235300
vt 0.205900 0.235300
vt 0.235300 0.235300
vt 0.264700 0.235300
vt 0.294100 0.235300
vt 0.323500 0.235300
vt 0.352900 0.235300
vt 0.382400 0.235300
vt 0.411800 0.235300
vt 0.441200 0.235300
vt 0.470600 0.235300
vt 0.500000 0.235300
vt 0.529400 0.235300
vt 0.558800 0.235300
vt 0.588200 0.235300
vt 0.617600 0.235300
vt 0.647100 0.235300
vt 0.676500 0.235300
vt 0.705900 0.235300
vt 0.735300 0.235300
vt 0.764700 0.235300
vt 0.794100 0.235300
vt 0.823500 0.235300
vt 0.852900 0.235300
vt 0.882400 0.235300
vt 0.911800 0.235300
vt 0.941200 0.235300
vt 0.970600 0.235300
vt 1.000000 0.235300
vt 0.000000 0.176500
vt 0.029400 0.176500
vt 0.058800 0.176500
vt 0.088200 0.176500
vt 0.117600 0.176500
vt 0.147100 0.176500
vt 0.176500 0.176500
vt 0.205900 0.176500
vt 0.235300 0.176500
vt 0.264700 0.176500
vt 0.294100 0.176500
vt 0.323500 0.176500
vt 0.352900 0.176500
vt 0.382400 0.176500
vt 0.411800 0.176500
vt 0.441200 0.176500
vt 0.470600 0.176500
vt 0.500000 0.176500
vt 0.529400 0.176500
vt 0.558800 0.176500
vt 0.588200 0.176500
vt 0.617600 0.176500
vt 0.647100 0.176500
vt 0.676500 0.176500
vt 0.705900 0.176500
vt 0.735300 0.176500
vt 0.764700 0.176500
vt 0.794100 0.176500
vt 0.823500 0.176500
vt 0.852900 0.176500
vt 0.882400 0.176500
vt 0.911800 0.176500
vt 0.941200 0.176500
vt 0.970600 0.176500
vt 1.000000 0.176500
vt 0.000000 0.117600
vt 0.029400 0.117600
vt 0.058800 0.117600
vt 0.088200 0.117600
vt 0.117600 0.117600
vt 0.147100 0.117600
vt 0.176500 0.117600
vt 0.205900 0.117600
vt 0.235300 0.117600
vt 0.264700 0.117600
vt 0.294100 0.117600
vt 0.323500 0.117600
vt 0.352900 0.117600
vt 0.382400 0.117600
vt 0.411800 0.117600
vt 0.441200 0.117600
vt 0.470600 0.117600
vt 0.500000 0.117600
vt 0.529400 0.117600
vt 0.558800 0.117600
vt 0.588200 0.117600
vt 0.617600 0.117600
vt 0.647100 0.117600
vt 0.676500 0.117600
vt 0.705900 0.117600
vt 0.735300 0.117600
vt 0.764700 0.117600
vt 0.794100 0.117600
vt 0.823500 0.117600
vt 0.852900 0.117600
vt 0.882400 0.117600
vt 0.911800 0.117600
vt 0.941200 0.117600
vt 0.970600 0.117600
vt 1.000000 0.117600
vt 0.000000 0.058800
vt 0.029400 0.058800
vt 0.058800 0.058800
vt 0.088200 0.058800
vt 0.117600 0.058800
vt 0.147100 0.058800
vt 0.176500 0.058800
vt 0.205900 0.058800
vt 0.235300 0.058800
vt 0.264700 0.058800
vt 0.294100 0.058800
vt 0.323500 0.058800
vt 0.352900 0.058800
vt 0.382400 0.058800
vt 0.411800 0.058800
vt 0.441200 0.058800
vt 0.470600 0.058800
vt 0.500000 0.058800
vt 0.529400 0.058800
vt 0.558800 0.058800
vt 0.588200 0.058800
vt 0.617600 0.058800
vt 0.647100 0.058800
vt 0.676500 0.058800
vt 0.705900 0.058800
vt 0.735300 0.058800
vt 0.764700 0.058800
vt 0.794100 0.058800
vt 0.823500 0.058800
vt 0.852900 0.058800
vt 0.882400 0.058800
vt 0.911800 0.058800
vt 0.941200 0.058800
vt 0.970600 0.058800
vt 1.000000 0.058800
vt 0.000000 -0.000000
vt 0.029400 -0.000000
vt 0.058800 -0.000000
vt 0.088200 -0.000000
vt 0.117600 -0.000000
vt 0.147100 -0.000000
vt 0.176500 -0.000000
vt 0.205900 -0.000000
vt 0.235300 -0.000000
vt 0.264700 -0.000000
vt 0.294100 -0.000000
vt 0.323500 -0.000000
vt 0.352900 -0.000000
vt 0.382400 -0.000000
vt 0.411800 -0.000000
vt 0.441200 -0.000000
vt 0.470600 -0.000000
vt 0.500000 -0.000000
vt 0.529400 -0.000000
vt 0.558800 -0.000000
vt 0.588200 -0.000000
vt 0.617600 -0.000000
vt 0.647100 -0.000000
vt 0.676500 -0.000000
vt 0.705900 -0.000000
vt 0.735300 -0.000000
vt 0.764700 -0.000000
vt 0.794100 -0.000000
vt 0.823500 -0.000000
vt 0.852900 -0.000000
vt 0.882400 -0.000000
vt 0.911800 -0.000000
vt 0.941200 -0.000000
vt 0.970600 -0.000000
s 1
usemtl leftSphere
f 1/1/1 2/2/2 3/3/3
f 1/4/1 3/3/3 4/5/4
f 1/6/1 4/5/4 5/7/5
f 1/8/1 5/7/5 6/9/6
f 1/10/1 6/9/6 7/11/7
f 1/12/1 7/11/7 8/13/8
f 1/14/1 8/13/8 9/15/9
f 1/16/1 9/15/9 10/17/10
f 1/18/1 10/17/10 11/19/11
f 1/20/1 11/19/11 12/21/12
f 1/22/1 12/21/12 13/23/13
f 1/24/1 13/23/13 14/25/14
f 1/26/1 14/25/14 15/27/15
f 1/28/1 15/27/15 16/29/16
f 1/30/1 16/29/16 17/31/17
f 1/32/1 17/31/17 18/33/18
f 1/34/1 18/33/18 19/35/19
f 1/36/1 19/35/19 20/37/20
f 1/38/1 20/37/20 21/39/21
f 1/40/1 21/39/21 22/41/22
f 1/42/1 22/41/22 23/43/23
f 1/44/1 23/43/23 24/45/24
f 1/46/1 24/45/24 25/47/25
f 1/48/1 25/47/25 26/49/26
f 1/50/1 26/49/26 27/51/27
f 1/52/1 27/51/27 28/53/28
f 1/54/1 28/53/28 29/55/29
f 1/56/1 29/55/29 30/57/30
f 1/58/1 30/57/30 31/59/31
f 1/60/1 31/59/31 32/61/32
f 1/62/1 32/61/32 33/63/33
f 1/64/1 33/63/33 34/65/34
f 1/66/1 34/65/34 35/67/35
f 1/68/1 35/67/35 2/69/2
f 2/2/2 36/70/36 37/71/37
f 2/2/2 37/71/37 3/3/3
f 3/3/3 37/71/37 38/72/38
f 3/3/3 38/72/38 4/5/4
f 4/5/4 38/72/38 39/73/39
f 4/5/4 39/73/39 5/7/5
f 5/7/5 39/73/39 40/74/40
f 5/7/5 40/74/40 6/9/6
f 6/9/6 40/74/40 41/75/41
f 6/9/6 41/75/41 7/11/7
f 7/11/7 41/75/41 42/76/42
f 7/11/7 42/76/42 8/13/8
f 8/13/8 42/76/42 43/77/43
f 8/13/8 43/77/43 9/15/9
f 9/15/9 43/77/43 44/78/44
f 9/15/9 44/78/44 10/17/10
f 10/17/10 44/78/44 45/79/45
f 10/17/10 45/79/45 11/19/11
f 11/19/11 45/79/45 46/80/46
f 11/19/11 46/80/46 12/21/12
f 12/21/12 46/80/46 47/81/47
f 12/21/12 47/81/47 13/23/13
f 13/23/13 47/81/47 48/82/48
f 13/23/13 48/82/48 14/25/14
f 14/25/14 48/82/48 49/83/49
f 14/25/14 49/83/49 15/27/15
f 15/27/15 49/83/49 50/84/50
f 15/27/15 50/84/50 16/29/16
f 16/29/16 50/84/50 51/85/51
f 16/29/16 51/85/51 17/31/17
f 17/31/17 51/85/51 52/86/52
f 17/31/17 52/86/52 18/33/18
f 18/33/18 52/86/52 53/87/53
f 18/33/18 53/87/53 19/35/19
f 19/35/19 53/87/53 54/88/54
f 19/35/19 54/88/54 20/37/20
f 20/37/20 54/88/54 55/89/55
f 20/37/20 55/89/55 21/39/21
f 21/39/21 55/89/55 56/90/56
f 21/39/21 56/90/56 22/41/22
f 22/41/22 56/90/56 57/91/57
f 22/41/22 57/91/57 23/43/23
f 23/43/23 57/91/57 58/92/58
f 23/43/23 58/92/58 24/45/24
f 24/45/24 58/92/58 59/93/59
f 24/45/24 59/93/59 25/47/25
f 25/47/25 59/93/59 60/94/60
f 25/47/25 60/94/60 26/49/26
f 26/49/26 60/94/60 61/95/61
f 26/49/26 61/95/61 27/51/27
f 27/51/27 61/95/61 62/96/62
f 27/51/27 62/96/62 28/53/28
f 28/53/28 62/96/62 63/97/63
f 28/53/28 63/97/63 29/55/29
f 29/55/29 63/97/63 64/98/64
f 29/55/29 64/98/64 30/57/30
f 30/57/30 64/98/64 65/99/65
f 30/57/30 65/99/65 31/59/31
f 31/59/31 65/99/65 66/100/66
f 31/59/31 66/100/66 32/61/32
f 32/61/32 66/100/66 67/101/67
f 32/61/32 67/101/67 33/63/33
f 33/63/33 67/101/67 68/102/68
f 33/63/33 68/102/68 34/65/34
f 34/65/34 68/102/68 69/103/69
f 34/65/34 69/103/69 35/67/35
f 35/67/35 69/103/69 36/104/36
f 35/67/35 36/104/36 2/69/2
f 36/70/36 70/105/70 71/106/71
f 36/70/36 71/106/71 37/71/37
f 37/71/37 71/106/71 72/107/72
f 37/71/37 72/107/72 38/72/38
f 38/72/38 72/107/72 73/108/73
f 38/72/38 73/108/73 39/73/39
f 39/73/39 73/108/73 74/109/74
f 39/73/39 74/109/74 40/74/40
f 40/74/40 74/109/74 75/110/75
f 40/74/40 75/110/75 41/75/41
f 41/75/41 75/110/75 76/111/76
f 41/75/41 76/111/76 42/76/42
f 42/76/42 76/111/76 77/112/77
f 42/76/42 77/112/77 43/77/43
f 43/77/43 77/112/77 78/113/78
f 43/77/43 78/113/78 44/78/44
f 44/78/44 78/113/78 79/114/79
f 44/78/44 79/114/79 45/79/45
f 45/79/45 79/114/79 80/115/80
f 45/79/45 80/115/80 46/80/46
f 46/80/46 80/115/80 81/116/81
f 46/80/46 81/116/81 47/81/47
f 47/81/47 81/116/81 82/117/82
f 47/81/47 82/117/82 48/82/48
f 48/82/48 82/117/82 83/118/83
f 48/82/48 83/118/83 49/83/49
f 49/83/49 83/118/83 84/119/84
f 49/83/49 84/119/84 50/84/50
f 50/84/50 84/119/84 85/120/85
f 50/84/50 85/120/85 51/85/51
f 51/85/51 85/120/85 86/121/86
f 51/85/51 86/121/86 52/86/52
f 52/86/52 86/121/86 87/122/87
f 52/86/52 87/122/87 53/87/53
f 53/87/53 87/122/87 88/123/88
f 53/87/53 88/123/88 54/88/54
f 54/88/54 88/123/88 89/124/89
f 54/88/54 89/124/89 55/89/55
f 55/89/55 89/124/89 90/125/90
f 55/89/55 90/125/90 56/90/56
f 56/90/56 90/125/90 91/126/91
f 56/90/56 91/126/91 57/91/57
f 57/91/57 91/126/91 92/127/92
f 57/91/57 92/127/92 58/92/58
f 58/92/58 92/127/92 93/128/93
f 58/92/58 93/128/93 59/93/59
f 59/93/59 93/128/93 94/129/94
f 59/93/59 94/129/94 60/94/60
f 60/94/60 94/129/94 95/130/95
f 60/94/60 95/130/95 61/95/61
f 61/95/61 95/130/95 96/131/96
f 61/95/61 96/131/96 62/96/62
f 62/96/62 96/131/96 97/132/97
f 62/96/62 97/132/97 63/97/63
f 63/97/63 97/132/97 98/133/98
f 63/97/63 98/133/98 64/98/64
f 64/98/64 98/133/98 99/134/99
f 64/98/64 99/134/99 65/99/65
f 65/99/65 99/134/99 100/135/100
f 65/99/65 100/135/100 66/100/66
f 66/100/66 100/135/100 101/136/101
f 66/100/66 101/136/101 67/101/67
f 67/101/67 101/136/101 102/137/102
f 67/101/67 102/137/102 68/102/68
f 68/102/68 102/137/102 103/138/103
f 68/102/68 103/138/103 69/103/69
f 69/103/69 103/138/103 70/139/70
f 69/103/69 70/139/70 36/104/36
f 70/105/70 104/140/104 105/141/105
f 70/105/70 105/141/105 71/106/71
f 71/106/71 105/141/105 106/142/106
f 71/106/71 106/142/106 72/107/72
f 72/107/72 106/142/106 107/143/107
f 72/107/72 107/143/107 73/108/73
f 73/108/73 107/143/107 108/144/108
f 73/108/73 108/144/108 74/109/74
f 74/109/74 108/144/108 109/145/109
f 74/109/74 109/145/109 75/110/75
f 75/110/75 109/145/109 110/146/110
f 75/110/75 110/146/110 76/111/76
f 76/111/76 110/146/110 111/147/111
f 76/111/76 111/147/111 77/112/77
f 77/112/77 111/147/111 112/148/112
f 77/112/77 112/148/112 78/113/78
f 78/113/78 112/148/112 113/149/113
f 78/113/78 113/149/113 79/114/79
f 79/114/79 113/149/113 114/150/114
f 79/114/79 114/150/114 80/115/80
f 80/115/80 114/150/114 115/151/115
f 80/115/80 115/151/115 81/116/81
f 81/116/81 115/151/115 116/152/116
f 81/116/81 116/152/116 82/117/82
f 82/117/82 116/152/116 117/153/117
f 82/117/82 117/153/117 83/118/83
f 83/118/83 117/153/117 118/154/118
f 83/118/83 118/154/118 84/119/84
f 84/119/84 118/154/118 119/155/119
f 84/119/84 119/155/119 85/120/85
f 85/120/85 119/155/119 120/156/120
f 85/120/85 120/156/120 86/121/86
f 86/121/86 120/156/120 121/157/121
f 86/121/86 121/157/121 87/122/87
f 87/122/87 121/157/121 122/158/122
f 87/122/87 122/158/122 88/123/88
f 88/123/88 122/158/122 123/159/123
f 88/123/88 123/159/123 89/124/89
f 89/124/89 123/159/123 124/160/124
f 89/124/89 124/160/124 90/125/90
f 90/125/90 124/160/124 125/161/125
f 90/125/90 125/161/125 91/126/91
f 91/126/91 125/161/125 126/162/126
f 91/126/91 126/162/126 92/127/92
f 92/127/92 126/162/126 127/163/127
f 92/127/92 127/163/127 93/128/93
f 93/128/93 127/163/127 128/164/128
f 93/128/93 128/164/128 94/129/94
f 94/129/94 128/164/128 129/165/129
f 94/129/94 129/165/129 95/130/95
f 95/130/95 129/165/129 130/166/130
f 95/130/95 130/166/130 96/131/96
f 96/131/96 130/166/130 131/167/131
f 96/131/96 131/167/131 97/132/97
f 97/132/97 131/167/131 132/168/132
f 97/132/97 132/168/132 98/133/98
f 98/133/98 132/168/132 133/169/133
f 98/133/98 133/169/133 99/134/99
f 99/134/99 133/169/133 134/170/134
f 99/134/99 134/170/134 100/135/100
f 100/135/100 134/170/134 135/171/135
f 100/135/100 135/171/135 101/136/101
f 101/136/101 135/171/135 136/172/136
f 101/136/101 136/172/136 102/137/102
f 102/137/102 136/172/136 137/173/137
f 102/137/102 137/173/137 103/138/103
f 103/138/103 137/173/137 104/174/104
f 103/138/103 104/174/104 70/139/70
f 104/140/104 138/175/138 139/176/139
f 104/140/104 139/176/139 105/141/105
f 105/141/105 139/176/139 140/177/140
f 105/141/105 140/177/140 106/142/106
f 106/142/106 140/177/140 141/178/141
f 106/142/106 141/178/141 107/143/107
f 107/143/107 141/178/141 142/179/142
f 107/143/107 142/179/142 108/144/108
f 108/144/108 142/179/142 143/180/143
f 108/144/108 143/180/143 109/145/109
f 109/145/109 143/180/143 144/181/144
f 109/145/109 144/181/144 110/146/110
f 110/146/110 144/181/144 145/182/145
f 110/146/110 145/182/145 111/147/111
f 111/147/111 145/182/145 146/183/146
f 111/147/111 146/183/146 112/148/112
f 112/148/112 146/183/146 147/184/147
f 112/148/112 147/184/147 113/149/113
f 113/149/113 147/184/147 148/185/148
f 113/149/113 148/185/148 114/150/114
f 114/150/114 148/185/148 149/186/149
f 114/150/114 149/186/149 115/151/115
f 115/151/115 149/186/149 150/187/150
f 115/151/115 150/187/150 116/152/116
f 116/152/116 150/187/150 151/188/151
f 116/152/116 151/188/151 117/153/117
f 117/153/117 151/188/151 152/189/152
f 117/153/117 152/189/152 118/154/118
f 118/154/118 152/189/152 153/190/153
f 118/154/118 153/190/153 119/155/119
f 119/155/119 153/190/153 154/191/154
f 119/155/119 154/191/154 120/156/120
f 120/156/120 154/191/154 155/192/155
f 120/156/120 155/192/155 121/157/121
f 121/157/121 155/192/155 156/193/156
f 121/157/121 156/193/156 122/158/122
f 122/158/122 156/193/156 157/194/157
f 122/158/122 157/194/157 123/159/123
f 123/159/123 157/194/157 158/195/158
f 123/159/123 158/195/158 124/160/124
f 124/160/124 158/195/158 159/196/159
f 124/160/124 159/196/159 125/161/125
f 125/161/125 159/196/159 160/197/160
f 125/161/125 160/197/160 126/162/126
f 126/162/126 160/197/160 161/198/161
f 126/162/126 161/198/161 127/163/127
f 127/163/127 161/198/161 162/199/162
f 127/163/127 162/199/162 128/164/128
f 128/164/128 162/199/162 163/200/163
f 128/164/128 163/200/163 129/165/129
f 129/165/129 163/200/163 164/201/164
f 129/165/129 164/201/164 130/166/130
f 130/166/130 164/201/164 165/202/165
f 130/166/130 165/202/165 131/167/131
f 131/167/131 165/202/165 166/203/166
f 131/167/131 166/203/166 132/168/132
f 132/168/132 166/203/166 167/204/167
f 132/168/132 167/204/167 133/169/133
f 133/169/133 167/204/167 168/205/168
f 133/169/133 168/205/168 134/170/134
f 134/170/134 168/205/168 169/206/169
f 134/170/134 169/206/169 135/171/135
f 135/171/135 169/206/169 170/207/170
f 135/171/135 170/207/170 136/172/136
f 136/172/136 170/207/170 171/208/171
f 136/172/136 171/208/171 137/173/137
f 137/173/137 171/208/171 138/209/138
f 137/173/137 138/209/138 104/174/104
f 138/175/138 172/210/172 173/211/173
f 138/175/138 173/211/173 139/176/139
f 139/176/139 173/211/173 174/212/174
f 139/176/139 174/212/174 140/177/140
f 140/177/140 174/212/174 175/213/175
f 140/177/140 175/213/175 141/178/141
f 141/178/141 175/213/175 176/214/176
f 141/178/141 176/214/176 142/179/142
f 142/179/142 176/214/176 177/215/177
f 142/179/142 177/215/177 143/180/143
f 143/180/143 177/215/177 178/216/178
f 143/180/143 178/216/178 144/181/144
f 144/181/144 178/216/178 179/217/179
f 144/181/144 179/217/179 145/182/145
f 145/182/145 179/217/179 180/218/180
f 145/182/145 180/218/180 146/183/146
f 146/183/146 180/218/180 181/219/181
f 146/183/146 181/219/181 147/184/147
f 147/184/147 181/219/181 182/220/182
f 147/184/147 182/220/182 148/185/148
f 148/185/148 182/220/182 183/221/183
f 148/185/148 183/221/183 149/186/149
f 149/186/149 183/221/183 184/222/184
f 149/186/149 184/222/184 150/187/150
f 150/187/150 184/222/184 185/223/185
f 150/187/150 185/223/185 151/188/151
f 151/188/151 185/223/185 186/224/186
f 151/188/151 186/224/186 152/189/152
f 152/189/152 186/224/186 187/225/187
f 152/189/152 187/225/187 153/190/153
f 153/190/153 187/225/187 188/226/188
f 153/190/153 188/226/188 154/191/154
f 154/191/154 188/226/188 189/227/189
f 154/191/154 189/227/189 155/192/155
f 155/192/155 189/227/189 190/228/190
f 155/192/155 190/228/190 156/193/156
f 156/193/156 190/228/190 191/229/191
f 156/193/156 191/229/191 157/194/157
f 157/194/157 191/229/191 192/230/192
f 157/194/157 192/230/192 158/195/158
f 158/195/158 192/230/192 193/231/193
f 158/195/158 193/231/193 159/196/159
f 159/196/159 193/231/193 194/232/194
f 159/196/159 194/232/194 160/197/160
f 160/197/160 194/232/194 195/233/195
f 160/197/160 195/233/195 161/198/161
f 161/198/161 195/233/195 196/234/196
f 161/198/161 196/234/196 162/199/162
f 162/199/162 196/234/196 197/235/197
f 162/199/162 197/235/197 163/200/163
f 163/200/163 197/235/197 198/236/198
f 163/200/163 198/236/198 164/201/164
f 164/201/164 198/236/198 199/237/199
f 164/201/164 199/237/199 165/202/165
f 165/202/165 199/237/199 200/238/200
f 165/202/165 200/238/200 166/203/166
f 166/203/166 200/238/200 201/239/201
f 166/203/166 201/239/201 167/204/167
f 167/204/167 201/239/201 202/240/202
f 167/204/167 202/240/202 168/205/168
f 168/205/168 202/240/202 203/241/203
f 168/205/168 203/241/203 169/206/169
f 169/206/169 203/241/203 204/242/204
f 169/206/169 204/242/204 170/207/170
f 170/207/170 204/242/204 205/243/205
f 170/207/170 205/243/205 171/208/171
f 171/208/171 205/243/205 172/244/172
f 171/208/171 172/244/172 138/209/138
f 172/210/172 206/245/206 207/246/207
f 172/210/172 207/246/207 173/211/173
f 173/211/173 207/246/207 208/247/208
f 173/211/173 208/247/208 174/212/174
f 174/212/174 208/247/208 209/248/209
f 174/212/174 209/248/209 175/213/175
f 175/213/175 209/248/209 210/249/210
f 175/213/175 210/249/210 176/214/176
f 176/214/176 210/249/210 211/250/211
f 176/214/176 211/250/211 177/215/177
f 177/215/177 211/250/211 212/251/212
f 177/215/177 212/251/212 178/216/178
f 178/216/178 212/251/212 213/252/213
f 178/216/178 213/252/213 179/217/179
f 179/217/179 213/252/213 214/253/214
f 179/217/179 214/253/214 180/218/180
f 180/218/180 214/253/214 215/254/215
f 180/218/180 215/254/215 181/219/181
f 181/219/181 215/254/215 216/255/216
f 181/219/181 216/255/216 182/220/182
f 182/220/182 216/255/216 217/256/217
f 182/220/182 217/256/217 183/221/183
f 183/221/183 217/256/217 218/257/218
f 183/221/183 218/257/218 184/222/184
f 184/222/184 218/257/218 219/258/219
f 184/222/184 219/258/219 185/223/185
f 185/223/185 219/258/219 220/259/220
f 185/223/185 220/259/220 186/224/186
f 186/224/186 220/259/220 221/260/221
f 186/224/186 221/260/221 187/225/187
f 187/225/187 221/260/221 222/261/222
f 187/225/187 222/261/222 188/226/188
f 188/226/188 222/261/222 223/262/223
f 188/226/188 223/262/223 189/227/189
f 189/227/189 223/262/223 224/263/224
f 189/227/189 224/263/224 190/228/190
f 190/228/190 224/263/224 225/264/225
f 190/228/190 225/264/225 191/229/191
f 191/229/191 225/264/225 226/265/226
f 191/229/191 226/265/226 192/230/192
f 192/230/192 226/265/226 227/266/227
f 192/230/192 227/266/227 193/231/193
f 193/231/193 227/266/227 228/267/228
f 193/231/193 228/267/228 194/232/194
f 194/232/194 228/267/228 229/268/229
f 194/232/194 229/268/229 195/233/195
f 195/233/195 229/268/229 230/269/230
f 195/233/195 230/269/230 196/234/196
f 196/234/196 230/269/230 231/270/231
f 196/234/196 231/270/231 197/235/197
f 197/235/197 231/270/231 232/271/232
f 197/235/197 232/271/232 198/236/198
f 198/236/198 232/271/232 233/272/233
f 198/236/198 233/272/233 199/237/199
f 199/237/199 233/272/233 234/273/234
f 199/237/199 234/273/234 200/238/200
f 200/238/200 234/273/234 235/274/235
f 200/238/200 235/274/235 201/239/201
f 201/239/201 235/274/235 236/275/236
f 201/239/201 236/275/236 202/240/202
f 202/240/202 236/275/236 237/276/237
f 202/240/202 237/276/237 203/241/203
f 203/241/203 237/276/237 238/277/238
f 203/241/203 238/277/238 204/242/204
f 204/242/204 238/277/238 239/278/239
f 204/242/204 239/278/239 205/243/205
f 205/243/205 239/278/239 206/279/206
f 205/243/205 206/279/206 172/244/172
f 206/245/206 240/280/240 241/281/241
f 206/245/206 241/281/241 207/246/207
f 207/246/207 241/281/241 242/282/242
f 207/246/207 242/282/242 208/247/208
f 208/247/208 242/282/242 243/283/243
f 208/247/208 243/283/243 209/248/209
f 209/248/209 243/283/243 244/284/244
f 209/248/209 244/284/244 210/249/210
f 210/249/210 244/284/244 245/285/245
f 210/249/210 245/285/245 211/250/211
f 211/250/211 245/285/245 246/286/246
f 211/250/211 246/286/246 212/251/212
f 212/251/212 246/286/246 247/287/247
f 212/251/212 247/287/247 213/252/213
f 213/252/213 247/287/247 248/288/248
f 213/252/213 248/288/248 214/253/214
f 214/253/214 248/288/248 249/289/249
f 214/253/214 249/289/249 215/254/215
f 215/254/215 249/289/249 250/290/250
f 215/254/215 250/290/250 216/255/216
f 216/255/216 250/290/250 251/291/251
f 216/255/216 251/291/251 217/256/217
f 217/256/217 251/291/251 252/292/252
f 217/256/217 252/292/252 218/257/218
f 218/257/218 252/292/252 253/293/253
f 218/257/218 253/293/253 219/258/219
f 219/258/219 253/293/253 254/294/254
f 219/258/219 254/294/254 220/259/220
f 220/259/220 254/294/254 255/295/255
f 220/259/220 255/295/255 221/260/221
f 221/260/221 255/295/255 256/296/256
f 221/260/221 256/296/256 222/261/222
f 222/261/222 256/296/256 257/297/257
f 222/261/222 257/297/257 223/262/223
f 223/262/223 257/297/257 258/298/258
f 223/262/223 258/298/258 224/263/224
f 224/263/224 258/298/258 259/299/259
f 224/263/224 259/299/259 225/264/225
f 225/264/225 259/299/259 260/300/260
f 225/264/225 260/300/260 226/265/226
f 226/265/226 260/300/260 261/301/261
f 226/265/226 261/301/261 227/266/227
f 227/266/227 261/301/261 262/302/262
f 227/266/227 262/302/262 228/267/228
f 228/267/228 262/302/262 263/303/263
f 228/267/228 263/303/263 229/268/229
f 229/268/229 263/303/263 264/304/264
f 229/268/229 264/304/264 230/269/230
f 230/269/230 264/304/264 265/305/265
f 230/269/230 265/305/265 231/270/231
f 231/270/231 265/305/265 266/306/266
f 231/270/231 266/306/266 232/271/232
f 232/271/232 266/306/266 267/307/267
f 232/271/232 267/307/267 233/272/233
f 233/272/233 267/307/267 268/308/268
f 233/272/233 268/308/268 234/273/234
f 234/273/234 268/308/268 269/309/269
f 234/273/234 269/309/269 235/274/235
f 235/274/235 269/309/269 270/310/270
f 235/274/235 270/310/270 236/275/236
f 236/275/236 270/310/270 271/311/271
f 236/275/236 271/311/271 237/276/237
f 237/276/237 271/311/271 272/312/272
f 237/276/237 272/312/272 238/277/238
f 238/277/238 272/312/272 273/313/273
f 238/277/238 273/313/273 239/278/239
f 239/278/239 273/313/273 240/314/240
f 239/278/239 240/314/240 206/279/206
f 240/280/240 274/315/274 275/316/275
f 240/280/240 275/316/275 241/281/241
f 241/281/241 275/316/275 276/317/276
f 241/281/241 276/317/276 242/282/242
f 242/282/242 276/317/276 277/318/277
f 242/282/242 277/318/277 243/283/243
f 243/283/243 277/318/277 278/319/278
f 243/283/243 278/319/278 244/284/244
f 244/284/244 278/319/278 279/320/279
f 244/284/244 279/320/279 245/285/245
f 245/285/245 279/320/279 280/321/280
f 245/285/245 280/321/280 246/286/246
f 246/286/246 280/321/280 281/322/281
f 246/286/246 281/322/281 247/287/247
f 247/287/247 281/322/281 282/323/282
f 247/287/247 282/323/282 248/288/248
f 248/288/248 282/323/282 283/324/283
f 248/288/248 283/324/283 249/289/249
f 249/289/249 283/324/283 284/325/284
f 249/289/249 284/325/284 250/290/250
f 250/290/250 284/325/284 285/326/285
f 250/290/250 285/326/285 251/291/251
f 251/291/251 285/326/285 286/327/286
f 251/291/251 286/327/286 252/292/252
f 252/292/252 286/327/286 287/328/287
f 252/292/252 287/328/287 253/293/253
f 253/293/253 287/328/287 288/329/288
f 253/293/253 288/329/288 254/294/254
f 254/294/254 288/329/288 289/330/289
f 254/294/254 289/330/289 255/295/255
f 255/295/255 289/330/289 290/331/290
f 255/295/255 290/331/290 256/296/256
f 256/296/256 290/331/290 291/332/291
f 256/296/256 291/332/291 257/297/257
f 257/297/257 291/332/291 292/333/292
f 257/297/257 292/333/292 258/298/258
f 258/298/258 292/333/292 293/334/293
f 258/298/258 293/334/293 259/299/259
f 259/299/259 293/334/293 294/335/294
f 259/299/259 294/335/294 260/300/260
f 260/300/260 294/335/294 295/336/295
f 260/300/260 295/336/295 261/301/261
f 261/301/261 295/336/295 296/337/296
f 261/301/261 296/337/296 262/302/262
f 262/302/262 296/337/296 297/338/297
f 262/302/262 297/338/297 263/303/263
f 263/303/263 297/338/297 298/339/298
f 263/303/263 298/339/298 264/304/264
f 264/304/264 298/339/298 299/340/299
f 264/304/264 299/340/299 265/305/265
f 265/305/265 299/340/299 300/341/300
f 265/305/265 300/341/300 266/306/266
f 266/306/266 300/341/300 301/342/301
f 266/306/266 301/342/301 267/307/267
f 267/307/267 301/342/301 302/343/302
f 267/307/267 302/343/302 268/308/268
f 268/308/268 302/343/302 303/344/303
f 268/308/268 303/344/303 269/309/269
f 269/309/269 303/344/303 304/345/304
f 269/309/269 304/345/304 270/310/270
f 270/310/270 304/345/304 305/346/305
f 270/310/270 305/346/305 271/311/271
f 271/311/271 305/346/305 306/347/306
f 271/311/271 306/347/306 272/312/272
f 272/312/272 306/347/306 307/348/307
f 272/312/272 307/348/307 273/313/273
f 273/313/273 307/348/307 274/349/274
f 273/313/273 274/349/274 240/314/240
f 274/315/274 308/350/308 309/351/309
f 274/315/274 309/351/309 275/316/275
f 275/316/275 309/351/309 310/352/310
f 275/316/275 310/352/310 276/317/276
f 276/317/276 310/352/310 311/353/311
f 276/317/276 311/353/311 277/318/277
f 277/318/277 311/353/311 312/354/312
f 277/318/277 312/354/312 278/319/278
f 278/319/278 312/354/312 313/355/313
f 278/319/278 313/355/313 279/320/279
f 279/320/279 313/355/313 314/356/314
f 279/320/279 314/356/314 280/321/280
f 280/321/280 314/356/314 315/357/315
f 280/321/280 315/357/315 281/322/281
f 281/322/281 315/357/315 316/358/316
f 281/322/281 316/358/316 282/323/282
f 282/323/282 316/358/316 317/359/317
f 282/323/282 317/359/317 283/324/283
f 283/324/283 317/359/317 318/360/318
f 283/324/283 318/360/318 284/325/284
f 284/325/284 318/360/318 319/361/319
f 284/325/284 319/361/319 285/326/285
f 285/326/285 319/361/319 320/362/320
f 285/326/285 320/362/320 286/327/286
f 286/327/286 320/362/320 321/363/321
f 286/327/286 321/363/321 287/328/287
f 287/328/287 321/363/321 322/364/322
f 287/328/287 322/364/322 288/329/288
f 288/329/288 322/364/322 323/365/323
f 288/329/288 323/365/323 289/330/289
f 289/330/289 323/365/323 324/366/324
f 289/330/289 324/366/324 290/331/290
f 290/331/290 324/366/324 325/367/325
f 290/331/290 325/367/325 291/332/291
f 291/332/291 325/367/325 326/368/326
f 291/332/291 326/368/326 292/333/292
f 292/333/292 326/368/326 327/369/327
f 292/333/292 327/369/327 293/334/293
f 293/334/293 327/369/327 328/370/328
f 293/334/293 328/370/328 294/335/294
f 294/335/294 328/370/328 329/371/329
f 294/335/294 329/371/329 295/336/295
f 295/336/295 329/371/329 330/372/330
f 295/336/295 330/372/330 296/337/296
f 296/337/296 330/372/330 331/373/331
f 296/337/296 331/373/331 297/338/297
f 297/338/297 331/373/331 332/374/332
f 297/338/297 332/374/332 298/339/298
f 298/339/298 332/374/332 333/375/333
f 298/339/298 333/375/333 299/340/299
f 299/340/299 333/375/333 334/376/334
f 299/340/299 334/376/334 300/341/300
f 300/341/300 334/376/334 335/377/335
f 300/341/300 335/377/335 301/342/301
f 301/342/301 335/377/335 336/378/336
f 301/342/301 336/378/336 302/343/302
f 302/343/302 336/378/336 337/379/337
f 302/343/302 337/379/337 303/344/303
f 303/344/303 337/379/337 338/380/338
f 303/344/303 338/380/338 304/345/304
f 304/345/304 338/380/338 339/381/339
f 304/345/304 339/381/339 305/346/305
f 305/346/305 339/381/339 340/382/340
f 305/346/305 340/382/340 306/347/306
f 306/347/306 340/382/340 341/383/341
f 306/347/306 341/383/341 307/348/307
f 307/348/307 341/383/341 308/384/308
f 307/348/307 308/384/308 274/349/274
f 308/350/308 342/385/342 343/386/343
f 308/350/308 343/386/343 309/351/309
f 309/351/309 343/386/343 344/387/344
f 309/351/309 344/387/344 310/352/310
f 310/352/310 344/387/344 345/388/345
f 310/352/310 345/388/345 311/353/311
f 311/353/311 345/388/345 346/389/346
f 311/353/311 346/389/346 312/354/312
f 312/354/312 346/389/346 347/390/347
f 312/354/312 347/390/347 313/355/313
f 313/355/313 347/390/347 348/391/348
f 313/355/313 348/391/348 314/356/314
f 314/356/314 348/391/348 349/392/349
f 314/356/314 349/392/349 315/357/315
f 315/357/315 349/392/349 350/393/350
f 315/357/315 350/393/350 316/358/316
f 316/358/316 350/393/350 351/394/351
f 316/358/316 351/394/351 317/359/317
f 317/359/317 351/394/351 352/395/352
f 317/359/317 352/395/352 318/360/318
f 318/360/318 352/395/352 353/396/353
f 318/360/318 353/396/353 319/361/319
f 319/361/319 353/396/353 354/397/354
f 319/361/319 354/397/354 320/362/320
f 320/362/320 354/397/354 355/398/355
f 320/362/320 355/398/355 321/363/321
f 321/363/321 355/398/355 356/399/356
f 321/363/321 356/399/356 322/364/322
f 322/364/322 356/399/356 357/400/357
f 322/364/322 357/400/357 323/365/323
f 323/365/323 357/400/357 358/401/358
f 323/365/323 358/401/358 324/366/324
f 324/366/324 358/401/358 359/402/359
f 324/366/324 359/402/359 325/367/325
f 325/367/325 359/402/359 360/403/360
f 325/367/325 360/403/360 326/368/326
f 326/368/326 360/403/360 361/404/361
f 326/368/326 361/404/361 327/369/327
f 327/369/327 361/404/361 362/405/362
f 327/369/327 362/405/362 328/370/328
f 328/370/328 362/405/362 363/406/363
f 328/370/328 363/406/363 329/371/329
f 329/371/329 363/406/363 364/407/364
f 329/371/329 364/407/364 330/372/330
f 330/372/330 364/407/364 365/408/365
f 330/372/330 365/408/365 331/373/331
f 331/373/331 365/408/365 366/409/366
f 331/373/331 366/409/366 332/374/332
f 332/374/332 366/409/366 367/410/367
f 332/374/332 367/410/367 333/375/333
f 333/375/333 367/410/367 368/411/368
f 333/375/333 368/411/368 334/376/334
f 334/376/334 368/411/368 369/412/369
f 334/376/334 369/412/369 335/377/335
f 335/377/335 369/412/369 370/413/370
f 335/377/335 370/413/370 336/378/336
f 336/378/336 370/413/370 371/414/371
f 336/378/336 371/414/371 337/379/337
f 337/379/337 371/414/371 372/415/372
f 337/379/337 372/415/372 338/380/338
f 338/380/338 372/415/372 373/416/373
f 338/380/338 373/416/373 339/381/339
f 339/381/339 373/416/373 374/417/374
f 339/381/339 374/417/374 340/382/340
f 340/382/340 374/417/374 375/418/375
f 340/382/340 375/418/375 341/383/341
f 341/383/341 375/418/375 342/419/342
f 341/383/341 342/419/342 308/384/308
f 342/385/342 376/420/376 377/421/377
f 342/385/342 377/421/377 343/386/343
f 343/386/343 377/421/377 378/422/378
f 343/386/343 378/422/378 344/387/344
f 344/387/344 378/422/378 379/423/379
f 344/387/344 379/423/379 345/388/345
f 345/388/345 379/423/379 380/424/380
f 345/388/345 380/424/380 346/389/346
f 346/389/346 380/424/380 381/425/381
f 346/389/346 381/425/381 347/390/347
f 347/390/347 381/425/381 382/426/382
f 347/390/347 382/426/382 348/391/348
f 348/391/348 382/426/382 383/427/383
f 348/391/348 383/427/383 349/392/349
f 349/392/349 383/427/383 384/428/384
f 349/392/349 384/428/384 350/393/350
f 350/393/350 384/428/384 385/429/385
f 350/393/350 385/429/385 351/394/351
f 351/394/351 385/429/385 386/430/386
f 351/394/351 386/430/386 352/395/352
f 352/395/352 386/430/386 387/431/387
f 352/395/352 387/431/387 353/396/353
f 353/396/353 387/431/387 388/432/388
f 353/396/353 388/432/388 354/397/354
f 354/397/354 388/432/388 389/433/389
f 354/397/354 389/433/389 355/398/355
f 355/398/355 389/433/389 390/434/390
f 355/398/355 390/434/390 356/399/356
f 356/399/356 390/434/390 391/435/391
f 356/399/356 391/435/391 357/400/357
f 357/400/357 391/435/391 392/436/392
f 357/400/357 392/436/392 358/401/358
f 358/401/358 392/436/392 393/437/393
f 358/401/358 393/437/393 359/402/359
f 359/402/359 393/437/393 394/438/394
f 359/402/359 394/438/394 360/403/360
f 360/403/360 394/438/394 395/439/395
f 360/403/360 395/439/395 361/404/361
f 361/404/361 395/439/395 396/440/396
f 361/404/361 396/440/396 362/405/362
f 362/405/362 396/440/396 397/441/397
f 362/405/362 397/441/397 363/406/363
f 363/406/363 397/441/397 398/442/398
f 363/406/363 398/442/398 364/407/364
f 364/407/364 398/442/398 399/443/399
f 364/407/364 399/443/399 365/408/365
f 365/408/365 399/443/399 400/444/400
f 365/408/365 400/444/400 366/409/366
f 366/409/366 400/444/400 401/445/401
f 366/409/366 401/445/401 367/410/367
f 367/410/367 401/445/401 402/446/402
f 367/410/367 402/446/402 368/411/368
f 368/411/368 402/446/402 403/447/403
f 368/411/368 403/447/403 369/412/369
f 369/412/369 403/447/403 404/448/404
f 369/412/369 404/448/404 370/413/370
f 370/413/370 404/448/404 405/449/405
f 370/413/370 405/449/405 371/414/371
f 371/414/371 405/449/405 406/450/406
f 371/414/371 406/450/406 372/415/372
f 372/415/372 406/450/406 407/451/407
f 372/415/372 407/451/407 373/416/373
f 373/416/373 407/451/407 408/452/408
f 373/416/373 408/452/408 374/417/374
f 374/417/374 408/452/408 409/453/409
f 374/417/374 409/453/409 375/418/375
f 375/418/375 409/453/409 376/454/376
f 375/418/375 376/454/376 342/419/342
f 376/420/376 410/455/410 411/456/411
f 376/420/376 411/456/411 377/421/377
f 377/421/377 411/456/411 412/457/412
f 377/421/377 412/457/412 378/422/378
f 378/422/378 412/457/412 413/458/413
f 378/422/378 413/458/413 379/423/379
f 379/423/379 413/458/413 414/459/414
f 379/423/379 414/459/414 380/424/380
f 380/424/380 414/459/414 415/460/415
f 380/424/380 415/460/415 381/425/381
f 381/425/381 415/460/415 416/461/416
f 381/425/381 416/461/416 382/426/382
f 382/426/382 416/461/416 417/462/417
f 382/426/382 417/462/417 383/427/383
f 383/427/383 417/462/417 418/463/418
f 383/427/383 418/463/418 384/428/384
f 384/428/384 418/463/418 419/464/419
f 384/428/384 419/464/419 385/429/385
f 385/429/385 419/464/419 420/465/420
f 385/429/385 420/465/420 386/430/386
f 386/430/386 420/465/420 421/466/421
f 386/430/386 421/466/421 387/431/387
f 387/431/387 421/466/421 422/467/422
f 387/431/387 422/467/422 388/432/388
f 388/432/388 422/467/422 423/468/423
f 388/432/388 423/468/423 389/433/389
f 389/433/389 423/468/423 424/469/424
f 389/433/389 424/469/424 390/434/390
f 390/434/390 424/469/424 425/470/425
f 390/434/390 425/470/425 391/435/391
f 391/435/391 425/470/425 426/471/426
f 391/435/391 426/471/426 392/436/392
f 392/436/392 426/471/426 427/472/427
f 392/436/392 427/472/427 393/437/393
f 393/437/393 427/472/427 428/473/428
f 393/437/393 428/473/428 394/438/394
f 394/438/394 428/473/428 429/474/429
f 394/438/394 429/474/429 395/439/395
f 395/439/395 429/474/429 430/475/430
f 395/439/395 430/475/430 396/440/396
f 396/440/396 430/475/430 431/476/431
f 396/440/396 431/476/431 397/441/397
f 397/441/397 431/476/431 432/477/432
f 397/441/397 432/477/432 398/442/398
f 398/442/398 432/477/432 433/478/433
f 398/442/398 433/478/433 399/443/399
f 399/443/399 433/478/433 434/479/434
f 399/443/399 434/479/434 400/444/400
f 400/444/400 434/479/434 435/480/435
f 400/444/400 435/480/435 401/445/401
f 401/445/401 435/480/435 436/481/436
f 401/445/401 436/481/436 402/446/402
f 402/446/402 436/481/436 437/482/437
f 402/446/402 437/482/437 403/447/403
f 403/447/403 437/482/437 438/483/438
f 403/447/403 438/483/438 404/448/404
f 404/448/404 438/483/438 439/484/439
f 404/448/404 439/484/439 405/449/405
f 405/449/405 439/484/439 440/485/440
f 405/449/405 440/485/440 406/450/406
f 406/450/406 440/485/440 441/486/441
f 406/450/406 441/486/441 407/451/407
f 407/451/407 441/486/441 442/487/442
f 407/451/407 442/487/442 408/452/408
f 408/452/408 442/487/442 443/488/443
f 408/452/408 443/488/443 409/453/409
f 409/453/409 443/488/443 410/489/410
f 409/453/409 410/489/410 376/454/376
f 410/455/410 444/490/444 445/491/445
f 410/455/410 445/491/445 411/456/411
f 411/456/411 445/491/445 446/492/446
f 411/456/411 446/492/446 412/457/412
f 412/457/412 446/492/446 447/493/447
f 412/457/412 447/493/447 413/458/413
f 413/458/413 447/493/447 448/494/448
f 413/458/413 448/494/448 414/459/414
f 414/459/414 448/494/448 449/495/449
f 414/459/414 449/495/449 415/460/415
f 415/460/415 449/495/449 450/496/450
f 415/460/415 450/496/450 416/461/416
f 416/461/416 450/496/450 451/497/451
f 416/461/416 451/497/451 417/462/417
f 417/462/417 451/497/451 452/498/452
f 417/462/417 452/498/452 418/463/418
f 418/463/418 452/498/452 453/499/453
f 418/463/418 453/499/453 419/464/419
f 419/464/419 453/499/453 454/500/454
f 419/464/419 454/500/454 420/465/420
f 420/465/420 454/500/454 455/501/455
f 420/465/420 455/501/455 421/466/421
f 421/466/421 455/501/455 456/502/456
f 421/466/421 456/502/456 422/467/422
f 422/467/422 456/502/456 457/503/457
f 422/467/422 457/503/457 423/468/423
f 423/468/423 457/503/457 458/504/458
f 423/468/423 458/504/458 424/469/424
f 424/469/424 458/504/458 459/505/459
f 424/469/424 459/505/459 425/470/425
f 425/470/425 459/505/459 460/506/460
f 425/470/425 460/506/460 426/471/426
f 426/471/426 460/506/460 461/507/461
f 426/471/426 461/507/461 427/472/427
f 427/472/427 461/507/461 462/508/462
f 427/472/427 462/508/462 428/473/428
f 428/473/428 462/508/462 463/509/463
f 428/473/428 463/509/463 429/474/429
f 429/474/429 463/509/463 464/510/464
f 429/474/429 464/510/464 430/475/430
f 430/475/430 464/510/464 465/511/465
f 430/475/430 465/511/465 431/476/431
f 431/476/431 465/511/465 466/512/466
f 431/476/431 466/512/466 432/477/432
f 432/477/432 466/512/466 467/513/467
f 432/477/432 467/513/467 433/478/433
f 433/478/433 467/513/467 468/514/468
f 433/478/433 468/514/468 434/479/434
f 434/479/434 468/514/468 469/515/469
f 434/479/434 469/515/469 435/480/435
f 435/480/435 469/515/469 470/516/470
f 435/480/435 470/516/470 436/481/436
f 436/481/436 470/516/470 471/517/471
f 436/481/436 471/517/471 437/482/437
f 437/482/437 471/517/471 472/518/472
f 437/482/437 472/518/472 438/483/438
f 438/483/438 472/518/472 473/519/473
f 438/483/438 473/519/473 439/484/439
f 439/484/439 473/519/473 474/520/474
f 439/484/439 474/520/474 440/485/440
f 440/485/440 474/520/474 475/521/475
f 440/485/440 475/521/475 441/486/441
f 441/486/441 475/521/475 476/522/476
f 441/486/441 476/522/476 442/487/442
f 442/487/442 476/522/476 477/523/477
f 442/487/442 477/523/477 443/488/443
f 443/488/443 477/523/477 444/524/444
f 443/488/443 444/524/444 410/489/410
f 444/490/444 478/525/478 479/526/479
f 444/490/444 479/526/479 445/491/445
f 445/491/445 479/526/479 480/527/480
f 445/491/445 480/527/480 446/492/446
f 446/492/446 480/527/480 481/528/481
f 446/492/446 481/528/481 447/493/447
f 447/493/447 481/528/481 482/529/482
f 447/493/447 482/529/482 448/494/448
f 448/494/448 482/529/482 483/530/483
f 448/494/448 483/530/483 449/495/449
f 449/495/449 483/530/483 484/531/484
f 449/495/449 484/531/484 450/496/450
f 450/496/450 484/531/484 485/532/485
f 450/496/450 485/532/485 451/497/451
f 451/497/451 485/532/485 486/533/486
f 451/497/451 486/533/486 452/498/452
f 452/498/452 486/533/486 487/534/487
f 452/498/452 487/534/487 453/499/453
f 453/499/453 487/534/487 488/535/488
f 453/499/453 488/535/488 454/500/454
f 454/500/454 488/535/488 489/536/489
f 454/500/454 489/536/489 455/501/455
f 455/501/455 489/536/489 490/537/490
f 455/501/455 490/537/490 456/502/456
f 456/502/456 490/537/490 491/538/491
f 456/502/456 491/538/491 457/503/457
f 457/503/457 491/538/491 492/539/492
f 457/503/457 492/539/492 458/504/458
f 458/504/458 492/539/492 493/540/493
f 458/504/458 493/540/493 459/505/459
f 459/505/459 493/540/493 494/541/494
f 459/505/459 494/541/494 460/506/460
f 460/506/460 494/541/494 495/542/495
f 460/506/460 495/542/495 461/507/461
f 461/507/461 495/542/495 496/543/496
f 461/507/461 496/543/496 462/508/462
f 462/508/462 496/543/496 497/544/497
f 462/508/462 497/544/497 463/509/463
f 463/509/463 497/544/497 498/545/498
f 463/509/463 498/545/498 464/510/464
f 464/510/464 498/545/498 499/546/499
f 464/510/464 499/546/499 465/511/465
f 465/511/465 499/546/499 500/547/500
f 465/511/465 500/547/500 466/512/466
f 466/512/466 500/547/500 501/548/501
f 466/512/466 501/548/501 467/513/467
f 467/513/467 501/548/501 502/549/502
f 467/513/467 502/549/502 468/514/468
f 468/514/468 502/549/502 503/550/503
f 468/514/468 503/550/503 469/515/469
f 469/515/469 503/550/503 504/551/504
f 469/515/469 504/551/504 470/516/470
f 470/516/470 504/551/504 505/552/505
f 470/516/470 505/552/505 471/517/471
f 471/517/471 505/552/505 506/553/506
f 471/517/471 506/553/506 472/518/472
f 472/518/472 506/553/506 507/554/507
f 472/518/472 507/554/507 473/519/473
f 473/519/473 507/554/507 508/555/508
f 473/519/473 508/555/508 474/520/474
f 474/520/474 508/555/508 509/556/509
f 474/520/474 509/556/509 475/521/475
f 475/521/475 509/556/509 510/557/510
f 475/521/475 510/557/510 476/522/476
f 476/522/476 510/557/510 511/558/511
f 476/522/476 511/558/511 477/523/477
f 477/523/477 511/558/511 478/559/478
f 477/523/477 478/559/478 444/524/444
f 478/525/478 512/560/512 513/561/513
f 478/525/478 513/561/513 479/526/479
f 479/526/479 513/561/513 514/562/514
f 479/526/479 514/562/514 480/527/480
f 480/527/480 514/562/514 515/563/515
f 480/527/480 515/563/515 481/528/481
f 481/528/481 515/563/515 516/564/516
f 481/528/481 516/564/516 482/529/482
f 482/529/482 516/564/516 517/565/517
f 482/529/482 517/565/517 483/530/483
f 483/530/483 517/565/517 518/566/518
f 483/530/483 518/566/518 484/531/484
f 484/531/484 518/566/518 519/567/519
f 484/531/484 519/567/519 485/532/485
f 485/532/485 519/567/519 520/568/520
f 485/532/485 520/568/520 486/533/486
f 486/533/486 520/568/520 521/569/521
f 486/533/486 521/569/521 487/534/487
f 487/534/487 521/569/521 522/570/522
f 487/534/487 522/570/522 488/535/488
f 488/535/488 522/570/522 523/571/523
f 488/535/488 523/571/523 489/536/489
f 489/536/489 523/571/523 524/572/524
f 489/536/489 524/572/524 490/537/490
f 490/537/490 524/572/524 525/573/525
f 490/537/490 525/573/525 491/538/491
f 491/538/491 525/573/525 526/574/526
f 491/538/491 526/574/526 492/539/492
f 492/539/492 526/574/526 527/575/527
f 492/539/492 527/575/527 493/540/493
f 493/540/493 527/575/527 528/576/528
f 493/540/493 528/576/528 494/541/494
f 494/541/494 528/576/528 529/577/529
f 494/541/494 529/577/529 495/542/495
f 495/542/495 529/577/529 530/578/530
f 495/542/495 530/578/530 496/543/496
f 496/543/496 530/578/530 531/579/531
f 496/543/496 531/579/531 497/544/497
f 497/544/497 531/579/531 532/580/532
f 497/544/497 532/580/532 498/545/498
f 498/545/498 532/580/532 533/581/533
f 498/545/498 533/581/533 499/546/499
f 499/546/499 533/581/533 534/582/534
f 499/546/499 534/582/534 500/547/500
f 500/547/500 534/582/534 535/583/535
f 500/547/500 535/583/535 501/548/501
f 501/548/501 535/583/535 536/584/536
f 501/548/501 536/584/536 502/549/502
f 502/549/502 536/584/536 537/585/537
f 502/549/502 537/585/537 503/550/503
f 503/550/503 537/585/537 538/586/538
f 503/550/503 538/586/538 504/551/504
f 504/551/504 538/586/538 539/587/539
f 504/551/504 539/587/539 505/552/505
f 505/552/505 539/587/539 540/588/540
f 505/552/505 540/588/540 506/553/506
f 506/553/506 540/588/540 541/589/541
f 506/553/506 541/589/541 507/554/507
f 507/554/507 541/589/541 542/590/542
f 507/554/507 542/590/542 508/555/508
f 508/555/508 542/590/542 543/591/543
f 508/555/508 543/591/543 509/556/509
f 509/556/509 543/591/543 544/592/544
f 509/556/509 544/592/544 510/557/510
f 510/557/510 544/592/544 545/593/545
f 510/557/510 545/593/545 511/558/511
f 511/558/511 545/593/545 512/594/512
f 511/558/511 512/594/512 478/559/478
f 546/595/546 513/561/513 512/560/512
f 546/596/546 514/562/514 513/561/513
f 546/597/546 515/563/515 514/562/514
f 546/598/546 516/564/516 515/563/515
f 546/599/546 517/565/517 516/564/516
f 546/600/546 518/566/518 517/565/517
f 546/601/546 519/567/519 518/566/518
f 546/602/546 520/568/520 519/567/519
f 546/603/546 521/569/521 520/568/520
f 546/604/546 522/570/522 521/569/521
f 546/605/546 523/571/523 522/570/522
f 546/606/546 524/572/524 523/571/523
f 546/607/546 525/573/525 524/572/524
f 546/608/546 526/574/526 525/573/525
f 546/609/546 527/575/527 526/574/526
f 546/610/546 528/576/528 527/575/527
f 546/611/546 529/577/529 528/576/528
f 546/612/546 530/578/530 529/577/529
f 546/613/546 531/579/531 530/578/530
f 546/614/546 532/580/532 531/579/531
f 546/615/546 533/581/533 532/580/532
f 546/616/546 534/582/534 533/581/533
f 546/617/546 535/583/535 534/582/534
f 546/618/546 536/584/536 535/583/535
f 546/619/546 537/585/537 536/584/536
f 546/620/546 538/586/538 537/585/537
f 546/621/546 539/587/539 538/586/538
f 546/622/546 540/588/540 539/587/539
f 546/623/546 541/589/541 540/588/540
f 546/624/546 542/590/542 541/589/541
f 546/625/546 543/591/543 542/590/542
f 546/626/546 544/592/544 543/591/543
f 546/627/546 545/593/545 544/592/544
f 546/628/546 512/594/512 545/593/545
usemtl rightSphere
f 547/1/547 548/2/548 549/3/549
f 547/4/547 549/3/549 550/5/550
f 547/6/547 550/5/550 551/7/551
f 547/8/547 551/7/551 552/9/552
f 547/10/547 552/9/552 553/11/553
f 547/12/547 553/11/553 554/13/554
f 547/14/547 554/13/554 555/15/555
f 547/16/547 555/15/555 556/17/556
f 547/18/547 556/17/556 557/19/557
f 547/20/547 557/19/557 558/21/558
f 547/22/547 558/21/558 559/23/559
f 547/24/547 559/23/559 560/25/560
f 547/26/547 560/25/560 561/27/561
f 547/28/547 561/27/561 562/29/562
f 547/30/547 562/29/562 563/31/563
f 547/32/547 563/31/563 564/33/564
f 547/34/547 564/33/564 565/35/565
f 547/36/547 565/35/565 566/37/566
f 547/38/547 566/37/566 567/39/567
f 547/40/547 567/39/567 568/41/568
f 547/42/547 568/41/568 569/43/569
f 547/44/547 569/43/569 570/45/570
f 547/46/547 570/45/570 571/47/571
f 547/48/547 571/47/571 572/49/572
f 547/50/547 572/49/572 573/51/573
f 547/52/547 573/51/573 574/53/574
f 547/54/547 574/53/574 575/55/575
f 547/56/547 575/55/575 576/57/576
f 547/58/547 576/57/576 577/59/577
f 547/60/547 577/59/577 578/61/578
f 547/62/547 578/61/578 579/63/579
f 547/64/547 579/63/579 580/65/580
f 547/66/547 580/65/580 581/67/581
f 547/68/547 581/67/581 548/69/548
f 548/2/548 582/70/582 583/71/583
f 548/2/548 583/71/583 549/3/549
f 549/3/549 583/71/583 584/72/38
f 549/3/549 584/72/38 550/5/550
f 550/5/550 584/72/38 585/73/584
f 550/5/550 585/73/584 551/7/551
f 551/7/551 585/73/584 586/74/585
f 551/7/551 586/74/585 552/9/552
f 552/9/552 586/74/585 587/75/586
f 552/9/552 587/75/586 553/11/553
f 553/11/553 587/75/586 588/76/587
f 553/11/553 588/76/587 554/13/554
f 554/13/554 588/76/587 589/77/588
f 554/13/554 589/77/588 555/15/555
f 555/15/555 589/77/588 590/78/589
f 555/15/555 590/78/589 556/17/556
f 556/17/556 590/78/589 591/79/590
f 556/17/556 591/79/590 557/19/557
f 557/19/557 591/79/590 592/80/591
f 557/19/557 592/80/591 558/21/558
f 558/21/558 592/80/591 593/81/592
f 558/21/558 593/81/592 559/23/559
f 559/23/559 593/81/592 594/82/593
f 559/23/559 594/82/593 560/25/560
f 560/25/560 594/82/593 595/83/594
f 560/25/560 595/83/594 561/27/561
f 561/27/561 595/83/594 596/84/595
f 561/27/561 596/84/595 562/29/562
f 562/29/562 596/84/595 597/85/596
f 562/29/562 597/85/596 563/31/563
f 563/31/563 597/85/596 598/86/597
f 563/31/563 598/86/597 564/33/564
f 564/33/564 598/86/597 599/87/598
f 564/33/564 599/87/598 565/35/565
f 565/35/565 599/87/598 600/88/599
f 565/35/565 600/88/599 566/37/566
f 566/37/566 600/88/599 601/89/600
f 566/37/566 601/89/600 567/39/567
f 567/39/567 601/89/600 602/90/601
f 567/39/567 602/90/601 568/41/568
f 568/41/568 602/90/601 603/91/602
f 568/41/568 603/91/602 569/43/569
f 569/43/569 603/91/602 604/92/603
f 569/43/569 604/92/603 570/45/570
f 570/45/570 604/92/603 605/93/604
f 570/45/570 605/93/604 571/47/571
f 571/47/571 605/93/604 606/94/605
f 571/47/571 606/94/605 572/49/572
f 572/49/572 606/94/605 607/95/606
f 572/49/572 607/95/606 573/51/573
f 573/51/573 607/95/606 608/96/607
f 573/51/573 608/96/607 574/53/574
f 574/53/574 608/96/607 609/97/608
f 574/53/574 609/97/608 575/55/575
f 575/55/575 609/97/608 610/98/609
f 575/55/575 610/98/609 576/57/576
f 576/57/576 610/98/609 611/99/610
f 576/57/576 611/99/610 577/59/577
f 577/59/577 611/99/610 612/100/611
f 577/59/577 612/100/611 578/61/578
f 578/61/578 612/100/611 613/101/612
f 578/61/578 613/101/612 579/63/579
f 579/63/579 613/101/612 614/102/613
f 579/63/579 614/102/613 580/65/580
f 580/65/580 614/102/613 615/103/614
f 580/65/580 615/103/614 581/67/581
f 581/67/581 615/103/614 582/104/582
f 581/67/581 582/104/582 548/69/548
f 582/70/582 616/105/615 617/106/616
f 582/70/582 617/106/616 583/71/583
f 583/71/583 617/106/616 618/107/617
f 583/71/583 618/107/617 584/72/38
f 584/72/38 618/107/617 619/108/618
f 584/72/38 619/108/618 585/73/584
f 585/73/584 619/108/618 620/109/619
f 585/73/584 620/109/619 586/74/585
f 586/74/585 620/109/619 621/110/620
f 586/74/585 621/110/620 587/75/586
f 587/75/586 621/110/620 622/111/621
f 587/75/586 622/111/621 588/76/587
f 588/76/587 622/111/621 623/112/622
f 588/76/587 623/112/622 589/77/588
f 589/77/588 623/112/622 624/113/623
f 589/77/588 624/113/623 590/78/589
f 590/78/589 624/113/623 625/114/624
f 590/78/589 625/114/624 591/79/590
f 591/79/590 625/114/624 626/115/625
f 591/79/590 626/115/625 592/80/591
f 592/80/591 626/115/625 627/116/626
f 592/80/591 627/116/626 593/81/592
f 593/81/592 627/116/626 628/117/627
f 593/81/592 628/117/627 594/82/593
f 594/82/593 628/117/627 629/118/628
f 594/82/593 629/118/628 595/83/594
f 595/83/594 629/118/628 630/119/629
f 595/83/594 630/119/629 596/84/595
f 596/84/595 630/119/629 631/120/630
f 596/84/595 631/120/630 597/85/596
f 597/85/596 631/120/630 632/121/631
f 597/85/596 632/121/631 598/86/597
f 598/86/597 632/121/631 633/122/632
f 598/86/597 633/122/632 599/87/598
f 599/87/598 633/122/632 634/123/633
f 599/87/598 634/123/633 600/88/599
f 600/88/599 634/123/633 635/124/634
f 600/88/599 635/124/634 601/89/600
f 601/89/600 635/124/634 636/125/635
f 601/89/600 636/125/635 602/90/601
f 602/90/601 636/125/635 637/126/636
f 602/90/601 637/126/636 603/91/602
f 603/91/602 637/126/636 638/127/637
f 603/91/602 638/127/637 604/92/603
f 604/92/603 638/127/637 639/128/638
f 604/92/603 639/128/638 605/93/604
f 605/93/604 639/128/638 640/129/639
f 605/93/604 640/129/639 606/94/605
f 606/94/605 640/129/639 641/130/640
f 606/94/605 641/130/640 607/95/606
f 607/95/606 641/130/640 642/131/641
f 607/95/606 642/131/641 608/96/607
f 608/96/607 642/131/641 643/132/642
f 608/96/607 643/132/642 609/97/608
f 609/97/608 643/132/642 644/133/643
f 609/97/608 644/133/643 610/98/609
f 610/98/609 644/133/643 645/134/644
f 610/98/609 645/134/644 611/99/610
f 611/99/610 645/134/644 646/135/645
f 611/99/610 646/135/645 612/100/611
f 612/100/611 646/135/645 647/136/646
f 612/100/611 647/136/646 613/101/612
f 613/101/612 647/136/646 648/137/647
f 613/101/612 648/137/647 614/102/613
f 614/102/613 648/137/647 649/138/648
f 614/102/613 649/138/648 615/103/614
f 615/103/614 649/138/648 616/139/615
f 615/103/614 616/139/615 582/104/582
f 616/105/615 650/140/649 651/141/650
f 616/105/615 651/141/650 617/106/616
f 617/106/616 651/141/650 652/142/651
f 617/106/616 652/142/651 618/107/617
f 618/107/617 652/142/651 653/143/652
f 618/107/617 653/143/652 619/108/618
f 619/108/618 653/143/652 654/144/653
f 619/108/618 654/144/653 620/109/619
f 620/109/619 654/144/653 655/145/654
f 620/109/619 655/145/654 621/110/620
f 621/110/620 655/145/654 656/146/655
f 621/110/620 656/146/655 622/111/621
f 622/111/621 656/146/655 657/147/656
f 622/111/621 657/147/656 623/112/622
f 623/112/622 657/147/656 658/148/657
f 623/112/622 658/148/657 624/113/623
f 624/113/623 658/148/657 659/149/658
f 624/113/623 659/149/658 625/114/624
f 625/114/624 659/149/658 660/150/659
f 625/114/624 660/150/659 626/115/625
f 626/115/625 660/150/659 661/151/660
f 626/115/625 661/151/660 627/116/626
f 627/116/626 661/151/660 662/152/661
f 627/116/626 662/152/661 628/117/627
f 628/117/627 662/152/661 663/153/662
f 628/117/627 663/153/662 629/118/628
f 629/118/628 663/153/662 664/154/663
f 629/118/628 664/154/663 630/119/629
f 630/119/629 664/154/663 665/155/664
f 630/119/629 665/155/664 631/120/630
f 631/120/630 665/155/664 666/156/665
f 631/120/630 666/156/665 632/121/631
f 632/121/631 666/156/665 667/157/666
f 632/121/631 667/157/666 633/122/632
f 633/122/632 667/157/666 668/158/667
f 633/122/632 668/158/667 634/123/633
f 634/123/633 668/158/667 669/159/668
f 634/123/633 669/159/668 635/124/634
f 635/124/634 669/159/668 670/160/669
f 635/124/634 670/160/669 636/125/635
f 636/125/635 670/160/669 671/161/670
f 636/125/635 671/161/670 637/126/636
f 637/126/636 671/161/670 672/162/671
f 637/126/636 672/162/671 638/127/637
f 638/127/637 672/162/671 673/163/672
f 638/127/637 673/163/672 639/128/638
f 639/128/638 673/163/672 674/164/673
f 639/128/638 674/164/673 640/129/639
f 640/129/639 674/164/673 675/165/674
f 640/129/639 675/165/674 641/130/640
f 641/130/640 675/165/674 676/166/675
f 641/130/640 676/166/675 642/131/641
f 642/131/641 676/166/675 677/167/676
f 642/131/641 677/167/676 643/132/642
f 643/132/642 677/167/676 678/168/677
f 643/132/642 678/168/677 644/133/643
f 644/133/643 678/168/677 679/169/678
f 644/133/643 679/169/678 645/134/644
f 645/134/644 679/169/678 680/170/679
f 645/134/644 680/170/679 646/135/645
f 646/135/645 680/170/679 681/171/680
f 646/135/645 681/171/680 647/136/646
f 647/136/646 681/171/680 682/172/681
f 647/136/646 682/172/681 648/137/647
f 648/137/647 682/172/681 683/173/682
f 648/137/647 683/173/682 649/138/648
f 649/138/648 683/173/682 650/174/649
f 649/138/648 650/174/649 616/139/615
f 650/140/649 684/175/683 685/176/684
f 650/140/649 685/176/684 651/141/650
f 651/141/650 685/176/684 686/177/685
f 651/141/650 686/177/685 652/142/651
f 652/142/651 686/177/685 687/178/686
f 652/142/651 687/178/686 653/143/652
f 653/143/652 687/178/686 688/179/687
f 653/143/652 688/179/687 654/144/653
f 654/144/653 688/179/687 689/180/688
f 654/144/653 689/180/688 655/145/654
f 655/145/654 689/180/688 690/181/689
f 655/145/654 690/181/689 656/146/655
f 656/146/655 690/181/689 691/182/690
f 656/146/655 691/182/690 657/147/656
f 657/147/656 691/182/690 692/183/691
f 657/147/656 692/183/691 658/148/657
f 658/148/657 692/183/691 693/184/692
f 658/148/657 693/184/692 659/149/658
f 659/149/658 693/184/692 694/185/693
f 659/149/658 694/185/693 660/150/659
f 660/150/659 694/185/693 695/186/694
f 660/150/659 695/186/694 661/151/660
f 661/151/660 695/186/694 696/187/695
f 661/151/660 696/187/695 662/152/661
f 662/152/661 696/187/695 697/188/696
f 662/152/661 697/188/696 663/153/662
f 663/153/662 697/188/696 698/189/697
f 663/153/662 698/189/697 664/154/663
f 664/154/663 698/189/697 699/190/698
f 664/154/663 699/190/698 665/155/664
f 665/155/664 699/190/698 700/191/699
f 665/155/664 700/191/699 666/156/665
f 666/156/665 700/191/699 701/192/700
f 666/156/665 701/192/700 667/157/666
f 667/157/666 701/192/700 702/193/701
f 667/157/666 702/193/701 668/158/667
f 668/158/667 702/193/701 703/194/702
f 668/158/667 703/194/702 669/159/668
f 669/159/668 703/194/702 704/195/703
f 669/159/668 704/195/703 670/160/669
f 670/160/669 704/195/703 705/196/704
f 670/160/669 705/196/704 671/161/670
f 671/161/670 705/196/704 706/197/705
f 671/161/670 706/197/705 672/162/671
f 672/162/671 706/197/705 707/198/706
f 672/162/671 707/198/706 673/163/672
f 673/163/672 707/198/706 708/199/707
f 673/163/672 708/199/707 674/164/673
f 674/164/673 708/199/707 709/200/708
f 674/164/673 709/200/708 675/165/674
f 675/165/674 709/200/708 710/201/709
f 675/165/674 710/201/709 676/166/675
f 676/166/675 710/201/709 711/202/710
f 676/166/675 711/202/710 677/167/676
f 677/167/676 711/202/710 712/203/711
f 677/167/676 712/203/711 678/168/677
f 678/168/677 712/203/711 713/204/712
f 678/168/677 713/204/712 679/169/678
f 679/169/678 713/204/712 714/205/713
f 679/169/678 714/205/713 680/170/679
f 680/170/679 714/205/713 715/206/714
f 680/170/679 715/206/714 681/171/680
f 681/171/680 715/206/714 716/207/715
f 681/171/680 716/207/715 682/172/681
f 682/172/681 716/207/715 717/208/716
f 682/172/681 717/208/716 683/173/682
f 683/173/682 717/208/716 684/209/683
f 683/173/682 684/209/683 650/174/649
f 684/175/683 718/210/717 719/211/718
f 684/175/683 719/211/718 685/176/684
f 685/176/684 719/211/718 720/212/719
f 685/176/684 720/212/719 686/177/685
f 686/177/685 720/212/719 721/213/720
f 686/177/685 721/213/720 687/178/686
f 687/178/686 721/213/720 722/214/721
f 687/178/686 722/214/721 688/179/687
f 688/179/687 722/214/721 723/215/177
f 688/179/687 723/215/177 689/180/688
f 689/180/688 723/215/177 724/216/722
f 689/180/688 724/216/722 690/181/689
f 690/181/689 724/216/722 725/217/723
f 690/181/689 725/217/723 691/182/690
f 691/182/690 725/217/723 726/218/724
f 691/182/690 726/218/724 692/183/691
f 692/183/691 726/218/724 727/219/725
f 692/183/691 727/219/725 693/184/692
f 693/184/692 727/219/725 728/220/726
f 693/184/692 728/220/726 694/185/693
f 694/185/693 728/220/726 729/221/727
f 694/185/693 729/221/727 695/186/694
f 695/186/694 729/221/727 730/222/728
f 695/186/694 730/222/728 696/187/695
f 696/187/695 730/222/728 731/223/729
f 696/187/695 731/223/729 697/188/696
f 697/188/696 731/223/729 732/224/730
f 697/188/696 732/224/730 698/189/697
f 698/189/697 732/224/730 733/225/731
f 698/189/697 733/225/731 699/190/698
f 699/190/698 733/225/731 734/226/732
f 699/190/698 734/226/732 700/191/699
f 700/191/699 734/226/732 735/227/733
f 700/191/699 735/227/733 701/192/700
f 701/192/700 735/227/733 736/228/734
f 701/192/700 736/228/734 702/193/701
f 702/193/701 736/228/734 737/229/735
f 702/193/701 737/229/735 703/194/702
f 703/194/702 737/229/735 738/230/736
f 703/194/702 738/230/736 704/195/703
f 704/195/703 738/230/736 739/231/737
f 704/195/703 739/231/737 705/196/704
f 705/196/704 739/231/737 740/232/738
f 705/196/704 740/232/738 706/197/705
f 706/197/705 740/232/738 741/233/739
f 706/197/705 741/233/739 707/198/706
f 707/198/706 741/233/739 742/234/196
f 707/198/706 742/234/196 708/199/707
f 708/199/707 742/234/196 743/235/740
f 708/199/707 743/235/740 709/200/708
f 709/200/708 743/235/740 744/236/741
f 709/200/708 744/236/741 710/201/709
f 710/201/709 744/236/741 745/237/742
f 710/201/709 745/237/742 711/202/710
f 711/202/710 745/237/742 746/238/743
f 711/202/710 746/238/743 712/203/711
f 712/203/711 746/238/743 747/239/744
f 712/203/711 747/239/744 713/204/712
f 713/204/712 747/239/744 748/240/745
f 713/204/712 748/240/745 714/205/713
f 714/205/713 748/240/745 749/241/746
f 714/205/713 749/241/746 715/206/714
f 715/206/714 749/241/746 750/242/747
f 715/206/714 750/242/747 716/207/715
f 716/207/715 750/242/747 751/243/748
f 716/207/715 751/243/748 717/208/716
f 717/208/716 751/243/748 718/244/717
f 717/208/716 718/244/717 684/209/683
f 718/210/717 752/245/749 753/246/750
f 718/210/717 753/246/750 719/211/718
f 719/211/718 753/246/750 754/247/751
f 719/211/718 754/247/751 720/212/719
f 720/212/719 754/247/751 755/248/752
f 720/212/719 755/248/752 721/213/720
f 721/213/720 755/248/752 756/249/753
f 721/213/720 756/249/753 722/214/721
f 722/214/721 756/249/753 757/250/754
f 722/214/721 757/250/754 723/215/177
f 723/215/177 757/250/754 758/251/755
f 723/215/177 758/251/755 724/216/722
f 724/216/722 758/251/755 759/252/756
f 724/216/722 759/252/756 725/217/723
f 725/217/723 759/252/756 760/253/757
f 725/217/723 760/253/757 726/218/724
f 726/218/724 760/253/757 761/254/758
f 726/218/724 761/254/758 727/219/725
f 727/219/725 761/254/758 762/255/759
f 727/219/725 762/255/759 728/220/726
f 728/220/726 762/255/759 763/256/760
f 728/220/726 763/256/760 729/221/727
f 729/221/727 763/256/760 764/257/761
f 729/221/727 764/257/761 730/222/728
f 730/222/728 764/257/761 765/258/762
f 730/222/728 765/258/762 731/223/729
f 731/223/729 765/258/762 766/259/763
f 731/223/729 766/259/763 732/224/730
f 732/224/730 766/259/763 767/260/764
f 732/224/730 767/260/764 733/225/731
f 733/225/731 767/260/764 768/261/765
f 733/225/731 768/261/765 734/226/732
f 734/226/732 768/261/765 769/262/766
f 734/226/732 769/262/766 735/227/733
f 735/227/733 769/262/766 770/263/767
f 735/227/733 770/263/767 736/228/734
f 736/228/734 770/263/767 771/264/768
f 736/228/734 771/264/768 737/229/735
f 737/229/735 771/264/768 772/265/769
f 737/229/735 772/265/769 738/230/736
f 738/230/736 772/265/769 773/266/770
f 738/230/736 773/266/770 739/231/737
f 739/231/737 773/266/770 774/267/771
f 739/231/737 774/267/771 740/232/738
f 740/232/738 774/267/771 775/268/772
f 740/232/738 775/268/772 741/233/739
f 741/233/739 775/268/772 776/269/773
f 741/233/739 776/269/773 742/234/196
f 742/234/196 776/269/773 777/270/774
f 742/234/196 777/270/774 743/235/740
f 743/235/740 777/270/774 778/271/775
f 743/235/740 778/271/775 744/236/741
f 744/236/741 778/271/775 779/272/776
f 744/236/741 779/272/776 745/237/742
f 745/237/742 779/272/776 780/273/777
f 745/237/742 780/273/777 746/238/743
f 746/238/743 780/273/777 781/274/778
f 746/238/743 781/274/778 747/239/744
f 747/239/744 781/274/778 782/275/779
f 747/239/744 782/275/779 748/240/745
f 748/240/745 782/275/779 783/276/780
f 748/240/745 783/276/780 749/241/746
f 749/241/746 783/276/780 784/277/781
f 749/241/746 784/277/781 750/242/747
f 750/242/747 784/277/781 785/278/782
f 750/242/747 785/278/782 751/243/748
f 751/243/748 785/278/782 752/279/749
f 751/243/748 752/279/749 718/244/717
f 752/245/749 786/280/783 787/281/784
f 752/245/749 787/281/784 753/246/750
f 753/246/750 787/281/784 788/282/785
f 753/246/750 788/282/785 754/247/751
f 754/247/751 788/282/785 789/283/786
f 754/247/751 789/283/786 755/248/752
f 755/248/752 789/283/786 790/284/787
f 755/248/752 790/284/787 756/249/753
f 756/249/753 790/284/787 791/285/788
f 756/249/753 791/285/788 757/250/754
f 757/250/754 791/285/788 792/286/789
f 757/250/754 792/286/789 758/251/755
f 758/251/755 792/286/789 793/287/790
f 758/251/755 793/287/790 759/252/756
f 759/252/756 793/287/790 794/288/791
f 759/252/756 794/288/791 760/253/757
f 760/253/757 794/288/791 795/289/792
f 760/253/757 795/289/792 761/254/758
f 761/254/758 795/289/792 796/290/793
f 761/254/758 796/290/793 762/255/759
f 762/255/759 796/290/793 797/291/794
f 762/255/759 797/291/794 763/256/760
f 763/256/760 797/291/794 798/292/795
f 763/256/760 798/292/795 764/257/761
f 764/257/761 798/292/795 799/293/796
f 764/257/761 799/293/796 765/258/762
f 765/258/762 799/293/796 800/294/797
f 765/258/762 800/294/797 766/259/763
f 766/259/763 800/294/797 801/295/798
f 766/259/763 801/295/798 767/260/764
f 767/260/764 801/295/798 802/296/799
f 767/260/764 802/296/799 768/261/765
f 768/261/765 802/296/799 803/297/800
f 768/261/765 803/297/800 769/262/766
f 769/262/766 803/297/800 804/298/801
f 769/262/766 804/298/801 770/263/767
f 770/263/767 804/298/801 805/299/802
f 770/263/767 805/299/802 771/264/768
f 771/264/768 805/299/802 806/300/803
f 771/264/768 806/300/803 772/265/769
f 772/265/769 806/300/803 807/301/804
f 772/265/769 807/301/804 773/266/770
f 773/266/770 807/301/804 808/302/805
f 773/266/770 808/302/805 774/267/771
f 774/267/771 808/302/805 809/303/806
f 774/267/771 809/303/806 775/268/772
f 775/268/772 809/303/806 810/304/807
f 775/268/772 810/304/807 776/269/773
f 776/269/773 810/304/807 811/305/808
f 776/269/773 811/305/808 777/270/774
f 777/270/774 811/305/808 812/306/266
f 777/270/774 812/306/266 778/271/775
f 778/271/775 812/306/266 813/307/809
f 778/271/775 813/307/809 779/272/776
f 779/272/776 813/307/809 814/308/810
f 779/272/776 814/308/810 780/273/777
f 780/273/777 814/308/810 815/309/811
f 780/273/777 815/309/811 781/274/778
f 781/274/778 815/309/811 816/310/812
f 781/274/778 816/310/812 782/275/779
f 782/275/779 816/310/812 817/311/813
f 782/275/779 817/311/813 783/276/780
f 783/276/780 817/311/813 818/312/814
f 783/276/780 818/312/814 784/277/781
f 784/277/781 818/312/814 819/313/815
f 784/277/781 819/313/815 785/278/782
f 785/278/782 819/313/815 786/314/783
f 785/278/782 786/314/783 752/279/749
f 786/280/783 820/315/816 821/316/817
f 786/280/783 821/316/817 787/281/784
f 787/281/784 821/316/817 822/317/818
f 787/281/784 822/317/818 788/282/785
f 788/282/785 822/317/818 823/318/819
f 788/282/785 823/318/819 789/283/786
f 789/283/786 823/318/819 824/319/278
f 789/283/786 824/319/278 790/284/787
f 790/284/787 824/319/278 825/320/820
f 790/284/787 825/320/820 791/285/788
f 791/285/788 825/320/820 826/321/821
f 791/285/788 826/321/821 792/286/789
f 792/286/789 826/321/821 827/322/822
f 792/286/789 827/322/822 793/287/790
f 793/287/790 827/322/822 828/323/823
f 793/287/790 828/323/823 794/288/791
f 794/288/791 828/323/823 829/324/824
f 794/288/791 829/324/824 795/289/792
f 795/289/792 829/324/824 830/325/825
f 795/289/792 830/325/825 796/290/793
f 796/290/793 830/325/825 831/326/826
f 796/290/793 831/326/826 797/291/794
f 797/291/794 831/326/826 832/327/827
f 797/291/794 832/327/827 798/292/795
f 798/292/795 832/327/827 833/328/828
f 798/292/795 833/328/828 799/293/796
f 799/293/796 833/328/828 834/329/829
f 799/293/796 834/329/829 800/294/797
f 800/294/797 834/329/829 835/330/830
f 800/294/797 835/330/830 801/295/798
f 801/295/798 835/330/830 836/331/831
f 801/295/798 836/331/831 802/296/799
f 802/296/799 836/331/831 837/332/832
f 802/296/799 837/332/832 803/297/800
f 803/297/800 837/332/832 838/333/833
f 803/297/800 838/333/833 804/298/801
f 804/298/801 838/333/833 839/334/834
f 804/298/801 839/334/834 805/299/802
f 805/299/802 839/334/834 840/335/835
f 805/299/802 840/335/835 806/300/803
f 806/300/803 840/335/835 841/336/836
f 806/300/803 841/336/836 807/301/804
f 807/301/804 841/336/836 842/337/837
f 807/301/804 842/337/837 808/302/805
f 808/302/805 842/337/837 843/338/838
f 808/302/805 843/338/838 809/303/806
f 809/303/806 843/338/838 844/339/839
f 809/303/806 844/339/839 810/304/807
f 810/304/807 844/339/839 845/340/840
f 810/304/807 845/340/840 811/305/808
f 811/305/808 845/340/840 846/341/841
f 811/305/808 846/341/841 812/306/266
f 812/306/266 846/341/841 847/342/842
f 812/306/266 847/342/842 813/307/809
f 813/307/809 847/342/842 848/343/843
f 813/307/809 848/343/843 814/308/810
f 814/308/810 848/343/843 849/344/844
f 814/308/810 849/344/844 815/309/811
f 815/309/811 849/344/844 850/345/845
f 815/309/811 850/345/845 816/310/812
f 816/310/812 850/345/845 851/346/846
f 816/310/812 851/346/846 817/311/813
f 817/311/813 851/346/846 852/347/847
f 817/311/813 852/347/847 818/312/814
f 818/312/814 852/347/847 853/348/848
f 818/312/814 853/348/848 819/313/815
f 819/313/815 853/348/848 820/349/816
f 819/313/815 820/349/816 786/314/783
f 820/315/816 854/350/849 855/351/850
f 820/315/816 855/351/850 821/316/817
f 821/316/817 855/351/850 856/352/851
f 821/316/817 856/352/851 822/317/818
f 822/317/818 856/352/851 857/353/852
f 822/317/818 857/353/852 823/318/819
f 823/318/819 857/353/852 858/354/853
f 823/318/819 858/354/853 824/319/278
f 824/319/278 858/354/853 859/355/854
f 824/319/278 859/355/854 825/320/820
f 825/320/820 859/355/854 860/356/855
f 825/320/820 860/356/855 826/321/821
f 826/321/821 860/356/855 861/357/856
f 826/321/821 861/357/856 827/322/822
f 827/322/822 861/357/856 862/358/857
f 827/322/822 862/358/857 828/323/823
f 828/323/823 862/358/857 863/359/858
f 828/323/823 863/359/858 829/324/824
f 829/324/824 863/359/858 864/360/859
f 829/324/824 864/360/859 830/325/825
f 830/325/825 864/360/859 865/361/860
f 830/325/825 865/361/860 831/326/826
f 831/326/826 865/361/860 866/362/861
f 831/326/826 866/362/861 832/327/827
f 832/327/827 866/362/861 867/363/862
f 832/327/827 867/363/862 833/328/828
f 833/328/828 867/363/862 868/364/863
f 833/328/828 868/364/863 834/329/829
f 834/329/829 868/364/863 869/365/864
f 834/329/829 869/365/864 835/330/830
f 835/330/830 869/365/864 870/366/865
f 835/330/830 870/366/865 836/331/831
f 836/331/831 870/366/865 871/367/866
f 836/331/831 871/367/866 837/332/832
f 837/332/832 871/367/866 872/368/867
f 837/332/832 872/368/867 838/333/833
f 838/333/833 872/368/867 873/369/868
f 838/333/833 873/369/868 839/334/834
f 839/334/834 873/369/868 874/370/869
f 839/334/834 874/370/869 840/335/835
f 840/335/835 874/370/869 875/371/870
f 840/335/835 875/371/870 841/336/836
f 841/336/836 875/371/870 876/372/871
f 841/336/836 876/372/871 842/337/837
f 842/337/837 876/372/871 877/373/872
f 842/337/837 877/373/872 843/338/838
f 843/338/838 877/373/872 878/374/873
f 843/338/838 878/374/873 844/339/839
f 844/339/839 878/374/873 879/375/874
f 844/339/839 879/375/874 845/340/840
f 845/340/840 879/375/874 880/376/875
f 845/340/840 880/376/875 846/341/841
f 846/341/841 880/376/875 881/377/876
f 846/341/841 881/377/876 847/342/842
f 847/342/842 881/377/876 882/378/877
f 847/342/842 882/378/877 848/343/843
f 848/343/843 882/378/877 883/379/878
f 848/343/843 883/379/878 849/344/844
f 849/344/844 883/379/878 884/380/879
f 849/344/844 884/380/879 850/345/845
f 850/345/845 884/380/879 885/381/880
f 850/345/845 885/381/880 851/346/846
f 851/346/846 885/381/880 886/382/881
f 851/346/846 886/382/881 852/347/847
f 852/347/847 886/382/881 887/383/882
f 852/347/847 887/383/882 853/348/848
f 853/348/848 887/383/882 854/384/849
f 853/348/848 854/384/849 820/349/816
f 854/350/849 888/385/883 889/386/884
f 854/350/849 889/386/884 855/351/850
f 855/351/850 889/386/884 890/387/885
f 855/351/850 890/387/885 856/352/851
f 856/352/851 890/387/885 891/388/886
f 856/352/851 891/388/886 857/353/852
f 857/353/852 891/388/886 892/389/887
f 857/353/852 892/389/887 858/354/853
f 858/354/853 892/389/887 893/390/888
f 858/354/853 893/390/888 859/355/854
f 859/355/854 893/390/888 894/391/889
f 859/355/854 894/391/889 860/356/855
f 860/356/855 894/391/889 895/392/890
f 860/356/855 895/392/890 861/357/856
f 861/357/856 895/392/890 896/393/891
f 861/357/856 896/393/891 862/358/857
f 862/358/857 896/393/891 897/394/892
f 862/358/857 897/394/892 863/359/858
f 863/359/858 897/394/892 898/395/893
f 863/359/858 898/395/893 864/360/859
f 864/360/859 898/395/893 899/396/894
f 864/360/859 899/396/894 865/361/860
f 865/361/860 899/396/894 900/397/895
f 865/361/860 900/397/895 866/362/861
f 866/362/861 900/397/895 901/398/896
f 866/362/861 901/398/896 867/363/862
f 867/363/862 901/398/896 902/399/897
f 867/363/862 902/399/897 868/364/863
f 868/364/863 902/399/897 903/400/898
f 868/364/863 903/400/898 869/365/864
f 869/365/864 903/400/898 904/401/899
f 869/365/864 904/401/899 870/366/865
f 870/366/865 904/401/899 905/402/900
f 870/366/865 905/402/900 871/367/866
f 871/367/866 905/402/900 906/403/901
f 871/367/866 906/403/901 872/368/867
f 872/368/867 906/403/901 907/404/902
f 872/368/867 907/404/902 873/369/868
f 873/369/868 907/404/902 908/405/903
f 873/369/868 908/405/903 874/370/869
f 874/370/869 908/405/903 909/406/904
f 874/370/869 909/406/904 875/371/870
f 875/371/870 909/406/904 910/407/905
f 875/371/870 910/407/905 876/372/871
f 876/372/871 910/407/905 911/408/906
f 876/372/871 911/408/906 877/373/872
f 877/373/872 911/408/906 912/409/907
f 877/373/872 912/409/907 878/374/873
f 878/374/873 912/409/907 913/410/908
f 878/374/873 913/410/908 879/375/874
f 879/375/874 913/410/908 914/411/909
f 879/375/874 914/411/909 880/376/875
f 880/376/875 914/411/909 915/412/910
f 880/376/875 915/412/910 881/377/876
f 881/377/876 915/412/910 916/413/911
f 881/377/876 916/413/911 882/378/877
f 882/378/877 916/413/911 917/414/912
f 882/378/877 917/414/912 883/379/878
f 883/379/878 917/414/912 918/415/913
f 883/379/878 918/415/913 884/380/879
f 884/380/879 918/415/913 919/416/914
f 884/380/879 919/416/914 885/381/880
f 885/381/880 919/416/914 920/417/915
f 885/381/880 920/417/915 886/382/881
f 886/382/881 920/417/915 921/418/916
f 886/382/881 921/418/916 887/383/882
f 887/383/882 921/418/916 888/419/883
f 887/383/882 888/419/883 854/384/849
f 888/385/883 922/420/917 923/421/918
f 888/385/883 923/421/918 889/386/884
f 889/386/884 923/421/918 924/422/919
f 889/386/884 924/422/919 890/387/885
f 890/387/885 924/422/919 925/423/920
f 890/387/885 925/423/920 891/388/886
f 891/388/886 925/423/920 926/424/921
f 891/388/886 926/424/921 892/389/887
f 892/389/887 926/424/921 927/425/922
f 892/389/887 927/425/922 893/390/888
f 893/390/888 927/425/922 928/426/923
f 893/390/888 928/426/923 894/391/889
f 894/391/889 928/426/923 929/427/924
f 894/391/889 929/427/924 895/392/890
f 895/392/890 929/427/924 930/428/925
f 895/392/890 930/428/925 896/393/891
f 896/393/891 930/428/925 931/429/926
f 896/393/891 931/429/926 897/394/892
f 897/394/892 931/429/926 932/430/927
f 897/394/892 932/430/927 898/395/893
f 898/395/893 932/430/927 933/431/928
f 898/395/893 933/431/928 899/396/894
f 899/396/894 933/431/928 934/432/929
f 899/396/894 934/432/929 900/397/895
f 900/397/895 934/432/929 935/433/930
f 900/397/895 935/433/930 901/398/896
f 901/398/896 935/433/930 936/434/931
f 901/398/896 936/434/931 902/399/897
f 902/399/897 936/434/931 937/435/932
f 902/399/897 937/435/932 903/400/898
f 903/400/898 937/435/932 938/436/933
f 903/400/898 938/436/933 904/401/899
f 904/401/899 938/436/933 939/437/934
f 904/401/899 939/437/934 905/402/900
f 905/402/900 939/437/934 940/438/935
f 905/402/900 940/438/935 906/403/901
f 906/403/901 940/438/935 941/439/936
f 906/403/901 941/439/936 907/404/902
f 907/404/902 941/439/936 942/440/937
f 907/404/902 942/440/937 908/405/903
f 908/405/903 942/440/937 943/441/938
f 908/405/903 943/441/938 909/406/904
f 909/406/904 943/441/938 944/442/939
f 909/406/904 944/442/939 910/407/905
f 910/407/905 944/442/939 945/443/940
f 910/407/905 945/443/940 911/408/906
f 911/408/906 945/443/940 946/444/941
f 911/408/906 946/444/941 912/409/907
f 912/409/907 946/444/941 947/445/942
f 912/409/907 947/445/942 913/410/908
f 913/410/908 947/445/942 948/446/943
f 913/410/908 948/446/943 914/411/909
f 914/411/909 948/446/943 949/447/944
f 914/411/909 949/447/944 915/412/910
f 915/412/910 949/447/944 950/448/404
f 915/412/910 950/448/404 916/413/911
f 916/413/911 950/448/404 951/449/945
f 916/413/911 951/449/945 917/414/912
f 917/414/912 951/449/945 952/450/946
f 917/414/912 952/450/946 918/415/913
f 918/415/913 952/450/946 953/451/947
f 918/415/913 953/451/947 919/416/914
f 919/416/914 953/451/947 954/452/948
f 919/416/914 954/452/948 920/417/915
f 920/417/915 954/452/948 955/453/949
f 920/417/915 955/453/949 921/418/916
f 921/418/916 955/453/949 922/454/917
f 921/418/916 922/454/917 888/419/883
f 922/420/917 956/455/950 957/456/951
f 922/420/917 957/456/951 923/421/918
f 923/421/918 957/456/951 958/457/952
f 923/421/918 958/457/952 924/422/919
f 924/422/919 958/457/952 959/458/953
f 924/422/919 959/458/953 925/423/920
f 925/423/920 959/458/953 960/459/954
f 925/423/920 960/459/954 926/424/921
f 926/424/921 960/459/954 961/460/955
f 926/424/921 961/460/955 927/425/922
f 927/425/922 961/460/955 962/461/956
f 927/425/922 962/461/956 928/426/923
f 928/426/923 962/461/956 963/462/957
f 928/426/923 963/462/957 929/427/924
f 929/427/924 963/462/957 964/463/958
f 929/427/924 964/463/958 930/428/925
f 930/428/925 964/463/958 965/464/959
f 930/428/925 965/464/959 931/429/926
f 931/429/926 965/464/959 966/465/960
f 931/429/926 966/465/960 932/430/927
f 932/430/927 966/465/960 967/466/961
f 932/430/927 967/466/961 933/431/928
f 933/431/928 967/466/961 968/467/962
f 933/431/928 968/467/962 934/432/929
f 934/432/929 968/467/962 969/468/963
f 934/432/929 969/468/963 935/433/930
f 935/433/930 969/468/963 970/469/964
f 935/433/930 970/469/964 936/434/931
f 936/434/931 970/469/964 971/470/965
f 936/434/931 971/470/965 937/435/932
f 937/435/932 971/470/965 972/471/966
f 937/435/932 972/471/966 938/436/933
f 938/436/933 972/471/966 973/472/967
f 938/436/933 973/472/967 939/437/934
f 939/437/934 973/472/967 974/473/968
f 939/437/934 974/473/968 940/438/935
f 940/438/935 974/473/968 975/474/969
f 940/438/935 975/474/969 941/439/936
f 941/439/936 975/474/969 976/475/970
f 941/439/936 976/475/970 942/440/937
f 942/440/937 976/475/970 977/476/971
f 942/440/937 977/476/971 943/441/938
f 943/441/938 977/476/971 978/477/972
f 943/441/938 978/477/972 944/442/939
f 944/442/939 978/477/972 979/478/973
f 944/442/939 979/478/973 945/443/940
f 945/443/940 979/478/973 980/479/974
f 945/443/940 980/479/974 946/444/941
f 946/444/941 980/479/974 981/480/975
f 946/444/941 981/480/975 947/445/942
f 947/445/942 981/480/975 982/481/976
f 947/445/942 982/481/976 948/446/943
f 948/446/943 982/481/976 983/482/977
f 948/446/943 983/482/977 949/447/944
f 949/447/944 983/482/977 984/483/978
f 949/447/944 984/483/978 950/448/404
f 950/448/404 984/483/978 985/484/979
f 950/448/404 985/484/979 951/449/945
f 951/449/945 985/484/979 986/485/980
f 951/449/945 986/485/980 952/450/946
f 952/450/946 986/485/980 987/486/981
f 952/450/946 987/486/981 953/451/947
f 953/451/947 987/486/981 988/487/982
f 953/451/947 988/487/982 954/452/948
f 954/452/948 988/487/982 989/488/983
f 954/452/948 989/488/983 955/453/949
f 955/453/949 989/488/983 956/489/950
f 955/453/949 956/489/950 922/454/917
f 956/455/950 990/490/984 991/491/985
f 956/455/950 991/491/985 957/456/951
f 957/456/951 991/491/985 992/492/986
f 957/456/951 992/492/986 958/457/952
f 958/457/952 992/492/986 993/493/987
f 958/457/952 993/493/987 959/458/953
f 959/458/953 993/493/987 994/494/988
f 959/458/953 994/494/988 960/459/954
f 960/459/954 994/494/988 995/495/989
f 960/459/954 995/495/989 961/460/955
f 961/460/955 995/495/989 996/496/990
f 961/460/955 996/496/990 962/461/956
f 962/461/956 996/496/990 997/497/991
f 962/461/956 997/497/991 963/462/957
f 963/462/957 997/497/991 998/498/992
f 963/462/957 998/498/992 964/463/958
f 964/463/958 998/498/992 999/499/993
f 964/463/958 999/499/993 965/464/959
f 965/464/959 999/499/993 1000/500/994
f 965/464/959 1000/500/994 966/465/960
f 966/465/960 1000/500/994 1001/501/995
f 966/465/960 1001/501/995 967/466/961
f 967/466/961 1001/501/995 1002/502/996
f 967/466/961 1002/502/996 968/467/962
f 968/467/962 1002/502/996 1003/503/997
f 968/467/962 1003/503/997 969/468/963
f 969/468/963 1003/503/997 1004/504/998
f 969/468/963 1004/504/998 970/469/964
f 970/469/964 1004/504/998 1005/505/999
f 970/469/964 1005/505/999 971/470/965
f 971/470/965 1005/505/999 1006/506/1000
f 971/470/965 1006/506/1000 972/471/966
f 972/471/966 1006/506/1000 1007/507/1001
f 972/471/966 1007/507/1001 973/472/967
f 973/472/967 1007/507/1001 1008/508/1002
f 973/472/967 1008/508/1002 974/473/968
f 974/473/968 1008/508/1002 1009/509/1003
f 974/473/968 1009/509/1003 975/474/969
f 975/474/969 1009/509/1003 1010/510/1004
f 975/474/969 1010/510/1004 976/475/970
f 976/475/970 1010/510/1004 1011/511/1005
f 976/475/970 1011/511/1005 977/476/971
f 977/476/971 1011/511/1005 1012/512/1006
f 977/476/971 1012/512/1006 978/477/972
f 978/477/972 1012/512/1006 1013/513/1007
f 978/477/972 1013/513/1007 979/478/973
f 979/478/973 1013/513/1007 1014/514/1008
f 979/478/973 1014/514/1008 980/479/974
f 980/479/974 1014/514/1008 1015/515/1009
f 980/479/974 1015/515/1009 981/480/975
f 981/480/975 1015/515/1009 1016/516/1010
f 981/480/975 1016/516/1010 982/481/976
f 982/481/976 1016/516/1010 1017/517/1011
f 982/481/976 1017/517/1011 983/482/977
f 983/482/977 1017/517/1011 1018/518/1012
f 983/482/977 1018/518/1012 984/483/978
f 984/483/978 1018/518/1012 1019/519/1013
f 984/483/978 1019/519/1013 985/484/979
f 985/484/979 1019/519/1013 1020/520/1014
f 985/484/979 1020/520/1014 986/485/980
f 986/485/980 1020/520/1014 1021/521/1015
f 986/485/980 1021/521/1015 987/486/981
f 987/486/981 1021/521/1015 1022/522/1016
f 987/486/981 1022/522/1016 988/487/982
f 988/487/982 1022/522/1016 1023/523/1017
f 988/487/982 1023/523/1017 989/488/983
f 989/488/983 1023/523/1017 990/524/984
f 989/488/983 990/524/984 956/489/950
f 990/490/984 1024/525/1018 1025/526/1019
f 990/490/984 1025/526/1019 991/491/985
f 991/491/985 1025/526/1019 1026/527/1020
f 991/491/985 1026/527/1020 992/492/986
f 992/492/986 1026/527/1020 1027/528/1021
f 992/492/986 1027/528/1021 993/493/987
f 993/493/987 1027/528/1021 1028/529/1022
f 993/493/987 1028/529/1022 994/494/988
f 994/494/988 1028/529/1022 1029/530/1023
f 994/494/988 1029/530/1023 995/495/989
f 995/495/989 1029/530/1023 1030/531/1024
f 995/495/989 1030/531/1024 996/496/990
f 996/496/990 1030/531/1024 1031/532/1025
f 996/496/990 1031/532/1025 997/497/991
f 997/497/991 1031/532/1025 1032/533/1026
f 997/497/991 1032/533/1026 998/498/992
f 998/498/992 1032/533/1026 1033/534/1027
f 998/498/992 1033/534/1027 999/499/993
f 999/499/993 1033/534/1027 1034/535/1028
f 999/499/993 1034/535/1028 1000/500/994
f 1000/500/994 1034/535/1028 1035/536/1029
f 1000/500/994 1035/536/1029 1001/501/995
f 1001/501/995 1035/536/1029 1036/537/1030
f 1001/501/995 1036/537/1030 1002/502/996
f 1002/502/996 1036/537/1030 1037/538/1031
f 1002/502/996 1037/538/1031 1003/503/997
f 1003/503/997 1037/538/1031 1038/539/1032
f 1003/503/997 1038/539/1032 1004/504/998
f 1004/504/998 1038/539/1032 1039/540/1033
f 1004/504/998 1039/540/1033 1005/505/999
f 1005/505/999 1039/540/1033 1040/541/1034
f 1005/505/999 1040/541/1034 1006/506/1000
f 1006/506/1000 1040/541/1034 1041/542/1035
f 1006/506/1000 1041/542/1035 1007/507/1001
f 1007/507/1001 1041/542/1035 1042/543/1036
f 1007/507/1001 1042/543/1036 1008/508/1002
f 1008/508/1002 1042/543/1036 1043/544/1037
f 1008/508/1002 1043/544/1037 1009/509/1003
f 1009/509/1003 1043/544/1037 1044/545/1038
f 1009/509/1003 1044/545/1038 1010/510/1004
f 1010/510/1004 1044/545/1038 1045/546/1039
f 1010/510/1004 1045/546/1039 1011/511/1005
f 1011/511/1005 1045/546/1039 1046/547/1040
f 1011/511/1005 1046/547/1040 1012/512/1006
f 1012/512/1006 1046/547/1040 1047/548/1041
f 1012/512/1006 1047/548/1041 1013/513/1007
f 1013/513/1007 1047/548/1041 1048/549/1042
f 1013/513/1007 1048/549/1042 1014/514/1008
f 1014/514/1008 1048/549/1042 1049/550/1043
f 1014/514/1008 1049/550/1043 1015/515/1009
f 1015/515/1009 1049/550/1043 1050/551/1044
f 1015/515/1009 1050/551/1044 1016/516/1010
f 1016/516/1010 1050/551/1044 1051/552/1045
f 1016/516/1010 1051/552/1045 1017/517/1011
f 1017/517/1011 1051/552/1045 1052/553/1046
f 1017/517/1011 1052/553/1046 1018/518/1012
f 1018/518/1012 1052/553/1046 1053/554/507
f 1018/518/1012 1053/554/507 1019/519/1013
f 1019/519/1013 1053/554/507 1054/555/1047
f 1019/519/1013 1054/555/1047 1020/520/1014
f 1020/520/1014 1054/555/1047 1055/556/1048
f 1020/520/1014 1055/556/1048 1021/521/1015
f 1021/521/1015 1055/556/1048 1056/557/1049
f 1021/521/1015 1056/557/1049 1022/522/1016
f 1022/522/1016 1056/557/1049 1057/558/1050
f 1022/522/1016 1057/558/1050 1023/523/1017
f 1023/523/1017 1057/558/1050 1024/559/1018
f 1023/523/1017 1024/559/1018 990/524/984
f 1024/525/1018 1058/560/1051 1059/561/1052
f 1024/525/1018 1059/561/1052 1025/526/1019
f 1025/526/1019 1059/561/1052 1060/562/1053
f 1025/526/1019 1060/562/1053 1026/527/1020
f 1026/527/1020 1060/562/1053 1061/563/1054
f 1026/527/1020 1061/563/1054 1027/528/1021
f 1027/528/1021 1061/563/1054 1062/564/1055
f 1027/528/1021 1062/564/1055 1028/529/1022
f 1028/529/1022 1062/564/1055 1063/565/1056
f 1028/529/1022 1063/565/1056 1029/530/1023
f 1029/530/1023 1063/565/1056 1064/566/1057
f 1029/530/1023 1064/566/1057 1030/531/1024
f 1030/531/1024 1064/566/1057 1065/567/1058
f 1030/531/1024 1065/567/1058 1031/532/1025
f 1031/532/1025 1065/567/1058 1066/568/1059
f 1031/532/1025 1066/568/1059 1032/533/1026
f 1032/533/1026 1066/568/1059 1067/569/1060
f 1032/533/1026 1067/569/1060 1033/534/1027
f 1033/534/1027 1067/569/1060 1068/570/1061
f 1033/534/1027 1068/570/1061 1034/535/1028
f 1034/535/1028 1068/570/1061 1069/571/1062
f 1034/535/1028 1069/571/1062 1035/536/1029
f 1035/536/1029 1069/571/1062 1070/572/1063
f 1035/536/1029 1070/572/1063 1036/537/1030
f 1036/537/1030 1070/572/1063 1071/573/1064
f 1036/537/1030 1071/573/1064 1037/538/1031
f 1037/538/1031 1071/573/1064 1072/574/1065
f 1037/538/1031 1072/574/1065 1038/539/1032
f 1038/539/1032 1072/574/1065 1073/575/1066
f 1038/539/1032 1073/575/1066 1039/540/1033
f 1039/540/1033 1073/575/1066 1074/576/1067
f 1039/540/1033 1074/576/1067 1040/541/1034
f 1040/541/1034 1074/576/1067 1075/577/1068
f 1040/541/1034 1075/577/1068 1041/542/1035
f 1041/542/1035 1075/577/1068 1076/578/1069
f 1041/542/1035 1076/578/1069 1042/543/1036
f 1042/543/1036 1076/578/1069 1077/579/1070
f 1042/543/1036 1077/579/1070 1043/544/1037
f 1043/544/1037 1077/579/1070 1078/580/1071
f 1043/544/1037 1078/580/1071 1044/545/1038
f 1044/545/1038 1078/580/1071 1079/581/1072
f 1044/545/1038 1079/581/1072 1045/546/1039
f 1045/546/1039 1079/581/1072 1080/582/1073
f 1045/546/1039 1080/582/1073 1046/547/1040
f 1046/547/1040 1080/582/1073 1081/583/1074
f 1046/547/1040 1081/583/1074 1047/548/1041
f 1047/548/1041 1081/583/1074 1082/584/1075
f 1047/548/1041 1082/584/1075 1048/549/1042
f 1048/549/1042 1082/584/1075 1083/585/1076
f 1048/549/1042 1083/585/1076 1049/550/1043
f 1049/550/1043 1083/585/1076 1084/586/1077
f 1049/550/1043 1084/586/1077 1050/551/1044
f 1050/551/1044 1084/586/1077 1085/587/1078
f 1050/551/1044 1085/587/1078 1051/552/1045
f 1051/552/1045 1085/587/1078 1086/588/1079
f 1051/552/1045 1086/588/1079 1052/553/1046
f 1052/553/1046 1086/588/1079 1087/589/1080
f 1052/553/1046 1087/589/1080 1053/554/507
f 1053/554/507 1087/589/1080 1088/590/1081
f 1053/554/507 1088/590/1081 1054/555/1047
f 1054/555/1047 1088/590/1081 1089/591/1082
f 1054/555/1047 1089/591/1082 1055/556/1048
f 1055/556/1048 1089/591/1082 1090/592/1083
f 1055/556/1048 1090/592/1083 1056/557/1049
f 1056/557/1049 1090/592/1083 1091/593/1084
f 1056/557/1049 1091/593/1084 1057/558/1050
f 1057/558/1050 1091/593/1084 1058/594/1051
f 1057/558/1050 1058/594/1051 1024/559/1018
f 1092/595/1085 1059/561/1052 1058/560/1051
f 1092/596/1085 1060/562/1053 1059/561/1052
f 1092/597/1085 1061/563/1054 1060/562/1053
f 1092/598/1085 1062/564/1055 1061/563/1054
f 1092/599/1085 1063/565/1056 1062/564/1055
f 1092/600/1085 1064/566/1057 1063/565/1056
f 1092/601/1085 1065/567/1058 1064/566/1057
f 1092/602/1085 1066/568/1059 1065/567/1058
f 1092/603/1085 1067/569/1060 1066/568/1059
f 1092/604/1085 1068/570/1061 1067/569/1060
f 1092/605/1085 1069/571/1062 1068/570/1061
f 1092/606/1085 1070/572/1063 1069/571/1062
f 1092/607/1085 1071/573/1064 1070/572/1063
f 1092/608/1085 1072/574/1065 1071/573/1064
f 1092/609/1085 1073/575/1066 1072/574/1065
f 1092/610/1085 1074/576/1067 1073/575/1066
f 1092/611/1085 1075/577/1068 1074/576/1067
f 1092/612/1085 1076/578/1069 1075/577/1068
f 1092/613/1085 1077/579/1070 1076/578/1069
f 1092/614/1085 1078/580/1071 1077/579/1070
f 1092/615/1085 1079/581/1072 1078/580/1071
f 1092/616/1085 1080/582/1073 1079/581/1072
f 1092/617/1085 1081/583/1074 1080/582/1073
f 1092/618/1085 1082/584/1075 1081/583/1074
f 1092/619/1085 1083/585/1076 1082/584/1075
f 1092/620/1085 1084/586/1077 1083/585/1076
f 1092/621/1085 1085/587/1078 1084/586/1077
f 1092/622/1085 1086/588/1079 1085/587/1078
f 1092/623/1085 1087/589/1080 1086/588/1079
f 1092/624/1085 1088/590/1081 1087/589/1080
f 1092/625/1085 1089/591/1082 1088/590/1081
f 1092/626/1085 1090/592/1083 1089/591/1082
f 1092/627/1085 1091/593/1084 1090/592/1083
f 1092/628/1085 1058/594/1051 1091/593/1084
usemtl floor.008
f 1093/595/1 1094/595/1 1095/595/1
f 1095/595/1 1096/595/1 1093/595/1
usemtl ceiling.008
f 1097/595/546 1098/595/546 1099/595/546
f 1099/595/546 1100/595/546 1097/595/546
usemtl backWall.008
f 1101/595/1086 1102/595/1086 1103/595/1086
f 1103/595/1086 1104/595/1086 1101/595/1086
usemtl rightWall.008
f 1105/595/1087 1106/595/1087 1107/595/1087
f 1107/595/1087 1108/595/1087 1105/595/1087
usemtl leftWall.008
f 1109/595/1088 1110/595/1089 1111/595/1090
f 1111/595/1090 1112/595/1091 1109/595/1088
usemtl light.008
f 1113/595/546 1114/595/546 1115/595/546
f 1115/595/546 1116/595/546 1113/595/546
