# Blender 5.0.1
# www.blender.org
mtllib CornellBox-Water.mtl
o CornellBox-Water
v -0.421400 0.658400 -0.280000
v -0.421400 0.652900 -0.340000
v -0.432400 0.652900 -0.338900
v -0.443100 0.652900 -0.335900
v -0.453000 0.652900 -0.331000
v -0.461800 0.652900 -0.324300
v -0.469300 0.652900 -0.316100
v -0.475100 0.652900 -0.306700
v -0.479100 0.652900 -0.296400
v -0.481100 0.652900 -0.285500
v -0.481100 0.652900 -0.274500
v -0.479100 0.652900 -0.263600
v -0.475100 0.652900 -0.253300
v -0.469300 0.652900 -0.243900
v -0.461800 0.652900 -0.235700
v -0.453000 0.652900 -0.229000
v -0.443100 0.652900 -0.224100
v -0.432400 0.652900 -0.221100
v -0.421400 0.652900 -0.220000
v -0.410400 0.652900 -0.221100
v -0.399700 0.652900 -0.224100
v -0.389800 0.652900 -0.229000
v -0.381000 0.652900 -0.235700
v -0.373500 0.652900 -0.243900
v -0.367700 0.652900 -0.253300
v -0.363700 0.652900 -0.263600
v -0.361700 0.652900 -0.274500
v -0.361700 0.652900 -0.285500
v -0.363700 0.652900 -0.296400
v -0.367700 0.652900 -0.306700
v -0.373500 0.652900 -0.316100
v -0.381000 0.652900 -0.324300
v -0.389800 0.652900 -0.331000
v -0.399700 0.652900 -0.335900
v -0.410400 0.652900 -0.338900
v -0.421400 0.636400 -0.397900
v -0.443100 0.636400 -0.395900
v -0.464000 0.636400 -0.389900
v -0.483500 0.636400 -0.380200
v -0.500800 0.636400 -0.367100
v -0.515500 0.636400 -0.351000
v -0.526900 0.636400 -0.332500
v -0.534800 0.636400 -0.312300
v -0.538800 0.636400 -0.290900
v -0.538800 0.636400 -0.269100
v -0.534800 0.636400 -0.247700
v -0.526900 0.636400 -0.227500
v -0.515500 0.636400 -0.209000
v -0.500800 0.636400 -0.192900
v -0.483500 0.636400 -0.179800
v -0.464000 0.636400 -0.170100
v -0.443100 0.636400 -0.164100
v -0.421400 0.636400 -0.162100
v -0.399700 0.636400 -0.164100
v -0.378800 0.636400 -0.170100
v -0.359300 0.636400 -0.179800
v -0.342000 0.636400 -0.192900
v -0.327300 0.636400 -0.209000
v -0.315900 0.636400 -0.227500
v -0.308000 0.636400 -0.247700
v -0.304000 0.636400 -0.269100
v -0.304000 0.636400 -0.290900
v -0.308000 0.636400 -0.312300
v -0.315900 0.636400 -0.332500
v -0.327300 0.636400 -0.351000
v -0.342000 0.636400 -0.367100
v -0.359300 0.636400 -0.380200
v -0.378800 0.636400 -0.389900
v -0.399700 0.636400 -0.395900
v -0.421400 0.609600 -0.451800
v -0.453000 0.609600 -0.448900
v -0.483500 0.609600 -0.440200
v -0.511800 0.609600 -0.426100
v -0.537100 0.609600 -0.407000
v -0.558500 0.609600 -0.383500
v -0.575200 0.609600 -0.356600
v -0.586600 0.609600 -0.327000
v -0.592500 0.609600 -0.295900
v -0.592500 0.609600 -0.264100
v -0.586600 0.609600 -0.233000
v -0.575200 0.609600 -0.203400
v -0.558500 0.609600 -0.176500
v -0.537100 0.609600 -0.153000
v -0.511800 0.609600 -0.133900
v -0.483500 0.609600 -0.119800
v -0.453000 0.609600 -0.111100
v -0.421400 0.609600 -0.108200
v -0.389800 0.609600 -0.111100
v -0.359300 0.609600 -0.119800
v -0.331000 0.609600 -0.133900
v -0.305700 0.609600 -0.153000
v -0.284300 0.609600 -0.176500
v -0.267600 0.609600 -0.203400
v -0.256200 0.609600 -0.233000
v -0.250300 0.609600 -0.264100
v -0.250300 0.609600 -0.295900
v -0.256200 0.609600 -0.327000
v -0.267600 0.609600 -0.356600
v -0.284300 0.609600 -0.383500
v -0.305700 0.609600 -0.407000
v -0.331000 0.609600 -0.426100
v -0.359300 0.609600 -0.440200
v -0.389800 0.609600 -0.448900
v -0.421400 0.573300 -0.499900
v -0.461800 0.573300 -0.496100
v -0.500800 0.573300 -0.485000
v -0.537100 0.573300 -0.466900
v -0.569500 0.573300 -0.442500
v -0.596800 0.573300 -0.412500
v -0.618200 0.573300 -0.378000
v -0.632900 0.573300 -0.340200
v -0.640300 0.573300 -0.300300
v -0.640300 0.573300 -0.259700
v -0.632900 0.573300 -0.219800
v -0.618200 0.573300 -0.182000
v -0.596800 0.573300 -0.147500
v -0.569500 0.573300 -0.117500
v -0.537100 0.573300 -0.093100
v -0.500800 0.573300 -0.075000
v -0.461800 0.573300 -0.063900
v -0.421400 0.573300 -0.060100
v -0.381000 0.573300 -0.063900
v -0.342000 0.573300 -0.075000
v -0.305700 0.573300 -0.093100
v -0.273300 0.573300 -0.117500
v -0.246000 0.573300 -0.147500
v -0.224600 0.573300 -0.182000
v -0.209900 0.573300 -0.219800
v -0.202500 0.573300 -0.259700
v -0.202500 0.573300 -0.300300
v -0.209900 0.573300 -0.340200
v -0.224600 0.573300 -0.378000
v -0.246000 0.573300 -0.412500
v -0.273300 0.573300 -0.442500
v -0.305700 0.573300 -0.466900
v -0.342000 0.573300 -0.485000
v -0.381000 0.573300 -0.496100
v -0.421400 0.528800 -0.540400
v -0.469300 0.528800 -0.536000
v -0.515500 0.528800 -0.522800
v -0.558500 0.528800 -0.501400
v -0.596800 0.528800 -0.472500
v -0.629200 0.528800 -0.436900
v -0.654500 0.528800 -0.396100
v -0.671900 0.528800 -0.351300
v -0.680700 0.528800 -0.304000
v -0.680700 0.528800 -0.256000
v -0.671900 0.528800 -0.208700
v -0.654500 0.528800 -0.163900
v -0.629200 0.528800 -0.123100
v -0.596800 0.528800 -0.087500
v -0.558500 0.528800 -0.058600
v -0.515500 0.528800 -0.037200
v -0.469300 0.528800 -0.024000
v -0.421400 0.528800 -0.019600
v -0.373500 0.528800 -0.024000
v -0.327300 0.528800 -0.037200
v -0.284300 0.528800 -0.058600
v -0.246000 0.528800 -0.087500
v -0.213600 0.528800 -0.123100
v -0.188300 0.528800 -0.163900
v -0.170900 0.528800 -0.208700
v -0.162100 0.528800 -0.256000
v -0.162100 0.528800 -0.304000
v -0.170900 0.528800 -0.351300
v -0.188300 0.528800 -0.396100
v -0.213600 0.528800 -0.436900
v -0.246000 0.528800 -0.472500
v -0.284300 0.528800 -0.501400
v -0.327300 0.528800 -0.522800
v -0.373500 0.528800 -0.536000
v -0.421400 0.477600 -0.572100
v -0.475100 0.477600 -0.567200
v -0.526900 0.477600 -0.552400
v -0.575200 0.477600 -0.528400
v -0.618200 0.477600 -0.495900
v -0.654500 0.477600 -0.456000
v -0.682900 0.477600 -0.410200
v -0.702400 0.477600 -0.359900
v -0.712300 0.477600 -0.307000
v -0.712300 0.477600 -0.253000
v -0.702400 0.477600 -0.200100
v -0.682900 0.477600 -0.149800
v -0.654500 0.477600 -0.104000
v -0.618200 0.477600 -0.064100
v -0.575200 0.477600 -0.031600
v -0.526900 0.477600 -0.007600
v -0.475100 0.477600 0.007200
v -0.421400 0.477600 0.012100
v -0.367700 0.477600 0.007200
v -0.315900 0.477600 -0.007600
v -0.267600 0.477600 -0.031600
v -0.224600 0.477600 -0.064100
v -0.188300 0.477600 -0.104000
v -0.159900 0.477600 -0.149800
v -0.140400 0.477600 -0.200100
v -0.130500 0.477600 -0.253000
v -0.130500 0.477600 -0.307000
v -0.140400 0.477600 -0.359900
v -0.159900 0.477600 -0.410200
v -0.188300 0.477600 -0.456000
v -0.224600 0.477600 -0.495900
v -0.267600 0.477600 -0.528400
v -0.315900 0.477600 -0.552400
v -0.367700 0.477600 -0.567200
v -0.421400 0.421400 -0.593900
v -0.479100 0.421400 -0.588500
v -0.534800 0.421400 -0.572700
v -0.586600 0.421400 -0.546900
v -0.632900 0.421400 -0.512000
v -0.671900 0.421400 -0.469200
v -0.702400 0.421400 -0.419900
v -0.723300 0.421400 -0.365900
v -0.733900 0.421400 -0.309000
v -0.733900 0.421400 -0.251000
v -0.723300 0.421400 -0.194100
v -0.702400 0.421400 -0.140100
v -0.671900 0.421400 -0.090800
v -0.632900 0.421400 -0.048000
v -0.586600 0.421400 -0.013100
v -0.534800 0.421400 0.012700
v -0.479100 0.421400 0.028500
v -0.421400 0.421400 0.033900
v -0.363700 0.421400 0.028500
v -0.308000 0.421400 0.012700
v -0.256200 0.421400 -0.013100
v -0.209900 0.421400 -0.048000
v -0.170900 0.421400 -0.090800
v -0.140400 0.421400 -0.140100
v -0.119500 0.421400 -0.194100
v -0.108900 0.421400 -0.251000
v -0.108900 0.421400 -0.309000
v -0.119500 0.421400 -0.365900
v -0.140400 0.421400 -0.419900
v -0.170900 0.421400 -0.469200
v -0.209900 0.421400 -0.512000
v -0.256200 0.421400 -0.546900
v -0.308000 0.421400 -0.572700
v -0.363700 0.421400 -0.588500
v -0.421400 0.362200 -0.604900
v -0.481100 0.362200 -0.599400
v -0.538800 0.362200 -0.583000
v -0.592500 0.362200 -0.556300
v -0.640300 0.362200 -0.520100
v -0.680700 0.362200 -0.475800
v -0.712300 0.362200 -0.424800
v -0.733900 0.362200 -0.368900
v -0.745000 0.362200 -0.310000
v -0.745000 0.362200 -0.250000
v -0.733900 0.362200 -0.191100
v -0.712300 0.362200 -0.135200
v -0.680700 0.362200 -0.084200
v -0.640300 0.362200 -0.039900
v -0.592500 0.362200 -0.003700
v -0.538800 0.362200 0.023000
v -0.481100 0.362200 0.039400
v -0.421400 0.362200 0.044900
v -0.361700 0.362200 0.039400
v -0.304000 0.362200 0.023000
v -0.250300 0.362200 -0.003700
v -0.202500 0.362200 -0.039900
v -0.162100 0.362200 -0.084200
v -0.130500 0.362200 -0.135200
v -0.108900 0.362200 -0.191100
v -0.097800 0.362200 -0.250000
v -0.097800 0.362200 -0.310000
v -0.108900 0.362200 -0.368900
v -0.130500 0.362200 -0.424800
v -0.162100 0.362200 -0.475800
v -0.202500 0.362200 -0.520100
v -0.250300 0.362200 -0.556300
v -0.304000 0.362200 -0.583000
v -0.361700 0.362200 -0.599400
v -0.421400 0.302000 -0.604900
v -0.481100 0.302000 -0.599400
v -0.538800 0.302000 -0.583000
v -0.592500 0.302000 -0.556300
v -0.640300 0.302000 -0.520100
v -0.680700 0.302000 -0.475800
v -0.712300 0.302000 -0.424800
v -0.733900 0.302000 -0.368900
v -0.745000 0.302000 -0.310000
v -0.745000 0.302000 -0.250000
v -0.733900 0.302000 -0.191100
v -0.712300 0.302000 -0.135200
v -0.680700 0.302000 -0.084200
v -0.640300 0.302000 -0.039900
v -0.592500 0.302000 -0.003700
v -0.538800 0.302000 0.023000
v -0.481100 0.302000 0.039400
v -0.421400 0.302000 0.044900
v -0.361700 0.302000 0.039400
v -0.304000 0.302000 0.023000
v -0.250300 0.302000 -0.003700
v -0.202500 0.302000 -0.039900
v -0.162100 0.302000 -0.084200
v -0.130500 0.302000 -0.135200
v -0.108900 0.302000 -0.191100
v -0.097800 0.302000 -0.250000
v -0.097800 0.302000 -0.310000
v -0.108900 0.302000 -0.368900
v -0.130500 0.302000 -0.424800
v -0.162100 0.302000 -0.475800
v -0.202500 0.302000 -0.520100
v -0.250300 0.302000 -0.556300
v -0.304000 0.302000 -0.583000
v -0.361700 0.302000 -0.599400
v -0.421400 0.242800 -0.593900
v -0.479100 0.242800 -0.588500
v -0.534800 0.242800 -0.572700
v -0.586600 0.242800 -0.546900
v -0.632900 0.242800 -0.512000
v -0.671900 0.242800 -0.469200
v -0.702400 0.242800 -0.419900
v -0.723300 0.242800 -0.365900
v -0.733900 0.242800 -0.309000
v -0.733900 0.242800 -0.251000
v -0.723300 0.242800 -0.194100
v -0.702400 0.242800 -0.140100
v -0.671900 0.242800 -0.090800
v -0.632900 0.242800 -0.048000
v -0.586600 0.242800 -0.013100
v -0.534800 0.242800 0.012700
v -0.479100 0.242800 0.028500
v -0.421400 0.242800 0.033900
v -0.363700 0.242800 0.028500
v -0.308000 0.242800 0.012700
v -0.256200 0.242800 -0.013100
v -0.209900 0.242800 -0.048000
v -0.170900 0.242800 -0.090800
v -0.140400 0.242800 -0.140100
v -0.119500 0.242800 -0.194100
v -0.108900 0.242800 -0.251000
v -0.108900 0.242800 -0.309000
v -0.119500 0.242800 -0.365900
v -0.140400 0.242800 -0.419900
v -0.170900 0.242800 -0.469200
v -0.209900 0.242800 -0.512000
v -0.256200 0.242800 -0.546900
v -0.308000 0.242800 -0.572700
v -0.363700 0.242800 -0.588500
v -0.421400 0.186600 -0.572100
v -0.475100 0.186600 -0.567200
v -0.526900 0.186600 -0.552400
v -0.575200 0.186600 -0.528400
v -0.618200 0.186600 -0.495900
v -0.654500 0.186600 -0.456000
v -0.682900 0.186600 -0.410200
v -0.702400 0.186600 -0.359900
v -0.712300 0.186600 -0.307000
v -0.712300 0.186600 -0.253000
v -0.702400 0.186600 -0.200100
v -0.682900 0.186600 -0.149800
v -0.654500 0.186600 -0.104000
v -0.618200 0.186600 -0.064100
v -0.575200 0.186600 -0.031600
v -0.526900 0.186600 -0.007600
v -0.475100 0.186600 0.007200
v -0.421400 0.186600 0.012100
v -0.367700 0.186600 0.007200
v -0.315900 0.186600 -0.007600
v -0.267600 0.186600 -0.031600
v -0.224600 0.186600 -0.064100
v -0.188300 0.186600 -0.104000
v -0.159900 0.186600 -0.149800
v -0.140400 0.186600 -0.200100
v -0.130500 0.186600 -0.253000
v -0.130500 0.186600 -0.307000
v -0.140400 0.186600 -0.359900
v -0.159900 0.186600 -0.410200
v -0.188300 0.186600 -0.456000
v -0.224600 0.186600 -0.495900
v -0.267600 0.186600 -0.528400
v -0.315900 0.186600 -0.552400
v -0.367700 0.186600 -0.567200
v -0.421400 0.135400 -0.540400
v -0.469300 0.135400 -0.536000
v -0.515500 0.135400 -0.522800
v -0.558500 0.135400 -0.501400
v -0.596800 0.135400 -0.472500
v -0.629200 0.135400 -0.436900
v -0.654500 0.135400 -0.396100
v -0.671900 0.135400 -0.351300
v -0.680700 0.135400 -0.304000
v -0.680700 0.135400 -0.256000
v -0.671900 0.135400 -0.208700
v -0.654500 0.135400 -0.163900
v -0.629200 0.135400 -0.123100
v -0.596800 0.135400 -0.087500
v -0.558500 0.135400 -0.058600
v -0.515500 0.135400 -0.037200
v -0.469300 0.135400 -0.024000
v -0.421400 0.135400 -0.019600
v -0.373500 0.135400 -0.024000
v -0.327300 0.135400 -0.037200
v -0.284300 0.135400 -0.058600
v -0.246000 0.135400 -0.087500
v -0.213600 0.135400 -0.123100
v -0.188300 0.135400 -0.163900
v -0.170900 0.135400 -0.208700
v -0.162100 0.135400 -0.256000
v -0.162100 0.135400 -0.304000
v -0.170900 0.135400 -0.351300
v -0.188300 0.135400 -0.396100
v -0.213600 0.135400 -0.436900
v -0.246000 0.135400 -0.472500
v -0.284300 0.135400 -0.501400
v -0.327300 0.135400 -0.522800
v -0.373500 0.135400 -0.536000
v -0.421400 0.090900 -0.499900
v -0.461800 0.090900 -0.496100
v -0.500800 0.090900 -0.485000
v -0.537100 0.090900 -0.466900
v -0.569500 0.090900 -0.442500
v -0.596800 0.090900 -0.412500
v -0.618200 0.090900 -0.378000
v -0.632900 0.090900 -0.340200
v -0.640300 0.090900 -0.300300
v -0.640300 0.090900 -0.259700
v -0.632900 0.090900 -0.219800
v -0.618200 0.090900 -0.182000
v -0.596800 0.090900 -0.147500
v -0.569500 0.090900 -0.117500
v -0.537100 0.090900 -0.093100
v -0.500800 0.090900 -0.075000
v -0.461800 0.090900 -0.063900
v -0.421400 0.090900 -0.060100
v -0.381000 0.090900 -0.063900
v -0.342000 0.090900 -0.075000
v -0.305700 0.090900 -0.093100
v -0.273300 0.090900 -0.117500
v -0.246000 0.090900 -0.147500
v -0.224600 0.090900 -0.182000
v -0.209900 0.090900 -0.219800
v -0.202500 0.090900 -0.259700
v -0.202500 0.090900 -0.300300
v -0.209900 0.090900 -0.340200
v -0.224600 0.090900 -0.378000
v -0.246000 0.090900 -0.412500
v -0.273300 0.090900 -0.442500
v -0.305700 0.090900 -0.466900
v -0.342000 0.090900 -0.485000
v -0.381000 0.090900 -0.496100
v -0.421400 0.054600 -0.451800
v -0.453000 0.054600 -0.448900
v -0.483500 0.054600 -0.440200
v -0.511800 0.054600 -0.426100
v -0.537100 0.054600 -0.407000
v -0.558500 0.054600 -0.383500
v -0.575200 0.054600 -0.356600
v -0.586600 0.054600 -0.327000
v -0.592500 0.054600 -0.295900
v -0.592500 0.054600 -0.264100
v -0.586600 0.054600 -0.233000
v -0.575200 0.054600 -0.203400
v -0.558500 0.054600 -0.176500
v -0.537100 0.054600 -0.153000
v -0.511800 0.054600 -0.133900
v -0.483500 0.054600 -0.119800
v -0.453000 0.054600 -0.111100
v -0.421400 0.054600 -0.108200
v -0.389800 0.054600 -0.111100
v -0.359300 0.054600 -0.119800
v -0.331000 0.054600 -0.133900
v -0.305700 0.054600 -0.153000
v -0.284300 0.054600 -0.176500
v -0.267600 0.054600 -0.203400
v -0.256200 0.054600 -0.233000
v -0.250300 0.054600 -0.264100
v -0.250300 0.054600 -0.295900
v -0.256200 0.054600 -0.327000
v -0.267600 0.054600 -0.356600
v -0.284300 0.054600 -0.383500
v -0.305700 0.054600 -0.407000
v -0.331000 0.054600 -0.426100
v -0.359300 0.054600 -0.440200
v -0.389800 0.054600 -0.448900
v -0.421400 0.027800 -0.397900
v -0.443100 0.027800 -0.395900
v -0.464000 0.027800 -0.389900
v -0.483500 0.027800 -0.380200
v -0.500800 0.027800 -0.367100
v -0.515500 0.027800 -0.351000
v -0.526900 0.027800 -0.332500
v -0.534800 0.027800 -0.312300
v -0.538800 0.027800 -0.290900
v -0.538800 0.027800 -0.269100
v -0.534800 0.027800 -0.247700
v -0.526900 0.027800 -0.227500
v -0.515500 0.027800 -0.209000
v -0.500800 0.027800 -0.192900
v -0.483500 0.027800 -0.179800
v -0.464000 0.027800 -0.170100
v -0.443100 0.027800 -0.164100
v -0.421400 0.027800 -0.162100
v -0.399700 0.027800 -0.164100
v -0.378800 0.027800 -0.170100
v -0.359300 0.027800 -0.179800
v -0.342000 0.027800 -0.192900
v -0.327300 0.027800 -0.209000
v -0.315900 0.027800 -0.227500
v -0.308000 0.027800 -0.247700
v -0.304000 0.027800 -0.269100
v -0.304000 0.027800 -0.290900
v -0.308000 0.027800 -0.312300
v -0.315900 0.027800 -0.332500
v -0.327300 0.027800 -0.351000
v -0.342000 0.027800 -0.367100
v -0.359300 0.027800 -0.380200
v -0.378800 0.027800 -0.389900
v -0.399700 0.027800 -0.395900
v -0.421400 0.011300 -0.340000
v -0.432400 0.011300 -0.338900
v -0.443100 0.011300 -0.335900
v -0.453000 0.011300 -0.331000
v -0.461800 0.011300 -0.324300
v -0.469300 0.011300 -0.316100
v -0.475100 0.011300 -0.306700
v -0.479100 0.011300 -0.296400
v -0.481100 0.011300 -0.285500
v -0.481100 0.011300 -0.274500
v -0.479100 0.011300 -0.263600
v -0.475100 0.011300 -0.253300
v -0.469300 0.011300 -0.243900
v -0.461800 0.011300 -0.235700
v -0.453000 0.011300 -0.229000
v -0.443100 0.011300 -0.224100
v -0.432400 0.011300 -0.221100
v -0.421400 0.011300 -0.220000
v -0.410400 0.011300 -0.221100
v -0.399700 0.011300 -0.224100
v -0.389800 0.011300 -0.229000
v -0.381000 0.011300 -0.235700
v -0.373500 0.011300 -0.243900
v -0.367700 0.011300 -0.253300
v -0.363700 0.011300 -0.263600
v -0.361700 0.011300 -0.274500
v -0.361700 0.011300 -0.285500
v -0.363700 0.011300 -0.296400
v -0.367700 0.011300 -0.306700
v -0.373500 0.011300 -0.316100
v -0.381000 0.011300 -0.324300
v -0.389800 0.011300 -0.331000
v -0.399700 0.011300 -0.335900
v -0.410400 0.011300 -0.338900
v -0.421400 0.005800 -0.280000
v 0.445800 0.658400 0.376700
v 0.445800 0.652900 0.316800
v 0.434800 0.652900 0.317800
v 0.424200 0.652900 0.320800
v 0.414300 0.652900 0.325800
v 0.405400 0.652900 0.332400
v 0.398000 0.652900 0.340600
v 0.392200 0.652900 0.350000
v 0.388200 0.652900 0.360300
v 0.386100 0.652900 0.371200
v 0.386100 0.652900 0.382300
v 0.388200 0.652900 0.393200
v 0.392200 0.652900 0.403500
v 0.398000 0.652900 0.412900
v 0.405400 0.652900 0.421100
v 0.414300 0.652900 0.427700
v 0.424200 0.652900 0.432700
v 0.434800 0.652900 0.435700
v 0.445800 0.652900 0.436700
v 0.456900 0.652900 0.435700
v 0.467500 0.652900 0.432700
v 0.477400 0.652900 0.427700
v 0.486200 0.652900 0.421100
v 0.493700 0.652900 0.412900
v 0.499500 0.652900 0.403500
v 0.503500 0.652900 0.393200
v 0.505600 0.652900 0.382300
v 0.505600 0.652900 0.371200
v 0.503500 0.652900 0.360300
v 0.499500 0.652900 0.350000
v 0.493700 0.652900 0.340600
v 0.486200 0.652900 0.332400
v 0.477400 0.652900 0.325800
v 0.467500 0.652900 0.320800
v 0.456900 0.652900 0.317800
v 0.445800 0.636400 0.258900
v 0.424200 0.636400 0.260900
v 0.403300 0.636400 0.266800
v 0.383800 0.636400 0.276500
v 0.366400 0.636400 0.289600
v 0.351800 0.636400 0.305700
v 0.340300 0.636400 0.324200
v 0.332500 0.636400 0.344500
v 0.328500 0.636400 0.365900
v 0.328500 0.636400 0.387600
v 0.332500 0.636400 0.409000
v 0.340300 0.636400 0.429300
v 0.351800 0.636400 0.447800
v 0.366400 0.636400 0.463900
v 0.383800 0.636400 0.477000
v 0.403300 0.636400 0.486700
v 0.424200 0.636400 0.492600
v 0.445800 0.636400 0.494600
v 0.467500 0.636400 0.492600
v 0.488400 0.636400 0.486700
v 0.507900 0.636400 0.477000
v 0.525300 0.636400 0.463900
v 0.539900 0.636400 0.447800
v 0.551400 0.636400 0.429300
v 0.559200 0.636400 0.409000
v 0.563200 0.636400 0.387600
v 0.563200 0.636400 0.365900
v 0.559200 0.636400 0.344500
v 0.551400 0.636400 0.324200
v 0.539900 0.636400 0.305700
v 0.525300 0.636400 0.289600
v 0.507900 0.636400 0.276500
v 0.488400 0.636400 0.266800
v 0.467500 0.636400 0.260900
v 0.445800 0.609600 0.204900
v 0.414300 0.609600 0.207900
v 0.383800 0.609600 0.216600
v 0.355400 0.609600 0.230700
v 0.330100 0.609600 0.249800
v 0.308700 0.609600 0.273200
v 0.292100 0.609600 0.300200
v 0.280600 0.609600 0.329700
v 0.274800 0.609600 0.360900
v 0.274800 0.609600 0.392600
v 0.280600 0.609600 0.423800
v 0.292100 0.609600 0.453300
v 0.308700 0.609600 0.480300
v 0.330100 0.609600 0.503700
v 0.355400 0.609600 0.522800
v 0.383800 0.609600 0.536900
v 0.414300 0.609600 0.545600
v 0.445800 0.609600 0.548500
v 0.477400 0.609600 0.545600
v 0.507900 0.609600 0.536900
v 0.536300 0.609600 0.522800
v 0.561600 0.609600 0.503700
v 0.582900 0.609600 0.480300
v 0.599600 0.609600 0.453300
v 0.611100 0.609600 0.423800
v 0.616900 0.609600 0.392600
v 0.616900 0.609600 0.360900
v 0.611100 0.609600 0.329700
v 0.599600 0.609600 0.300200
v 0.582900 0.609600 0.273200
v 0.561600 0.609600 0.249800
v 0.536300 0.609600 0.230700
v 0.507900 0.609600 0.216600
v 0.477400 0.609600 0.207900
v 0.445800 0.573300 0.156900
v 0.405400 0.573300 0.160600
v 0.366400 0.573300 0.171700
v 0.330100 0.573300 0.189800
v 0.297700 0.573300 0.214300
v 0.270400 0.573300 0.244300
v 0.249000 0.573300 0.278700
v 0.234400 0.573300 0.316600
v 0.226900 0.573300 0.356500
v 0.226900 0.573300 0.397000
v 0.234400 0.573300 0.436900
v 0.249000 0.573300 0.474700
v 0.270400 0.573300 0.509200
v 0.297700 0.573300 0.539200
v 0.330100 0.573300 0.563700
v 0.366400 0.573300 0.581800
v 0.405400 0.573300 0.592900
v 0.445800 0.573300 0.596600
v 0.486200 0.573300 0.592900
v 0.525300 0.573300 0.581800
v 0.561600 0.573300 0.563700
v 0.594000 0.573300 0.539200
v 0.621300 0.573300 0.509200
v 0.642600 0.573300 0.474700
v 0.657300 0.573300 0.436900
v 0.664800 0.573300 0.397000
v 0.664800 0.573300 0.356500
v 0.657300 0.573300 0.316600
v 0.642600 0.573300 0.278700
v 0.621300 0.573300 0.244300
v 0.594000 0.573300 0.214300
v 0.561600 0.573300 0.189800
v 0.525300 0.573300 0.171700
v 0.486200 0.573300 0.160600
v 0.445800 0.528800 0.116300
v 0.398000 0.528800 0.120800
v 0.351800 0.528800 0.133900
v 0.308700 0.528800 0.155300
v 0.270400 0.528800 0.184300
v 0.238000 0.528800 0.219800
v 0.212700 0.528800 0.260700
v 0.195400 0.528800 0.305500
v 0.186500 0.528800 0.352700
v 0.186500 0.528800 0.400800
v 0.195400 0.528800 0.448000
v 0.212700 0.528800 0.492800
v 0.238000 0.528800 0.533700
v 0.270400 0.528800 0.569200
v 0.308700 0.528800 0.598200
v 0.351800 0.528800 0.619600
v 0.398000 0.528800 0.632700
v 0.445800 0.528800 0.637200
v 0.493700 0.528800 0.632700
v 0.539900 0.528800 0.619600
v 0.582900 0.528800 0.598200
v 0.621300 0.528800 0.569200
v 0.653700 0.528800 0.533700
v 0.679000 0.528800 0.492800
v 0.696300 0.528800 0.448000
v 0.705200 0.528800 0.400800
v 0.705200 0.528800 0.352700
v 0.696300 0.528800 0.305500
v 0.679000 0.528800 0.260700
v 0.653700 0.528800 0.219800
v 0.621300 0.528800 0.184300
v 0.582900 0.528800 0.155300
v 0.539900 0.528800 0.133900
v 0.493700 0.528800 0.120800
v 0.445800 0.477600 0.084600
v 0.392200 0.477600 0.089600
v 0.340300 0.477600 0.104300
v 0.292100 0.477600 0.128400
v 0.249000 0.477600 0.160900
v 0.212700 0.477600 0.200700
v 0.184300 0.477600 0.246500
v 0.164900 0.477600 0.296800
v 0.155000 0.477600 0.349800
v 0.155000 0.477600 0.403700
v 0.164900 0.477600 0.456700
v 0.184300 0.477600 0.507000
v 0.212700 0.477600 0.552800
v 0.249000 0.477600 0.592600
v 0.292100 0.477600 0.625100
v 0.340300 0.477600 0.649100
v 0.392200 0.477600 0.663900
v 0.445800 0.477600 0.668900
v 0.499500 0.477600 0.663900
v 0.551400 0.477600 0.649100
v 0.599600 0.477600 0.625100
v 0.642600 0.477600 0.592600
v 0.679000 0.477600 0.552800
v 0.707300 0.477600 0.507000
v 0.726800 0.477600 0.456700
v 0.736700 0.477600 0.403700
v 0.736700 0.477600 0.349800
v 0.726800 0.477600 0.296800
v 0.707300 0.477600 0.246500
v 0.679000 0.477600 0.200700
v 0.642600 0.477600 0.160900
v 0.599600 0.477600 0.128400
v 0.551400 0.477600 0.104300
v 0.499500 0.477600 0.089600
v 0.445800 0.421400 0.062900
v 0.388200 0.421400 0.068200
v 0.332500 0.421400 0.084100
v 0.280600 0.421400 0.109900
v 0.234400 0.421400 0.144800
v 0.195400 0.421400 0.187600
v 0.164900 0.421400 0.236800
v 0.143900 0.421400 0.290800
v 0.133300 0.421400 0.347800
v 0.133300 0.421400 0.405700
v 0.143900 0.421400 0.462600
v 0.164900 0.421400 0.516700
v 0.195400 0.421400 0.565900
v 0.234400 0.421400 0.608700
v 0.280600 0.421400 0.643600
v 0.332500 0.421400 0.669400
v 0.388200 0.421400 0.685300
v 0.445800 0.421400 0.690600
v 0.503500 0.421400 0.685300
v 0.559200 0.421400 0.669400
v 0.611100 0.421400 0.643600
v 0.657300 0.421400 0.608700
v 0.696300 0.421400 0.565900
v 0.726800 0.421400 0.516700
v 0.747700 0.421400 0.462600
v 0.758400 0.421400 0.405700
v 0.758400 0.421400 0.347800
v 0.747700 0.421400 0.290800
v 0.726800 0.421400 0.236800
v 0.696300 0.421400 0.187600
v 0.657300 0.421400 0.144800
v 0.611100 0.421400 0.109900
v 0.559200 0.421400 0.084100
v 0.503500 0.421400 0.068200
v 0.445800 0.362200 0.051800
v 0.386100 0.362200 0.057300
v 0.328500 0.362200 0.073700
v 0.274800 0.362200 0.100500
v 0.226900 0.362200 0.136600
v 0.186500 0.362200 0.180900
v 0.155000 0.362200 0.231900
v 0.133300 0.362200 0.287800
v 0.122300 0.362200 0.346800
v 0.122300 0.362200 0.406700
v 0.133300 0.362200 0.465700
v 0.155000 0.362200 0.521600
v 0.186500 0.362200 0.572600
v 0.226900 0.362200 0.616900
v 0.274800 0.362200 0.653000
v 0.328500 0.362200 0.679700
v 0.386100 0.362200 0.696200
v 0.445800 0.362200 0.701700
v 0.505600 0.362200 0.696200
v 0.563200 0.362200 0.679700
v 0.616900 0.362200 0.653000
v 0.664800 0.362200 0.616900
v 0.705200 0.362200 0.572600
v 0.736700 0.362200 0.521600
v 0.758400 0.362200 0.465700
v 0.769400 0.362200 0.406700
v 0.769400 0.362200 0.346800
v 0.758400 0.362200 0.287800
v 0.736700 0.362200 0.231900
v 0.705200 0.362200 0.180900
v 0.664800 0.362200 0.136600
v 0.616900 0.362200 0.100500
v 0.563200 0.362200 0.073700
v 0.505600 0.362200 0.057300
v 0.445800 0.302000 0.051800
v 0.386100 0.302000 0.057300
v 0.328500 0.302000 0.073700
v 0.274800 0.302000 0.100500
v 0.226900 0.302000 0.136600
v 0.186500 0.302000 0.180900
v 0.155000 0.302000 0.231900
v 0.133300 0.302000 0.287800
v 0.122300 0.302000 0.346800
v 0.122300 0.302000 0.406700
v 0.133300 0.302000 0.465700
v 0.155000 0.302000 0.521600
v 0.186500 0.302000 0.572600
v 0.226900 0.302000 0.616900
v 0.274800 0.302000 0.653000
v 0.328500 0.302000 0.679700
v 0.386100 0.302000 0.696200
v 0.445800 0.302000 0.701700
v 0.505600 0.302000 0.696200
v 0.563200 0.302000 0.679700
v 0.616900 0.302000 0.653000
v 0.664800 0.302000 0.616900
v 0.705200 0.302000 0.572600
v 0.736700 0.302000 0.521600
v 0.758400 0.302000 0.465700
v 0.769400 0.302000 0.406700
v 0.769400 0.302000 0.346800
v 0.758400 0.302000 0.287800
v 0.736700 0.302000 0.231900
v 0.705200 0.302000 0.180900
v 0.664800 0.302000 0.136600
v 0.616900 0.302000 0.100500
v 0.563200 0.302000 0.073700
v 0.505600 0.302000 0.057300
v 0.445800 0.242800 0.062900
v 0.388200 0.242800 0.068200
v 0.332500 0.242800 0.084100
v 0.280600 0.242800 0.109900
v 0.234400 0.242800 0.144800
v 0.195400 0.242800 0.187600
v 0.164900 0.242800 0.236800
v 0.143900 0.242800 0.290800
v 0.133300 0.242800 0.347800
v 0.133300 0.242800 0.405700
v 0.143900 0.242800 0.462600
v 0.164900 0.242800 0.516700
v 0.195400 0.242800 0.565900
v 0.234400 0.242800 0.608700
v 0.280600 0.242800 0.643600
v 0.332500 0.242800 0.669400
v 0.388200 0.242800 0.685300
v 0.445800 0.242800 0.690600
v 0.503500 0.242800 0.685300
v 0.559200 0.242800 0.669400
v 0.611100 0.242800 0.643600
v 0.657300 0.242800 0.608700
v 0.696300 0.242800 0.565900
v 0.726800 0.242800 0.516700
v 0.747700 0.242800 0.462600
v 0.758400 0.242800 0.405700
v 0.758400 0.242800 0.347800
v 0.747700 0.242800 0.290800
v 0.726800 0.242800 0.236800
v 0.696300 0.242800 0.187600
v 0.657300 0.242800 0.144800
v 0.611100 0.242800 0.109900
v 0.559200 0.242800 0.084100
v 0.503500 0.242800 0.068200
v 0.445800 0.186600 0.084600
v 0.392200 0.186600 0.089600
v 0.340300 0.186600 0.104300
v 0.292100 0.186600 0.128400
v 0.249000 0.186600 0.160900
v 0.212700 0.186600 0.200700
v 0.184300 0.186600 0.246500
v 0.164900 0.186600 0.296800
v 0.155000 0.186600 0.349800
v 0.155000 0.186600 0.403700
v 0.164900 0.186600 0.456700
v 0.184300 0.186600 0.507000
v 0.212700 0.186600 0.552800
v 0.249000 0.186600 0.592600
v 0.292100 0.186600 0.625100
v 0.340300 0.186600 0.649100
v 0.392200 0.186600 0.663900
v 0.445800 0.186600 0.668900
v 0.499500 0.186600 0.663900
v 0.551400 0.186600 0.649100
v 0.599600 0.186600 0.625100
v 0.642600 0.186600 0.592600
v 0.679000 0.186600 0.552800
v 0.707300 0.186600 0.507000
v 0.726800 0.186600 0.456700
v 0.736700 0.186600 0.403700
v 0.736700 0.186600 0.349800
v 0.726800 0.186600 0.296800
v 0.707300 0.186600 0.246500
v 0.679000 0.186600 0.200700
v 0.642600 0.186600 0.160900
v 0.599600 0.186600 0.128400
v 0.551400 0.186600 0.104300
v 0.499500 0.186600 0.089600
v 0.445800 0.135400 0.116300
v 0.398000 0.135400 0.120800
v 0.351800 0.135400 0.133900
v 0.308700 0.135400 0.155300
v 0.270400 0.135400 0.184300
v 0.238000 0.135400 0.219800
v 0.212700 0.135400 0.260700
v 0.195400 0.135400 0.305500
v 0.186500 0.135400 0.352700
v 0.186500 0.135400 0.400800
v 0.195400 0.135400 0.448000
v 0.212700 0.135400 0.492800
v 0.238000 0.135400 0.533700
v 0.270400 0.135400 0.569200
v 0.308700 0.135400 0.598200
v 0.351800 0.135400 0.619600
v 0.398000 0.135400 0.632700
v 0.445800 0.135400 0.637200
v 0.493700 0.135400 0.632700
v 0.539900 0.135400 0.619600
v 0.582900 0.135400 0.598200
v 0.621300 0.135400 0.569200
v 0.653700 0.135400 0.533700
v 0.679000 0.135400 0.492800
v 0.696300 0.135400 0.448000
v 0.705200 0.135400 0.400800
v 0.705200 0.135400 0.352700
v 0.696300 0.135400 0.305500
v 0.679000 0.135400 0.260700
v 0.653700 0.135400 0.219800
v 0.621300 0.135400 0.184300
v 0.582900 0.135400 0.155300
v 0.539900 0.135400 0.133900
v 0.493700 0.135400 0.120800
v 0.445800 0.090900 0.156900
v 0.405400 0.090900 0.160600
v 0.366400 0.090900 0.171700
v 0.330100 0.090900 0.189800
v 0.297700 0.090900 0.214300
v 0.270400 0.090900 0.244300
v 0.249000 0.090900 0.278700
v 0.234400 0.090900 0.316600
v 0.226900 0.090900 0.356500
v 0.226900 0.090900 0.397000
v 0.234400 0.090900 0.436900
v 0.249000 0.090900 0.474700
v 0.270400 0.090900 0.509200
v 0.297700 0.090900 0.539200
v 0.330100 0.090900 0.563700
v 0.366400 0.090900 0.581800
v 0.405400 0.090900 0.592900
v 0.445800 0.090900 0.596600
v 0.486200 0.090900 0.592900
v 0.525300 0.090900 0.581800
v 0.561600 0.090900 0.563700
v 0.594000 0.090900 0.539200
v 0.621300 0.090900 0.509200
v 0.642600 0.090900 0.474700
v 0.657300 0.090900 0.436900
v 0.664800 0.090900 0.397000
v 0.664800 0.090900 0.356500
v 0.657300 0.090900 0.316600
v 0.642600 0.090900 0.278700
v 0.621300 0.090900 0.244300
v 0.594000 0.090900 0.214300
v 0.561600 0.090900 0.189800
v 0.525300 0.090900 0.171700
v 0.486200 0.090900 0.160600
v 0.445800 0.054600 0.204900
v 0.414300 0.054600 0.207900
v 0.383800 0.054600 0.216600
v 0.355400 0.054600 0.230700
v 0.330100 0.054600 0.249800
v 0.308700 0.054600 0.273200
v 0.292100 0.054600 0.300200
v 0.280600 0.054600 0.329700
v 0.274800 0.054600 0.360900
v 0.274800 0.054600 0.392600
v 0.280600 0.054600 0.423800
v 0.292100 0.054600 0.453300
v 0.308700 0.054600 0.480300
v 0.330100 0.054600 0.503700
v 0.355400 0.054600 0.522800
v 0.383800 0.054600 0.536900
v 0.414300 0.054600 0.545600
v 0.445800 0.054600 0.548500
v 0.477400 0.054600 0.545600
v 0.507900 0.054600 0.536900
v 0.536300 0.054600 0.522800
v 0.561600 0.054600 0.503700
v 0.582900 0.054600 0.480300
v 0.599600 0.054600 0.453300
v 0.611100 0.054600 0.423800
v 0.616900 0.054600 0.392600
v 0.616900 0.054600 0.360900
v 0.611100 0.054600 0.329700
v 0.599600 0.054600 0.300200
v 0.582900 0.054600 0.273200
v 0.561600 0.054600 0.249800
v 0.536300 0.054600 0.230700
v 0.507900 0.054600 0.216600
v 0.477400 0.054600 0.207900
v 0.445800 0.027800 0.258900
v 0.424200 0.027800 0.260900
v 0.403300 0.027800 0.266800
v 0.383800 0.027800 0.276500
v 0.366400 0.027800 0.289600
v 0.351800 0.027800 0.305700
v 0.340300 0.027800 0.324200
v 0.332500 0.027800 0.344500
v 0.328500 0.027800 0.365900
v 0.328500 0.027800 0.387600
v 0.332500 0.027800 0.409000
v 0.340300 0.027800 0.429300
v 0.351800 0.027800 0.447800
v 0.366400 0.027800 0.463900
v 0.383800 0.027800 0.477000
v 0.403300 0.027800 0.486700
v 0.424200 0.027800 0.492600
v 0.445800 0.027800 0.494600
v 0.467500 0.027800 0.492600
v 0.488400 0.027800 0.486700
v 0.507900 0.027800 0.477000
v 0.525300 0.027800 0.463900
v 0.539900 0.027800 0.447800
v 0.551400 0.027800 0.429300
v 0.559200 0.027800 0.409000
v 0.563200 0.027800 0.387600
v 0.563200 0.027800 0.365900
v 0.559200 0.027800 0.344500
v 0.551400 0.027800 0.324200
v 0.539900 0.027800 0.305700
v 0.525300 0.027800 0.289600
v 0.507900 0.027800 0.276500
v 0.488400 0.027800 0.266800
v 0.467500 0.027800 0.260900
v 0.445800 0.011300 0.316800
v 0.434800 0.011300 0.317800
v 0.424200 0.011300 0.320800
v 0.414300 0.011300 0.325800
v 0.405400 0.011300 0.332400
v 0.398000 0.011300 0.340600
v 0.392200 0.011300 0.350000
v 0.388200 0.011300 0.360300
v 0.386100 0.011300 0.371200
v 0.386100 0.011300 0.382300
v 0.388200 0.011300 0.393200
v 0.392200 0.011300 0.403500
v 0.398000 0.011300 0.412900
v 0.405400 0.011300 0.421100
v 0.414300 0.011300 0.427700
v 0.424200 0.011300 0.432700
v 0.434800 0.011300 0.435700
v 0.445800 0.011300 0.436700
v 0.456900 0.011300 0.435700
v 0.467500 0.011300 0.432700
v 0.477400 0.011300 0.427700
v 0.486200 0.011300 0.421100
v 0.493700 0.011300 0.412900
v 0.499500 0.011300 0.403500
v 0.503500 0.011300 0.393200
v 0.505600 0.011300 0.382300
v 0.505600 0.011300 0.371200
v 0.503500 0.011300 0.360300
v 0.499500 0.011300 0.350000
v 0.493700 0.011300 0.340600
v 0.486200 0.011300 0.332400
v 0.477400 0.011300 0.325800
v 0.467500 0.011300 0.320800
v 0.456900 0.011300 0.317800
v 0.445800 0.005800 0.376700
v 1.000000 -0.000000 -1.040000
v -0.990000 -0.000000 -1.040000
v -1.010000 0.000000 0.990000
v 1.000000 0.000000 0.990000
v 1.000000 1.590000 -1.040000
v 1.000000 1.590000 0.990000
v -1.020000 1.590000 0.990000
v -1.020000 1.590000 -1.040000
v 1.000000 1.590000 -1.040000
v -1.020000 1.590000 -1.040000
v -0.990000 -0.000000 -1.040000
v 1.000000 -0.000000 -1.040000
v 1.000000 1.590000 0.990000
v 1.000000 1.590000 -1.040000
v 1.000000 -0.000000 -1.040000
v 1.000000 0.000000 0.990000
v -1.020000 1.590000 -1.040000
v -1.020000 1.590000 0.990000
v -1.010000 0.000000 0.990000
v -0.990000 -0.000000 -1.040000
v 0.230000 1.580000 -0.220000
v 0.230000 1.580000 0.160000
v -0.240000 1.580000 0.160000
v -0.240000 1.580000 -0.220000
v -1.000000 0.200300 -1.020000
v -1.000000 0.221100 -0.979000
v -0.959100 0.223900 -0.979000
v -0.959100 0.210200 -1.020000
v -1.000000 0.234900 -0.938000
v -0.959100 0.222200 -0.938000
v -1.000000 0.221100 -0.897000
v -0.959100 0.198600 -0.897000
v -1.000000 0.200300 -0.856000
v -0.959100 0.178900 -0.856000
v -1.000000 0.184400 -0.815000
v -0.959100 0.165700 -0.815000
v -1.000000 0.182700 -0.774000
v -0.959100 0.162900 -0.774000
v -1.000000 0.194800 -0.733000
v -0.959100 0.172800 -0.733000
v -1.000000 0.200300 -0.692000
v -0.959100 0.178900 -0.692000
v -1.000000 0.194800 -0.651000
v -0.959100 0.175600 -0.651000
v -1.000000 0.182700 -0.610000
v -0.959100 0.165700 -0.610000
v -1.000000 0.184400 -0.569000
v -0.959100 0.168400 -0.569000
v -1.000000 0.200300 -0.528000
v -0.959100 0.184400 -0.528000
v -1.000000 0.215600 -0.487000
v -0.959100 0.200300 -0.487000
v -1.000000 0.217300 -0.446000
v -0.959100 0.200800 -0.446000
v -1.000000 0.205200 -0.405000
v -0.959100 0.186500 -0.405000
v -1.000000 0.200300 -0.364000
v -0.959100 0.178900 -0.364000
v -1.000000 0.194800 -0.323000
v -0.959100 0.173900 -0.323000
v -1.000000 0.182700 -0.282000
v -0.959100 0.170100 -0.282000
v -1.000000 0.184400 -0.241000
v -0.959100 0.181600 -0.241000
v -1.000000 0.200300 -0.200000
v -0.959100 0.200300 -0.200000
v -1.000000 0.215600 -0.159000
v -0.959100 0.214500 -0.159000
v -1.000000 0.217300 -0.118000
v -0.959100 0.211300 -0.118000
v -1.000000 0.205200 -0.077000
v -0.959100 0.193100 -0.077000
v -1.000000 0.200300 -0.036000
v -0.959100 0.184400 -0.036000
v -1.000000 0.194800 0.005000
v -0.959100 0.178300 0.005000
v -1.000000 0.182700 0.046000
v -0.959100 0.169500 0.046000
v -1.000000 0.184400 0.087000
v -0.959100 0.174500 0.087000
v -1.000000 0.200300 0.128000
v -0.959100 0.189800 0.128000
v -1.000000 0.215600 0.169000
v -0.959100 0.205800 0.169000
v -1.000000 0.217300 0.210000
v -0.959100 0.215600 0.210000
v -1.000000 0.205200 0.251000
v -0.959100 0.212900 0.251000
v -1.000000 0.200300 0.292000
v -0.959100 0.210200 0.292000
v -1.000000 0.194800 0.333000
v -0.959100 0.201400 0.333000
v -1.000000 0.182700 0.374000
v -0.959100 0.177200 0.374000
v -1.000000 0.184400 0.415000
v -0.959100 0.166200 0.415000
v -1.000000 0.200300 0.456000
v -0.959100 0.178900 0.456000
v -1.000000 0.221100 0.497000
v -0.959100 0.200800 0.497000
v -1.000000 0.234900 0.538000
v -0.959100 0.220600 0.538000
v -1.000000 0.221100 0.579000
v -0.959100 0.215600 0.579000
v -1.000000 0.200300 0.620000
v -0.959100 0.200300 0.620000
v -1.000000 0.189800 0.661000
v -0.959100 0.190400 0.661000
v -1.000000 0.200300 0.702000
v -0.959100 0.191500 0.702000
v -1.000000 0.210200 0.743000
v -0.959100 0.190900 0.743000
v -1.000000 0.200300 0.784000
v -0.959100 0.178900 0.784000
v -1.000000 0.184400 0.825000
v -0.959100 0.165700 0.825000
v -1.000000 0.182700 0.866000
v -0.959100 0.167900 0.866000
v -1.000000 0.194800 0.907000
v -0.959100 0.180500 0.907000
v -1.000000 0.200300 0.948000
v -0.959100 0.184400 0.948000
v -1.000000 0.205200 0.989000
v -0.959100 0.190400 0.989000
v -0.918200 0.196400 -0.979000
v -0.918200 0.200300 -1.020000
v -0.918200 0.182700 -0.938000
v -0.918200 0.168400 -0.897000
v -0.918200 0.165100 -0.856000
v -0.918200 0.162400 -0.815000
v -0.918200 0.156400 -0.774000
v -0.918200 0.156900 -0.733000
v -0.918200 0.165100 -0.692000
v -0.918200 0.169000 -0.651000
v -0.918200 0.165100 -0.610000
v -0.918200 0.167900 -0.569000
v -0.918200 0.182700 -0.528000
v -0.918200 0.199200 -0.487000
v -0.918200 0.200300 -0.446000
v -0.918200 0.180000 -0.405000
v -0.918200 0.165100 -0.364000
v -0.918200 0.155300 -0.323000
v -0.918200 0.156400 -0.282000
v -0.918200 0.177800 -0.241000
v -0.918200 0.200300 -0.200000
v -0.918200 0.216700 -0.159000
v -0.918200 0.217300 -0.118000
v -0.918200 0.197500 -0.077000
v -0.918200 0.182700 -0.036000
v -0.918200 0.173900 0.005000
v -0.918200 0.173900 0.046000
v -0.918200 0.187600 0.087000
v -0.918200 0.200300 0.128000
v -0.918200 0.208000 0.169000
v -0.918200 0.208500 0.210000
v -0.918200 0.202500 0.251000
v -0.918200 0.200300 0.292000
v -0.918200 0.190900 0.333000
v -0.918200 0.165100 0.374000
v -0.918200 0.153100 0.415000
v -0.918200 0.165100 0.456000
v -0.918200 0.184400 0.497000
v -0.918200 0.200300 0.538000
v -0.918200 0.201900 0.579000
v -0.918200 0.200300 0.620000
v -0.918200 0.199200 0.661000
v -0.918200 0.191500 0.702000
v -0.918200 0.176700 0.743000
v -0.918200 0.165100 0.784000
v -0.918200 0.161800 0.825000
v -0.918200 0.173900 0.866000
v -0.918200 0.186000 0.907000
v -0.918200 0.182700 0.948000
v -0.918200 0.179400 0.989000
v -0.877300 0.171700 -0.979000
v -0.877300 0.189800 -1.020000
v -0.877300 0.156400 -0.938000
v -0.877300 0.163500 -0.897000
v -0.877300 0.178900 -0.856000
v -0.877300 0.186500 -0.815000
v -0.877300 0.177200 -0.774000
v -0.877300 0.169000 -0.733000
v -0.877300 0.178900 -0.692000
v -0.877300 0.189300 -0.651000
v -0.877300 0.184900 -0.610000
v -0.877300 0.182200 -0.569000
v -0.877300 0.194800 -0.528000
v -0.877300 0.213500 -0.487000
v -0.877300 0.220000 -0.446000
v -0.877300 0.200300 -0.405000
v -0.877300 0.178900 -0.364000
v -0.877300 0.161300 -0.323000
v -0.877300 0.156400 -0.282000
v -0.877300 0.177200 -0.241000
v -0.877300 0.200300 -0.200000
v -0.877300 0.220000 -0.159000
v -0.877300 0.230500 -0.118000
v -0.877300 0.214500 -0.077000
v -0.877300 0.194800 -0.036000
v -0.877300 0.181600 0.005000
v -0.877300 0.184900 0.046000
v -0.877300 0.201900 0.087000
v -0.877300 0.210200 0.128000
v -0.877300 0.209600 0.169000
v -0.877300 0.201900 0.210000
v -0.877300 0.192600 0.251000
v -0.877300 0.189800 0.292000
v -0.877300 0.183300 0.333000
v -0.877300 0.166800 0.374000
v -0.877300 0.164000 0.415000
v -0.877300 0.178900 0.456000
v -0.877300 0.192600 0.497000
v -0.877300 0.193100 0.538000
v -0.877300 0.190900 0.579000
v -0.877300 0.200300 0.620000
v -0.877300 0.210700 0.661000
v -0.877300 0.205200 0.702000
v -0.877300 0.187100 0.743000
v -0.877300 0.178900 0.784000
v -0.877300 0.183800 0.825000
v -0.877300 0.200800 0.866000
v -0.877300 0.206300 0.907000
v -0.877300 0.194800 0.948000
v -0.877300 0.180500 0.989000
v -0.836400 0.178900 -0.979000
v -0.836400 0.200300 -1.020000
v -0.836400 0.165100 -0.938000
v -0.836400 0.178900 -0.897000
v -0.836400 0.200300 -0.856000
v -0.836400 0.210200 -0.815000
v -0.836400 0.200300 -0.774000
v -0.836400 0.189800 -0.733000
v -0.836400 0.200300 -0.692000
v -0.836400 0.210200 -0.651000
v -0.836400 0.200300 -0.610000
v -0.836400 0.189800 -0.569000
v -0.836400 0.200300 -0.528000
v -0.836400 0.221100 -0.487000
v -0.836400 0.234900 -0.446000
v -0.836400 0.221100 -0.405000
v -0.836400 0.200300 -0.364000
v -0.836400 0.178900 -0.323000
v -0.836400 0.165100 -0.282000
v -0.836400 0.178900 -0.241000
v -0.836400 0.200300 -0.200000
v -0.836400 0.221100 -0.159000
v -0.836400 0.234900 -0.118000
v -0.836400 0.221100 -0.077000
v -0.836400 0.200300 -0.036000
v -0.836400 0.184400 0.005000
v -0.836400 0.182700 0.046000
v -0.836400 0.194800 0.087000
v -0.836400 0.200300 0.128000
v -0.836400 0.200300 0.169000
v -0.836400 0.200300 0.210000
v -0.836400 0.200300 0.251000
v -0.836400 0.200300 0.292000
v -0.836400 0.194800 0.333000
v -0.836400 0.182700 0.374000
v -0.836400 0.184400 0.415000
v -0.836400 0.200300 0.456000
v -0.836400 0.210200 0.497000
v -0.836400 0.200300 0.538000
v -0.836400 0.189800 0.579000
v -0.836400 0.200300 0.620000
v -0.836400 0.215600 0.661000
v -0.836400 0.217300 0.702000
v -0.836400 0.205200 0.743000
v -0.836400 0.200300 0.784000
v -0.836400 0.205200 0.825000
v -0.836400 0.217300 0.866000
v -0.836400 0.215600 0.907000
v -0.836400 0.200300 0.948000
v -0.836400 0.184400 0.989000
v -0.795500 0.201900 -0.979000
v -0.795500 0.221100 -1.020000
v -0.795500 0.188700 -0.938000
v -0.795500 0.199200 -0.897000
v -0.795500 0.215600 -0.856000
v -0.795500 0.222800 -0.815000
v -0.795500 0.211300 -0.774000
v -0.795500 0.200800 -0.733000
v -0.795500 0.210200 -0.692000
v -0.795500 0.218900 -0.651000
v -0.795500 0.206900 -0.610000
v -0.795500 0.193700 -0.569000
v -0.795500 0.200300 -0.528000
v -0.795500 0.219500 -0.487000
v -0.795500 0.240400 -0.446000
v -0.795500 0.237100 -0.405000
v -0.795500 0.221100 -0.364000
v -0.795500 0.200300 -0.323000
v -0.795500 0.178300 -0.282000
v -0.795500 0.180000 -0.241000
v -0.795500 0.194800 -0.200000
v -0.795500 0.211800 -0.159000
v -0.795500 0.225000 -0.118000
v -0.795500 0.216200 -0.077000
v -0.795500 0.200300 -0.036000
v -0.795500 0.185500 0.005000
v -0.795500 0.175600 0.046000
v -0.795500 0.176700 0.087000
v -0.795500 0.178900 0.128000
v -0.795500 0.183300 0.169000
v -0.795500 0.199200 0.210000
v -0.795500 0.213500 0.251000
v -0.795500 0.215600 0.292000
v -0.795500 0.209600 0.333000
v -0.795500 0.200300 0.374000
v -0.795500 0.202500 0.415000
v -0.795500 0.215600 0.456000
v -0.795500 0.222800 0.497000
v -0.795500 0.210700 0.538000
v -0.795500 0.198600 0.579000
v -0.795500 0.205200 0.620000
v -0.795500 0.219500 0.661000
v -0.795500 0.226100 0.702000
v -0.795500 0.220600 0.743000
v -0.795500 0.215600 0.784000
v -0.795500 0.217300 0.825000
v -0.795500 0.222800 0.866000
v -0.795500 0.218400 0.907000
v -0.795500 0.205200 0.948000
v -0.795500 0.195300 0.989000
v -0.754600 0.225500 -0.979000
v -0.754600 0.234900 -1.020000
v -0.754600 0.217300 -0.938000
v -0.754600 0.216700 -0.897000
v -0.754600 0.217300 -0.856000
v -0.754600 0.212900 -0.815000
v -0.754600 0.200300 -0.774000
v -0.754600 0.194200 -0.733000
v -0.754600 0.200300 -0.692000
v -0.754600 0.208000 -0.651000
v -0.754600 0.208500 -0.610000
v -0.754600 0.202500 -0.569000
v -0.754600 0.200300 -0.528000
v -0.754600 0.206300 -0.487000
v -0.754600 0.226100 -0.446000
v -0.754600 0.239300 -0.405000
v -0.754600 0.234900 -0.364000
v -0.754600 0.221700 -0.323000
v -0.754600 0.200300 -0.282000
v -0.754600 0.185500 -0.241000
v -0.754600 0.182700 -0.200000
v -0.754600 0.184400 -0.159000
v -0.754600 0.191500 -0.118000
v -0.754600 0.198100 -0.077000
v -0.754600 0.200300 -0.036000
v -0.754600 0.196400 0.005000
v -0.754600 0.182700 0.046000
v -0.754600 0.168400 0.087000
v -0.754600 0.165100 0.128000
v -0.754600 0.173400 0.169000
v -0.754600 0.200300 0.210000
v -0.754600 0.220000 0.251000
v -0.754600 0.217300 0.292000
v -0.754600 0.209600 0.333000
v -0.754600 0.208500 0.374000
v -0.754600 0.214500 0.415000
v -0.754600 0.217300 0.456000
v -0.754600 0.217300 0.497000
v -0.754600 0.217300 0.538000
v -0.754600 0.217300 0.579000
v -0.754600 0.217300 0.620000
v -0.754600 0.220000 0.661000
v -0.754600 0.226100 0.702000
v -0.754600 0.225500 0.743000
v -0.754600 0.217300 0.784000
v -0.754600 0.209600 0.825000
v -0.754600 0.208500 0.866000
v -0.754600 0.214500 0.907000
v -0.754600 0.217300 0.948000
v -0.754600 0.222200 0.989000
v -0.713700 0.222200 -0.979000
v -0.713700 0.221100 -1.020000
v -0.713700 0.225500 -0.938000
v -0.713700 0.218900 -0.897000
v -0.713700 0.205200 -0.856000
v -0.713700 0.190900 -0.815000
v -0.713700 0.182200 -0.774000
v -0.713700 0.185500 -0.733000
v -0.713700 0.189800 -0.692000
v -0.713700 0.197000 -0.651000
v -0.713700 0.210700 -0.610000
v -0.713700 0.211800 -0.569000
v -0.713700 0.200300 -0.528000
v -0.713700 0.190400 -0.487000
v -0.713700 0.198600 -0.446000
v -0.713700 0.216200 -0.405000
v -0.713700 0.221100 -0.364000
v -0.713700 0.220000 -0.323000
v -0.713700 0.214500 -0.282000
v -0.713700 0.200300 -0.241000
v -0.713700 0.184400 -0.200000
v -0.713700 0.169000 -0.159000
v -0.713700 0.164600 -0.118000
v -0.713700 0.181600 -0.077000
v -0.713700 0.200300 -0.036000
v -0.713700 0.210200 0.005000
v -0.713700 0.203600 0.046000
v -0.713700 0.185500 0.087000
v -0.713700 0.178900 0.128000
v -0.713700 0.186500 0.169000
v -0.713700 0.208000 0.210000
v -0.713700 0.216700 0.251000
v -0.713700 0.205200 0.292000
v -0.713700 0.195900 0.333000
v -0.713700 0.203600 0.374000
v -0.713700 0.212900 0.415000
v -0.713700 0.205200 0.456000
v -0.713700 0.198600 0.497000
v -0.713700 0.210700 0.538000
v -0.713700 0.222800 0.579000
v -0.713700 0.215600 0.620000
v -0.713700 0.206900 0.661000
v -0.713700 0.212400 0.702000
v -0.713700 0.216200 0.743000
v -0.713700 0.205200 0.784000
v -0.713700 0.188200 0.825000
v -0.713700 0.181100 0.866000
v -0.713700 0.197500 0.907000
v -0.713700 0.215600 0.948000
v -0.713700 0.233800 0.989000
v -0.672800 0.205200 -0.979000
v -0.672800 0.200300 -1.020000
v -0.672800 0.217300 -0.938000
v -0.672800 0.215600 -0.897000
v -0.672800 0.200300 -0.856000
v -0.672800 0.184400 -0.815000
v -0.672800 0.182700 -0.774000
v -0.672800 0.194800 -0.733000
v -0.672800 0.200300 -0.692000
v -0.672800 0.205200 -0.651000
v -0.672800 0.217300 -0.610000
v -0.672800 0.215600 -0.569000
v -0.672800 0.200300 -0.528000
v -0.672800 0.184400 -0.487000
v -0.672800 0.182700 -0.446000
v -0.672800 0.194800 -0.405000
v -0.672800 0.200300 -0.364000
v -0.672800 0.205200 -0.323000
v -0.672800 0.217300 -0.282000
v -0.672800 0.215600 -0.241000
v -0.672800 0.200300 -0.200000
v -0.672800 0.178900 -0.159000
v -0.672800 0.165100 -0.118000
v -0.672800 0.178900 -0.077000
v -0.672800 0.200300 -0.036000
v -0.672800 0.215600 0.005000
v -0.672800 0.217300 0.046000
v -0.672800 0.205200 0.087000
v -0.672800 0.200300 0.128000
v -0.672800 0.205200 0.169000
v -0.672800 0.217300 0.210000
v -0.672800 0.215600 0.251000
v -0.672800 0.200300 0.292000
v -0.672800 0.189800 0.333000
v -0.672800 0.200300 0.374000
v -0.672800 0.210200 0.415000
v -0.672800 0.200300 0.456000
v -0.672800 0.189800 0.497000
v -0.672800 0.200300 0.538000
v -0.672800 0.210200 0.579000
v -0.672800 0.200300 0.620000
v -0.672800 0.189800 0.661000
v -0.672800 0.200300 0.702000
v -0.672800 0.210200 0.743000
v -0.672800 0.200300 0.784000
v -0.672800 0.178900 0.825000
v -0.672800 0.165100 0.866000
v -0.672800 0.178900 0.907000
v -0.672800 0.200300 0.948000
v -0.672800 0.221100 0.989000
v -0.631900 0.195300 -0.979000
v -0.631900 0.189800 -1.020000
v -0.631900 0.208000 -0.938000
v -0.631900 0.208000 -0.897000
v -0.631900 0.194800 -0.856000
v -0.631900 0.183300 -0.815000
v -0.631900 0.191500 -0.774000
v -0.631900 0.210200 -0.733000
v -0.631900 0.215600 -0.692000
v -0.631900 0.217800 -0.651000
v -0.631900 0.223300 -0.610000
v -0.631900 0.216700 -0.569000
v -0.631900 0.200300 -0.528000
v -0.631900 0.182700 -0.487000
v -0.631900 0.175600 -0.446000
v -0.631900 0.183800 -0.405000
v -0.631900 0.189800 -0.364000
v -0.631900 0.199700 -0.323000
v -0.631900 0.222800 -0.282000
v -0.631900 0.232700 -0.241000
v -0.631900 0.221100 -0.200000
v -0.631900 0.200800 -0.159000
v -0.631900 0.181100 -0.118000
v -0.631900 0.184900 -0.077000
v -0.631900 0.200300 -0.036000
v -0.631900 0.213500 0.005000
v -0.631900 0.218900 0.046000
v -0.631900 0.213500 0.087000
v -0.631900 0.210200 0.128000
v -0.631900 0.213500 0.169000
v -0.631900 0.218900 0.210000
v -0.631900 0.213500 0.251000
v -0.631900 0.200300 0.292000
v -0.631900 0.193100 0.333000
v -0.631900 0.204700 0.374000
v -0.631900 0.214500 0.415000
v -0.631900 0.205200 0.456000
v -0.631900 0.194800 0.497000
v -0.631900 0.197500 0.538000
v -0.631900 0.200800 0.579000
v -0.631900 0.189800 0.620000
v -0.631900 0.181100 0.661000
v -0.631900 0.193100 0.702000
v -0.631900 0.206300 0.743000
v -0.631900 0.200300 0.784000
v -0.631900 0.180500 0.825000
v -0.631900 0.160700 0.866000
v -0.631900 0.165700 0.907000
v -0.631900 0.184400 0.948000
v -0.631900 0.204700 0.989000
v -0.591000 0.200800 -0.979000
v -0.591000 0.200300 -1.020000
v -0.591000 0.200300 -0.938000
v -0.591000 0.192000 -0.897000
v -0.591000 0.182700 -0.856000
v -0.591000 0.181100 -0.815000
v -0.591000 0.200300 -0.774000
v -0.591000 0.218900 -0.733000
v -0.591000 0.217300 -0.692000
v -0.591000 0.213500 -0.651000
v -0.591000 0.217300 -0.610000
v -0.591000 0.214500 -0.569000
v -0.591000 0.200300 -0.528000
v -0.591000 0.181600 -0.487000
v -0.591000 0.173900 -0.446000
v -0.591000 0.186500 -0.405000
v -0.591000 0.200300 -0.364000
v -0.591000 0.214000 -0.323000
v -0.591000 0.234900 -0.282000
v -0.591000 0.242000 -0.241000
v -0.591000 0.234900 -0.200000
v -0.591000 0.223300 -0.159000
v -0.591000 0.208500 -0.118000
v -0.591000 0.200800 -0.077000
v -0.591000 0.200300 -0.036000
v -0.591000 0.200300 0.005000
v -0.591000 0.200300 0.046000
v -0.591000 0.200300 0.087000
v -0.591000 0.200300 0.128000
v -0.591000 0.200300 0.169000
v -0.591000 0.200300 0.210000
v -0.591000 0.200300 0.251000
v -0.591000 0.200300 0.292000
v -0.591000 0.204700 0.333000
v -0.591000 0.217300 0.374000
v -0.591000 0.223300 0.415000
v -0.591000 0.217300 0.456000
v -0.591000 0.210700 0.497000
v -0.591000 0.208500 0.538000
v -0.591000 0.206900 0.579000
v -0.591000 0.200300 0.620000
v -0.591000 0.192000 0.661000
v -0.591000 0.191500 0.702000
v -0.591000 0.197500 0.743000
v -0.591000 0.200300 0.784000
v -0.591000 0.192600 0.825000
v -0.591000 0.173900 0.866000
v -0.591000 0.168400 0.907000
v -0.591000 0.182700 0.948000
v -0.591000 0.200300 0.989000
v -0.550100 0.208000 -0.979000
v -0.550100 0.210200 -1.020000
v -0.550100 0.199200 -0.938000
v -0.550100 0.188700 -0.897000
v -0.550100 0.184400 -0.856000
v -0.550100 0.189800 -0.815000
v -0.550100 0.208500 -0.774000
v -0.550100 0.216700 -0.733000
v -0.550100 0.205200 -0.692000
v -0.550100 0.196400 -0.651000
v -0.550100 0.204700 -0.610000
v -0.550100 0.211300 -0.569000
v -0.550100 0.200300 -0.528000
v -0.550100 0.180500 -0.487000
v -0.550100 0.171700 -0.446000
v -0.550100 0.189800 -0.405000
v -0.550100 0.210200 -0.364000
v -0.550100 0.226100 -0.323000
v -0.550100 0.233200 -0.282000
v -0.550100 0.226600 -0.241000
v -0.550100 0.221100 -0.200000
v -0.550100 0.221700 -0.159000
v -0.550100 0.222800 -0.118000
v -0.550100 0.214000 -0.077000
v -0.550100 0.200300 -0.036000
v -0.550100 0.186500 0.005000
v -0.550100 0.181100 0.046000
v -0.550100 0.186500 0.087000
v -0.550100 0.189800 0.128000
v -0.550100 0.186500 0.169000
v -0.550100 0.181100 0.210000
v -0.550100 0.186500 0.251000
v -0.550100 0.200300 0.292000
v -0.550100 0.214500 0.333000
v -0.550100 0.223300 0.374000
v -0.550100 0.220000 0.415000
v -0.550100 0.215600 0.456000
v -0.550100 0.214000 0.497000
v -0.550100 0.212900 0.538000
v -0.550100 0.211800 0.579000
v -0.550100 0.210200 0.620000
v -0.550100 0.203000 0.661000
v -0.550100 0.189300 0.702000
v -0.550100 0.188200 0.743000
v -0.550100 0.200300 0.784000
v -0.550100 0.206300 0.825000
v -0.550100 0.193700 0.866000
v -0.550100 0.183800 0.907000
v -0.550100 0.194800 0.948000
v -0.550100 0.207400 0.989000
v -0.509200 0.200300 -0.979000
v -0.509200 0.200300 -1.020000
v -0.509200 0.200300 -0.938000
v -0.509200 0.200300 -0.897000
v -0.509200 0.200300 -0.856000
v -0.509200 0.205200 -0.815000
v -0.509200 0.217300 -0.774000
v -0.509200 0.215600 -0.733000
v -0.509200 0.200300 -0.692000
v -0.509200 0.189800 -0.651000
v -0.509200 0.200300 -0.610000
v -0.509200 0.210200 -0.569000
v -0.509200 0.200300 -0.528000
v -0.509200 0.178900 -0.487000
v -0.509200 0.165100 -0.446000
v -0.509200 0.178900 -0.405000
v -0.509200 0.200300 -0.364000
v -0.509200 0.215600 -0.323000
v -0.509200 0.217300 -0.282000
v -0.509200 0.205200 -0.241000
v -0.509200 0.200300 -0.200000
v -0.509200 0.205200 -0.159000
v -0.509200 0.217300 -0.118000
v -0.509200 0.215600 -0.077000
v -0.509200 0.200300 -0.036000
v -0.509200 0.184400 0.005000
v -0.509200 0.182700 0.046000
v -0.509200 0.194800 0.087000
v -0.509200 0.200300 0.128000
v -0.509200 0.194800 0.169000
v -0.509200 0.182700 0.210000
v -0.509200 0.184400 0.251000
v -0.509200 0.200300 0.292000
v -0.509200 0.215600 0.333000
v -0.509200 0.217300 0.374000
v -0.509200 0.205200 0.415000
v -0.509200 0.200300 0.456000
v -0.509200 0.200300 0.497000
v -0.509200 0.200300 0.538000
v -0.509200 0.200300 0.579000
v -0.509200 0.200300 0.620000
v -0.509200 0.194800 0.661000
v -0.509200 0.182700 0.702000
v -0.509200 0.184400 0.743000
v -0.509200 0.200300 0.784000
v -0.509200 0.210200 0.825000
v -0.509200 0.200300 0.866000
v -0.509200 0.189800 0.907000
v -0.509200 0.200300 0.948000
v -0.509200 0.210200 0.989000
v -0.468300 0.189800 -0.979000
v -0.468300 0.184400 -1.020000
v -0.468300 0.204700 -0.938000
v -0.468300 0.217800 -0.897000
v -0.468300 0.221100 -0.856000
v -0.468300 0.223300 -0.815000
v -0.468300 0.224400 -0.774000
v -0.468300 0.214500 -0.733000
v -0.468300 0.200300 -0.692000
v -0.468300 0.192000 -0.651000
v -0.468300 0.199200 -0.610000
v -0.468300 0.204700 -0.569000
v -0.468300 0.194800 -0.528000
v -0.468300 0.175000 -0.487000
v -0.468300 0.160700 -0.446000
v -0.468300 0.171200 -0.405000
v -0.468300 0.189800 -0.364000
v -0.468300 0.203600 -0.323000
v -0.468300 0.205200 -0.282000
v -0.468300 0.194800 -0.241000
v -0.468300 0.189800 -0.200000
v -0.468300 0.195300 -0.159000
v -0.468300 0.208000 -0.118000
v -0.468300 0.208000 -0.077000
v -0.468300 0.194800 -0.036000
v -0.468300 0.183800 0.005000
v -0.468300 0.194200 0.046000
v -0.468300 0.215100 0.087000
v -0.468300 0.221100 0.128000
v -0.468300 0.211800 0.169000
v -0.468300 0.191500 0.210000
v -0.468300 0.186000 0.251000
v -0.468300 0.200300 0.292000
v -0.468300 0.213500 0.333000
v -0.468300 0.206900 0.374000
v -0.468300 0.186500 0.415000
v -0.468300 0.178900 0.456000
v -0.468300 0.178300 0.497000
v -0.468300 0.177200 0.538000
v -0.468300 0.177200 0.579000
v -0.468300 0.178900 0.620000
v -0.468300 0.178900 0.661000
v -0.468300 0.180000 0.702000
v -0.468300 0.190900 0.743000
v -0.468300 0.205200 0.784000
v -0.468300 0.211800 0.825000
v -0.468300 0.198100 0.866000
v -0.468300 0.186000 0.907000
v -0.468300 0.194800 0.948000
v -0.468300 0.201900 0.989000
v -0.427400 0.195900 -0.979000
v -0.427400 0.182700 -1.020000
v -0.427400 0.217300 -0.938000
v -0.427400 0.232100 -0.897000
v -0.427400 0.234900 -0.856000
v -0.427400 0.231600 -0.815000
v -0.427400 0.217300 -0.774000
v -0.427400 0.203600 -0.733000
v -0.427400 0.200300 -0.692000
v -0.427400 0.200800 -0.651000
v -0.427400 0.200300 -0.610000
v -0.427400 0.192000 -0.569000
v -0.427400 0.182700 -0.528000
v -0.427400 0.173900 -0.487000
v -0.427400 0.173900 -0.446000
v -0.427400 0.187600 -0.405000
v -0.427400 0.200300 -0.364000
v -0.427400 0.208000 -0.323000
v -0.427400 0.208500 -0.282000
v -0.427400 0.202500 -0.241000
v -0.427400 0.200300 -0.200000
v -0.427400 0.200800 -0.159000
v -0.427400 0.200300 -0.118000
v -0.427400 0.192000 -0.077000
v -0.427400 0.182700 -0.036000
v -0.427400 0.182700 0.005000
v -0.427400 0.208500 0.046000
v -0.427400 0.234900 0.087000
v -0.427400 0.234900 0.128000
v -0.427400 0.217800 0.169000
v -0.427400 0.191500 0.210000
v -0.427400 0.185500 0.251000
v -0.427400 0.200300 0.292000
v -0.427400 0.211800 0.333000
v -0.427400 0.200300 0.374000
v -0.427400 0.173900 0.415000
v -0.427400 0.165100 0.456000
v -0.427400 0.162400 0.497000
v -0.427400 0.156400 0.538000
v -0.427400 0.156900 0.579000
v -0.427400 0.165100 0.620000
v -0.427400 0.178300 0.661000
v -0.427400 0.200300 0.702000
v -0.427400 0.214500 0.743000
v -0.427400 0.217300 0.784000
v -0.427400 0.211300 0.825000
v -0.427400 0.191500 0.866000
v -0.427400 0.178300 0.907000
v -0.427400 0.182700 0.948000
v -0.427400 0.184900 0.989000
v -0.386500 0.211300 -0.979000
v -0.386500 0.194800 -1.020000
v -0.386500 0.223300 -0.938000
v -0.386500 0.223300 -0.897000
v -0.386500 0.221100 -0.856000
v -0.386500 0.214500 -0.815000
v -0.386500 0.196400 -0.774000
v -0.386500 0.189800 -0.733000
v -0.386500 0.200300 -0.692000
v -0.386500 0.211300 -0.651000
v -0.386500 0.208000 -0.610000
v -0.386500 0.192000 -0.569000
v -0.386500 0.184400 -0.528000
v -0.386500 0.184900 -0.487000
v -0.386500 0.193700 -0.446000
v -0.386500 0.205200 -0.405000
v -0.386500 0.210200 -0.364000
v -0.386500 0.211800 -0.323000
v -0.386500 0.211800 -0.282000
v -0.386500 0.210700 -0.241000
v -0.386500 0.210200 -0.200000
v -0.386500 0.208000 -0.159000
v -0.386500 0.199200 -0.118000
v -0.386500 0.188700 -0.077000
v -0.386500 0.184400 -0.036000
v -0.386500 0.191500 0.005000
v -0.386500 0.216700 0.046000
v -0.386500 0.231000 0.087000
v -0.386500 0.221100 0.128000
v -0.386500 0.199200 0.169000
v -0.386500 0.177200 0.210000
v -0.386500 0.181600 0.251000
v -0.386500 0.200300 0.292000
v -0.386500 0.213500 0.333000
v -0.386500 0.206900 0.374000
v -0.386500 0.186500 0.415000
v -0.386500 0.178900 0.456000
v -0.386500 0.173900 0.497000
v -0.386500 0.162900 0.538000
v -0.386500 0.164600 0.579000
v -0.386500 0.178900 0.620000
v -0.386500 0.200800 0.661000
v -0.386500 0.226600 0.702000
v -0.386500 0.229400 0.743000
v -0.386500 0.215600 0.784000
v -0.386500 0.199200 0.825000
v -0.386500 0.184400 0.866000
v -0.386500 0.181600 0.907000
v -0.386500 0.184400 0.948000
v -0.386500 0.181600 0.989000
v -0.345600 0.215600 -0.979000
v -0.345600 0.200300 -1.020000
v -0.345600 0.217300 -0.938000
v -0.345600 0.205200 -0.897000
v -0.345600 0.200300 -0.856000
v -0.345600 0.194800 -0.815000
v -0.345600 0.182700 -0.774000
v -0.345600 0.184400 -0.733000
v -0.345600 0.200300 -0.692000
v -0.345600 0.215600 -0.651000
v -0.345600 0.217300 -0.610000
v -0.345600 0.205200 -0.569000
v -0.345600 0.200300 -0.528000
v -0.345600 0.200300 -0.487000
v -0.345600 0.200300 -0.446000
v -0.345600 0.200300 -0.405000
v -0.345600 0.200300 -0.364000
v -0.345600 0.200300 -0.323000
v -0.345600 0.200300 -0.282000
v -0.345600 0.200300 -0.241000
v -0.345600 0.200300 -0.200000
v -0.345600 0.200300 -0.159000
v -0.345600 0.200300 -0.118000
v -0.345600 0.200300 -0.077000
v -0.345600 0.200300 -0.036000
v -0.345600 0.205200 0.005000
v -0.345600 0.217300 0.046000
v -0.345600 0.215600 0.087000
v -0.345600 0.200300 0.128000
v -0.345600 0.178900 0.169000
v -0.345600 0.165100 0.210000
v -0.345600 0.178900 0.251000
v -0.345600 0.200300 0.292000
v -0.345600 0.215600 0.333000
v -0.345600 0.217300 0.374000
v -0.345600 0.205200 0.415000
v -0.345600 0.200300 0.456000
v -0.345600 0.194800 0.497000
v -0.345600 0.182700 0.538000
v -0.345600 0.184400 0.579000
v -0.345600 0.200300 0.620000
v -0.345600 0.221100 0.661000
v -0.345600 0.234900 0.702000
v -0.345600 0.221100 0.743000
v -0.345600 0.200300 0.784000
v -0.345600 0.184400 0.825000
v -0.345600 0.182700 0.866000
v -0.345600 0.194800 0.907000
v -0.345600 0.200300 0.948000
v -0.345600 0.194800 0.989000
v -0.304700 0.208500 -0.979000
v -0.304700 0.194800 -1.020000
v -0.304700 0.204100 -0.938000
v -0.304700 0.186000 -0.897000
v -0.304700 0.178900 -0.856000
v -0.304700 0.175600 -0.815000
v -0.304700 0.171200 -0.774000
v -0.304700 0.178900 -0.733000
v -0.304700 0.194800 -0.692000
v -0.304700 0.211300 -0.651000
v -0.304700 0.223300 -0.610000
v -0.304700 0.223300 -0.569000
v -0.304700 0.221100 -0.528000
v -0.304700 0.216700 -0.487000
v -0.304700 0.200800 -0.446000
v -0.304700 0.186500 -0.405000
v -0.304700 0.184400 -0.364000
v -0.304700 0.185500 -0.323000
v -0.304700 0.183300 -0.282000
v -0.304700 0.180000 -0.241000
v -0.304700 0.178900 -0.200000
v -0.304700 0.182200 -0.159000
v -0.304700 0.195300 -0.118000
v -0.304700 0.210200 -0.077000
v -0.304700 0.215600 -0.036000
v -0.304700 0.219500 0.005000
v -0.304700 0.219500 0.046000
v -0.304700 0.203600 0.087000
v -0.304700 0.184400 0.128000
v -0.304700 0.164000 0.169000
v -0.304700 0.154700 0.210000
v -0.304700 0.172300 0.251000
v -0.304700 0.194800 0.292000
v -0.304700 0.212400 0.333000
v -0.304700 0.221700 0.374000
v -0.304700 0.215600 0.415000
v -0.304700 0.210200 0.456000
v -0.304700 0.204700 0.497000
v -0.304700 0.198100 0.538000
v -0.304700 0.205200 0.579000
v -0.304700 0.221100 0.620000
v -0.304700 0.237100 0.661000
v -0.304700 0.236000 0.702000
v -0.304700 0.208500 0.743000
v -0.304700 0.184400 0.784000
v -0.304700 0.171200 0.825000
v -0.304700 0.180000 0.866000
v -0.304700 0.201900 0.907000
v -0.304700 0.210200 0.948000
v -0.304700 0.203600 0.989000
v -0.263800 0.196400 -0.979000
v -0.263800 0.182700 -1.020000
v -0.263800 0.191500 -0.938000
v -0.263800 0.172300 -0.897000
v -0.263800 0.165100 -0.856000
v -0.263800 0.164000 -0.815000
v -0.263800 0.165100 -0.774000
v -0.263800 0.172800 -0.733000
v -0.263800 0.182700 -0.692000
v -0.263800 0.195900 -0.651000
v -0.263800 0.217300 -0.610000
v -0.263800 0.232100 -0.569000
v -0.263800 0.234900 -0.528000
v -0.263800 0.226600 -0.487000
v -0.263800 0.200300 -0.446000
v -0.263800 0.180000 -0.405000
v -0.263800 0.182700 -0.364000
v -0.263800 0.188700 -0.323000
v -0.263800 0.182700 -0.282000
v -0.263800 0.169500 -0.241000
v -0.263800 0.165100 -0.200000
v -0.263800 0.167900 -0.159000
v -0.263800 0.182700 -0.118000
v -0.263800 0.204100 -0.077000
v -0.263800 0.217300 -0.036000
v -0.263800 0.227200 0.005000
v -0.263800 0.226100 0.046000
v -0.263800 0.204700 0.087000
v -0.263800 0.182700 0.128000
v -0.263800 0.161300 0.169000
v -0.263800 0.147600 0.210000
v -0.263800 0.161300 0.251000
v -0.263800 0.182700 0.292000
v -0.263800 0.202500 0.333000
v -0.263800 0.217300 0.374000
v -0.263800 0.211300 0.415000
v -0.263800 0.200300 0.456000
v -0.263800 0.193100 0.497000
v -0.263800 0.200300 0.538000
v -0.263800 0.220600 0.579000
v -0.263800 0.234900 0.620000
v -0.263800 0.243100 0.661000
v -0.263800 0.234900 0.702000
v -0.263800 0.206300 0.743000
v -0.263800 0.182700 0.784000
v -0.263800 0.168400 0.825000
v -0.263800 0.173900 0.866000
v -0.263800 0.192600 0.907000
v -0.263800 0.200300 0.948000
v -0.263800 0.194800 0.989000
v -0.222900 0.199200 -0.979000
v -0.222900 0.184400 -1.020000
v -0.222900 0.199200 -0.938000
v -0.222900 0.184900 -0.897000
v -0.222900 0.178900 -0.856000
v -0.222900 0.178900 -0.815000
v -0.222900 0.180000 -0.774000
v -0.222900 0.182200 -0.733000
v -0.222900 0.184400 -0.692000
v -0.222900 0.189800 -0.651000
v -0.222900 0.204700 -0.610000
v -0.222900 0.217800 -0.569000
v -0.222900 0.221100 -0.528000
v -0.222900 0.213500 -0.487000
v -0.222900 0.192000 -0.446000
v -0.222900 0.183300 -0.405000
v -0.222900 0.194800 -0.364000
v -0.222900 0.206900 -0.323000
v -0.222900 0.202500 -0.282000
v -0.222900 0.185500 -0.241000
v -0.222900 0.178900 -0.200000
v -0.222900 0.176700 -0.159000
v -0.222900 0.176700 -0.118000
v -0.222900 0.188700 -0.077000
v -0.222900 0.205200 -0.036000
v -0.222900 0.223900 0.005000
v -0.222900 0.233200 0.046000
v -0.222900 0.216200 0.087000
v -0.222900 0.194800 0.128000
v -0.222900 0.172300 0.169000
v -0.222900 0.154700 0.210000
v -0.222900 0.164000 0.251000
v -0.222900 0.184400 0.292000
v -0.222900 0.205200 0.333000
v -0.222900 0.220000 0.374000
v -0.222900 0.208500 0.415000
v -0.222900 0.189800 0.456000
v -0.222900 0.178300 0.497000
v -0.222900 0.188200 0.538000
v -0.222900 0.211300 0.579000
v -0.222900 0.221100 0.620000
v -0.222900 0.225500 0.661000
v -0.222900 0.227200 0.702000
v -0.222900 0.213500 0.743000
v -0.222900 0.194800 0.784000
v -0.222900 0.178300 0.825000
v -0.222900 0.174500 0.866000
v -0.222900 0.184900 0.907000
v -0.222900 0.189800 0.948000
v -0.222900 0.185500 0.989000
v -0.182000 0.215600 -0.979000
v -0.182000 0.200300 -1.020000
v -0.182000 0.217300 -0.938000
v -0.182000 0.205200 -0.897000
v -0.182000 0.200300 -0.856000
v -0.182000 0.200300 -0.815000
v -0.182000 0.200300 -0.774000
v -0.182000 0.200300 -0.733000
v -0.182000 0.200300 -0.692000
v -0.182000 0.200300 -0.651000
v -0.182000 0.200300 -0.610000
v -0.182000 0.200300 -0.569000
v -0.182000 0.200300 -0.528000
v -0.182000 0.194800 -0.487000
v -0.182000 0.182700 -0.446000
v -0.182000 0.184400 -0.405000
v -0.182000 0.200300 -0.364000
v -0.182000 0.215600 -0.323000
v -0.182000 0.217300 -0.282000
v -0.182000 0.205200 -0.241000
v -0.182000 0.200300 -0.200000
v -0.182000 0.194800 -0.159000
v -0.182000 0.182700 -0.118000
v -0.182000 0.184400 -0.077000
v -0.182000 0.200300 -0.036000
v -0.182000 0.221100 0.005000
v -0.182000 0.234900 0.046000
v -0.182000 0.221100 0.087000
v -0.182000 0.200300 0.128000
v -0.182000 0.178900 0.169000
v -0.182000 0.165100 0.210000
v -0.182000 0.178900 0.251000
v -0.182000 0.200300 0.292000
v -0.182000 0.221100 0.333000
v -0.182000 0.234900 0.374000
v -0.182000 0.221100 0.415000
v -0.182000 0.200300 0.456000
v -0.182000 0.184400 0.497000
v -0.182000 0.182700 0.538000
v -0.182000 0.194800 0.579000
v -0.182000 0.200300 0.620000
v -0.182000 0.205200 0.661000
v -0.182000 0.217300 0.702000
v -0.182000 0.215600 0.743000
v -0.182000 0.200300 0.784000
v -0.182000 0.184400 0.825000
v -0.182000 0.182700 0.866000
v -0.182000 0.194800 0.907000
v -0.182000 0.200300 0.948000
v -0.182000 0.194800 0.989000
v -0.141100 0.234300 -0.979000
v -0.141100 0.221100 -1.020000
v -0.141100 0.231600 -0.938000
v -0.141100 0.216200 -0.897000
v -0.141100 0.210200 -0.856000
v -0.141100 0.211800 -0.815000
v -0.141100 0.217300 -0.774000
v -0.141100 0.221700 -0.733000
v -0.141100 0.221100 -0.692000
v -0.141100 0.215100 -0.651000
v -0.141100 0.199200 -0.610000
v -0.141100 0.186000 -0.569000
v -0.141100 0.184400 -0.528000
v -0.141100 0.182200 -0.487000
v -0.141100 0.175600 -0.446000
v -0.141100 0.180000 -0.405000
v -0.141100 0.194800 -0.364000
v -0.141100 0.209600 -0.323000
v -0.141100 0.216200 -0.282000
v -0.141100 0.211800 -0.241000
v -0.141100 0.210200 -0.200000
v -0.141100 0.206900 -0.159000
v -0.141100 0.195900 -0.118000
v -0.141100 0.194200 -0.077000
v -0.141100 0.205200 -0.036000
v -0.141100 0.221700 0.005000
v -0.141100 0.229400 0.046000
v -0.141100 0.214000 0.087000
v -0.141100 0.194800 0.128000
v -0.141100 0.177200 0.169000
v -0.141100 0.171700 0.210000
v -0.141100 0.193100 0.251000
v -0.141100 0.215600 0.292000
v -0.141100 0.237100 0.333000
v -0.141100 0.250800 0.374000
v -0.141100 0.237100 0.415000
v -0.141100 0.215600 0.456000
v -0.141100 0.197500 0.497000
v -0.141100 0.184400 0.538000
v -0.141100 0.183800 0.579000
v -0.141100 0.184400 0.620000
v -0.141100 0.189800 0.661000
v -0.141100 0.208000 0.702000
v -0.141100 0.213500 0.743000
v -0.141100 0.200300 0.784000
v -0.141100 0.186500 0.825000
v -0.141100 0.193100 0.866000
v -0.141100 0.213500 0.907000
v -0.141100 0.221100 0.948000
v -0.141100 0.213500 0.989000
v -0.100200 0.239300 -0.979000
v -0.100200 0.234900 -1.020000
v -0.100200 0.226100 -0.938000
v -0.100200 0.206300 -0.897000
v -0.100200 0.200300 -0.856000
v -0.100200 0.206300 -0.815000
v -0.100200 0.226100 -0.774000
v -0.100200 0.239300 -0.733000
v -0.100200 0.234900 -0.692000
v -0.100200 0.218900 -0.651000
v -0.100200 0.191500 -0.610000
v -0.100200 0.177200 -0.569000
v -0.100200 0.182700 -0.528000
v -0.100200 0.187600 -0.487000
v -0.100200 0.182700 -0.446000
v -0.100200 0.177200 -0.405000
v -0.100200 0.182700 -0.364000
v -0.100200 0.189300 -0.323000
v -0.100200 0.191500 -0.282000
v -0.100200 0.193100 -0.241000
v -0.100200 0.200300 -0.200000
v -0.100200 0.209600 -0.159000
v -0.100200 0.217300 -0.118000
v -0.100200 0.218400 -0.077000
v -0.100200 0.217300 -0.036000
v -0.100200 0.216700 0.005000
v -0.100200 0.208500 0.046000
v -0.100200 0.194200 0.087000
v -0.100200 0.182700 0.128000
v -0.100200 0.172800 0.169000
v -0.100200 0.173900 0.210000
v -0.100200 0.195300 0.251000
v -0.100200 0.217300 0.292000
v -0.100200 0.238700 0.333000
v -0.100200 0.252400 0.374000
v -0.100200 0.238700 0.415000
v -0.100200 0.217300 0.456000
v -0.100200 0.200800 0.497000
v -0.100200 0.191500 0.538000
v -0.100200 0.188700 0.579000
v -0.100200 0.182700 0.620000
v -0.100200 0.182200 0.661000
v -0.100200 0.200300 0.702000
v -0.100200 0.211300 0.743000
v -0.100200 0.200300 0.784000
v -0.100200 0.188200 0.825000
v -0.100200 0.200300 0.866000
v -0.100200 0.226100 0.907000
v -0.100200 0.234900 0.948000
v -0.100200 0.226100 0.989000
v -0.059300 0.219500 -0.979000
v -0.059300 0.221100 -1.020000
v -0.059300 0.207400 -0.938000
v -0.059300 0.193700 -0.897000
v -0.059300 0.189800 -0.856000
v -0.059300 0.198100 -0.815000
v -0.059300 0.221100 -0.774000
v -0.059300 0.232100 -0.733000
v -0.059300 0.221100 -0.692000
v -0.059300 0.199200 -0.651000
v -0.059300 0.176700 -0.610000
v -0.059300 0.178300 -0.569000
v -0.059300 0.194800 -0.528000
v -0.059300 0.206900 -0.487000
v -0.059300 0.203600 -0.446000
v -0.059300 0.188700 -0.405000
v -0.059300 0.184400 -0.364000
v -0.059300 0.181600 -0.323000
v -0.059300 0.173400 -0.282000
v -0.059300 0.175600 -0.241000
v -0.059300 0.189800 -0.200000
v -0.059300 0.210700 -0.159000
v -0.059300 0.232100 -0.118000
v -0.059300 0.230500 -0.077000
v -0.059300 0.215600 -0.036000
v -0.059300 0.200800 0.005000
v -0.059300 0.188200 0.046000
v -0.059300 0.184900 0.087000
v -0.059300 0.184400 0.128000
v -0.059300 0.179400 0.169000
v -0.059300 0.175600 0.210000
v -0.059300 0.187100 0.251000
v -0.059300 0.205200 0.292000
v -0.059300 0.226600 0.333000
v -0.059300 0.240400 0.374000
v -0.059300 0.226600 0.415000
v -0.059300 0.205200 0.456000
v -0.059300 0.193700 0.497000
v -0.059300 0.198100 0.538000
v -0.059300 0.204100 0.579000
v -0.059300 0.194800 0.620000
v -0.059300 0.186500 0.661000
v -0.059300 0.199200 0.702000
v -0.059300 0.210200 0.743000
v -0.059300 0.200300 0.784000
v -0.059300 0.186500 0.825000
v -0.059300 0.193100 0.866000
v -0.059300 0.213500 0.907000
v -0.059300 0.221100 0.948000
v -0.059300 0.213500 0.989000
v -0.018400 0.200300 -0.979000
v -0.018400 0.200300 -1.020000
v -0.018400 0.200300 -0.938000
v -0.018400 0.200300 -0.897000
v -0.018400 0.200300 -0.856000
v -0.018400 0.205200 -0.815000
v -0.018400 0.217300 -0.774000
v -0.018400 0.215600 -0.733000
v -0.018400 0.200300 -0.692000
v -0.018400 0.178900 -0.651000
v -0.018400 0.165100 -0.610000
v -0.018400 0.178900 -0.569000
v -0.018400 0.200300 -0.528000
v -0.018400 0.215600 -0.487000
v -0.018400 0.217300 -0.446000
v -0.018400 0.205200 -0.405000
v -0.018400 0.200300 -0.364000
v -0.018400 0.194800 -0.323000
v -0.018400 0.182700 -0.282000
v -0.018400 0.184400 -0.241000
v -0.018400 0.200300 -0.200000
v -0.018400 0.221100 -0.159000
v -0.018400 0.234900 -0.118000
v -0.018400 0.221100 -0.077000
v -0.018400 0.200300 -0.036000
v -0.018400 0.184400 0.005000
v -0.018400 0.182700 0.046000
v -0.018400 0.194800 0.087000
v -0.018400 0.200300 0.128000
v -0.018400 0.194800 0.169000
v -0.018400 0.182700 0.210000
v -0.018400 0.184400 0.251000
v -0.018400 0.200300 0.292000
v -0.018400 0.221100 0.333000
v -0.018400 0.234900 0.374000
v -0.018400 0.221100 0.415000
v -0.018400 0.200300 0.456000
v -0.018400 0.189800 0.497000
v -0.018400 0.200300 0.538000
v -0.018400 0.210200 0.579000
v -0.018400 0.200300 0.620000
v -0.018400 0.189800 0.661000
v -0.018400 0.200300 0.702000
v -0.018400 0.210200 0.743000
v -0.018400 0.200300 0.784000
v -0.018400 0.184400 0.825000
v -0.018400 0.182700 0.866000
v -0.018400 0.194800 0.907000
v -0.018400 0.200300 0.948000
v -0.018400 0.194800 0.989000
v 0.022500 0.184400 -0.979000
v 0.022500 0.178900 -1.020000
v 0.022500 0.198100 -0.938000
v 0.022500 0.209100 -0.897000
v 0.022500 0.210200 -0.856000
v 0.022500 0.211300 -0.815000
v 0.022500 0.214000 -0.774000
v 0.022500 0.205200 -0.733000
v 0.022500 0.189800 -0.692000
v 0.022500 0.172300 -0.651000
v 0.022500 0.165100 -0.610000
v 0.022500 0.181600 -0.569000
v 0.022500 0.200300 -0.528000
v 0.022500 0.213500 -0.487000
v 0.022500 0.218900 -0.446000
v 0.022500 0.213500 -0.405000
v 0.022500 0.210200 -0.364000
v 0.022500 0.205200 -0.323000
v 0.022500 0.195300 -0.282000
v 0.022500 0.199200 -0.241000
v 0.022500 0.215600 -0.200000
v 0.022500 0.232700 -0.159000
v 0.022500 0.231600 -0.118000
v 0.022500 0.205200 -0.077000
v 0.022500 0.184400 -0.036000
v 0.022500 0.175600 0.005000
v 0.022500 0.188700 0.046000
v 0.022500 0.212900 0.087000
v 0.022500 0.221100 0.128000
v 0.022500 0.213500 0.169000
v 0.022500 0.192000 0.210000
v 0.022500 0.183300 0.251000
v 0.022500 0.194800 0.292000
v 0.022500 0.214500 0.333000
v 0.022500 0.231600 0.374000
v 0.022500 0.223300 0.415000
v 0.022500 0.205200 0.456000
v 0.022500 0.195300 0.497000
v 0.022500 0.200800 0.538000
v 0.022500 0.208000 0.579000
v 0.022500 0.200300 0.620000
v 0.022500 0.192000 0.661000
v 0.022500 0.200300 0.702000
v 0.022500 0.208000 0.743000
v 0.022500 0.200300 0.784000
v 0.022500 0.185500 0.825000
v 0.022500 0.176700 0.866000
v 0.022500 0.180000 0.907000
v 0.022500 0.184400 0.948000
v 0.022500 0.183300 0.989000
v 0.063400 0.179400 -0.979000
v 0.063400 0.165100 -1.020000
v 0.063400 0.200300 -0.938000
v 0.063400 0.206900 -0.897000
v 0.063400 0.200300 -0.856000
v 0.063400 0.194800 -0.815000
v 0.063400 0.200300 -0.774000
v 0.063400 0.205200 -0.733000
v 0.063400 0.200300 -0.692000
v 0.063400 0.192000 -0.651000
v 0.063400 0.191500 -0.610000
v 0.063400 0.197500 -0.569000
v 0.063400 0.200300 -0.528000
v 0.063400 0.200300 -0.487000
v 0.063400 0.200300 -0.446000
v 0.063400 0.200300 -0.405000
v 0.063400 0.200300 -0.364000
v 0.063400 0.196400 -0.323000
v 0.063400 0.191500 -0.282000
v 0.063400 0.200300 -0.241000
v 0.063400 0.217300 -0.200000
v 0.063400 0.229400 -0.159000
v 0.063400 0.217300 -0.118000
v 0.063400 0.191500 -0.077000
v 0.063400 0.182700 -0.036000
v 0.063400 0.188200 0.005000
v 0.063400 0.208500 0.046000
v 0.063400 0.229400 0.087000
v 0.063400 0.234900 0.128000
v 0.063400 0.226600 0.169000
v 0.063400 0.200300 0.210000
v 0.063400 0.180000 0.251000
v 0.063400 0.182700 0.292000
v 0.063400 0.196400 0.333000
v 0.063400 0.217300 0.374000
v 0.063400 0.224400 0.415000
v 0.063400 0.217300 0.456000
v 0.063400 0.208000 0.497000
v 0.063400 0.200300 0.538000
v 0.063400 0.199200 0.579000
v 0.063400 0.200300 0.620000
v 0.063400 0.200300 0.661000
v 0.063400 0.200300 0.702000
v 0.063400 0.200300 0.743000
v 0.063400 0.200300 0.784000
v 0.063400 0.195300 0.825000
v 0.063400 0.182700 0.866000
v 0.063400 0.176700 0.907000
v 0.063400 0.182700 0.948000
v 0.063400 0.191500 0.989000
v 0.104300 0.199200 -0.979000
v 0.104300 0.178900 -1.020000
v 0.104300 0.215600 -0.938000
v 0.104300 0.207400 -0.897000
v 0.104300 0.189800 -0.856000
v 0.104300 0.178300 -0.815000
v 0.104300 0.186000 -0.774000
v 0.104300 0.204700 -0.733000
v 0.104300 0.210200 -0.692000
v 0.104300 0.211800 -0.651000
v 0.104300 0.217300 -0.610000
v 0.104300 0.212900 -0.569000
v 0.104300 0.200300 -0.528000
v 0.104300 0.186500 -0.487000
v 0.104300 0.181100 -0.446000
v 0.104300 0.186500 -0.405000
v 0.104300 0.189800 -0.364000
v 0.104300 0.186000 -0.323000
v 0.104300 0.180000 -0.282000
v 0.104300 0.188200 -0.241000
v 0.104300 0.205200 -0.200000
v 0.104300 0.215600 -0.159000
v 0.104300 0.203600 -0.118000
v 0.104300 0.188700 -0.077000
v 0.104300 0.194800 -0.036000
v 0.104300 0.209600 0.005000
v 0.104300 0.221700 0.046000
v 0.104300 0.222800 0.087000
v 0.104300 0.221100 0.128000
v 0.104300 0.216700 0.169000
v 0.104300 0.200800 0.210000
v 0.104300 0.186500 0.251000
v 0.104300 0.184400 0.292000
v 0.104300 0.189800 0.333000
v 0.104300 0.203600 0.374000
v 0.104300 0.214500 0.415000
v 0.104300 0.215600 0.456000
v 0.104300 0.208000 0.497000
v 0.104300 0.192000 0.538000
v 0.104300 0.188700 0.579000
v 0.104300 0.200300 0.620000
v 0.104300 0.208000 0.661000
v 0.104300 0.200300 0.702000
v 0.104300 0.192000 0.743000
v 0.104300 0.200300 0.784000
v 0.104300 0.206900 0.825000
v 0.104300 0.195300 0.866000
v 0.104300 0.185500 0.907000
v 0.104300 0.194800 0.948000
v 0.104300 0.210200 0.989000
v 0.145200 0.221100 -0.979000
v 0.145200 0.200300 -1.020000
v 0.145200 0.234900 -0.938000
v 0.145200 0.221100 -0.897000
v 0.145200 0.200300 -0.856000
v 0.145200 0.184400 -0.815000
v 0.145200 0.182700 -0.774000
v 0.145200 0.194800 -0.733000
v 0.145200 0.200300 -0.692000
v 0.145200 0.205200 -0.651000
v 0.145200 0.217300 -0.610000
v 0.145200 0.215600 -0.569000
v 0.145200 0.200300 -0.528000
v 0.145200 0.184400 -0.487000
v 0.145200 0.182700 -0.446000
v 0.145200 0.194800 -0.405000
v 0.145200 0.200300 -0.364000
v 0.145200 0.194800 -0.323000
v 0.145200 0.182700 -0.282000
v 0.145200 0.184400 -0.241000
v 0.145200 0.200300 -0.200000
v 0.145200 0.210200 -0.159000
v 0.145200 0.200300 -0.118000
v 0.145200 0.189800 -0.077000
v 0.145200 0.200300 -0.036000
v 0.145200 0.215600 0.005000
v 0.145200 0.217300 0.046000
v 0.145200 0.205200 0.087000
v 0.145200 0.200300 0.128000
v 0.145200 0.200300 0.169000
v 0.145200 0.200300 0.210000
v 0.145200 0.200300 0.251000
v 0.145200 0.200300 0.292000
v 0.145200 0.200300 0.333000
v 0.145200 0.200300 0.374000
v 0.145200 0.200300 0.415000
v 0.145200 0.200300 0.456000
v 0.145200 0.194800 0.497000
v 0.145200 0.182700 0.538000
v 0.145200 0.184400 0.579000
v 0.145200 0.200300 0.620000
v 0.145200 0.210200 0.661000
v 0.145200 0.200300 0.702000
v 0.145200 0.189800 0.743000
v 0.145200 0.200300 0.784000
v 0.145200 0.210200 0.825000
v 0.145200 0.200300 0.866000
v 0.145200 0.189800 0.907000
v 0.145200 0.200300 0.948000
v 0.145200 0.215600 0.989000
v 0.186100 0.239800 -0.979000
v 0.186100 0.221100 -1.020000
v 0.186100 0.251300 -0.938000
v 0.186100 0.237100 -0.897000
v 0.186100 0.215600 -0.856000
v 0.186100 0.196400 -0.815000
v 0.186100 0.180500 -0.774000
v 0.186100 0.180500 -0.733000
v 0.186100 0.184400 -0.692000
v 0.186100 0.193100 -0.651000
v 0.186100 0.212400 -0.610000
v 0.186100 0.217800 -0.569000
v 0.186100 0.205200 -0.528000
v 0.186100 0.193100 -0.487000
v 0.186100 0.196400 -0.446000
v 0.186100 0.211300 -0.405000
v 0.186100 0.215600 -0.364000
v 0.186100 0.208000 -0.323000
v 0.186100 0.192000 -0.282000
v 0.186100 0.188700 -0.241000
v 0.186100 0.200300 -0.200000
v 0.186100 0.208000 -0.159000
v 0.186100 0.200800 -0.118000
v 0.186100 0.195300 -0.077000
v 0.186100 0.205200 -0.036000
v 0.186100 0.216700 0.005000
v 0.186100 0.208000 0.046000
v 0.186100 0.186500 0.087000
v 0.186100 0.178900 0.128000
v 0.186100 0.182700 0.169000
v 0.186100 0.196400 0.210000
v 0.186100 0.208500 0.251000
v 0.186100 0.210200 0.292000
v 0.186100 0.206300 0.333000
v 0.186100 0.197500 0.374000
v 0.186100 0.188200 0.415000
v 0.186100 0.184400 0.456000
v 0.186100 0.179400 0.497000
v 0.186100 0.175600 0.538000
v 0.186100 0.187100 0.579000
v 0.186100 0.205200 0.620000
v 0.186100 0.216700 0.661000
v 0.186100 0.209100 0.702000
v 0.186100 0.198600 0.743000
v 0.186100 0.205200 0.784000
v 0.186100 0.212900 0.825000
v 0.186100 0.202500 0.866000
v 0.186100 0.192600 0.907000
v 0.186100 0.200300 0.948000
v 0.186100 0.210200 0.989000
v 0.227000 0.246400 -0.979000
v 0.227000 0.234900 -1.020000
v 0.227000 0.252400 -0.938000
v 0.227000 0.237600 -0.897000
v 0.227000 0.217300 -0.856000
v 0.227000 0.195300 -0.815000
v 0.227000 0.173900 -0.774000
v 0.227000 0.172800 -0.733000
v 0.227000 0.182700 -0.692000
v 0.227000 0.196400 -0.651000
v 0.227000 0.217300 -0.610000
v 0.227000 0.224400 -0.569000
v 0.227000 0.217300 -0.528000
v 0.227000 0.212400 -0.487000
v 0.227000 0.217300 -0.446000
v 0.227000 0.222800 -0.405000
v 0.227000 0.217300 -0.364000
v 0.227000 0.208000 -0.323000
v 0.227000 0.200300 -0.282000
v 0.227000 0.199200 -0.241000
v 0.227000 0.200300 -0.200000
v 0.227000 0.199200 -0.159000
v 0.227000 0.200300 -0.118000
v 0.227000 0.208000 -0.077000
v 0.227000 0.217300 -0.036000
v 0.227000 0.220000 0.005000
v 0.227000 0.200300 0.046000
v 0.227000 0.173400 0.087000
v 0.227000 0.165100 0.128000
v 0.227000 0.171200 0.169000
v 0.227000 0.191500 0.210000
v 0.227000 0.204100 0.251000
v 0.227000 0.200300 0.292000
v 0.227000 0.193100 0.333000
v 0.227000 0.191500 0.374000
v 0.227000 0.189300 0.415000
v 0.227000 0.182700 0.456000
v 0.227000 0.172800 0.497000
v 0.227000 0.173900 0.538000
v 0.227000 0.195300 0.579000
v 0.227000 0.217300 0.620000
v 0.227000 0.233200 0.661000
v 0.227000 0.234900 0.702000
v 0.227000 0.222800 0.743000
v 0.227000 0.217300 0.784000
v 0.227000 0.215600 0.825000
v 0.227000 0.208500 0.866000
v 0.227000 0.201900 0.907000
v 0.227000 0.200300 0.948000
v 0.227000 0.195300 0.989000
v 0.267900 0.226600 -0.979000
v 0.267900 0.221100 -1.020000
v 0.267900 0.232700 -0.938000
v 0.267900 0.223300 -0.897000
v 0.267900 0.205200 -0.856000
v 0.267900 0.183800 -0.815000
v 0.267900 0.166800 -0.774000
v 0.267900 0.176100 -0.733000
v 0.267900 0.194800 -0.692000
v 0.267900 0.211300 -0.651000
v 0.267900 0.222800 -0.610000
v 0.267900 0.220000 -0.569000
v 0.267900 0.215600 -0.528000
v 0.267900 0.217800 -0.487000
v 0.267900 0.224400 -0.446000
v 0.267900 0.220000 -0.405000
v 0.267900 0.205200 -0.364000
v 0.267900 0.195300 -0.323000
v 0.267900 0.200800 -0.282000
v 0.267900 0.208000 -0.241000
v 0.267900 0.200300 -0.200000
v 0.267900 0.188700 -0.159000
v 0.267900 0.192000 -0.118000
v 0.267900 0.208000 -0.077000
v 0.267900 0.215600 -0.036000
v 0.267900 0.213500 0.005000
v 0.267900 0.199200 0.046000
v 0.267900 0.183300 0.087000
v 0.267900 0.178900 0.128000
v 0.267900 0.184900 0.169000
v 0.267900 0.200300 0.210000
v 0.267900 0.202500 0.251000
v 0.267900 0.189800 0.292000
v 0.267900 0.181100 0.333000
v 0.267900 0.192000 0.374000
v 0.267900 0.203000 0.415000
v 0.267900 0.194800 0.456000
v 0.267900 0.177200 0.497000
v 0.267900 0.171700 0.538000
v 0.267900 0.193100 0.579000
v 0.267900 0.215600 0.620000
v 0.267900 0.235400 0.661000
v 0.267900 0.246900 0.702000
v 0.267900 0.233800 0.743000
v 0.267900 0.215600 0.784000
v 0.267900 0.205800 0.825000
v 0.267900 0.208000 0.866000
v 0.267900 0.209600 0.907000
v 0.267900 0.200300 0.948000
v 0.267900 0.182200 0.989000
v 0.308800 0.205200 -0.979000
v 0.308800 0.200300 -1.020000
v 0.308800 0.217300 -0.938000
v 0.308800 0.215600 -0.897000
v 0.308800 0.200300 -0.856000
v 0.308800 0.178900 -0.815000
v 0.308800 0.165100 -0.774000
v 0.308800 0.178900 -0.733000
v 0.308800 0.200300 -0.692000
v 0.308800 0.215600 -0.651000
v 0.308800 0.217300 -0.610000
v 0.308800 0.205200 -0.569000
v 0.308800 0.200300 -0.528000
v 0.308800 0.205200 -0.487000
v 0.308800 0.217300 -0.446000
v 0.308800 0.215600 -0.405000
v 0.308800 0.200300 -0.364000
v 0.308800 0.189800 -0.323000
v 0.308800 0.200300 -0.282000
v 0.308800 0.210200 -0.241000
v 0.308800 0.200300 -0.200000
v 0.308800 0.184400 -0.159000
v 0.308800 0.182700 -0.118000
v 0.308800 0.194800 -0.077000
v 0.308800 0.200300 -0.036000
v 0.308800 0.200300 0.005000
v 0.308800 0.200300 0.046000
v 0.308800 0.200300 0.087000
v 0.308800 0.200300 0.128000
v 0.308800 0.205200 0.169000
v 0.308800 0.217300 0.210000
v 0.308800 0.215600 0.251000
v 0.308800 0.200300 0.292000
v 0.308800 0.189800 0.333000
v 0.308800 0.200300 0.374000
v 0.308800 0.210200 0.415000
v 0.308800 0.200300 0.456000
v 0.308800 0.178900 0.497000
v 0.308800 0.165100 0.538000
v 0.308800 0.178900 0.579000
v 0.308800 0.200300 0.620000
v 0.308800 0.221100 0.661000
v 0.308800 0.234900 0.702000
v 0.308800 0.221100 0.743000
v 0.308800 0.200300 0.784000
v 0.308800 0.189800 0.825000
v 0.308800 0.200300 0.866000
v 0.308800 0.210200 0.907000
v 0.308800 0.200300 0.948000
v 0.308800 0.178900 0.989000
v 0.349700 0.193700 -0.979000
v 0.349700 0.184400 -1.020000
v 0.349700 0.214000 -0.938000
v 0.349700 0.219500 -0.897000
v 0.349700 0.205200 -0.856000
v 0.349700 0.184900 -0.815000
v 0.349700 0.172300 -0.774000
v 0.349700 0.186000 -0.733000
v 0.349700 0.205200 -0.692000
v 0.349700 0.216200 -0.651000
v 0.349700 0.205800 -0.610000
v 0.349700 0.184900 -0.569000
v 0.349700 0.178900 -0.528000
v 0.349700 0.187100 -0.487000
v 0.349700 0.205200 -0.446000
v 0.349700 0.210700 -0.405000
v 0.349700 0.200300 -0.364000
v 0.349700 0.192000 -0.323000
v 0.349700 0.200300 -0.282000
v 0.349700 0.208000 -0.241000
v 0.349700 0.200300 -0.200000
v 0.349700 0.186500 -0.159000
v 0.349700 0.180000 -0.118000
v 0.349700 0.183300 -0.077000
v 0.349700 0.184400 -0.036000
v 0.349700 0.185500 0.005000
v 0.349700 0.196400 0.046000
v 0.349700 0.210200 0.087000
v 0.349700 0.215600 0.128000
v 0.349700 0.221100 0.169000
v 0.349700 0.228800 0.210000
v 0.349700 0.223900 0.251000
v 0.349700 0.210200 0.292000
v 0.349700 0.201900 0.333000
v 0.349700 0.208500 0.374000
v 0.349700 0.212400 0.415000
v 0.349700 0.200300 0.456000
v 0.349700 0.178300 0.497000
v 0.349700 0.160700 0.538000
v 0.349700 0.167900 0.579000
v 0.349700 0.184400 0.620000
v 0.349700 0.201400 0.661000
v 0.349700 0.214500 0.702000
v 0.349700 0.205800 0.743000
v 0.349700 0.189800 0.784000
v 0.349700 0.184400 0.825000
v 0.349700 0.201400 0.866000
v 0.349700 0.215100 0.907000
v 0.349700 0.205200 0.948000
v 0.349700 0.184400 0.989000
v 0.390600 0.199200 -0.979000
v 0.390600 0.182700 -1.020000
v 0.390600 0.226100 -0.938000
v 0.390600 0.232100 -0.897000
v 0.390600 0.217300 -0.856000
v 0.390600 0.199200 -0.815000
v 0.390600 0.191500 -0.774000
v 0.390600 0.204100 -0.733000
v 0.390600 0.217300 -0.692000
v 0.390600 0.217300 -0.651000
v 0.390600 0.191500 -0.610000
v 0.390600 0.165100 -0.569000
v 0.390600 0.165100 -0.528000
v 0.390600 0.176700 -0.487000
v 0.390600 0.191500 -0.446000
v 0.390600 0.199200 -0.405000
v 0.390600 0.200300 -0.364000
v 0.390600 0.200300 -0.323000
v 0.390600 0.200300 -0.282000
v 0.390600 0.200300 -0.241000
v 0.390600 0.200300 -0.200000
v 0.390600 0.200800 -0.159000
v 0.390600 0.200300 -0.118000
v 0.390600 0.192000 -0.077000
v 0.390600 0.182700 -0.036000
v 0.390600 0.175600 0.005000
v 0.390600 0.182700 0.046000
v 0.390600 0.203600 0.087000
v 0.390600 0.217300 0.128000
v 0.390600 0.223300 0.169000
v 0.390600 0.217300 0.210000
v 0.390600 0.204700 0.251000
v 0.390600 0.200300 0.292000
v 0.390600 0.205200 0.333000
v 0.390600 0.217300 0.374000
v 0.390600 0.215600 0.415000
v 0.390600 0.200300 0.456000
v 0.390600 0.182700 0.497000
v 0.390600 0.173900 0.538000
v 0.390600 0.178900 0.579000
v 0.390600 0.182700 0.620000
v 0.390600 0.184400 0.661000
v 0.390600 0.191500 0.702000
v 0.390600 0.198100 0.743000
v 0.390600 0.200300 0.784000
v 0.390600 0.207400 0.825000
v 0.390600 0.226100 0.866000
v 0.390600 0.231600 0.907000
v 0.390600 0.217300 0.948000
v 0.390600 0.198100 0.989000
v 0.431500 0.216200 -0.979000
v 0.431500 0.194800 -1.020000
v 0.431500 0.238200 -0.938000
v 0.431500 0.234300 -0.897000
v 0.431500 0.215600 -0.856000
v 0.431500 0.199200 -0.815000
v 0.431500 0.196400 -0.774000
v 0.431500 0.208500 -0.733000
v 0.431500 0.215600 -0.692000
v 0.431500 0.208500 -0.651000
v 0.431500 0.183300 -0.610000
v 0.431500 0.169000 -0.569000
v 0.431500 0.178900 -0.528000
v 0.431500 0.190900 -0.487000
v 0.431500 0.191500 -0.446000
v 0.431500 0.190400 -0.405000
v 0.431500 0.200300 -0.364000
v 0.431500 0.208000 -0.323000
v 0.431500 0.200300 -0.282000
v 0.431500 0.192000 -0.241000
v 0.431500 0.200300 -0.200000
v 0.431500 0.216700 -0.159000
v 0.431500 0.226600 -0.118000
v 0.431500 0.213500 -0.077000
v 0.431500 0.194800 -0.036000
v 0.431500 0.176700 0.005000
v 0.431500 0.168400 0.046000
v 0.431500 0.185500 0.087000
v 0.431500 0.205200 0.128000
v 0.431500 0.213500 0.169000
v 0.431500 0.199200 0.210000
v 0.431500 0.183800 0.251000
v 0.431500 0.189800 0.292000
v 0.431500 0.208500 0.333000
v 0.431500 0.226100 0.374000
v 0.431500 0.218900 0.415000
v 0.431500 0.200300 0.456000
v 0.431500 0.188200 0.497000
v 0.431500 0.193700 0.538000
v 0.431500 0.201900 0.579000
v 0.431500 0.194800 0.620000
v 0.431500 0.179400 0.661000
v 0.431500 0.174500 0.702000
v 0.431500 0.192000 0.743000
v 0.431500 0.210200 0.784000
v 0.431500 0.228800 0.825000
v 0.431500 0.244200 0.866000
v 0.431500 0.234900 0.907000
v 0.431500 0.215600 0.948000
v 0.431500 0.200800 0.989000
v 0.472400 0.221100 -0.979000
v 0.472400 0.200300 -1.020000
v 0.472400 0.234900 -0.938000
v 0.472400 0.221100 -0.897000
v 0.472400 0.200300 -0.856000
v 0.472400 0.184400 -0.815000
v 0.472400 0.182700 -0.774000
v 0.472400 0.194800 -0.733000
v 0.472400 0.200300 -0.692000
v 0.472400 0.194800 -0.651000
v 0.472400 0.182700 -0.610000
v 0.472400 0.184400 -0.569000
v 0.472400 0.200300 -0.528000
v 0.472400 0.210200 -0.487000
v 0.472400 0.200300 -0.446000
v 0.472400 0.189800 -0.405000
v 0.472400 0.200300 -0.364000
v 0.472400 0.210200 -0.323000
v 0.472400 0.200300 -0.282000
v 0.472400 0.189800 -0.241000
v 0.472400 0.200300 -0.200000
v 0.472400 0.221100 -0.159000
v 0.472400 0.234900 -0.118000
v 0.472400 0.221100 -0.077000
v 0.472400 0.200300 -0.036000
v 0.472400 0.178900 0.005000
v 0.472400 0.165100 0.046000
v 0.472400 0.178900 0.087000
v 0.472400 0.200300 0.128000
v 0.472400 0.210200 0.169000
v 0.472400 0.200300 0.210000
v 0.472400 0.189800 0.251000
v 0.472400 0.200300 0.292000
v 0.472400 0.221100 0.333000
v 0.472400 0.234900 0.374000
v 0.472400 0.221100 0.415000
v 0.472400 0.200300 0.456000
v 0.472400 0.189800 0.497000
v 0.472400 0.200300 0.538000
v 0.472400 0.210200 0.579000
v 0.472400 0.200300 0.620000
v 0.472400 0.178900 0.661000
v 0.472400 0.165100 0.702000
v 0.472400 0.178900 0.743000
v 0.472400 0.200300 0.784000
v 0.472400 0.221100 0.825000
v 0.472400 0.234900 0.866000
v 0.472400 0.221100 0.907000
v 0.472400 0.200300 0.948000
v 0.472400 0.189800 0.989000
v 0.513300 0.225000 -0.979000
v 0.513300 0.205200 -1.020000
v 0.513300 0.232700 -0.938000
v 0.513300 0.212400 -0.897000
v 0.513300 0.189800 -0.856000
v 0.513300 0.173400 -0.815000
v 0.513300 0.168400 -0.774000
v 0.513300 0.176100 -0.733000
v 0.513300 0.178900 -0.692000
v 0.513300 0.176700 -0.651000
v 0.513300 0.181600 -0.610000
v 0.513300 0.198600 -0.569000
v 0.513300 0.215600 -0.528000
v 0.513300 0.221100 -0.487000
v 0.513300 0.203600 -0.446000
v 0.513300 0.187100 -0.405000
v 0.513300 0.194800 -0.364000
v 0.513300 0.204700 -0.323000
v 0.513300 0.199200 -0.282000
v 0.513300 0.192000 -0.241000
v 0.513300 0.200300 -0.200000
v 0.513300 0.217300 -0.159000
v 0.513300 0.228800 -0.118000
v 0.513300 0.215100 -0.077000
v 0.513300 0.194800 -0.036000
v 0.513300 0.173900 0.005000
v 0.513300 0.162400 0.046000
v 0.513300 0.178300 0.087000
v 0.513300 0.200300 0.128000
v 0.513300 0.211800 0.169000
v 0.513300 0.206900 0.210000
v 0.513300 0.200800 0.251000
v 0.513300 0.210200 0.292000
v 0.513300 0.228800 0.333000
v 0.513300 0.239300 0.374000
v 0.513300 0.225000 0.415000
v 0.513300 0.205200 0.456000
v 0.513300 0.197000 0.497000
v 0.513300 0.207400 0.538000
v 0.513300 0.216200 0.579000
v 0.513300 0.205200 0.620000
v 0.513300 0.183300 0.661000
v 0.513300 0.164600 0.702000
v 0.513300 0.171700 0.743000
v 0.513300 0.189800 0.784000
v 0.513300 0.208500 0.825000
v 0.513300 0.220000 0.866000
v 0.513300 0.205200 0.907000
v 0.513300 0.184400 0.948000
v 0.513300 0.176700 0.989000
v 0.554200 0.237100 -0.979000
v 0.554200 0.217300 -1.020000
v 0.554200 0.243600 -0.938000
v 0.554200 0.222800 -0.897000
v 0.554200 0.200300 -0.856000
v 0.554200 0.183300 -0.815000
v 0.554200 0.173900 -0.774000
v 0.554200 0.171200 -0.733000
v 0.554200 0.165100 -0.692000
v 0.554200 0.162400 -0.651000
v 0.554200 0.182700 -0.610000
v 0.554200 0.209600 -0.569000
v 0.554200 0.217300 -0.528000
v 0.554200 0.211300 -0.487000
v 0.554200 0.191500 -0.446000
v 0.554200 0.178300 -0.405000
v 0.554200 0.182700 -0.364000
v 0.554200 0.192000 -0.323000
v 0.554200 0.200300 -0.282000
v 0.554200 0.200800 -0.241000
v 0.554200 0.200300 -0.200000
v 0.554200 0.203600 -0.159000
v 0.554200 0.208500 -0.118000
v 0.554200 0.200300 -0.077000
v 0.554200 0.182700 -0.036000
v 0.554200 0.162900 0.005000
v 0.554200 0.156400 0.046000
v 0.554200 0.177200 0.087000
v 0.554200 0.200300 0.128000
v 0.554200 0.212900 0.169000
v 0.554200 0.208500 0.210000
v 0.554200 0.197500 0.251000
v 0.554200 0.200300 0.292000
v 0.554200 0.212400 0.333000
v 0.554200 0.226100 0.374000
v 0.554200 0.226100 0.415000
v 0.554200 0.217300 0.456000
v 0.554200 0.215100 0.497000
v 0.554200 0.226100 0.538000
v 0.554200 0.230500 0.579000
v 0.554200 0.217300 0.620000
v 0.554200 0.197500 0.661000
v 0.554200 0.182700 0.702000
v 0.554200 0.188700 0.743000
v 0.554200 0.200300 0.784000
v 0.554200 0.211300 0.825000
v 0.554200 0.217300 0.866000
v 0.554200 0.202500 0.907000
v 0.554200 0.182700 0.948000
v 0.554200 0.172300 0.989000
v 0.595100 0.236500 -0.979000
v 0.595100 0.215600 -1.020000
v 0.595100 0.248000 -0.938000
v 0.595100 0.232100 -0.897000
v 0.595100 0.210200 -0.856000
v 0.595100 0.196400 -0.815000
v 0.595100 0.192600 -0.774000
v 0.595100 0.190900 -0.733000
v 0.595100 0.178900 -0.692000
v 0.595100 0.171700 -0.651000
v 0.595100 0.190400 -0.610000
v 0.595100 0.210200 -0.569000
v 0.595100 0.205200 -0.528000
v 0.595100 0.190400 -0.487000
v 0.595100 0.179400 -0.446000
v 0.595100 0.180500 -0.405000
v 0.595100 0.184400 -0.364000
v 0.595100 0.192000 -0.323000
v 0.595100 0.208000 -0.282000
v 0.595100 0.211300 -0.241000
v 0.595100 0.200300 -0.200000
v 0.595100 0.191500 -0.159000
v 0.595100 0.195900 -0.118000
v 0.595100 0.197500 -0.077000
v 0.595100 0.184400 -0.036000
v 0.595100 0.164600 0.005000
v 0.595100 0.156900 0.046000
v 0.595100 0.177200 0.087000
v 0.595100 0.200300 0.128000
v 0.595100 0.214000 0.169000
v 0.595100 0.210700 0.210000
v 0.595100 0.194800 0.251000
v 0.595100 0.189800 0.292000
v 0.595100 0.194800 0.333000
v 0.595100 0.206300 0.374000
v 0.595100 0.215100 0.415000
v 0.595100 0.215600 0.456000
v 0.595100 0.219500 0.497000
v 0.595100 0.231600 0.538000
v 0.595100 0.231000 0.579000
v 0.595100 0.215600 0.620000
v 0.595100 0.198600 0.661000
v 0.595100 0.193700 0.702000
v 0.595100 0.203600 0.743000
v 0.595100 0.210200 0.784000
v 0.595100 0.215600 0.825000
v 0.595100 0.221700 0.866000
v 0.595100 0.212400 0.907000
v 0.595100 0.194800 0.948000
v 0.595100 0.177200 0.989000
v 0.636000 0.221100 -0.979000
v 0.636000 0.200300 -1.020000
v 0.636000 0.234900 -0.938000
v 0.636000 0.221100 -0.897000
v 0.636000 0.200300 -0.856000
v 0.636000 0.189800 -0.815000
v 0.636000 0.200300 -0.774000
v 0.636000 0.210200 -0.733000
v 0.636000 0.200300 -0.692000
v 0.636000 0.189800 -0.651000
v 0.636000 0.200300 -0.610000
v 0.636000 0.210200 -0.569000
v 0.636000 0.200300 -0.528000
v 0.636000 0.184400 -0.487000
v 0.636000 0.182700 -0.446000
v 0.636000 0.194800 -0.405000
v 0.636000 0.200300 -0.364000
v 0.636000 0.205200 -0.323000
v 0.636000 0.217300 -0.282000
v 0.636000 0.215600 -0.241000
v 0.636000 0.200300 -0.200000
v 0.636000 0.189800 -0.159000
v 0.636000 0.200300 -0.118000
v 0.636000 0.210200 -0.077000
v 0.636000 0.200300 -0.036000
v 0.636000 0.178900 0.005000
v 0.636000 0.165100 0.046000
v 0.636000 0.178900 0.087000
v 0.636000 0.200300 0.128000
v 0.636000 0.215600 0.169000
v 0.636000 0.217300 0.210000
v 0.636000 0.205200 0.251000
v 0.636000 0.200300 0.292000
v 0.636000 0.200300 0.333000
v 0.636000 0.200300 0.374000
v 0.636000 0.200300 0.415000
v 0.636000 0.200300 0.456000
v 0.636000 0.205200 0.497000
v 0.636000 0.217300 0.538000
v 0.636000 0.215600 0.579000
v 0.636000 0.200300 0.620000
v 0.636000 0.184400 0.661000
v 0.636000 0.182700 0.702000
v 0.636000 0.194800 0.743000
v 0.636000 0.200300 0.784000
v 0.636000 0.205200 0.825000
v 0.636000 0.217300 0.866000
v 0.636000 0.215600 0.907000
v 0.636000 0.200300 0.948000
v 0.636000 0.178900 0.989000
v 0.676900 0.199200 -0.979000
v 0.676900 0.178900 -1.020000
v 0.676900 0.214500 -0.938000
v 0.676900 0.204100 -0.897000
v 0.676900 0.184400 -0.856000
v 0.676900 0.177200 -0.815000
v 0.676900 0.200800 -0.774000
v 0.676900 0.226100 -0.733000
v 0.676900 0.221100 -0.692000
v 0.676900 0.209600 -0.651000
v 0.676900 0.209600 -0.610000
v 0.676900 0.208000 -0.569000
v 0.676900 0.194800 -0.528000
v 0.676900 0.180500 -0.487000
v 0.676900 0.186000 -0.446000
v 0.676900 0.206300 -0.405000
v 0.676900 0.215600 -0.364000
v 0.676900 0.220000 -0.323000
v 0.676900 0.222800 -0.282000
v 0.676900 0.211300 -0.241000
v 0.676900 0.194800 -0.200000
v 0.676900 0.188200 -0.159000
v 0.676900 0.206900 -0.118000
v 0.676900 0.224400 -0.077000
v 0.676900 0.215600 -0.036000
v 0.676900 0.194200 0.005000
v 0.676900 0.176700 0.046000
v 0.676900 0.183800 0.087000
v 0.676900 0.200300 0.128000
v 0.676900 0.215100 0.169000
v 0.676900 0.226100 0.210000
v 0.676900 0.225000 0.251000
v 0.676900 0.221100 0.292000
v 0.676900 0.216200 0.333000
v 0.676900 0.202500 0.374000
v 0.676900 0.189300 0.415000
v 0.676900 0.184400 0.456000
v 0.676900 0.187600 0.497000
v 0.676900 0.199200 0.538000
v 0.676900 0.200800 0.579000
v 0.676900 0.189800 0.620000
v 0.676900 0.177800 0.661000
v 0.676900 0.177800 0.702000
v 0.676900 0.187100 0.743000
v 0.676900 0.189800 0.784000
v 0.676900 0.193700 0.825000
v 0.676900 0.206900 0.866000
v 0.676900 0.210700 0.907000
v 0.676900 0.200300 0.948000
v 0.676900 0.180500 0.989000
v 0.717800 0.180000 -0.979000
v 0.717800 0.165100 -1.020000
v 0.717800 0.200300 -0.938000
v 0.717800 0.199200 -0.897000
v 0.717800 0.182700 -0.856000
v 0.717800 0.175000 -0.815000
v 0.717800 0.200300 -0.774000
v 0.717800 0.232100 -0.733000
v 0.717800 0.234900 -0.692000
v 0.717800 0.227200 -0.651000
v 0.717800 0.217300 -0.610000
v 0.717800 0.200800 -0.569000
v 0.717800 0.182700 -0.528000
v 0.717800 0.167900 -0.487000
v 0.717800 0.173900 -0.446000
v 0.717800 0.200800 -0.405000
v 0.717800 0.217300 -0.364000
v 0.717800 0.224400 -0.323000
v 0.717800 0.217300 -0.282000
v 0.717800 0.196400 -0.241000
v 0.717800 0.182700 -0.200000
v 0.717800 0.183800 -0.159000
v 0.717800 0.208500 -0.118000
v 0.717800 0.226600 -0.077000
v 0.717800 0.217300 -0.036000
v 0.717800 0.200300 0.005000
v 0.717800 0.191500 0.046000
v 0.717800 0.196400 0.087000
v 0.717800 0.200300 0.128000
v 0.717800 0.206300 0.169000
v 0.717800 0.226100 0.210000
v 0.717800 0.239300 0.251000
v 0.717800 0.234900 0.292000
v 0.717800 0.224400 0.333000
v 0.717800 0.208500 0.374000
v 0.717800 0.193100 0.415000
v 0.717800 0.182700 0.456000
v 0.717800 0.176700 0.497000
v 0.717800 0.182700 0.538000
v 0.717800 0.195300 0.579000
v 0.717800 0.200300 0.620000
v 0.717800 0.202500 0.661000
v 0.717800 0.208500 0.702000
v 0.717800 0.208000 0.743000
v 0.717800 0.200300 0.784000
v 0.717800 0.192000 0.825000
v 0.717800 0.191500 0.866000
v 0.717800 0.197500 0.907000
v 0.717800 0.200300 0.948000
v 0.717800 0.192600 0.989000
v 0.758700 0.187600 -0.979000
v 0.758700 0.178900 -1.020000
v 0.758700 0.205800 -0.938000
v 0.758700 0.209100 -0.897000
v 0.758700 0.194800 -0.856000
v 0.758700 0.182200 -0.815000
v 0.758700 0.192000 -0.774000
v 0.758700 0.214500 -0.733000
v 0.758700 0.221100 -0.692000
v 0.758700 0.221100 -0.651000
v 0.758700 0.218400 -0.610000
v 0.758700 0.203000 -0.569000
v 0.758700 0.184400 -0.528000
v 0.758700 0.165700 -0.487000
v 0.758700 0.161800 -0.446000
v 0.758700 0.183800 -0.405000
v 0.758700 0.205200 -0.364000
v 0.758700 0.217800 -0.323000
v 0.758700 0.212400 -0.282000
v 0.758700 0.193100 -0.241000
v 0.758700 0.184400 -0.200000
v 0.758700 0.190400 -0.159000
v 0.758700 0.210700 -0.118000
v 0.758700 0.218400 -0.077000
v 0.758700 0.205200 -0.036000
v 0.758700 0.193700 0.005000
v 0.758700 0.199200 0.046000
v 0.758700 0.207400 0.087000
v 0.758700 0.200300 0.128000
v 0.758700 0.194800 0.169000
v 0.758700 0.212400 0.210000
v 0.758700 0.228800 0.251000
v 0.758700 0.221100 0.292000
v 0.758700 0.209100 0.333000
v 0.758700 0.208000 0.374000
v 0.758700 0.206300 0.415000
v 0.758700 0.194800 0.456000
v 0.758700 0.177800 0.497000
v 0.758700 0.172800 0.538000
v 0.758700 0.191500 0.579000
v 0.758700 0.210200 0.620000
v 0.758700 0.227700 0.661000
v 0.758700 0.239800 0.702000
v 0.758700 0.228800 0.743000
v 0.758700 0.210200 0.784000
v 0.758700 0.190900 0.825000
v 0.758700 0.175600 0.866000
v 0.758700 0.183800 0.907000
v 0.758700 0.200300 0.948000
v 0.758700 0.206300 0.989000
v 0.799600 0.205200 -0.979000
v 0.799600 0.200300 -1.020000
v 0.799600 0.217300 -0.938000
v 0.799600 0.215600 -0.897000
v 0.799600 0.200300 -0.856000
v 0.799600 0.184400 -0.815000
v 0.799600 0.182700 -0.774000
v 0.799600 0.194800 -0.733000
v 0.799600 0.200300 -0.692000
v 0.799600 0.205200 -0.651000
v 0.799600 0.217300 -0.610000
v 0.799600 0.215600 -0.569000
v 0.799600 0.200300 -0.528000
v 0.799600 0.178900 -0.487000
v 0.799600 0.165100 -0.446000
v 0.799600 0.178900 -0.405000
v 0.799600 0.200300 -0.364000
v 0.799600 0.215600 -0.323000
v 0.799600 0.217300 -0.282000
v 0.799600 0.205200 -0.241000
v 0.799600 0.200300 -0.200000
v 0.799600 0.205200 -0.159000
v 0.799600 0.217300 -0.118000
v 0.799600 0.215600 -0.077000
v 0.799600 0.200300 -0.036000
v 0.799600 0.189800 0.005000
v 0.799600 0.200300 0.046000
v 0.799600 0.210200 0.087000
v 0.799600 0.200300 0.128000
v 0.799600 0.189800 0.169000
v 0.799600 0.200300 0.210000
v 0.799600 0.210200 0.251000
v 0.799600 0.200300 0.292000
v 0.799600 0.189800 0.333000
v 0.799600 0.200300 0.374000
v 0.799600 0.210200 0.415000
v 0.799600 0.200300 0.456000
v 0.799600 0.178900 0.497000
v 0.799600 0.165100 0.538000
v 0.799600 0.178900 0.579000
v 0.799600 0.200300 0.620000
v 0.799600 0.221100 0.661000
v 0.799600 0.234900 0.702000
v 0.799600 0.221100 0.743000
v 0.799600 0.200300 0.784000
v 0.799600 0.178900 0.825000
v 0.799600 0.165100 0.866000
v 0.799600 0.178900 0.907000
v 0.799600 0.200300 0.948000
v 0.799600 0.210200 0.989000
v 0.840500 0.221100 -0.979000
v 0.840500 0.215600 -1.020000
v 0.840500 0.227200 -0.938000
v 0.840500 0.217800 -0.897000
v 0.840500 0.200300 -0.856000
v 0.840500 0.183300 -0.815000
v 0.840500 0.177200 -0.774000
v 0.840500 0.185500 -0.733000
v 0.840500 0.189800 -0.692000
v 0.840500 0.198100 -0.651000
v 0.840500 0.221100 -0.610000
v 0.840500 0.232100 -0.569000
v 0.840500 0.221100 -0.528000
v 0.840500 0.199200 -0.487000
v 0.840500 0.177200 -0.446000
v 0.840500 0.181600 -0.405000
v 0.840500 0.200300 -0.364000
v 0.840500 0.216700 -0.323000
v 0.840500 0.222800 -0.282000
v 0.840500 0.214500 -0.241000
v 0.840500 0.210200 -0.200000
v 0.840500 0.213500 -0.159000
v 0.840500 0.218900 -0.118000
v 0.840500 0.213500 -0.077000
v 0.840500 0.200300 -0.036000
v 0.840500 0.193100 0.005000
v 0.840500 0.204700 0.046000
v 0.840500 0.214500 0.087000
v 0.840500 0.205200 0.128000
v 0.840500 0.193700 0.169000
v 0.840500 0.192000 0.210000
v 0.840500 0.190900 0.251000
v 0.840500 0.178900 0.292000
v 0.840500 0.170600 0.333000
v 0.840500 0.184900 0.374000
v 0.840500 0.200300 0.415000
v 0.840500 0.194800 0.456000
v 0.840500 0.176700 0.497000
v 0.840500 0.161800 0.538000
v 0.840500 0.168400 0.579000
v 0.840500 0.184400 0.620000
v 0.840500 0.200800 0.661000
v 0.840500 0.211300 0.702000
v 0.840500 0.198100 0.743000
v 0.840500 0.178900 0.784000
v 0.840500 0.161300 0.825000
v 0.840500 0.156400 0.866000
v 0.840500 0.177200 0.907000
v 0.840500 0.200300 0.948000
v 0.840500 0.210200 0.989000
v 0.881400 0.228800 -0.979000
v 0.881400 0.217300 -1.020000
v 0.881400 0.234900 -0.938000
v 0.881400 0.220000 -0.897000
v 0.881400 0.200300 -0.856000
v 0.881400 0.184400 -0.815000
v 0.881400 0.182700 -0.774000
v 0.881400 0.194800 -0.733000
v 0.881400 0.200300 -0.692000
v 0.881400 0.206300 -0.651000
v 0.881400 0.226100 -0.610000
v 0.881400 0.239300 -0.569000
v 0.881400 0.234900 -0.528000
v 0.881400 0.217800 -0.487000
v 0.881400 0.191500 -0.446000
v 0.881400 0.185500 -0.405000
v 0.881400 0.200300 -0.364000
v 0.881400 0.215600 -0.323000
v 0.881400 0.217300 -0.282000
v 0.881400 0.205200 -0.241000
v 0.881400 0.200300 -0.200000
v 0.881400 0.200300 -0.159000
v 0.881400 0.200300 -0.118000
v 0.881400 0.200300 -0.077000
v 0.881400 0.200300 -0.036000
v 0.881400 0.204700 0.005000
v 0.881400 0.217300 0.046000
v 0.881400 0.223300 0.087000
v 0.881400 0.217300 0.128000
v 0.881400 0.206900 0.169000
v 0.881400 0.191500 0.210000
v 0.881400 0.175600 0.251000
v 0.881400 0.165100 0.292000
v 0.881400 0.159100 0.333000
v 0.881400 0.165100 0.374000
v 0.881400 0.177800 0.415000
v 0.881400 0.182700 0.456000
v 0.881400 0.182700 0.497000
v 0.881400 0.182700 0.538000
v 0.881400 0.182700 0.579000
v 0.881400 0.182700 0.620000
v 0.881400 0.183300 0.661000
v 0.881400 0.182700 0.702000
v 0.881400 0.174500 0.743000
v 0.881400 0.165100 0.784000
v 0.881400 0.155300 0.825000
v 0.881400 0.156400 0.866000
v 0.881400 0.177800 0.907000
v 0.881400 0.200300 0.948000
v 0.881400 0.211300 0.989000
v 0.922300 0.224400 -0.979000
v 0.922300 0.205200 -1.020000
v 0.922300 0.236000 -0.938000
v 0.922300 0.221100 -0.897000
v 0.922300 0.200300 -0.856000
v 0.922300 0.185500 -0.815000
v 0.922300 0.187600 -0.774000
v 0.922300 0.203600 -0.733000
v 0.922300 0.210200 -0.692000
v 0.922300 0.211800 -0.651000
v 0.922300 0.217300 -0.610000
v 0.922300 0.221700 -0.569000
v 0.922300 0.221100 -0.528000
v 0.922300 0.211800 -0.487000
v 0.922300 0.191500 -0.446000
v 0.922300 0.186000 -0.405000
v 0.922300 0.200300 -0.364000
v 0.922300 0.214500 -0.323000
v 0.922300 0.212400 -0.282000
v 0.922300 0.196400 -0.241000
v 0.922300 0.189800 -0.200000
v 0.922300 0.186500 -0.159000
v 0.922300 0.181100 -0.118000
v 0.922300 0.186500 -0.077000
v 0.922300 0.200300 -0.036000
v 0.922300 0.214500 0.005000
v 0.922300 0.223300 0.046000
v 0.922300 0.220000 0.087000
v 0.922300 0.215600 0.128000
v 0.922300 0.210700 0.169000
v 0.922300 0.197500 0.210000
v 0.922300 0.183800 0.251000
v 0.922300 0.178900 0.292000
v 0.922300 0.173400 0.333000
v 0.922300 0.165700 0.374000
v 0.922300 0.170600 0.415000
v 0.922300 0.184400 0.456000
v 0.922300 0.201900 0.497000
v 0.922300 0.217300 0.538000
v 0.922300 0.210200 0.579000
v 0.922300 0.194800 0.620000
v 0.922300 0.181100 0.661000
v 0.922300 0.174500 0.702000
v 0.922300 0.177800 0.743000
v 0.922300 0.178900 0.784000
v 0.922300 0.173900 0.825000
v 0.922300 0.170100 0.866000
v 0.922300 0.181600 0.907000
v 0.922300 0.200300 0.948000
v 0.922300 0.213500 0.989000
v 0.963200 0.221100 -0.979000
v 0.963200 0.200300 -1.020000
v 0.963200 0.234900 -0.938000
v 0.963200 0.221100 -0.897000
v 0.963200 0.200300 -0.856000
v 0.963200 0.184400 -0.815000
v 0.963200 0.182700 -0.774000
v 0.963200 0.194800 -0.733000
v 0.963200 0.200300 -0.692000
v 0.963200 0.200300 -0.651000
v 0.963200 0.200300 -0.610000
v 0.963200 0.200300 -0.569000
v 0.963200 0.200300 -0.528000
v 0.963200 0.194800 -0.487000
v 0.963200 0.182700 -0.446000
v 0.963200 0.184400 -0.405000
v 0.963200 0.200300 -0.364000
v 0.963200 0.215600 -0.323000
v 0.963200 0.217300 -0.282000
v 0.963200 0.205200 -0.241000
v 0.963200 0.200300 -0.200000
v 0.963200 0.194800 -0.159000
v 0.963200 0.182700 -0.118000
v 0.963200 0.184400 -0.077000
v 0.963200 0.200300 -0.036000
v 0.963200 0.215600 0.005000
v 0.963200 0.217300 0.046000
v 0.963200 0.205200 0.087000
v 0.963200 0.200300 0.128000
v 0.963200 0.200300 0.169000
v 0.963200 0.200300 0.210000
v 0.963200 0.200300 0.251000
v 0.963200 0.200300 0.292000
v 0.963200 0.194800 0.333000
v 0.963200 0.182700 0.374000
v 0.963200 0.184400 0.415000
v 0.963200 0.200300 0.456000
v 0.963200 0.221100 0.497000
v 0.963200 0.234900 0.538000
v 0.963200 0.221100 0.579000
v 0.963200 0.200300 0.620000
v 0.963200 0.184400 0.661000
v 0.963200 0.182700 0.702000
v 0.963200 0.194800 0.743000
v 0.963200 0.200300 0.784000
v 0.963200 0.194800 0.825000
v 0.963200 0.182700 0.866000
v 0.963200 0.184400 0.907000
v 0.963200 0.200300 0.948000
v 0.963200 0.215600 0.989000
v 1.004100 0.217800 -0.979000
v 1.004100 0.200300 -1.020000
v 1.004100 0.231600 -0.938000
v 1.004100 0.220000 -0.897000
v 1.004100 0.200300 -0.856000
v 1.004100 0.183300 -0.815000
v 1.004100 0.177200 -0.774000
v 1.004100 0.185500 -0.733000
v 1.004100 0.189800 -0.692000
v 1.004100 0.188700 -0.651000
v 1.004100 0.185500 -0.610000
v 1.004100 0.183300 -0.569000
v 1.004100 0.184400 -0.528000
v 1.004100 0.182200 -0.487000
v 1.004100 0.176700 -0.446000
v 1.004100 0.183300 -0.405000
v 1.004100 0.200300 -0.364000
v 1.004100 0.217800 -0.323000
v 1.004100 0.227200 -0.282000
v 1.004100 0.221100 -0.241000
v 1.004100 0.215600 -0.200000
v 1.004100 0.206900 -0.159000
v 1.004100 0.187600 -0.118000
v 1.004100 0.182200 -0.077000
v 1.004100 0.194800 -0.036000
v 1.004100 0.207400 0.005000
v 1.004100 0.205800 0.046000
v 1.004100 0.193700 0.087000
v 1.004100 0.189800 0.128000
v 1.004100 0.193700 0.169000
v 1.004100 0.201900 0.210000
v 1.004100 0.208500 0.251000
v 1.004100 0.210200 0.292000
v 1.004100 0.205200 0.333000
v 1.004100 0.195300 0.374000
v 1.004100 0.199200 0.415000
v 1.004100 0.215600 0.456000
v 1.004100 0.236000 0.497000
v 1.004100 0.245300 0.538000
v 1.004100 0.227700 0.579000
v 1.004100 0.205200 0.620000
v 1.004100 0.191500 0.661000
v 1.004100 0.195900 0.702000
v 1.004100 0.214000 0.743000
v 1.004100 0.221100 0.784000
v 1.004100 0.213500 0.825000
v 1.004100 0.192000 0.866000
v 1.004100 0.183300 0.907000
v 1.004100 0.194800 0.948000
v 1.004100 0.209600 0.989000
v -1.000000 0.000000 0.989000
v -0.959100 0.000000 0.989000
v -0.918200 0.000000 0.989000
v -0.877300 0.000000 0.989000
v -0.836400 0.000000 0.989000
v -0.795500 0.000000 0.989000
v -0.754600 0.000000 0.989000
v -0.713700 0.000000 0.989000
v -0.672800 0.000000 0.989000
v -0.631900 0.000000 0.989000
v -0.591000 0.000000 0.989000
v -0.550100 0.000000 0.989000
v -0.509200 0.000000 0.989000
v -0.468300 0.000000 0.989000
v -0.427400 0.000000 0.989000
v -0.386500 0.000000 0.989000
v -0.345600 0.000000 0.989000
v -0.304700 0.000000 0.989000
v -0.263800 0.000000 0.989000
v -0.222900 0.000000 0.989000
v -0.182000 0.000000 0.989000
v -0.141100 0.000000 0.989000
v -0.100200 0.000000 0.989000
v -0.059300 0.000000 0.989000
v -0.018400 0.000000 0.989000
v 0.022500 0.000000 0.989000
v 0.063400 0.000000 0.989000
v 0.104300 0.000000 0.989000
v 0.145200 0.000000 0.989000
v 0.186100 0.000000 0.989000
v 0.227000 0.000000 0.989000
v 0.267900 0.000000 0.989000
v 0.308800 0.000000 0.989000
v 0.349700 0.000000 0.989000
v 0.390600 0.000000 0.989000
v 0.431500 0.000000 0.989000
v 0.472400 0.000000 0.989000
v 0.513300 0.000000 0.989000
v 0.554200 0.000000 0.989000
v 0.595100 0.000000 0.989000
v 0.636000 0.000000 0.989000
v 0.676900 0.000000 0.989000
v 0.717800 0.000000 0.989000
v 0.758700 0.000000 0.989000
v 0.799600 0.000000 0.989000
v 0.840500 0.000000 0.989000
v 0.881400 0.000000 0.989000
v 0.922300 0.000000 0.989000
v 0.963200 0.000000 0.989000
v 1.004100 0.000000 0.989000
vn -0.0000 1.0000 -0.0000
vn 0.0001 0.9820 -0.1890
vn -0.0348 0.9820 -0.1855
vn -0.0683 0.9820 -0.1762
vn -0.0995 0.9820 -0.1606
vn -0.1273 0.9820 -0.1396
vn -0.1507 0.9820 -0.1138
vn -0.1689 0.9820 -0.0841
vn -0.1816 0.9820 -0.0515
vn -0.1880 0.9820 -0.0173
vn -0.1878 0.9820 0.0171
vn -0.1818 0.9820 0.0518
vn -0.1690 0.9820 0.0841
vn -0.1507 0.9820 0.1138
vn -0.1272 0.9820 0.1393
vn -0.0996 0.9820 0.1605
vn -0.0680 0.9820 0.1762
vn -0.0347 0.9820 0.1855
vn -0.0001 0.9820 0.1890
vn 0.0348 0.9820 0.1855
vn 0.0677 0.9820 0.1763
vn 0.0995 0.9820 0.1606
vn 0.1273 0.9820 0.1392
vn 0.1507 0.9820 0.1138
vn 0.1689 0.9820 0.0841
vn 0.1816 0.9820 0.0515
vn 0.1882 0.9820 0.0174
vn 0.1881 0.9820 -0.0173
vn 0.1817 0.9820 -0.0515
vn 0.1690 0.9820 -0.0841
vn 0.1507 0.9820 -0.1138
vn 0.1273 0.9820 -0.1396
vn 0.0996 0.9820 -0.1605
vn 0.0677 0.9820 -0.1761
vn 0.0347 0.9820 -0.1857
vn 0.0001 0.9307 -0.3657
vn -0.0675 0.9307 -0.3594
vn -0.1322 0.9306 -0.3412
vn -0.1926 0.9307 -0.3109
vn -0.2465 0.9307 -0.2701
vn -0.2920 0.9307 -0.2203
vn -0.3274 0.9307 -0.1630
vn -0.3520 0.9306 -0.1002
vn -0.3641 0.9308 -0.0337
vn -0.3645 0.9306 0.0338
vn -0.3518 0.9307 0.1005
vn -0.3275 0.9307 0.1631
vn -0.2922 0.9307 0.2202
vn -0.2464 0.9307 0.2702
vn -0.1928 0.9307 0.3109
vn -0.1322 0.9306 0.3412
vn -0.0675 0.9307 0.3595
vn 0.0001 0.9305 0.3662
vn 0.0675 0.9307 0.3594
vn 0.1324 0.9308 0.3407
vn 0.1926 0.9307 0.3109
vn 0.2465 0.9307 0.2701
vn 0.2920 0.9307 0.2203
vn 0.3276 0.9306 0.1631
vn 0.3518 0.9306 0.1008
vn 0.3641 0.9308 0.0337
vn 0.3642 0.9307 -0.0338
vn 0.3518 0.9307 -0.1005
vn 0.3278 0.9306 -0.1630
vn 0.2922 0.9307 -0.2202
vn 0.2464 0.9307 -0.2702
vn 0.1928 0.9307 -0.3109
vn 0.1324 0.9307 -0.3409
vn 0.0675 0.9307 -0.3595
vn -0.0001 0.8480 -0.5300
vn -0.0974 0.8478 -0.5213
vn -0.1918 0.8479 -0.4943
vn -0.2790 0.8479 -0.4508
vn -0.3572 0.8480 -0.3916
vn -0.4230 0.8479 -0.3196
vn -0.4745 0.8480 -0.2362
vn -0.5101 0.8478 -0.1451
vn -0.5281 0.8478 -0.0493
vn -0.5278 0.8479 0.0494
vn -0.5099 0.8479 0.1452
vn -0.4747 0.8479 0.2362
vn -0.4230 0.8479 0.3195
vn -0.3571 0.8479 0.3918
vn -0.2792 0.8478 0.4508
vn -0.1917 0.8479 0.4943
vn -0.0975 0.8479 0.5211
vn 0.0001 0.8480 0.5300
vn 0.0974 0.8478 0.5213
vn 0.1918 0.8479 0.4943
vn 0.2790 0.8479 0.4508
vn 0.3572 0.8480 0.3916
vn 0.4230 0.8479 0.3196
vn 0.4745 0.8480 0.2362
vn 0.5097 0.8480 0.1450
vn 0.5281 0.8478 0.0490
vn 0.5278 0.8479 -0.0494
vn 0.5099 0.8479 -0.1452
vn 0.4747 0.8479 -0.2362
vn 0.4230 0.8479 -0.3195
vn 0.3571 0.8479 -0.3918
vn 0.2792 0.8478 -0.4508
vn 0.1917 0.8479 -0.4943
vn 0.0975 0.8479 -0.5211
vn 0.0001 0.7361 -0.6768
vn -0.1248 0.7363 -0.6650
vn -0.2446 0.7362 -0.6311
vn -0.3561 0.7362 -0.5755
vn -0.4559 0.7362 -0.5002
vn -0.5400 0.7362 -0.4078
vn -0.6057 0.7363 -0.3018
vn -0.6508 0.7364 -0.1850
vn -0.6738 0.7363 -0.0621
vn -0.6738 0.7363 0.0624
vn -0.6508 0.7363 0.1853
vn -0.6055 0.7363 0.3021
vn -0.5400 0.7362 0.4079
vn -0.4558 0.7363 0.5001
vn -0.3560 0.7363 0.5755
vn -0.2447 0.7362 0.6310
vn -0.1247 0.7362 0.6652
vn -0.0001 0.7361 0.6768
vn 0.1248 0.7363 0.6650
vn 0.2446 0.7361 0.6311
vn 0.3561 0.7362 0.5755
vn 0.4559 0.7362 0.5002
vn 0.5400 0.7362 0.4078
vn 0.6057 0.7363 0.3018
vn 0.6508 0.7364 0.1850
vn 0.6738 0.7363 0.0621
vn 0.6738 0.7362 -0.0623
vn 0.6508 0.7363 -0.1853
vn 0.6056 0.7363 -0.3018
vn 0.5400 0.7362 -0.4079
vn 0.4558 0.7363 -0.5001
vn 0.3560 0.7363 -0.5755
vn 0.2444 0.7363 -0.6309
vn 0.1247 0.7362 -0.6652
vn 0.0002 0.5999 -0.8001
vn -0.1473 0.6002 -0.7862
vn -0.2892 0.6002 -0.7457
vn -0.4209 0.6003 -0.6800
vn -0.5390 0.6001 -0.5911
vn -0.6385 0.6000 -0.4820
vn -0.7159 0.6000 -0.3571
vn -0.7694 0.6000 -0.2191
vn -0.7964 0.6003 -0.0734
vn -0.7965 0.6002 0.0735
vn -0.7695 0.5999 0.2189
vn -0.7160 0.6000 0.3569
vn -0.6385 0.6000 0.4820
vn -0.5391 0.6001 0.5910
vn -0.4211 0.6000 0.6801
vn -0.2894 0.6002 0.7457
vn -0.1470 0.6002 0.7862
vn -0.0002 0.5999 0.8001
vn 0.1473 0.6002 0.7862
vn 0.2892 0.6002 0.7457
vn 0.4211 0.6001 0.6801
vn 0.5390 0.6001 0.5911
vn 0.6385 0.6000 0.4820
vn 0.7159 0.6000 0.3571
vn 0.7695 0.6001 0.2185
vn 0.7964 0.6003 0.0734
vn 0.7965 0.6002 -0.0735
vn 0.7695 0.5999 -0.2189
vn 0.7161 0.6000 -0.3567
vn 0.6385 0.6000 -0.4820
vn 0.5391 0.6001 -0.5910
vn 0.4211 0.6000 -0.6801
vn 0.2894 0.6002 -0.7457
vn 0.1470 0.6002 -0.7862
vn -0.0002 0.4436 -0.8962
vn -0.1647 0.4436 -0.8810
vn -0.3239 0.4437 -0.8356
vn -0.4716 0.4436 -0.7621
vn -0.6039 0.4438 -0.6621
vn -0.7152 0.4435 -0.5402
vn -0.8021 0.4436 -0.3998
vn -0.8620 0.4436 -0.2453
vn -0.8926 0.4432 -0.0827
vn -0.8925 0.4434 0.0827
vn -0.8621 0.4435 0.2453
vn -0.8021 0.4437 0.3997
vn -0.7151 0.4440 0.5399
vn -0.6041 0.4437 0.6620
vn -0.4717 0.4436 0.7621
vn -0.3237 0.4437 0.8357
vn -0.1648 0.4433 0.8811
vn 0.0002 0.4436 0.8962
vn 0.1647 0.4436 0.8810
vn 0.3239 0.4437 0.8356
vn 0.4716 0.4436 0.7621
vn 0.6038 0.4437 0.6622
vn 0.7152 0.4440 0.5397
vn 0.8021 0.4436 0.3998
vn 0.8621 0.4433 0.2454
vn 0.8924 0.4436 0.0827
vn 0.8925 0.4434 -0.0827
vn 0.8621 0.4435 -0.2453
vn 0.8021 0.4437 -0.3997
vn 0.7153 0.4434 -0.5402
vn 0.6041 0.4437 -0.6620
vn 0.4717 0.4436 -0.7621
vn 0.3237 0.4437 -0.8357
vn 0.1648 0.4433 -0.8811
vn -0.0001 0.2718 -0.9623
vn -0.1768 0.2722 -0.9459
vn -0.3474 0.2721 -0.8974
vn -0.5064 0.2720 -0.8183
vn -0.6482 0.2723 -0.7111
vn -0.7680 0.2722 -0.5797
vn -0.8615 0.2722 -0.4287
vn -0.9256 0.2720 -0.2633
vn -0.9581 0.2724 -0.0886
vn -0.9582 0.2720 0.0888
vn -0.9255 0.2721 0.2633
vn -0.8615 0.2720 0.4288
vn -0.7680 0.2721 0.5798
vn -0.6483 0.2721 0.7111
vn -0.5062 0.2723 0.8183
vn -0.3473 0.2721 0.8974
vn -0.1768 0.2722 0.9459
vn 0.0001 0.2718 0.9623
vn 0.1767 0.2718 0.9460
vn 0.3474 0.2721 0.8974
vn 0.5066 0.2723 0.8181
vn 0.6482 0.2716 0.7114
vn 0.7680 0.2722 0.5797
vn 0.8615 0.2722 0.4287
vn 0.9256 0.2720 0.2633
vn 0.9581 0.2724 0.0886
vn 0.9582 0.2720 -0.0888
vn 0.9256 0.2720 -0.2632
vn 0.8615 0.2720 -0.4288
vn 0.7680 0.2721 -0.5798
vn 0.6483 0.2721 -0.7111
vn 0.5062 0.2723 -0.8183
vn 0.3473 0.2721 -0.8974
vn 0.1768 0.2723 -0.9458
vn 0.0002 0.0914 -0.9958
vn -0.1827 0.0917 -0.9789
vn -0.3596 0.0918 -0.9286
vn -0.5243 0.0918 -0.8465
vn -0.6711 0.0913 -0.7357
vn -0.7946 0.0915 -0.6002
vn -0.8914 0.0918 -0.4439
vn -0.9577 0.0917 -0.2726
vn -0.9915 0.0919 -0.0921
vn -0.9915 0.0920 0.0921
vn -0.9578 0.0916 0.2726
vn -0.8915 0.0915 0.4437
vn -0.7946 0.0913 0.6002
vn -0.6710 0.0916 0.7358
vn -0.5243 0.0918 0.8465
vn -0.3594 0.0917 0.9287
vn -0.1825 0.0918 0.9789
vn -0.0002 0.0914 0.9958
vn 0.1827 0.0917 0.9789
vn 0.3593 0.0917 0.9287
vn 0.5242 0.0918 0.8466
vn 0.6711 0.0913 0.7357
vn 0.7946 0.0912 0.6003
vn 0.8914 0.0917 0.4438
vn 0.9577 0.0914 0.2729
vn 0.9915 0.0919 0.0921
vn 0.9915 0.0919 -0.0920
vn 0.9578 0.0916 -0.2726
vn 0.8915 0.0915 -0.4437
vn 0.7946 0.0919 -0.6001
vn 0.6709 0.0917 -0.7358
vn 0.5243 0.0918 -0.8465
vn 0.3594 0.0917 -0.9287
vn 0.1825 0.0918 -0.9789
vn -0.0002 -0.0914 -0.9958
vn -0.1825 -0.0918 -0.9789
vn -0.3594 -0.0917 -0.9287
vn -0.5243 -0.0918 -0.8465
vn -0.6709 -0.0918 -0.7359
vn -0.7946 -0.0913 -0.6002
vn -0.8914 -0.0918 -0.4439
vn -0.9578 -0.0916 -0.2726
vn -0.9915 -0.0919 -0.0920
vn -0.9915 -0.0922 0.0923
vn -0.9577 -0.0917 0.2726
vn -0.8913 -0.0919 0.4440
vn -0.7946 -0.0917 0.6001
vn -0.6711 -0.0913 0.7357
vn -0.5242 -0.0918 0.8466
vn -0.3593 -0.0917 0.9287
vn -0.1827 -0.0917 0.9789
vn 0.0002 -0.0914 0.9958
vn 0.1825 -0.0918 0.9789
vn 0.3594 -0.0917 0.9287
vn 0.5243 -0.0918 0.8465
vn 0.6709 -0.0918 0.7359
vn 0.7947 -0.0919 0.6000
vn 0.8915 -0.0915 0.4437
vn 0.9578 -0.0916 0.2726
vn 0.9915 -0.0918 0.0919
vn 0.9915 -0.0918 -0.0919
vn 0.9577 -0.0914 -0.2729
vn 0.8916 -0.0915 -0.4435
vn 0.7946 -0.0917 -0.6001
vn 0.6709 -0.0917 -0.7358
vn 0.5246 -0.0919 -0.8464
vn 0.3593 -0.0917 -0.9287
vn 0.1831 -0.0918 -0.9788
vn 0.0001 -0.2718 -0.9623
vn -0.1769 -0.2717 -0.9460
vn -0.3473 -0.2721 -0.8974
vn -0.5062 -0.2723 -0.8183
vn -0.6483 -0.2721 -0.7111
vn -0.7680 -0.2721 -0.5798
vn -0.8615 -0.2720 -0.4288
vn -0.9255 -0.2722 -0.2633
vn -0.9582 -0.2720 -0.0888
vn -0.9581 -0.2724 0.0886
vn -0.9256 -0.2720 0.2633
vn -0.8615 -0.2722 0.4287
vn -0.7680 -0.2722 0.5797
vn -0.6482 -0.2716 0.7114
vn -0.5064 -0.2720 0.8183
vn -0.3474 -0.2721 0.8974
vn -0.1767 -0.2718 0.9460
vn -0.0001 -0.2718 0.9623
vn 0.1768 -0.2723 0.9458
vn 0.3473 -0.2721 0.8974
vn 0.5065 -0.2722 0.8181
vn 0.6483 -0.2721 0.7111
vn 0.7680 -0.2721 0.5798
vn 0.8615 -0.2720 0.4288
vn 0.9255 -0.2722 0.2633
vn 0.9582 -0.2720 0.0888
vn 0.9581 -0.2724 -0.0886
vn 0.9256 -0.2720 -0.2633
vn 0.8615 -0.2722 -0.4287
vn 0.7680 -0.2722 -0.5797
vn 0.6482 -0.2721 -0.7112
vn 0.5064 -0.2720 -0.8183
vn 0.3474 -0.2721 -0.8974
vn 0.1767 -0.2718 -0.9460
vn 0.0002 -0.4436 -0.8962
vn -0.1648 -0.4433 -0.8811
vn -0.3237 -0.4437 -0.8357
vn -0.4717 -0.4436 -0.7621
vn -0.6041 -0.4437 -0.6620
vn -0.7152 -0.4437 -0.5401
vn -0.8021 -0.4437 -0.3997
vn -0.8621 -0.4435 -0.2453
vn -0.8925 -0.4434 -0.0827
vn -0.8926 -0.4432 0.0827
vn -0.8621 -0.4433 0.2454
vn -0.8021 -0.4436 0.3998
vn -0.7152 -0.4440 0.5397
vn -0.6040 -0.4440 0.6618
vn -0.4716 -0.4436 0.7621
vn -0.3239 -0.4437 0.8356
vn -0.1644 -0.4432 0.8812
vn -0.0002 -0.4436 0.8962
vn 0.1646 -0.4437 0.8809
vn 0.3237 -0.4437 0.8357
vn 0.4717 -0.4436 0.7621
vn 0.6038 -0.4436 0.6623
vn 0.7151 -0.4440 0.5399
vn 0.8021 -0.4437 0.3997
vn 0.8621 -0.4435 0.2453
vn 0.8925 -0.4434 0.0827
vn 0.8924 -0.4435 -0.0827
vn 0.8621 -0.4433 -0.2454
vn 0.8021 -0.4436 -0.3998
vn 0.7152 -0.4440 -0.5397
vn 0.6038 -0.4437 -0.6622
vn 0.4716 -0.4436 -0.7621
vn 0.3239 -0.4437 -0.8356
vn 0.1644 -0.4432 -0.8812
vn -0.0002 -0.5999 -0.8001
vn -0.1470 -0.6002 -0.7862
vn -0.2894 -0.6002 -0.7457
vn -0.4207 -0.6003 -0.6801
vn -0.5391 -0.6001 -0.5910
vn -0.6385 -0.6000 -0.4820
vn -0.7161 -0.6000 -0.3565
vn -0.7695 -0.5999 -0.2189
vn -0.7965 -0.6002 -0.0735
vn -0.7964 -0.6003 0.0734
vn -0.7694 -0.6000 0.2191
vn -0.7159 -0.6000 0.3571
vn -0.6385 -0.6000 0.4820
vn -0.5390 -0.6001 0.5911
vn -0.4209 -0.6003 0.6800
vn -0.2892 -0.6002 0.7457
vn -0.1473 -0.6002 0.7862
vn 0.0002 -0.5999 0.8001
vn 0.1470 -0.6002 0.7862
vn 0.2894 -0.6002 0.7457
vn 0.4207 -0.6003 0.6801
vn 0.5391 -0.6001 0.5910
vn 0.6385 -0.6000 0.4820
vn 0.7158 -0.6000 0.3572
vn 0.7695 -0.5999 0.2189
vn 0.7966 -0.6000 0.0738
vn 0.7965 -0.6001 -0.0737
vn 0.7694 -0.6000 -0.2191
vn 0.7161 -0.6000 -0.3566
vn 0.6385 -0.6000 -0.4820
vn 0.5390 -0.6001 -0.5911
vn 0.4209 -0.6003 -0.6800
vn 0.2892 -0.6002 -0.7457
vn 0.1473 -0.6002 -0.7862
vn -0.0001 -0.7361 -0.6768
vn -0.1247 -0.7362 -0.6652
vn -0.2447 -0.7362 -0.6310
vn -0.3560 -0.7363 -0.5755
vn -0.4558 -0.7363 -0.5001
vn -0.5400 -0.7362 -0.4079
vn -0.6055 -0.7363 -0.3021
vn -0.6508 -0.7363 -0.1853
vn -0.6740 -0.7361 -0.0620
vn -0.6738 -0.7363 0.0621
vn -0.6508 -0.7364 0.1850
vn -0.6055 -0.7362 0.3023
vn -0.5400 -0.7362 0.4078
vn -0.4559 -0.7362 0.5002
vn -0.3561 -0.7362 0.5755
vn -0.2446 -0.7361 0.6311
vn -0.1248 -0.7363 0.6650
vn 0.0001 -0.7361 0.6768
vn 0.1247 -0.7362 0.6652
vn 0.2447 -0.7362 0.6310
vn 0.3560 -0.7363 0.5755
vn 0.4558 -0.7363 0.5001
vn 0.5400 -0.7362 0.4079
vn 0.6055 -0.7363 0.3021
vn 0.6508 -0.7363 0.1853
vn 0.6738 -0.7363 0.0624
vn 0.6738 -0.7363 -0.0621
vn 0.6508 -0.7364 -0.1850
vn 0.6055 -0.7362 -0.3023
vn 0.5400 -0.7362 -0.4078
vn 0.4559 -0.7362 -0.5002
vn 0.3561 -0.7362 -0.5755
vn 0.2446 -0.7361 -0.6311
vn 0.1248 -0.7363 -0.6650
vn 0.0001 -0.8480 -0.5300
vn -0.0975 -0.8479 -0.5211
vn -0.1917 -0.8479 -0.4943
vn -0.2792 -0.8478 -0.4508
vn -0.3571 -0.8479 -0.3918
vn -0.4230 -0.8479 -0.3195
vn -0.4747 -0.8479 -0.2362
vn -0.5101 -0.8478 -0.1451
vn -0.5278 -0.8479 -0.0494
vn -0.5281 -0.8477 0.0496
vn -0.5097 -0.8480 0.1450
vn -0.4745 -0.8480 0.2362
vn -0.4230 -0.8479 0.3196
vn -0.3572 -0.8480 0.3916
vn -0.2790 -0.8479 0.4508
vn -0.1918 -0.8479 0.4943
vn -0.0974 -0.8478 0.5213
vn -0.0001 -0.8480 0.5300
vn 0.0975 -0.8479 0.5211
vn 0.1915 -0.8478 0.4946
vn 0.2792 -0.8478 0.4508
vn 0.3571 -0.8479 0.3918
vn 0.4230 -0.8479 0.3195
vn 0.4747 -0.8479 0.2362
vn 0.5100 -0.8478 0.1451
vn 0.5280 -0.8478 0.0491
vn 0.5281 -0.8478 -0.0490
vn 0.5100 -0.8479 -0.1451
vn 0.4745 -0.8480 -0.2362
vn 0.4230 -0.8479 -0.3196
vn 0.3572 -0.8480 -0.3916
vn 0.2790 -0.8479 -0.4508
vn 0.1918 -0.8479 -0.4943
vn 0.0974 -0.8478 -0.5213
vn 0.0001 -0.9305 -0.3662
vn -0.0675 -0.9307 -0.3595
vn -0.1321 -0.9306 -0.3414
vn -0.1928 -0.9307 -0.3109
vn -0.2466 -0.9306 -0.2705
vn -0.2922 -0.9307 -0.2202
vn -0.3275 -0.9307 -0.1631
vn -0.3518 -0.9307 -0.1005
vn -0.3642 -0.9307 -0.0338
vn -0.3641 -0.9308 0.0337
vn -0.3519 -0.9306 0.1003
vn -0.3276 -0.9306 0.1631
vn -0.2920 -0.9307 0.2203
vn -0.2465 -0.9307 0.2701
vn -0.1926 -0.9307 0.3109
vn -0.1323 -0.9307 0.3411
vn -0.0675 -0.9307 0.3594
vn 0.0001 -0.9307 0.3657
vn 0.0675 -0.9307 0.3595
vn 0.1324 -0.9307 0.3409
vn 0.1928 -0.9307 0.3109
vn 0.2464 -0.9307 0.2702
vn 0.2922 -0.9307 0.2202
vn 0.3275 -0.9307 0.1631
vn 0.3518 -0.9307 0.1005
vn 0.3642 -0.9307 0.0338
vn 0.3641 -0.9308 -0.0337
vn 0.3518 -0.9306 -0.1008
vn 0.3277 -0.9306 -0.1631
vn 0.2920 -0.9307 -0.2203
vn 0.2465 -0.9307 -0.2701
vn 0.1926 -0.9307 -0.3109
vn 0.1324 -0.9308 -0.3407
vn 0.0675 -0.9307 -0.3594
vn -0.0001 -0.9820 -0.1890
vn -0.0347 -0.9820 -0.1857
vn -0.0677 -0.9820 -0.1761
vn -0.0996 -0.9820 -0.1605
vn -0.1273 -0.9820 -0.1396
vn -0.1507 -0.9820 -0.1138
vn -0.1690 -0.9820 -0.0841
vn -0.1817 -0.9820 -0.0515
vn -0.1878 -0.9820 -0.0171
vn -0.1878 -0.9821 0.0171
vn -0.1816 -0.9820 0.0515
vn -0.1689 -0.9820 0.0841
vn -0.1507 -0.9820 0.1138
vn -0.1273 -0.9820 0.1396
vn -0.0995 -0.9820 0.1606
vn -0.0680 -0.9820 0.1762
vn -0.0348 -0.9820 0.1855
vn 0.0001 -0.9820 0.1890
vn 0.0347 -0.9820 0.1858
vn 0.0680 -0.9820 0.1762
vn 0.0996 -0.9820 0.1605
vn 0.1273 -0.9820 0.1398
vn 0.1507 -0.9820 0.1138
vn 0.1690 -0.9820 0.0841
vn 0.1817 -0.9820 0.0515
vn 0.1878 -0.9820 0.0171
vn 0.1878 -0.9821 -0.0171
vn 0.1816 -0.9820 -0.0515
vn 0.1689 -0.9820 -0.0841
vn 0.1507 -0.9820 -0.1138
vn 0.1273 -0.9821 -0.1392
vn 0.0995 -0.9820 -0.1606
vn 0.0677 -0.9820 -0.1763
vn 0.0348 -0.9820 -0.1855
vn -0.0000 -1.0000 -0.0000
vn -0.0001 1.0000 -0.0001
vn -0.0001 0.9820 -0.1887
vn -0.0344 0.9820 -0.1857
vn -0.0685 0.9820 -0.1760
vn -0.0995 0.9820 -0.1607
vn -0.1271 0.9820 -0.1400
vn -0.1508 0.9820 -0.1138
vn -0.1690 0.9820 -0.0840
vn -0.1817 0.9820 -0.0519
vn -0.1882 0.9820 -0.0175
vn -0.1882 0.9820 0.0175
vn -0.1818 0.9820 0.0517
vn -0.1689 0.9820 0.0841
vn -0.1510 0.9820 0.1132
vn -0.1271 0.9820 0.1398
vn -0.0992 0.9820 0.1606
vn -0.0686 0.9820 0.1760
vn -0.0344 0.9820 0.1856
vn -0.0000 0.9820 0.1887
vn 0.0343 0.9820 0.1856
vn 0.0685 0.9820 0.1759
vn 0.0995 0.9820 0.1605
vn 0.1268 0.9820 0.1397
vn 0.1506 0.9820 0.1138
vn 0.1689 0.9821 0.0840
vn 0.1814 0.9820 0.0522
vn 0.1882 0.9820 0.0175
vn 0.1880 0.9820 -0.0179
vn 0.1818 0.9820 -0.0517
vn 0.1692 0.9820 -0.0842
vn 0.1507 0.9820 -0.1137
vn 0.1273 0.9820 -0.1397
vn 0.0995 0.9820 -0.1607
vn 0.0686 0.9820 -0.1761
vn 0.0344 0.9820 -0.1857
vn -0.0002 0.9308 -0.3656
vn -0.0669 0.9307 -0.3597
vn -0.1924 0.9307 -0.3112
vn -0.2464 0.9307 -0.2703
vn -0.2920 0.9306 -0.2206
vn -0.3275 0.9307 -0.1631
vn -0.3519 0.9307 -0.0998
vn -0.3642 0.9307 -0.0338
vn -0.3642 0.9307 0.0337
vn -0.3519 0.9307 0.0998
vn -0.3277 0.9307 0.1628
vn -0.2917 0.9308 0.2203
vn -0.2468 0.9306 0.2703
vn -0.1922 0.9307 0.3112
vn -0.1324 0.9306 0.3412
vn -0.0668 0.9307 0.3596
vn -0.0001 0.9307 0.3658
vn 0.0669 0.9307 0.3597
vn 0.1323 0.9306 0.3412
vn 0.1924 0.9307 0.3112
vn 0.2466 0.9307 0.2703
vn 0.2920 0.9307 0.2202
vn 0.3275 0.9307 0.1631
vn 0.3519 0.9307 0.0998
vn 0.3642 0.9307 0.0338
vn 0.3642 0.9307 -0.0337
vn 0.3519 0.9307 -0.0998
vn 0.3277 0.9306 -0.1629
vn 0.2920 0.9307 -0.2203
vn 0.2467 0.9307 -0.2702
vn 0.1922 0.9307 -0.3112
vn 0.1319 0.9307 -0.3413
vn 0.0668 0.9307 -0.3595
vn 0.0001 0.8480 -0.5301
vn -0.0976 0.8479 -0.5211
vn -0.1916 0.8478 -0.4945
vn -0.2792 0.8478 -0.4509
vn -0.3570 0.8478 -0.3921
vn -0.4232 0.8479 -0.3194
vn -0.4745 0.8481 -0.2358
vn -0.5098 0.8479 -0.1454
vn -0.5276 0.8481 -0.0487
vn -0.5282 0.8477 0.0489
vn -0.5097 0.8480 0.1452
vn -0.4745 0.8480 0.2362
vn -0.4235 0.8478 0.3192
vn -0.3568 0.8480 0.3919
vn -0.2788 0.8480 0.4507
vn -0.1915 0.8479 0.4943
vn -0.0973 0.8481 0.5209
vn -0.0001 0.8481 0.5299
vn 0.0974 0.8478 0.5212
vn 0.1913 0.8481 0.4941
vn 0.2788 0.8479 0.4508
vn 0.3573 0.8479 0.3917
vn 0.4234 0.8479 0.3192
vn 0.4746 0.8478 0.2368
vn 0.5098 0.8479 0.1454
vn 0.5280 0.8479 0.0488
vn 0.5277 0.8480 -0.0488
vn 0.5098 0.8479 -0.1453
vn 0.4744 0.8479 -0.2366
vn 0.4232 0.8479 -0.3193
vn 0.3573 0.8479 -0.3916
vn 0.2788 0.8480 -0.4507
vn 0.1916 0.8478 -0.4945
vn 0.0979 0.8479 -0.5210
vn -0.0001 0.7362 -0.6767
vn -0.1241 0.7361 -0.6654
vn -0.2445 0.7365 -0.6308
vn -0.3564 0.7365 -0.5749
vn -0.4559 0.7363 -0.5000
vn -0.5399 0.7362 -0.4080
vn -0.6058 0.7362 -0.3016
vn -0.6509 0.7363 -0.1851
vn -0.6737 0.7364 -0.0626
vn -0.6736 0.7364 0.0628
vn -0.6510 0.7362 0.1851
vn -0.6057 0.7364 0.3015
vn -0.5400 0.7363 0.4077
vn -0.4563 0.7362 0.4998
vn -0.3563 0.7364 0.5751
vn -0.2445 0.7363 0.6310
vn -0.1243 0.7363 0.6651
vn 0.0002 0.7365 0.6765
vn 0.1242 0.7363 0.6652
vn 0.2444 0.7364 0.6309
vn 0.3564 0.7364 0.5751
vn 0.4561 0.7364 0.4997
vn 0.5400 0.7364 0.4076
vn 0.6056 0.7365 0.3014
vn 0.6508 0.7363 0.1853
vn 0.6737 0.7364 0.0626
vn 0.6737 0.7363 -0.0625
vn 0.6508 0.7363 -0.1854
vn 0.6054 0.7365 -0.3017
vn 0.5400 0.7365 -0.4075
vn 0.4563 0.7362 -0.4998
vn 0.3565 0.7362 -0.5752
vn 0.2443 0.7363 -0.6310
vn 0.1240 0.7363 -0.6651
vn -0.0001 0.6001 -0.7999
vn -0.1470 0.6000 -0.7863
vn -0.2886 0.5998 -0.7463
vn -0.4213 0.5997 -0.6804
vn -0.5391 0.6001 -0.5910
vn -0.6382 0.6003 -0.4821
vn -0.7161 0.6000 -0.3565
vn -0.7692 0.6003 -0.2189
vn -0.7966 0.5999 -0.0739
vn -0.7967 0.5998 0.0743
vn -0.7693 0.6001 0.2190
vn -0.7161 0.6000 0.3565
vn -0.6382 0.6002 0.4821
vn -0.5390 0.6000 0.5911
vn -0.4212 0.5999 0.6802
vn -0.2885 0.5998 0.7463
vn -0.1472 0.5999 0.7865
vn -0.0000 0.6001 0.7999
vn 0.1472 0.6000 0.7864
vn 0.2888 0.5998 0.7462
vn 0.4211 0.6000 0.6802
vn 0.5389 0.5997 0.5916
vn 0.6384 0.6001 0.4820
vn 0.7161 0.6000 0.3566
vn 0.7695 0.6000 0.2188
vn 0.7967 0.5999 0.0740
vn 0.7967 0.5998 -0.0743
vn 0.7694 0.6000 -0.2192
vn 0.7165 0.5999 -0.3560
vn 0.6382 0.6002 -0.4822
vn 0.5390 0.5998 -0.5914
vn 0.4213 0.5999 -0.6802
vn 0.2890 0.6000 -0.7460
vn 0.1471 0.5999 -0.7864
vn 0.0001 0.4433 -0.8964
vn -0.1647 0.4435 -0.8810
vn -0.3238 0.4437 -0.8356
vn -0.4721 0.4433 -0.7620
vn -0.6038 0.4436 -0.6623
vn -0.8024 0.4435 -0.3994
vn -0.8620 0.4437 -0.2452
vn -0.8923 0.4437 -0.0826
vn -0.8925 0.4434 0.0826
vn -0.8621 0.4436 0.2450
vn -0.8026 0.4433 0.3992
vn -0.7152 0.4432 0.5404
vn -0.6039 0.4437 0.6622
vn -0.4718 0.4435 0.7621
vn -0.3238 0.4435 0.8357
vn -0.1649 0.4435 0.8810
vn -0.0003 0.4433 0.8964
vn 0.1652 0.4437 0.8808
vn 0.3239 0.4434 0.8358
vn 0.4719 0.4435 0.7620
vn 0.6038 0.4436 0.6623
vn 0.7152 0.4436 0.5401
vn 0.8025 0.4433 0.3992
vn 0.8923 0.4437 0.0826
vn 0.8923 0.4438 -0.0827
vn 0.8621 0.4434 -0.2454
vn 0.8025 0.4434 -0.3994
vn 0.7153 0.4432 -0.5403
vn 0.6034 0.4435 -0.6627
vn 0.4719 0.4435 -0.7620
vn 0.3241 0.4431 -0.8358
vn 0.1646 0.4436 -0.8810
vn -0.0000 0.2721 -0.9623
vn -0.1769 0.2724 -0.9458
vn -0.3477 0.2720 -0.8973
vn -0.5066 0.2724 -0.8181
vn -0.6482 0.2725 -0.7110
vn -0.7679 0.2722 -0.5799
vn -0.8614 0.2722 -0.4289
vn -0.9255 0.2721 -0.2633
vn -0.9581 0.2723 -0.0884
vn -0.9582 0.2722 0.0885
vn -0.9255 0.2723 0.2633
vn -0.8614 0.2719 0.4291
vn -0.7677 0.2723 0.5801
vn -0.6482 0.2722 0.7111
vn -0.5067 0.2723 0.8180
vn -0.3478 0.2721 0.8972
vn -0.1769 0.2725 0.9458
vn -0.0002 0.2721 0.9623
vn 0.1770 0.2723 0.9458
vn 0.3477 0.2720 0.8973
vn 0.5063 0.2722 0.8183
vn 0.6482 0.2724 0.7111
vn 0.7678 0.2723 0.5800
vn 0.8614 0.2722 0.4288
vn 0.9255 0.2724 0.2633
vn 0.9581 0.2721 0.0892
vn 0.9581 0.2724 -0.0890
vn 0.9256 0.2721 -0.2631
vn 0.8614 0.2723 -0.4289
vn 0.7678 0.2724 -0.5799
vn 0.6481 0.2725 -0.7111
vn 0.5065 0.2724 -0.8181
vn 0.3478 0.2722 -0.8972
vn 0.1766 0.2723 -0.9459
vn -0.0001 0.0920 -0.9958
vn -0.1828 0.0921 -0.9788
vn -0.3598 0.0919 -0.9285
vn -0.5240 0.0918 -0.8467
vn -0.6709 0.0918 -0.7358
vn -0.7947 0.0919 -0.6000
vn -0.8914 0.0918 -0.4438
vn -0.9577 0.0914 -0.2727
vn -0.9916 0.0916 -0.0916
vn -0.9916 0.0916 0.0916
vn -0.9577 0.0916 0.2726
vn -0.8915 0.0916 0.4437
vn -0.7948 0.0922 0.5999
vn -0.6708 0.0919 0.7360
vn -0.5240 0.0918 0.8468
vn -0.3597 0.0918 0.9285
vn -0.1835 0.0919 0.9787
vn -0.0001 0.0920 0.9958
vn 0.1832 0.0919 0.9788
vn 0.3602 0.0918 0.9284
vn 0.5241 0.0918 0.8467
vn 0.6708 0.0919 0.7360
vn 0.7947 0.0919 0.6000
vn 0.8914 0.0918 0.4438
vn 0.9577 0.0922 0.2724
vn 0.9915 0.0918 0.0918
vn 0.9577 0.0920 -0.2727
vn 0.8914 0.0918 -0.4439
vn 0.7946 0.0918 -0.6001
vn 0.6708 0.0918 -0.7359
vn 0.5243 0.0917 -0.8466
vn 0.3600 0.0922 -0.9284
vn 0.1828 0.0921 -0.9788
vn -0.0001 -0.0920 -0.9958
vn -0.1829 -0.0921 -0.9788
vn -0.3600 -0.0922 -0.9284
vn -0.5243 -0.0917 -0.8466
vn -0.7948 -0.0922 -0.5999
vn -0.8915 -0.0915 -0.4437
vn -0.9578 -0.0914 -0.2726
vn -0.9916 -0.0916 -0.0916
vn -0.9916 -0.0916 0.0916
vn -0.9577 -0.0916 0.2726
vn -0.8914 -0.0918 0.4438
vn -0.7949 -0.0923 0.5997
vn -0.6708 -0.0919 0.7360
vn -0.5241 -0.0918 0.8467
vn -0.3602 -0.0918 0.9284
vn -0.1831 -0.0919 0.9788
vn -0.0001 -0.0920 0.9958
vn 0.1834 -0.0919 0.9787
vn 0.3603 -0.0916 0.9283
vn 0.5242 -0.0918 0.8466
vn 0.6704 -0.0922 0.7362
vn 0.7946 -0.0917 0.6001
vn 0.8913 -0.0918 0.4439
vn 0.9576 -0.0922 0.2728
vn 0.9916 -0.0916 0.0916
vn 0.9915 -0.0918 -0.0918
vn 0.9578 -0.0920 -0.2725
vn 0.8914 -0.0918 -0.4438
vn 0.7947 -0.0920 -0.6000
vn 0.6705 -0.0920 -0.7362
vn 0.5240 -0.0918 -0.8467
vn 0.3598 -0.0919 -0.9285
vn 0.1827 -0.0921 -0.9788
vn -0.0002 -0.2721 -0.9623
vn -0.1767 -0.2723 -0.9459
vn -0.3478 -0.2722 -0.8972
vn -0.5065 -0.2723 -0.8182
vn -0.6482 -0.2722 -0.7111
vn -0.7677 -0.2723 -0.5801
vn -0.8614 -0.2722 -0.4289
vn -0.9254 -0.2723 -0.2635
vn -0.9582 -0.2722 -0.0884
vn -0.9581 -0.2723 0.0885
vn -0.9256 -0.2721 0.2631
vn -0.8614 -0.2721 0.4290
vn -0.7679 -0.2722 0.5799
vn -0.6482 -0.2725 0.7110
vn -0.5066 -0.2722 0.8181
vn -0.3477 -0.2720 0.8973
vn -0.1771 -0.2723 0.9458
vn -0.0000 -0.2721 0.9623
vn 0.1768 -0.2725 0.9458
vn 0.3478 -0.2721 0.8972
vn 0.5064 -0.2722 0.8182
vn 0.6481 -0.2725 0.7111
vn 0.7678 -0.2724 0.5799
vn 0.8615 -0.2722 0.4287
vn 0.9256 -0.2721 0.2632
vn 0.9580 -0.2724 0.0891
vn 0.9581 -0.2721 -0.0891
vn 0.9254 -0.2723 -0.2635
vn 0.8613 -0.2721 -0.4290
vn 0.7678 -0.2723 -0.5800
vn 0.6482 -0.2722 -0.7111
vn 0.5065 -0.2720 -0.8182
vn 0.3477 -0.2720 -0.8973
vn 0.1768 -0.2724 -0.9458
vn -0.0003 -0.4433 -0.8964
vn -0.1643 -0.4437 -0.8810
vn -0.3239 -0.4435 -0.8357
vn -0.4718 -0.4436 -0.7620
vn -0.6036 -0.4434 -0.6626
vn -0.7152 -0.4432 -0.5404
vn -0.8026 -0.4433 -0.3992
vn -0.8620 -0.4437 -0.2450
vn -0.8923 -0.4438 -0.0828
vn -0.8925 -0.4435 0.0828
vn -0.8620 -0.4438 0.2450
vn -0.8024 -0.4434 0.3993
vn -0.7152 -0.4435 0.5402
vn -0.6038 -0.4437 0.6623
vn -0.4716 -0.4431 0.7624
vn -0.3239 -0.4434 0.8358
vn -0.1653 -0.4437 0.8808
vn 0.0001 -0.4433 0.8964
vn 0.1649 -0.4435 0.8810
vn 0.3241 -0.4432 0.8358
vn 0.4719 -0.4433 0.7621
vn 0.6034 -0.4435 0.6627
vn 0.7153 -0.4432 0.5403
vn 0.8025 -0.4434 0.3994
vn 0.8621 -0.4433 0.2454
vn 0.8924 -0.4436 0.0827
vn 0.8925 -0.4435 -0.0828
vn 0.8621 -0.4435 -0.2453
vn 0.8025 -0.4434 -0.3993
vn 0.7152 -0.4431 -0.5405
vn 0.6038 -0.4436 -0.6623
vn 0.4718 -0.4436 -0.7620
vn 0.3238 -0.4433 -0.8359
vn 0.1647 -0.4435 -0.8810
vn -0.0000 -0.6001 -0.8000
vn -0.1472 -0.5998 -0.7865
vn -0.2889 -0.6001 -0.7460
vn -0.4215 -0.5998 -0.6801
vn -0.5390 -0.6000 -0.5911
vn -0.6382 -0.6001 -0.4822
vn -0.7161 -0.6000 -0.3566
vn -0.7693 -0.6001 -0.2190
vn -0.7966 -0.5999 -0.0740
vn -0.7966 -0.6000 0.0739
vn -0.7695 -0.5999 0.2190
vn -0.7161 -0.6000 0.3566
vn -0.6382 -0.6003 0.4821
vn -0.5391 -0.6001 0.5910
vn -0.4213 -0.5997 0.6804
vn -0.2889 -0.5999 0.7461
vn -0.1472 -0.5999 0.7864
vn -0.0001 -0.6001 0.7999
vn 0.1471 -0.5999 0.7864
vn 0.2888 -0.5998 0.7462
vn 0.4212 -0.5998 0.6804
vn 0.5390 -0.5998 0.5914
vn 0.6382 -0.6002 0.4821
vn 0.7161 -0.6000 0.3565
vn 0.7695 -0.6001 0.2186
vn 0.7967 -0.5998 0.0743
vn 0.7967 -0.5999 -0.0740
vn 0.7694 -0.6000 -0.2190
vn 0.6384 -0.6001 -0.4820
vn 0.5389 -0.5997 -0.5916
vn 0.4212 -0.5999 -0.6802
vn 0.2888 -0.6000 -0.7461
vn 0.1470 -0.6001 -0.7863
vn 0.0001 -0.7363 -0.6767
vn -0.1243 -0.7363 -0.6651
vn -0.2445 -0.7363 -0.6310
vn -0.3563 -0.7364 -0.5751
vn -0.4558 -0.7363 -0.5000
vn -0.5397 -0.7364 -0.4080
vn -0.6056 -0.7364 -0.3016
vn -0.6507 -0.7364 -0.1853
vn -0.6736 -0.7364 -0.0628
vn -0.6737 -0.7364 0.0626
vn -0.6508 -0.7363 0.1853
vn -0.6058 -0.7363 0.3014
vn -0.5400 -0.7363 0.4077
vn -0.4561 -0.7364 0.4997
vn -0.3564 -0.7365 0.5749
vn -0.2445 -0.7365 0.6308
vn -0.1240 -0.7362 0.6653
vn -0.0002 -0.7364 0.6765
vn 0.1240 -0.7363 0.6651
vn 0.2443 -0.7363 0.6310
vn 0.3565 -0.7362 0.5752
vn 0.4563 -0.7362 0.4998
vn 0.5400 -0.7363 0.4078
vn 0.6055 -0.7365 0.3016
vn 0.6507 -0.7363 0.1856
vn 0.6736 -0.7364 0.0628
vn 0.6737 -0.7364 -0.0626
vn 0.6508 -0.7363 -0.1853
vn 0.6056 -0.7364 -0.3016
vn 0.5400 -0.7365 -0.4073
vn 0.4561 -0.7364 -0.4997
vn 0.3564 -0.7364 -0.5751
vn 0.2444 -0.7364 -0.6309
vn 0.1239 -0.7361 -0.6655
vn -0.0002 -0.8479 -0.5301
vn -0.0979 -0.8480 -0.5209
vn -0.1915 -0.8478 -0.4944
vn -0.2788 -0.8480 -0.4507
vn -0.3568 -0.8480 -0.3919
vn -0.4235 -0.8478 -0.3192
vn -0.4744 -0.8481 -0.2361
vn -0.5097 -0.8480 -0.1451
vn -0.5277 -0.8480 -0.0488
vn -0.5276 -0.8481 0.0487
vn -0.5101 -0.8478 0.1451
vn -0.4746 -0.8480 0.2359
vn -0.4233 -0.8478 0.3193
vn -0.3574 -0.8478 0.3918
vn -0.2792 -0.8478 0.4509
vn -0.1917 -0.8477 0.4946
vn -0.0974 -0.8478 0.5214
vn -0.0000 -0.8481 0.5299
vn 0.0973 -0.8480 0.5210
vn 0.1915 -0.8479 0.4944
vn 0.2788 -0.8480 0.4507
vn 0.3573 -0.8479 0.3916
vn 0.4232 -0.8479 0.3193
vn 0.4745 -0.8479 0.2366
vn 0.5098 -0.8479 0.1454
vn 0.5277 -0.8480 0.0488
vn 0.5276 -0.8481 -0.0487
vn 0.5098 -0.8479 -0.1454
vn 0.4745 -0.8479 -0.2367
vn 0.4233 -0.8479 -0.3192
vn 0.3573 -0.8479 -0.3917
vn 0.2788 -0.8479 -0.4508
vn 0.1913 -0.8481 -0.4941
vn 0.0975 -0.8478 -0.5212
vn -0.0000 -0.9308 -0.3656
vn -0.0669 -0.9307 -0.3595
vn -0.1319 -0.9307 -0.3413
vn -0.1922 -0.9307 -0.3112
vn -0.2468 -0.9306 -0.2703
vn -0.2917 -0.9308 -0.2203
vn -0.3277 -0.9307 -0.1628
vn -0.3519 -0.9307 -0.0998
vn -0.3642 -0.9307 -0.0337
vn -0.3642 -0.9307 0.0338
vn -0.3520 -0.9306 0.1000
vn -0.3275 -0.9307 0.1631
vn -0.2920 -0.9306 0.2206
vn -0.2464 -0.9307 0.2703
vn -0.1924 -0.9307 0.3112
vn -0.1318 -0.9306 0.3415
vn -0.0669 -0.9307 0.3597
vn -0.0001 -0.9307 0.3658
vn 0.0667 -0.9307 0.3597
vn 0.1319 -0.9307 0.3413
vn 0.1922 -0.9307 0.3112
vn 0.2463 -0.9306 0.2706
vn 0.2920 -0.9307 0.2203
vn 0.3275 -0.9306 0.1632
vn 0.3519 -0.9307 0.0998
vn 0.3642 -0.9307 0.0337
vn 0.3642 -0.9307 -0.0338
vn 0.3519 -0.9307 -0.0999
vn 0.3275 -0.9307 -0.1631
vn 0.2466 -0.9307 -0.2703
vn 0.1924 -0.9307 -0.3112
vn 0.1321 -0.9306 -0.3413
vn 0.0669 -0.9307 -0.3597
vn -0.0000 -0.9820 -0.1887
vn -0.0344 -0.9820 -0.1857
vn -0.0687 -0.9820 -0.1761
vn -0.0988 -0.9821 -0.1604
vn -0.1272 -0.9820 -0.1398
vn -0.1508 -0.9820 -0.1138
vn -0.1689 -0.9820 -0.0841
vn -0.1818 -0.9820 -0.0517
vn -0.1881 -0.9820 -0.0179
vn -0.1882 -0.9820 0.0176
vn -0.1817 -0.9820 0.0518
vn -0.1692 -0.9820 0.0842
vn -0.1508 -0.9820 0.1137
vn -0.1271 -0.9820 0.1400
vn -0.0994 -0.9820 0.1606
vn -0.0685 -0.9820 0.1759
vn -0.0344 -0.9820 0.1856
vn -0.0001 -0.9820 0.1887
vn 0.0343 -0.9820 0.1856
vn 0.0683 -0.9820 0.1762
vn 0.0993 -0.9821 0.1601
vn 0.1267 -0.9821 0.1397
vn 0.1506 -0.9820 0.1137
vn 0.1688 -0.9821 0.0841
vn 0.1815 -0.9820 0.0519
vn 0.1882 -0.9820 0.0174
vn 0.1881 -0.9820 -0.0180
vn 0.1814 -0.9820 -0.0522
vn 0.1689 -0.9820 -0.0840
vn 0.1506 -0.9820 -0.1138
vn 0.1274 -0.9820 -0.1397
vn 0.0994 -0.9821 -0.1601
vn 0.0685 -0.9820 -0.1760
vn 0.0343 -0.9820 -0.1857
vn -0.0001 -1.0000 -0.0001
vn -0.0000 -0.0000 1.0000
vn -1.0000 -0.0000 -0.0000
vn 0.9999 0.0135 0.0057
vn 1.0000 0.0063 -0.0000
vn 0.9999 0.0116 0.0042
vn 0.9998 0.0189 0.0098
vn -0.1449 0.9131 -0.3812
vn 0.0268 0.9524 -0.3038
vn 0.2576 0.9575 -0.1295
vn 0.1034 0.9693 -0.2229
vn 0.3440 0.9379 0.0442
vn 0.4353 0.8806 0.1875
vn 0.4505 0.8277 0.3346
vn 0.4595 0.8074 0.3702
vn 0.4217 0.8304 0.3641
vn 0.3470 0.8807 0.3225
vn 0.4121 0.8889 0.1999
vn 0.2596 0.9457 0.1958
vn 0.4436 0.8902 -0.1033
vn 0.3193 0.9462 -0.0534
vn 0.4624 0.8675 -0.1833
vn 0.4014 0.8967 -0.1867
vn 0.4534 0.8912 -0.0104
vn 0.3764 0.9251 -0.0489
vn 0.4089 0.8953 0.1765
vn 0.2825 0.9488 0.1411
vn 0.3764 0.9196 0.1127
vn 0.2036 0.9752 0.0872
vn 0.3556 0.9134 -0.1980
vn 0.1906 0.9602 -0.2040
vn 0.3387 0.8782 -0.3378
vn 0.1906 0.9143 -0.3573
vn 0.3525 0.9196 -0.1735
vn 0.1918 0.9627 -0.1907
vn 0.3817 0.9166 0.1191
vn 0.2117 0.9619 0.1728
vn 0.4192 0.8855 0.2006
vn 0.2932 0.9202 0.2594
vn 0.4587 0.8819 0.1092
vn 0.3936 0.9075 0.1464
vn 0.4138 0.8983 0.1478
vn 0.4223 0.9025 0.0850
vn 0.2391 0.9689 0.0644
vn 0.3001 0.9491 -0.0957
vn 0.0504 0.9742 -0.2201
vn 0.0952 0.9409 -0.3251
vn 0.0060 0.9364 -0.3508
vn 0.0013 0.9288 -0.3707
vn 0.0569 0.9842 -0.1679
vn -0.0283 0.9894 -0.1427
vn 0.1769 0.9726 0.1509
vn -0.0101 0.9710 0.2390
vn 0.2967 0.9303 0.2157
vn 0.0900 0.9475 0.3067
vn 0.3627 0.9241 0.1201
vn 0.1998 0.9647 0.1717
vn 0.3524 0.9192 0.1758
vn 0.2134 0.9659 0.1468
vn 0.2874 0.9523 0.1023
vn 0.0835 0.9961 0.0267
vn 0.2337 0.9515 -0.2002
vn -0.0191 0.9762 -0.2162
vn 0.2289 0.9085 -0.3496
vn 0.0181 0.9413 -0.3370
vn 0.1788 0.9547 -0.2380
vn 0.1171 0.9556 -0.2704
vn -0.0149 0.9976 0.0677
vn 0.1395 0.9890 -0.0491
vn -0.1950 0.9636 0.1831
vn 0.0589 0.9939 0.0936
vn -0.2139 0.9664 0.1424
vn 0.0083 0.9894 0.1449
vn -0.0871 0.9569 0.2769
vn 0.0345 0.9359 0.3504
vn 0.2033 0.9594 0.1956
vn 0.1685 0.9181 0.3586
vn 0.4142 0.8929 -0.1764
vn 0.3231 0.9453 -0.0459
vn 0.4243 0.8220 -0.3797
vn 0.3631 0.8599 -0.3587
vn 0.3822 0.8424 -0.3798
vn 0.3858 0.8279 -0.4071
vn 0.2814 0.9586 -0.0439
vn 0.3787 0.9134 -0.1491
vn 0.0970 0.9291 0.3568
vn 0.2104 0.9522 0.2214
vn -0.0035 0.9371 0.3491
vn -0.0117 0.9592 0.2825
vn 0.0430 0.9975 0.0557
vn -0.0824 0.9879 0.1311
vn 0.2666 0.9481 -0.1733
vn 0.1204 0.9927 0.0079
vn 0.4353 0.9002 0.0098
vn 0.3493 0.9306 0.1099
vn 0.4381 0.8626 0.2529
vn 0.3518 0.9032 0.2459
vn 0.3907 0.9036 0.1758
vn 0.2288 0.9685 0.0978
vn 0.3353 0.9340 -0.1230
vn 0.1103 0.9811 -0.1589
vn 0.3328 0.9248 -0.1842
vn 0.1238 0.9770 -0.1735
vn 0.3538 0.9271 -0.1235
vn 0.2261 0.9697 -0.0926
vn 0.2802 0.7734 0.5687
vn 0.2285 0.7072 0.6691
vn 0.4987 0.8556 0.1385
vn 0.3113 0.9362 0.1633
vn 0.5524 0.8084 0.2032
vn 0.3187 0.9362 0.1479
vn 0.0111 0.9962 0.0868
vn -0.1869 0.9715 0.1460
vn -0.1381 0.9873 0.0785
vn 0.0089 0.9907 -0.1354
vn -0.0102 0.9873 -0.1586
vn -0.1302 0.9912 0.0238
vn -0.1820 0.9822 0.0460
vn -0.1508 0.9691 -0.1952
vn -0.1230 0.9243 -0.3613
vn -0.1662 0.9617 -0.2180
vn -0.2189 0.9512 0.2173
vn -0.1331 0.9123 0.3872
vn 0.0073 0.9575 0.2883
vn 0.1433 0.9838 0.1079
vn 0.1694 0.9586 -0.2287
vn 0.0736 0.8909 -0.4482
vn 0.0009 0.9044 -0.4267
vn -0.0892 0.9715 -0.2194
vn -0.2233 0.9511 0.2136
vn -0.2190 0.8965 0.3850
vn -0.1209 0.9561 0.2669
vn -0.0566 0.9946 0.0868
vn -0.1617 0.9771 -0.1385
vn -0.2746 0.9253 -0.2617
vn -0.2193 0.9511 -0.2177
vn -0.0448 0.9942 -0.0974
vn 0.1467 0.9881 0.0467
vn 0.2324 0.9685 0.0891
vn 0.2332 0.9639 0.1288
vn 0.1793 0.9168 0.3569
vn 0.0812 0.9231 0.3759
vn 0.0135 0.9999 -0.0101
vn 0.0094 0.9409 -0.3385
vn 0.1182 0.9255 -0.3599
vn 0.3111 0.9299 -0.1961
vn 0.2761 0.9610 -0.0142
vn 0.0059 0.9992 0.0396
vn -0.2199 0.9677 0.1232
vn -0.1736 0.9540 0.2446
vn -0.0035 0.9663 0.2574
vn -0.0227 0.9882 0.1512
vn -0.1725 0.9819 -0.0783
vn -0.3075 0.9240 -0.2273
vn -0.2769 0.9577 -0.0787
vn -0.1112 0.9897 0.0905
vn 0.0414 0.6615 0.7488
vn 0.1433 0.9302 0.3379
vn 0.0183 0.9075 0.4197
vn 0.1479 0.9869 0.0642
vn -0.0627 0.9757 -0.2102
vn -0.3430 0.9154 -0.2107
vn -0.4802 0.8762 0.0413
vn -0.4675 0.8650 0.1823
vn -0.3903 0.9195 -0.0458
vn -0.3778 0.9001 -0.2172
vn -0.4219 0.9060 -0.0343
vn -0.3735 0.9221 0.1008
vn -0.2669 0.9558 -0.1230
vn -0.2063 0.9104 -0.3586
vn -0.2600 0.9202 -0.2926
vn -0.3837 0.9144 0.1287
vn -0.4102 0.8151 0.4091
vn -0.3670 0.8439 0.3913
vn -0.2570 0.9336 0.2497
vn -0.1035 0.9796 -0.1722
vn -0.0093 0.8830 -0.4692
vn -0.0013 0.8861 -0.4634
vn -0.0515 0.9382 -0.3422
vn -0.1823 0.9802 0.0776
vn -0.2379 0.8858 0.3984
vn -0.2019 0.9113 0.3588
vn -0.1241 0.9853 0.1170
vn -0.0799 0.9735 -0.2143
vn -0.0621 0.9605 -0.2714
vn -0.0133 0.9944 -0.1048
vn 0.0441 0.9977 0.0518
vn 0.0464 0.9873 0.1517
vn 0.0078 0.9920 0.1261
vn -0.0049 0.9941 0.1088
vn -0.0497 0.9625 0.2665
vn -0.1861 0.9553 0.2298
vn -0.3235 0.9404 -0.1045
vn -0.3617 0.8852 -0.2924
vn -0.2833 0.9480 -0.1451
vn -0.0216 0.9998 -0.0014
vn 0.1277 0.9870 -0.0980
vn 0.0192 0.9761 -0.2165
vn -0.1836 0.9819 -0.0473
vn -0.3005 0.9210 0.2480
vn -0.3308 0.9051 0.2670
vn -0.3806 0.9236 0.0465
vn -0.4312 0.8800 -0.1990
vn -0.4251 0.8812 -0.2066
vn -0.3355 0.9399 0.0635
vn -0.2196 0.9360 0.2749
vn -0.0750 0.5928 0.8019
vn -0.3225 0.8758 0.3591
vn -0.3400 0.8385 0.4257
vn -0.3376 0.9412 0.0113
vn -0.3496 0.8722 -0.3421
vn -0.3699 0.8764 -0.3083
vn -0.3852 0.9228 0.0096
vn -0.3703 0.9020 0.2220
vn -0.3671 0.9302 -0.0039
vn -0.3389 0.9141 -0.2225
vn -0.3242 0.9460 0.0058
vn -0.2579 0.9395 0.2256
vn -0.1518 0.9883 -0.0128
vn -0.0642 0.9327 -0.3548
vn -0.0815 0.9140 -0.3974
vn -0.2462 0.9691 -0.0157
vn -0.3782 0.8529 0.3599
vn -0.4173 0.8078 0.4163
vn -0.3876 0.8437 0.3714
vn -0.2493 0.9684 0.0026
vn -0.0329 0.9187 -0.3937
vn 0.0661 0.8897 -0.4517
vn 0.0951 0.9206 -0.3787
vn 0.0587 0.9983 -0.0037
vn -0.0235 0.9254 0.3783
vn -0.0670 0.9129 0.4027
vn -0.0289 0.9748 0.2212
vn 0.1305 0.9859 -0.1049
vn 0.2788 0.9382 -0.2052
vn 0.3306 0.9402 -0.0822
vn 0.2618 0.9641 -0.0441
vn 0.0137 0.9997 -0.0198
vn -0.2252 0.9740 0.0224
vn -0.2906 0.9540 0.0734
vn -0.3051 0.9323 0.1941
vn -0.3651 0.9224 0.1260
vn -0.4036 0.8990 -0.1701
vn -0.3839 0.8840 -0.2669
vn -0.3455 0.9384 -0.0014
vn -0.2305 0.9503 0.2095
vn -0.1047 0.9944 -0.0146
vn -0.0510 0.9549 -0.2927
vn -0.1061 0.9744 -0.1983
vn -0.2424 0.9628 0.1192
vn -0.3556 0.9117 0.2057
vn -0.3938 0.9190 0.0176
vn -0.3550 0.9188 -0.1724
vn -0.2538 0.9598 -0.1196
vn -0.1694 0.9711 0.1681
vn -0.1474 0.9337 0.3264
vn -0.1006 0.5410 0.8350
vn -0.4759 0.8206 0.3166
vn -0.4063 0.8484 0.3394
vn -0.5105 0.8585 0.0488
vn -0.3768 0.8895 -0.2583
vn -0.1657 0.9557 -0.2434
vn -0.0346 0.9984 0.0446
vn -0.0163 0.9700 0.2426
vn -0.0429 0.9988 0.0231
vn 0.0002 0.9765 -0.2153
vn -0.0139 0.9999 -0.0020
vn -0.1229 0.9562 0.2658
vn -0.1323 0.9870 0.0913
vn 0.0253 0.9625 -0.2701
vn 0.1572 0.8864 -0.4355
vn 0.0622 0.9746 -0.2152
vn -0.2052 0.9556 0.2115
vn -0.3656 0.8530 0.3724
vn -0.4208 0.8042 0.4197
vn -0.3548 0.9075 0.2250
vn -0.0646 0.9819 -0.1781
vn 0.2236 0.9166 -0.3314
vn 0.3816 0.8688 -0.3155
vn 0.3988 0.9139 -0.0757
vn 0.2268 0.9418 0.2483
vn -0.0186 0.9425 0.3336
vn -0.1222 0.9468 0.2979
vn 0.0242 0.9917 0.1266
vn 0.2888 0.9559 -0.0531
vn 0.3720 0.9235 -0.0939
vn 0.2841 0.9268 -0.2455
vn 0.0324 0.9481 -0.3164
vn -0.1777 0.9745 -0.1367
vn -0.1855 0.9810 0.0563
vn -0.1955 0.9686 0.1535
vn -0.3023 0.9499 0.0790
vn -0.3146 0.9381 -0.1446
vn -0.1770 0.9595 -0.2189
vn -0.1228 0.9924 0.0116
vn -0.2381 0.9423 0.2353
vn -0.2974 0.9521 0.0712
vn -0.1777 0.9588 -0.2217
vn -0.0530 0.9680 -0.2454
vn -0.1055 0.9943 -0.0141
vn -0.2069 0.9664 0.1527
vn -0.1720 0.9827 0.0683
vn -0.0399 0.9962 -0.0770
vn 0.0509 0.9968 -0.0622
vn -0.0416 0.9874 0.1524
vn -0.2328 0.9449 0.2301
vn -0.2092 0.5279 0.8231
vn -0.2220 0.9550 0.1966
vn -0.0565 0.9853 0.1610
vn -0.3663 0.9214 0.1299
vn -0.2138 0.9767 0.0160
vn 0.1018 0.9945 0.0242
vn 0.3103 0.9392 0.1469
vn 0.3024 0.9353 0.1835
vn 0.2019 0.9792 0.0177
vn 0.2297 0.9585 -0.1686
vn 0.2159 0.9665 -0.1387
vn -0.0303 0.9961 0.0831
vn -0.1660 0.9750 0.1475
vn 0.0215 0.9995 -0.0245
vn 0.3161 0.9049 -0.2850
vn 0.4052 0.8443 -0.3506
vn 0.2433 0.9676 -0.0672
vn 0.0054 0.9787 0.2051
vn -0.2212 0.9104 0.3495
vn -0.3743 0.8486 0.3739
vn -0.2408 0.9524 0.1871
vn 0.1221 0.9924 0.0130
vn 0.4467 0.8890 -0.1011
vn 0.5504 0.8160 -0.1764
vn 0.3819 0.9181 -0.1065
vn 0.0123 0.9994 0.0332
vn -0.2717 0.9389 0.2113
vn -0.3020 0.9024 0.3073
vn -0.1261 0.9782 0.1651
vn -0.0141 0.9973 -0.0722
vn -0.0118 0.9377 -0.3473
vn -0.0402 0.8951 -0.4441
vn 0.0025 0.9891 -0.1473
vn 0.1107 0.9874 0.1134
vn 0.1315 0.9885 0.0750
vn -0.0249 0.9987 -0.0447
vn -0.0798 0.9948 -0.0630
vn 0.1109 0.9927 -0.0465
vn 0.2234 0.9731 -0.0561
vn -0.2234 0.9731 0.0561
vn -0.1073 0.9941 -0.0165
vn 0.1161 0.9834 -0.1394
vn 0.1451 0.9862 -0.0792
vn 0.0739 0.9891 0.1272
vn 0.1338 0.9700 0.2031
vn 0.3165 0.9444 0.0887
vn 0.4065 0.9082 -0.1001
vn 0.2266 0.9671 -0.1159
vn -0.1156 0.9897 -0.0847
vn -0.2589 0.7063 0.6589
vn 0.2416 0.9693 -0.0461
vn 0.3689 0.9284 -0.0447
vn 0.0208 0.9980 0.0596
vn -0.0012 0.9744 0.2246
vn 0.1606 0.9446 0.2861
vn 0.2700 0.9384 0.2157
vn 0.1798 0.9827 0.0447
vn 0.0181 0.9975 -0.0687
vn 0.0007 0.9906 -0.1368
vn 0.0331 0.9703 -0.2397
vn -0.0589 0.9900 -0.1280
vn -0.1227 0.9806 0.1531
vn -0.0105 0.9700 0.2427
vn 0.2388 0.9710 0.0075
vn 0.4283 0.8593 -0.2794
vn 0.4751 0.8521 -0.2195
vn 0.3956 0.9179 -0.0314
vn 0.1785 0.9818 0.0644
vn -0.1820 0.9549 0.2347
vn -0.3273 0.8868 0.3264
vn -0.2124 0.9203 0.3286
vn 0.0462 0.9767 0.2095
vn 0.2468 0.9574 -0.1497
vn 0.2302 0.9002 -0.3696
vn 0.0314 0.9544 -0.2970
vn -0.2108 0.9772 -0.0263
vn -0.3686 0.8912 0.2643
vn -0.4102 0.8785 0.2449
vn -0.3917 0.9199 -0.0156
vn -0.3272 0.8987 -0.2921
vn -0.1755 0.9320 -0.3172
vn 0.0323 0.9994 0.0108
vn 0.1772 0.9588 0.2222
vn 0.2186 0.9758 0.0054
vn 0.1233 0.9763 -0.1777
vn 0.0699 0.9975 -0.0029
vn 0.1819 0.9717 0.1506
vn 0.2974 0.9521 -0.0712
vn 0.2381 0.9423 -0.2353
vn 0.1228 0.9924 -0.0116
vn 0.1780 0.9693 0.1698
vn 0.3032 0.9529 -0.0083
vn 0.2797 0.9516 -0.1276
vn 0.1941 0.9765 0.0932
vn 0.1966 0.9268 0.3201
vn 0.3305 0.9071 0.2605
vn 0.4475 0.8890 -0.0971
vn 0.3937 0.8538 -0.3406
vn 0.2189 0.9062 -0.3618
vn 0.0696 0.8548 0.5142
vn 0.3127 0.9321 -0.1830
vn 0.3448 0.9315 -0.1155
vn 0.2291 0.9685 -0.0981
vn 0.1383 0.9690 0.2046
vn 0.1029 0.9351 0.3391
vn 0.0561 0.9841 0.1684
vn -0.1053 0.9877 -0.1158
vn -0.2600 0.9490 -0.1781
vn -0.2880 0.9513 -0.1102
vn -0.2306 0.9552 -0.1855
vn -0.1407 0.9839 -0.1104
vn -0.0641 0.9793 0.1918
vn -0.0062 0.9366 0.3505
vn 0.0915 0.9749 0.2029
vn 0.2465 0.9600 -0.1328
vn 0.3420 0.9152 -0.2131
vn 0.3380 0.9318 -0.1321
vn 0.2197 0.9524 -0.2115
vn -0.0815 0.9910 -0.1059
vn -0.3365 0.9178 0.2109
vn -0.3806 0.8447 0.3763
vn -0.3298 0.8697 0.3672
vn -0.1869 0.9824 -0.0050
vn -0.0318 0.9227 -0.3842
vn 0.0131 0.9184 -0.3955
vn -0.0359 0.9806 -0.1928
vn -0.1719 0.9775 0.1224
vn -0.3028 0.9307 0.2052
vn -0.3465 0.9380 0.0091
vn -0.2937 0.9382 -0.1830
vn -0.1405 0.9813 -0.1317
vn 0.0013 0.9870 0.1608
vn 0.0372 0.9595 0.2793
vn 0.0266 0.9996 -0.0065
vn -0.0046 0.9725 -0.2328
vn -0.0197 0.9998 -0.0000
vn -0.0061 0.9721 0.2345
vn 0.0560 0.9984 0.0123
vn 0.1682 0.9602 -0.2229
vn 0.2574 0.9663 -0.0039
vn 0.2814 0.9340 0.2203
vn 0.2855 0.9583 -0.0088
vn 0.2268 0.9464 -0.2301
vn 0.1268 0.9919 0.0075
vn 0.0549 0.9346 0.3514
vn 0.0918 0.9147 0.3937
vn 0.2408 0.9705 0.0121
vn 0.3349 0.8673 -0.3684
vn 0.3329 0.8427 -0.4231
vn 0.2931 0.7959 0.5298
vn 0.0894 0.9810 -0.1723
vn 0.0285 0.9943 -0.1031
vn 0.2279 0.9661 -0.1215
vn 0.2656 0.9532 0.1444
vn 0.1816 0.9475 0.2632
vn 0.0205 0.9996 0.0184
vn -0.1735 0.9455 -0.2755
vn -0.2369 0.9434 -0.2319
vn -0.1792 0.9811 -0.0724
vn -0.0992 0.9904 -0.0958
vn -0.0301 0.9994 -0.0171
vn -0.0080 0.9692 0.2460
vn -0.0001 0.9236 0.3833
vn 0.0294 0.9591 0.2817
vn 0.0767 0.9962 -0.0416
vn 0.0631 0.9768 -0.2047
vn -0.0079 0.9803 -0.1972
vn -0.0741 0.9375 -0.3401
vn -0.1634 0.9295 -0.3308
vn -0.2833 0.9585 0.0327
vn -0.3776 0.8695 0.3184
vn -0.4495 0.8065 0.3840
vn -0.4382 0.8835 0.1657
vn -0.2376 0.9493 -0.2059
vn 0.0230 0.9512 -0.3078
vn 0.1867 0.9605 -0.2064
vn 0.1861 0.9825 -0.0023
vn 0.0675 0.9908 0.1172
vn 0.0146 0.9998 0.0149
vn 0.0678 0.9931 -0.0956
vn 0.1558 0.9872 -0.0345
vn 0.1318 0.9765 0.1707
vn -0.0290 0.9769 0.2116
vn -0.1677 0.9849 -0.0419
vn -0.1834 0.9544 -0.2355
vn -0.1693 0.9854 -0.0163
vn -0.2069 0.9533 0.2202
vn -0.2258 0.9689 0.1009
vn -0.1065 0.9909 -0.0821
vn 0.0063 0.9982 0.0592
vn -0.0044 0.9735 0.2286
vn 0.0156 0.9999 0.0037
vn 0.1274 0.9553 -0.2669
vn 0.1335 0.9864 -0.0961
vn -0.0218 0.9620 0.2723
vn -0.1465 0.8904 0.4310
vn -0.0812 0.9820 0.1706
vn 0.0999 0.9556 -0.2773
vn 0.1853 0.8878 -0.4213
vn 0.2047 0.7975 0.5675
vn -0.1427 0.9897 0.0103
vn -0.2254 0.9743 0.0031
vn 0.0732 0.9947 0.0723
vn 0.1854 0.9679 0.1699
vn 0.1092 0.9871 0.1173
vn -0.0443 0.9855 -0.1636
vn -0.1352 0.9214 -0.3644
vn -0.0459 0.9861 -0.1595
vn 0.1144 0.9918 0.0575
vn 0.2201 0.9750 -0.0309
vn 0.1886 0.9810 -0.0447
vn 0.0678 0.9772 0.2014
vn 0.0089 0.9250 0.3800
vn 0.0260 0.9530 0.3017
vn 0.0296 0.9968 -0.0740
vn -0.0746 0.9478 -0.3101
vn -0.2157 0.9306 -0.2957
vn -0.2478 0.9091 -0.3349
vn -0.0780 0.9581 -0.2754
vn 0.0536 0.9985 -0.0122
vn -0.0174 0.9798 0.1991
vn -0.2390 0.9319 0.2727
vn -0.4209 0.8706 0.2547
vn -0.3277 0.9394 0.1004
vn -0.0062 1.0000 -0.0000
vn 0.2905 0.9566 -0.0241
vn 0.3926 0.9192 -0.0293
vn 0.3182 0.9480 0.0057
vn 0.2596 0.9655 0.0189
vn 0.3182 0.9480 0.0054
vn 0.3925 0.9193 -0.0290
vn 0.2890 0.9570 -0.0254
vn 0.0108 0.9990 -0.0430
vn -0.2072 0.9662 -0.1533
vn -0.1858 0.9649 -0.1853
vn -0.0802 0.9967 -0.0154
vn -0.1265 0.9812 0.1455
vn -0.2159 0.9700 0.1119
vn -0.1993 0.9795 0.0298
vn -0.1623 0.9844 0.0684
vn -0.2276 0.9565 0.1828
vn -0.2172 0.9656 0.1432
vn 0.0303 0.9961 -0.0831
vn 0.1655 0.9741 -0.1541
vn -0.0147 0.9989 0.0441
vn -0.2695 0.9123 0.3082
vn -0.3422 0.8990 0.2734
vn -0.2298 0.9656 -0.1220
vn -0.1161 0.9263 -0.3584
vn -0.0409 0.8129 0.5810
vn -0.0270 0.9949 0.0969
vn -0.0128 0.9991 0.0404
vn -0.0558 0.9833 0.1733
vn -0.1148 0.9811 0.1556
vn -0.1863 0.9825 0.0040
vn -0.2371 0.9433 -0.2322
vn -0.1684 0.9461 -0.2767
vn 0.1762 0.9607 0.2146
vn 0.2508 0.9680 -0.0127
vn 0.2023 0.9641 -0.1718
vn 0.0788 0.9939 0.0767
vn 0.0135 0.9325 0.3609
vn 0.0429 0.9412 0.3350
vn 0.1164 0.9888 -0.0931
vn 0.0936 0.9061 -0.4125
vn 0.0162 0.9230 -0.3844
vn 0.0044 0.9702 -0.2424
vn 0.1765 0.9837 -0.0340
vn 0.3704 0.9239 0.0961
vn 0.3818 0.9230 0.0476
vn 0.2151 0.9765 -0.0152
vn -0.0718 0.9907 0.1158
vn -0.1672 0.9509 0.2604
vn -0.0327 0.9575 0.2867
vn 0.1364 0.9750 0.1753
vn 0.1614 0.9863 -0.0343
vn 0.0722 0.9927 -0.0971
vn 0.0163 0.9997 0.0167
vn 0.0736 0.9904 0.1172
vn 0.1920 0.9814 -0.0021
vn 0.1918 0.9584 -0.2116
vn 0.0376 0.9570 -0.2877
vn -0.0801 0.9720 -0.2210
vn 0.0151 0.9986 -0.0501
vn 0.1850 0.9806 0.0645
vn 0.1991 0.9773 0.0720
vn 0.1332 0.9901 0.0450
vn 0.0959 0.9950 0.0269
vn 0.0742 0.9968 0.0297
vn 0.0106 0.9933 0.1154
vn -0.0316 0.9699 0.2416
vn 0.0590 0.9900 0.1283
vn 0.1231 0.9795 -0.1596
vn 0.0158 0.9799 -0.1991
vn -0.1718 0.9796 0.1038
vn -0.2725 0.9227 0.2728
vn -0.2652 0.9639 -0.0242
vn -0.2021 0.9409 -0.2719
vn -0.1193 0.8112 0.5725
vn 0.1794 0.9830 -0.0382
vn 0.2699 0.9624 -0.0305
vn -0.0788 0.9968 -0.0115
vn -0.3130 0.9495 0.0227
vn -0.3900 0.9201 -0.0360
vn -0.3486 0.9228 -0.1637
vn -0.1813 0.9771 -0.1114
vn -0.0072 0.9862 0.1655
vn 0.0405 0.9585 0.2823
vn 0.0571 0.9984 0.0050
vn 0.0846 0.9717 -0.2207
vn 0.0895 0.9959 0.0100
vn 0.0619 0.9353 0.3484
vn 0.0590 0.9195 0.3887
vn 0.1281 0.9918 -0.0033
vn 0.1991 0.9000 -0.3877
vn 0.2294 0.8919 -0.3898
vn 0.2584 0.9466 -0.1927
vn 0.3041 0.9476 0.0974
vn 0.3386 0.9241 0.1771
vn 0.3501 0.9367 -0.0004
vn 0.3093 0.9335 -0.1816
vn 0.2032 0.9749 -0.0914
vn 0.0866 0.9736 0.2112
vn 0.0452 0.9397 0.3390
vn -0.0105 0.9867 0.1620
vn -0.1626 0.9782 -0.1288
vn -0.3041 0.9349 -0.1830
vn -0.3405 0.9401 0.0167
vn -0.2711 0.9374 0.2183
vn -0.1212 0.9851 0.1222
vn -0.0012 0.9777 -0.2100
vn 0.0116 0.9387 -0.3446
vn 0.0416 0.9846 -0.1700
vn 0.1927 0.9742 0.1176
vn 0.3582 0.9174 0.1735
vn 0.4085 0.9111 0.0547
vn 0.4038 0.9148 0.0072
vn 0.3983 0.9173 0.0031
vn 0.3829 0.9238 -0.0010
vn 0.3414 0.9384 0.0538
vn 0.2475 0.9534 0.1725
vn 0.0878 0.9913 0.0976
vn -0.0187 0.9818 -0.1892
vn -0.0373 0.9593 -0.2799
vn -0.0439 0.9988 0.0224
vn -0.0386 0.9667 0.2529
vn -0.0237 0.9997 0.0033
vn 0.0069 0.9722 -0.2339
vn 0.0398 0.8122 0.5821
vn 0.0506 0.9706 -0.2355
vn 0.1541 0.9719 -0.1782
vn -0.1547 0.9466 -0.2828
vn -0.3246 0.9339 -0.1499
vn -0.3647 0.9304 -0.0383
vn -0.2661 0.9639 0.0017
vn -0.0220 0.9963 0.0825
vn 0.0858 0.9701 0.2272
vn -0.0236 0.9703 0.2409
vn -0.1021 0.9939 0.0414
vn 0.0320 0.9921 -0.1209
vn 0.1985 0.9795 0.0352
vn 0.1724 0.9367 0.3047
vn 0.0182 0.9376 0.3472
vn -0.1083 0.9936 0.0315
vn -0.0900 0.9423 -0.3224
vn 0.0067 0.9325 -0.3612
vn 0.0879 0.9789 -0.1844
vn 0.0910 0.9916 0.0924
vn 0.0269 0.9837 0.1781
vn 0.0141 0.9999 0.0085
vn 0.0893 0.9810 -0.1722
vn 0.1788 0.9503 0.2548
vn -0.0085 0.9997 -0.0218
vn -0.2622 0.9113 -0.3174
vn -0.3951 0.8846 -0.2479
vn -0.3621 0.9301 0.0612
vn -0.2473 0.9115 0.3286
vn -0.1245 0.9541 0.2724
vn -0.0371 0.9915 -0.1246
vn 0.0004 0.9482 -0.3176
vn 0.0555 0.9962 -0.0677
vn 0.1858 0.9385 0.2909
vn 0.3261 0.9011 0.2857
vn 0.3888 0.9168 0.0912
vn 0.4293 0.9026 0.0301
vn 0.4690 0.8832 0.0079
vn 0.4523 0.8911 -0.0360
vn 0.3609 0.9311 -0.0533
vn 0.1468 0.9872 -0.0617
vn -0.1590 0.9816 -0.1057
vn -0.2751 0.9335 -0.2302
vn -0.1672 0.9631 -0.2110
vn -0.0064 0.9961 0.0881
vn 0.0942 0.9519 0.2914
vn 0.1484 0.9878 0.0468
vn 0.2149 0.9605 -0.1770
vn 0.2152 0.7566 0.6175
vn -0.1936 0.9214 -0.3368
vn -0.1286 0.9386 -0.3202
vn -0.1500 0.9272 -0.3433
vn -0.0407 0.9824 -0.1822
vn 0.0075 0.9999 0.0138
vn 0.0851 0.9775 0.1932
vn 0.2485 0.9344 0.2551
vn 0.2380 0.9604 0.1449
vn 0.0006 0.9994 0.0349
vn -0.1953 0.9801 0.0345
vn -0.1068 0.9887 0.1057
vn 0.1049 0.9807 0.1651
vn 0.0936 0.9776 0.1884
vn -0.1110 0.9875 0.1116
vn -0.3230 0.9407 -0.1034
vn -0.3456 0.9010 -0.2621
vn -0.2325 0.9448 -0.2309
vn -0.1148 0.9869 -0.1137
vn -0.0985 0.9940 0.0480
vn -0.1819 0.9776 0.1062
vn -0.2251 0.9737 0.0357
vn -0.1426 0.9897 0.0103
vn 0.1855 0.9678 0.1699
vn 0.1091 0.9892 0.0977
vn -0.0518 0.9698 -0.2382
vn -0.1726 0.8629 -0.4749
vn -0.1250 0.9653 -0.2293
vn -0.0075 0.9830 0.1836
vn 0.0961 0.8987 0.4280
vn 0.1180 0.9423 0.3133
vn 0.0409 0.9927 -0.1135
vn -0.0035 0.9513 -0.3083
vn -0.0200 0.9996 -0.0195
vn -0.0293 0.9209 0.3888
vn -0.0150 0.9348 0.3550
vn 0.0039 0.9902 0.1397
vn 0.0577 0.9916 0.1158
vn 0.1374 0.9893 0.0488
vn 0.1198 0.9856 -0.1190
vn 0.0014 0.9679 -0.2512
vn -0.1918 0.9177 -0.3480
vn -0.4082 0.8616 -0.3016
vn -0.3656 0.9218 -0.1288
vn -0.1231 0.9916 0.0395
vn 0.0927 0.9663 0.2400
vn 0.1120 0.9384 0.3268
vn 0.0539 0.9933 0.1020
vn 0.1248 0.9892 -0.0775
vn 0.1460 0.6822 0.7164
vn -0.1829 0.9410 -0.2847
vn -0.1924 0.9127 -0.3606
vn 0.0122 0.9914 -0.1304
vn 0.2733 0.9618 -0.0129
vn 0.3697 0.9256 0.0818
vn 0.3772 0.8938 0.2425
vn 0.3455 0.9085 0.2351
vn 0.2266 0.9730 -0.0428
vn 0.0288 0.9739 -0.2253
vn -0.1614 0.9840 -0.0758
vn -0.2186 0.9551 0.1999
vn -0.1785 0.9546 0.2387
vn -0.1957 0.9766 0.0896
vn -0.2555 0.9651 -0.0567
vn -0.2432 0.9534 -0.1788
vn -0.1280 0.9750 -0.1819
vn -0.0158 0.9952 -0.0964
vn 0.0724 0.9967 -0.0379
vn 0.0918 0.9957 0.0086
vn 0.0389 0.9987 0.0330
vn -0.0013 0.9995 0.0313
vn -0.0275 0.9949 0.0972
vn -0.0559 0.9833 0.1734
vn -0.1811 0.9834 -0.0108
vn -0.2023 0.9328 -0.2984
vn -0.0501 0.9217 -0.3847
vn 0.2010 0.9771 -0.0700
vn 0.3409 0.8887 0.3066
vn 0.3666 0.8324 0.4156
vn 0.2827 0.9452 0.1631
vn 0.1028 0.9652 -0.2403
vn 0.0046 0.9341 -0.3570
vn -0.0675 0.9931 -0.0963
vn -0.2033 0.9347 0.2917
vn -0.3303 0.8922 0.3079
vn -0.3835 0.9121 0.1447
vn -0.3639 0.9149 0.1748
vn -0.3090 0.9469 0.0890
vn -0.3048 0.9359 -0.1766
vn -0.3489 0.8655 -0.3594
vn -0.3826 0.8183 -0.4289
vn -0.3033 0.9239 -0.2333
vn -0.0854 0.9899 0.1131
vn 0.1386 0.9459 0.2934
vn 0.2409 0.9268 0.2881
vn 0.0709 0.9825 0.1721
vn -0.1710 0.9850 0.0247
vn -0.2028 0.9792 0.0029
vn -0.0930 0.6377 0.7647
vn 0.0479 0.9824 -0.1808
vn 0.0094 0.9395 -0.3424
vn 0.2074 0.9730 0.1009
vn 0.3865 0.9079 0.1624
vn 0.4452 0.8897 0.1008
vn 0.4092 0.8955 0.1753
vn 0.2892 0.9506 0.1130
vn 0.1556 0.9716 -0.1783
vn 0.0744 0.9361 -0.3438
vn -0.0204 0.9764 -0.2152
vn -0.2032 0.9742 0.0980
vn -0.3457 0.9182 0.1933
vn -0.3893 0.9182 0.0739
vn -0.3210 0.9460 0.0446
vn -0.0692 0.9974 0.0175
vn 0.1924 0.9809 -0.0295
vn 0.2824 0.9591 -0.0179
vn 0.3071 0.9517 0.0014
vn 0.3362 0.9417 0.0087
vn 0.3531 0.9356 0.0060
vn 0.3453 0.9385 -0.0070
vn 0.2676 0.9630 -0.0305
vn 0.0287 0.9994 -0.0184
vn -0.2388 0.9709 0.0154
vn -0.3423 0.9387 -0.0411
vn -0.2942 0.9409 -0.1676
vn -0.0260 0.9929 -0.1158
vn 0.2796 0.9479 0.1526
vn 0.3681 0.8546 0.3663
vn 0.3578 0.8634 0.3557
vn 0.2731 0.9620 0.0060
vn 0.1291 0.9210 -0.3675
vn 0.0613 0.9123 -0.4050
vn -0.0048 0.9769 -0.2137
vn -0.1681 0.9777 0.1259
vn -0.3029 0.9279 0.2173
vn -0.3422 0.9312 0.1255
vn -0.3563 0.9174 0.1771
vn -0.4105 0.9067 0.0964
vn -0.4365 0.8806 -0.1846
vn -0.4166 0.8351 -0.3593
vn -0.3474 0.8786 -0.3275
vn -0.1040 0.9945 0.0096
vn 0.1918 0.9202 0.3412
vn 0.3112 0.8764 0.3675
vn 0.2907 0.9424 0.1653
vn 0.0653 0.9915 -0.1129
vn -0.2040 0.9637 -0.1721
vn -0.2878 0.9576 0.0103
vn -0.1865 0.6513 0.7356
vn 0.2219 0.9691 -0.1082
vn 0.2016 0.9289 -0.3108
vn 0.2783 0.9316 0.2338
vn 0.3462 0.9015 0.2596
vn 0.3789 0.9195 0.1050
vn 0.3391 0.9375 0.0776
vn 0.2290 0.9733 -0.0182
vn 0.1707 0.9565 -0.2366
vn 0.2051 0.9135 -0.3512
vn 0.1936 0.9194 -0.3425
vn -0.0166 0.9877 -0.1555
vn -0.2900 0.9560 0.0446
vn -0.3684 0.9250 0.0927
vn -0.2799 0.9285 0.2441
vn -0.0305 0.9476 0.3180
vn 0.1841 0.9733 0.1371
vn 0.1829 0.9831 -0.0084
vn 0.1489 0.9884 0.0283
vn 0.2256 0.9702 0.0889
vn 0.3478 0.9362 0.0512
vn 0.3905 0.9203 -0.0258
vn 0.3650 0.9140 -0.1769
vn 0.2188 0.9294 -0.2973
vn -0.0279 0.9757 -0.2174
vn -0.2004 0.9731 -0.1135
vn -0.2569 0.9654 -0.0451
vn -0.1273 0.9781 0.1646
vn 0.0933 0.9265 0.3645
vn 0.1812 0.8881 0.4225
vn 0.2074 0.9174 0.3397
vn 0.2301 0.9709 -0.0659
vn 0.2038 0.8855 -0.4176
vn 0.1848 0.8825 -0.4325
vn 0.1393 0.9391 -0.3142
vn 0.0226 0.9996 -0.0154
vn -0.0367 0.9842 0.1732
vn 0.0029 0.9908 0.1356
vn -0.0200 0.9943 0.1049
vn -0.2306 0.9727 -0.0258
vn -0.3779 0.8964 -0.2318
vn -0.3489 0.8803 -0.3216
vn -0.2390 0.9589 -0.1528
vn -0.0448 0.9637 0.2632
vn 0.1233 0.8569 0.5004
vn 0.1840 0.8999 0.3953
vn 0.2011 0.9774 0.0647
vn 0.1419 0.9418 -0.3048
vn 0.0492 0.9505 -0.3070
vn 0.0047 0.9999 -0.0148
vn -0.0046 0.6960 0.7181
vn 0.0964 0.9882 -0.1186
vn 0.1070 0.9408 -0.3216
vn 0.0399 0.9630 0.2665
vn 0.0059 0.9577 0.2878
vn -0.0035 0.9954 0.0952
vn -0.0301 0.9995 0.0065
vn -0.0680 0.9950 -0.0728
vn -0.0171 0.9821 -0.1875
vn 0.1219 0.9572 -0.2626
vn 0.2396 0.8998 -0.3645
vn 0.2342 0.9021 -0.3624
vn 0.0981 0.9823 -0.1599
vn 0.0127 0.9970 0.0767
vn 0.0127 0.9388 0.3443
vn 0.0402 0.8951 0.4441
vn -0.0038 0.9885 0.1512
vn -0.1228 0.9868 -0.1055
vn -0.2395 0.9708 0.0101
vn -0.2141 0.9511 0.2228
vn -0.0777 0.9803 0.1818
vn 0.0051 0.9997 0.0242
vn 0.2342 0.9021 -0.3625
vn 0.2397 0.8998 -0.3645
vn 0.1134 0.9559 -0.2708
vn -0.0671 0.9907 -0.1185
vn -0.1758 0.9565 0.2329
vn -0.1494 0.8813 0.4483
vn -0.1129 0.8803 0.4607
vn -0.0808 0.9152 0.3947
vn 0.0803 0.9153 -0.3947
vn 0.1049 0.8858 -0.4520
vn 0.0856 0.9200 -0.3824
vn 0.0538 0.9962 -0.0690
vn 0.1057 0.9692 0.2224
vn 0.2331 0.9502 0.2069
vn 0.2959 0.9551 -0.0125
vn 0.1469 0.9484 -0.2810
vn -0.0219 0.9398 -0.3411
vn 0.0082 0.9674 -0.2530
vn 0.0777 0.9958 -0.0482
vn 0.0437 0.9406 0.3367
vn -0.0671 0.8513 0.5204
vn -0.1037 0.9030 0.4169
vn -0.0571 0.9909 0.1223
vn 0.0760 0.9622 -0.2615
vn 0.1942 0.9347 -0.2976
vn 0.2362 0.9712 -0.0301
vn 0.1464 0.6422 0.7524
vn -0.2248 0.9589 -0.1730
vn -0.1884 0.9227 -0.3364
vn -0.2879 0.9425 0.1699
vn -0.3498 0.9071 0.2339
vn -0.3874 0.9192 0.0703
vn -0.3982 0.9173 -0.0065
vn -0.3881 0.9211 -0.0314
vn -0.3241 0.9441 -0.0604
vn -0.2112 0.9724 -0.0991
vn -0.0349 0.9754 -0.2175
vn 0.2119 0.9309 -0.2977
vn 0.3600 0.9159 -0.1778
vn 0.3813 0.9233 0.0450
vn 0.3272 0.8987 0.2921
vn 0.1806 0.9316 0.3153
vn -0.0323 0.9994 -0.0107
vn -0.1879 0.9479 -0.2571
vn -0.3074 0.9473 -0.0898
vn -0.3858 0.8963 0.2184
vn -0.4009 0.8853 0.2357
vn -0.3870 0.9167 0.0998
vn 0.1920 0.9191 -0.3441
vn 0.1906 0.9036 -0.3836
vn 0.0818 0.9480 -0.3077
vn -0.0822 0.9912 0.1038
vn -0.1668 0.8890 0.4264
vn -0.1866 0.8669 0.4623
vn -0.2038 0.8855 0.4176
vn -0.2303 0.9709 0.0657
vn -0.2074 0.9174 -0.3397
vn -0.1870 0.8767 -0.4432
vn -0.1966 0.9011 -0.3865
vn -0.2051 0.9783 -0.0298
vn -0.1193 0.9348 0.3346
vn -0.0040 0.9428 0.3333
vn 0.1192 0.9920 0.0420
vn 0.2328 0.9188 -0.3189
vn 0.2994 0.8953 -0.3298
vn 0.3679 0.9138 -0.1720
vn 0.3815 0.9182 -0.1066
vn 0.2036 0.9697 0.1351
vn -0.0718 0.9160 0.3947
vn -0.1801 0.8993 0.3986
vn -0.1992 0.9551 0.2194
vn -0.1376 0.9844 -0.1097
vn -0.0517 0.9763 -0.2103
vn -0.0050 0.9999 -0.0118
vn 0.0038 0.6060 0.7955
vn -0.3770 0.9102 -0.1712
vn -0.3755 0.8712 -0.3163
vn -0.3503 0.9278 0.1286
vn -0.3399 0.9191 0.1995
vn -0.3547 0.9334 0.0542
vn -0.3837 0.9233 -0.0154
vn -0.4277 0.9038 -0.0143
vn -0.4383 0.8988 -0.0042
vn -0.3997 0.9166 0.0099
vn -0.2651 0.9637 0.0312
vn 0.0616 0.9981 -0.0058
vn 0.3314 0.9429 -0.0328
vn 0.3933 0.9184 0.0440
vn 0.3417 0.9208 0.1880
vn 0.2094 0.9686 0.1339
vn 0.0750 0.9824 -0.1713
vn 0.0128 0.9391 -0.3433
vn -0.0386 0.9788 -0.2010
vn -0.1600 0.9807 0.1125
vn -0.2923 0.9356 0.1981
vn -0.3513 0.9291 0.1157
vn -0.3496 0.9187 0.1837
vn -0.2493 0.9642 0.0908
vn -0.0827 0.9722 -0.2190
vn 0.0087 0.9174 -0.3979
vn 0.0479 0.9295 -0.3656
vn 0.0629 0.9979 0.0172
vn 0.0300 0.9207 0.3891
vn -0.0071 0.8929 0.4503
vn -0.0756 0.9246 0.3733
vn -0.2140 0.9768 -0.0067
vn -0.3037 0.8799 -0.3655
vn -0.3210 0.8424 -0.4329
vn -0.3382 0.8678 -0.3639
vn -0.3551 0.9348 -0.0023
vn -0.3117 0.8777 0.3641
vn -0.2753 0.8778 0.3920
vn -0.1987 0.9555 0.2181
vn 0.0476 0.9917 -0.1191
vn 0.2954 0.9303 -0.2174
vn 0.3933 0.9103 -0.1290
vn 0.3758 0.9043 -0.2027
vn 0.2364 0.9655 -0.1094
vn 0.0309 0.9734 0.2269
vn -0.0584 0.9317 0.3584
vn -0.1220 0.9758 0.1814
vn -0.2335 0.9633 -0.1322
vn -0.3225 0.9254 -0.1992
vn -0.3492 0.9370 0.0075
vn -0.2072 0.6037 0.7699
vn -0.2397 0.9668 -0.0887
vn -0.3380 0.9088 -0.2448
vn -0.0996 0.9736 0.2054
vn -0.0224 0.9694 0.2444
vn -0.0164 0.9992 0.0371
vn -0.1088 0.9863 -0.1243
vn -0.3056 0.9441 -0.1238
vn -0.4094 0.9121 -0.0208
vn -0.3595 0.9275 0.1028
vn -0.1986 0.9439 0.2638
vn 0.0578 0.9542 0.2934
vn 0.2125 0.9704 0.1147
vn 0.1787 0.9837 0.0194
vn 0.0872 0.9900 0.1109
vn 0.0453 0.9964 0.0714
vn 0.1206 0.9747 -0.1883
vn 0.2186 0.9241 -0.3135
vn 0.2995 0.9264 -0.2284
vn 0.2755 0.9610 -0.0233
vn 0.1345 0.9883 0.0718
vn -0.0276 0.9991 0.0314
vn -0.2217 0.9682 0.1163
vn -0.3851 0.9128 0.1358
vn -0.3524 0.9319 -0.0859
vn -0.1635 0.9455 -0.2815
vn 0.0891 0.9654 -0.2452
vn 0.2701 0.9609 0.0603
vn 0.2672 0.8963 0.3538
vn 0.1786 0.9037 0.3891
vn 0.0620 0.9645 0.2567
vn -0.0807 0.9855 -0.1494
vn -0.1557 0.8793 -0.4500
vn -0.1747 0.8692 -0.4625
vn -0.1873 0.9054 -0.3809
vn -0.1974 0.9803 -0.0002
vn -0.1885 0.9047 0.3822
vn -0.1869 0.8870 0.4223
vn -0.2009 0.9211 0.3334
vn -0.1315 0.9825 0.1318
vn 0.0537 0.9984 -0.0180
vn 0.2068 0.9761 -0.0662
vn 0.2598 0.9303 -0.2589
vn 0.1971 0.9436 -0.2661
vn 0.0689 0.9921 0.1044
vn 0.0014 0.9497 0.3133
vn -0.0571 0.9958 0.0722
vn -0.1905 0.9380 -0.2897
vn -0.3261 0.9011 -0.2857
vn -0.3765 0.9264 0.0083
vn -0.2451 0.6159 0.7487
vn 0.1299 0.9891 0.0689
vn 0.0343 0.9968 -0.0722
vn 0.2201 0.9216 0.3197
vn 0.2397 0.9325 0.2701
vn 0.2348 0.9720 -0.0067
vn 0.1633 0.9441 -0.2865
vn -0.0011 0.9449 -0.3274
vn -0.0711 0.9958 -0.0571
vn 0.0009 0.9724 0.2335
vn 0.1225 0.9006 0.4170
vn 0.1784 0.9081 0.3789
vn 0.0551 0.9964 0.0640
vn -0.1190 0.9853 -0.1227
vn -0.2696 0.9628 0.0167
vn -0.2836 0.9469 0.1514
vn -0.1035 0.9946 -0.0022
vn 0.1215 0.9821 -0.1437
vn 0.3251 0.9410 -0.0944
vn 0.4500 0.8914 -0.0540
vn 0.3990 0.9112 -0.1028
vn 0.2293 0.9525 -0.2004
vn -0.0462 0.9779 -0.2041
vn -0.3489 0.9362 -0.0435
vn -0.3545 0.9338 0.0484
vn -0.1149 0.9929 0.0303
vn 0.2019 0.9775 0.0606
vn 0.3815 0.9071 0.1779
vn 0.2918 0.9208 0.2589
vn 0.1217 0.9594 0.2544
vn 0.0099 0.9901 0.1397
vn 0.0010 0.9785 -0.2063
vn 0.0750 0.8861 -0.4574
vn 0.1081 0.8782 -0.4659
vn 0.1136 0.9154 -0.3862
vn 0.1193 0.9929 0.0002
vn 0.1134 0.9155 0.3860
vn 0.1017 0.9077 0.4070
vn 0.0092 0.9641 0.2655
vn -0.1788 0.9754 0.1290
vn -0.2339 0.9664 0.1067
vn -0.1187 0.9896 0.0809
vn 0.0336 0.9793 -0.1996
vn 0.1004 0.9378 -0.3323
vn 0.0538 0.9985 0.0134
vn 0.0109 0.9596 0.2813
vn 0.0218 0.9995 0.0212
vn 0.0294 0.9204 -0.3898
vn 0.0140 0.9360 -0.3517
vn -0.0050 0.6930 0.7209
vn 0.3858 0.9166 0.1051
vn 0.3787 0.9251 0.0287
vn 0.2507 0.9337 0.2556
vn 0.0692 0.9762 0.2057
vn 0.0154 0.9992 -0.0356
vn 0.0448 0.9498 -0.3096
vn 0.1471 0.9319 -0.3315
vn 0.2743 0.9616 0.0026
vn 0.3477 0.8791 0.3261
vn 0.3730 0.8295 0.4157
vn 0.2731 0.9426 0.1921
vn 0.0159 0.9843 -0.1759
vn -0.1804 0.9354 -0.3042
vn -0.3120 0.9452 -0.0963
vn -0.3813 0.9043 0.1922
vn -0.3394 0.9221 0.1859
vn -0.2251 0.9724 0.0618
vn -0.0794 0.9900 0.1162
vn 0.0686 0.9967 0.0436
vn 0.0907 0.9775 -0.1902
vn 0.0220 0.9292 -0.3689
vn -0.0761 0.9079 -0.4122
vn -0.1307 0.9807 -0.1451
vn -0.0241 0.9805 0.1951
vn 0.1514 0.9416 0.3007
vn 0.2965 0.9241 0.2412
vn 0.2324 0.9647 0.1237
vn 0.0057 0.9982 0.0597
vn -0.1708 0.9801 0.1012
vn -0.2166 0.9659 0.1422
vn -0.0925 0.9927 -0.0769
vn 0.1011 0.9288 -0.3566
vn 0.1729 0.8839 -0.4345
vn 0.1935 0.9022 -0.3856
vn 0.2119 0.9773 0.0001
vn 0.1921 0.9029 0.3845
vn 0.1852 0.9153 0.3577
vn 0.1269 0.9890 0.0764
vn -0.0767 0.9924 -0.0958
vn -0.2217 0.9731 0.0624
vn -0.2081 0.9569 0.2025
vn -0.1106 0.9916 -0.0677
vn -0.0121 0.9573 -0.2887
vn 0.0135 0.9998 -0.0126
vn 0.0092 0.9584 0.2854
vn 0.0676 0.9925 0.1022
vn 0.2076 0.9334 -0.2927
vn 0.3301 0.8924 -0.3078
vn 0.3765 0.9264 -0.0083
vn 0.2389 0.6113 0.7545
vn 0.3615 0.9317 -0.0356
vn 0.4323 0.9013 -0.0285
vn 0.1143 0.9934 0.0011
vn -0.1474 0.9883 0.0385
vn -0.2191 0.9750 -0.0361
vn -0.1397 0.9731 -0.1833
vn 0.0773 0.9881 -0.1333
vn 0.2747 0.9489 0.1552
vn 0.3120 0.8746 0.3712
vn 0.2671 0.8944 0.3588
vn 0.1477 0.9890 0.0117
vn 0.0052 0.9358 -0.3524
vn -0.0434 0.9201 -0.3892
vn -0.0800 0.9769 -0.1980
vn -0.1819 0.9768 0.1130
vn -0.2799 0.9395 0.1976
vn -0.3004 0.9466 0.1169
vn -0.2854 0.9402 0.1859
vn -0.2730 0.9568 0.1002
vn -0.2713 0.9418 -0.1983
vn -0.2653 0.8855 -0.3816
vn -0.2045 0.9177 -0.3406
vn 0.0186 0.9998 0.0119
vn 0.2425 0.9077 0.3424
vn 0.3045 0.8816 0.3608
vn 0.2411 0.9590 0.1488
vn -0.0039 0.9927 -0.1206
vn -0.2825 0.9449 -0.1651
vn -0.3895 0.9208 0.0213
vn -0.3528 0.9096 0.2196
vn -0.1882 0.9740 0.1262
vn 0.0276 0.9750 -0.2206
vn 0.1124 0.9058 -0.4086
vn 0.1237 0.9109 -0.3937
vn 0.0913 0.9957 -0.0153
vn 0.0298 0.9239 0.3814
vn -0.0004 0.9370 0.3494
vn -0.0019 0.9998 0.0173
vn -0.0069 0.9765 -0.2155
vn -0.0416 0.9991 0.0046
vn -0.0728 0.9700 0.2319
vn -0.0673 0.9977 -0.0003
vn -0.0128 0.9706 -0.2404
vn 0.0169 0.9998 -0.0096
vn -0.0030 0.9552 0.2959
vn 0.0290 0.9754 0.2184
vn 0.1954 0.9737 -0.1172
vn 0.3520 0.9108 -0.2157
vn 0.3937 0.9191 -0.0171
vn 0.2248 0.5975 0.7697
vn 0.2328 0.9462 -0.2247
vn 0.3373 0.9247 -0.1764
vn 0.0535 0.9700 -0.2371
vn -0.0234 0.9958 -0.0882
vn 0.0223 0.9997 -0.0041
vn 0.0989 0.9929 -0.0663
vn 0.1325 0.9912 0.0046
vn 0.0715 0.9698 0.2331
vn -0.0284 0.9367 0.3490
vn -0.1474 0.9517 0.2693
vn -0.2300 0.9715 -0.0564
vn -0.1600 0.9249 -0.3449
vn 0.0322 0.9428 -0.3319
vn 0.1866 0.9605 -0.2064
vn 0.0674 0.9908 0.1171
vn 0.0019 0.9948 0.1016
vn -0.0303 0.9861 0.1636
vn -0.1132 0.9915 0.0640
vn -0.1794 0.9564 -0.2304
vn -0.1708 0.9176 -0.3588
vn -0.0693 0.9855 -0.1546
vn 0.1491 0.9591 0.2407
vn 0.2550 0.8649 0.4324
vn 0.1502 0.9468 0.2846
vn -0.0396 0.9982 -0.0453
vn -0.2251 0.9097 -0.3490
vn -0.3401 0.8888 -0.3071
vn -0.3764 0.9264 0.0016
vn -0.3360 0.8875 0.3153
vn -0.1903 0.9207 0.3408
vn 0.0486 0.9981 -0.0370
vn 0.2015 0.9173 -0.3435
vn 0.2472 0.8790 -0.4077
vn 0.1656 0.9781 -0.1259
vn -0.0531 0.9563 0.2875
vn -0.1858 0.9293 0.3193
vn -0.1724 0.9810 0.0891
vn 0.0103 0.9898 -0.1424
vn 0.0975 0.9949 -0.0275
vn -0.0183 0.9848 0.1727
vn -0.0942 0.9951 0.0301
vn 0.0167 0.9845 -0.1745
vn 0.0895 0.9956 -0.0288
vn -0.0218 0.9701 0.2418
vn -0.1106 0.9518 0.2862
vn 0.0078 0.9974 0.0721
vn 0.1806 0.9760 -0.1221
vn 0.1728 0.9822 -0.0732
vn 0.0393 0.6237 0.7807
vn -0.1182 0.9284 -0.3524
vn -0.0267 0.9330 -0.3589
vn -0.1416 0.9573 -0.2519
vn 0.0391 0.9991 0.0187
vn 0.2341 0.9626 0.1361
vn 0.3515 0.9359 -0.0234
vn 0.2901 0.9447 -0.1527
vn 0.0164 0.9998 0.0100
vn -0.2366 0.9589 0.1564
vn -0.4236 0.8994 0.1081
vn -0.5024 0.8644 -0.0171
vn -0.3393 0.9372 -0.0803
vn -0.0051 0.9992 -0.0395
vn 0.2502 0.9666 0.0550
vn 0.2334 0.9662 0.1097
vn 0.2007 0.9792 -0.0295
vn 0.1399 0.9488 -0.2833
vn 0.1227 0.9382 -0.3235
vn 0.1829 0.9830 -0.0153
vn 0.2527 0.9021 0.3498
vn 0.1364 0.9349 0.3276
vn -0.1124 0.9925 0.0489
vn -0.3132 0.9241 -0.2188
vn -0.2845 0.8838 -0.3715
vn -0.0884 0.9576 -0.2744
vn -0.0177 0.9997 0.0139
vn -0.0569 0.9388 0.3398
vn -0.1217 0.8767 0.4655
vn -0.0532 0.9832 0.1748
vn 0.1159 0.9746 -0.1915
vn 0.2650 0.8914 -0.3677
vn 0.3081 0.9024 -0.3013
vn 0.1269 0.9916 0.0242
vn -0.0918 0.9707 0.2222
vn -0.1212 0.9662 0.2274
vn 0.0726 0.9947 0.0729
vn 0.1742 0.9831 -0.0562
vn 0.0034 0.9999 -0.0101
vn -0.1439 0.9884 0.0480
vn 0.1444 0.9883 -0.0482
vn -0.0117 0.9988 0.0480
vn -0.2215 0.9480 0.2286
vn -0.2147 0.9529 0.2142
vn -0.1022 0.9940 -0.0377
vn -0.1317 0.9734 -0.1872
vn -0.1874 0.7052 0.6837
vn -0.4083 0.8404 -0.3563
vn -0.3515 0.8380 -0.4173
vn -0.3853 0.9195 -0.0779
vn -0.1978 0.9448 0.2611
vn -0.0128 0.9492 0.3145
vn 0.1263 0.9904 0.0561
vn 0.2214 0.9375 -0.2684
vn 0.1576 0.9596 -0.2329
vn 0.0203 0.9977 -0.0648
vn -0.1396 0.9871 -0.0789
vn -0.2665 0.9638 -0.0075
vn -0.2280 0.9577 0.1758
vn -0.0398 0.9624 0.2685
vn 0.0148 0.9997 0.0213
vn 0.0374 0.9898 0.1377
vn 0.1183 0.9929 -0.0086
vn 0.1818 0.9416 -0.2835
vn 0.1943 0.9310 -0.3090
vn 0.2192 0.9757 0.0072
vn 0.1801 0.9382 0.2955
vn 0.0353 0.9928 0.1143
vn -0.1647 0.9657 -0.2007
vn -0.2494 0.9352 -0.2513
vn -0.0789 0.9879 -0.1335
vn 0.2306 0.9720 -0.0458
vn 0.3571 0.9333 0.0374
vn 0.2695 0.9421 0.1996
vn -0.0151 0.9429 0.3328
vn -0.2233 0.9543 0.1985
vn -0.2028 0.9784 -0.0393
vn -0.0327 0.9770 -0.2106
vn 0.2049 0.9404 -0.2714
vn 0.2929 0.9482 -0.1227
vn 0.2149 0.9719 0.0964
vn 0.1451 0.9533 0.2648
vn 0.1704 0.9678 0.1854
vn 0.1560 0.9811 -0.1145
vn 0.0245 0.9787 -0.2041
vn -0.0895 0.9956 0.0288
vn -0.0167 0.9845 0.1745
vn 0.0942 0.9951 -0.0301
vn 0.0151 0.9864 -0.1634
vn -0.1454 0.9858 0.0837
vn -0.1974 0.9472 0.2525
vn -0.1743 0.9847 -0.0086
vn -0.1929 0.9423 -0.2737
vn -0.1984 0.8098 0.5522
vn -0.4106 0.8433 -0.3468
vn -0.4126 0.8157 -0.4054
vn -0.4019 0.9157 -0.0037
vn -0.3323 0.8745 0.3532
vn -0.2751 0.8780 0.3918
vn -0.1785 0.9573 0.2276
vn 0.0738 0.9907 -0.1144
vn 0.2623 0.9407 -0.2153
vn 0.2864 0.9491 -0.1311
vn 0.2073 0.9557 -0.2090
vn 0.0564 0.9907 -0.1237
vn -0.0579 0.9785 0.1980
vn -0.0749 0.9381 0.3380
vn -0.0974 0.9788 0.1802
vn -0.1720 0.9785 -0.1142
vn -0.2630 0.9477 -0.1809
vn -0.2891 0.9572 0.0126
vn -0.2478 0.9461 0.2086
vn -0.1457 0.9824 0.1169
vn -0.0151 0.9776 -0.2098
vn 0.0603 0.9534 -0.2958
vn 0.0840 0.9964 -0.0095
vn 0.0241 0.9723 0.2325
vn -0.0649 0.9978 0.0141
vn -0.0985 0.9561 -0.2759
vn -0.0510 0.9851 -0.1641
vn 0.1545 0.9817 0.1112
vn 0.3751 0.9128 0.1617
vn 0.4421 0.8962 0.0357
vn 0.3592 0.9328 -0.0275
vn 0.0645 0.9979 0.0105
vn -0.2229 0.9741 0.0371
vn -0.2828 0.9590 0.0173
vn -0.1864 0.9824 0.0115
vn 0.0602 0.9981 -0.0137
vn 0.2867 0.9578 -0.0212
vn 0.3524 0.9340 0.0578
vn 0.3092 0.9331 0.1835
vn 0.1759 0.9793 0.0999
vn 0.0289 0.9807 -0.1934
vn -0.0494 0.9551 -0.2920
vn -0.1073 0.9942 -0.0004
vn -0.1090 0.9664 0.2329
vn -0.0729 0.9973 0.0041
vn -0.0458 0.9726 -0.2279
vn -0.0622 0.9980 0.0111
vn -0.0810 0.9667 0.2428
vn -0.0805 0.9967 0.0059
vn -0.0454 0.9584 -0.2817
vn -0.0000 0.8422 0.5392
vn -0.2626 0.9107 -0.3188
vn -0.3363 0.8703 -0.3598
vn -0.2008 0.9793 0.0259
vn -0.1803 0.9057 0.3837
vn -0.1744 0.8792 0.4435
vn -0.1154 0.9104 0.3972
vn 0.0680 0.9866 0.1481
vn 0.2045 0.9739 -0.0989
vn 0.1825 0.9689 -0.1673
vn 0.1054 0.9459 -0.3070
vn 0.0158 0.9627 -0.2702
vn -0.1015 0.9909 0.0882
vn -0.2079 0.9401 0.2702
vn -0.3077 0.9457 0.1052
vn -0.3468 0.9234 -0.1645
vn -0.2827 0.9422 -0.1799
vn -0.1938 0.9802 0.0403
vn -0.1784 0.9546 0.2386
vn -0.2231 0.9538 0.2014
vn -0.1616 0.9834 -0.0822
vn 0.0144 0.9766 -0.2146
vn 0.1004 0.9943 -0.0362
vn -0.0322 0.9921 0.1215
vn -0.1971 0.9798 -0.0333
vn -0.1753 0.9580 -0.2268
vn -0.0323 0.9994 -0.0108
vn 0.1758 0.9318 0.3174
vn 0.3777 0.9255 0.0294
vn 0.3184 0.9256 -0.2047
vn 0.1418 0.9550 -0.2603
vn 0.0056 0.9939 -0.1101
vn 0.0142 0.9991 0.0410
vn 0.0508 0.9915 0.1194
vn 0.0581 0.9839 0.1692
vn 0.1110 0.9841 0.1385
vn 0.2083 0.9720 0.1087
vn 0.2429 0.9659 0.0900
vn 0.1019 0.9903 -0.0948
vn -0.1043 0.9428 -0.3167
vn -0.1961 0.9204 -0.3383
vn -0.2921 0.9541 -0.0660
vn -0.3609 0.9082 0.2120
vn -0.3279 0.9421 0.0697
vn -0.1850 0.9707 -0.1537
vn -0.0832 0.9964 0.0155
vn -0.1081 0.9676 0.2280
vn -0.1149 0.9919 0.0534
vn 0.0367 0.9840 -0.1742
vn 0.1650 0.7955 0.5831
vn 0.1226 0.9669 -0.2239
vn 0.0351 0.9706 -0.2379
vn 0.1737 0.9825 0.0669
vn 0.1424 0.9138 0.3804
vn 0.1118 0.8827 0.4564
vn 0.1181 0.8857 0.4490
vn 0.1161 0.9717 0.2056
vn 0.0246 0.9911 -0.1309
vn -0.1063 0.9590 -0.2626
vn -0.1647 0.9236 -0.3461
vn -0.0873 0.9552 -0.2828
vn -0.0291 0.9996 -0.0031
vn -0.1271 0.9821 0.1393
vn -0.2708 0.9625 0.0158
vn -0.2835 0.9550 -0.0870
vn -0.0998 0.9950 0.0032
vn 0.0923 0.9847 0.1476
vn 0.1063 0.9814 0.1601
vn -0.1065 0.9887 0.1058
vn -0.1966 0.9799 0.0327
vn 0.1966 0.9799 -0.0327
vn 0.1065 0.9887 -0.1058
vn -0.1063 0.9814 -0.1601
vn -0.1076 0.9858 -0.1288
vn -0.0023 0.9891 0.1473
vn 0.0402 0.8952 0.4439
vn 0.0118 0.9377 0.3473
vn -0.0010 0.9997 0.0238
vn -0.0057 0.9619 -0.2735
vn 0.0033 0.9445 -0.3286
vn 0.1015 0.9920 -0.0754
vn 0.2281 0.9665 0.1174
vn 0.2496 0.9667 0.0566
vn 0.0476 0.9985 0.0278
vn -0.1481 0.9801 0.1320
vn -0.1060 0.9718 0.2105
vn 0.0325 0.9934 0.1098
vn 0.0616 0.9696 -0.2368
vn -0.0427 0.8937 -0.4466
vn -0.1147 0.9027 -0.4148
vn -0.2282 0.9494 -0.2158
vn -0.3788 0.9152 0.1374
vn -0.3510 0.9081 0.2284
vn -0.1338 0.9880 0.0774
vn 0.0287 0.9983 0.0501
vn -0.0806 0.9855 0.1496
vn -0.1696 0.9768 0.1305
vn 0.0097 0.9959 0.0902
vn 0.1673 0.6701 0.7231
vn 0.4145 0.8961 -0.1589
vn 0.3894 0.9133 -0.1194
vn 0.3765 0.9262 0.0174
vn 0.2522 0.9158 0.3127
vn 0.1875 0.8826 0.4311
vn 0.1709 0.8961 0.4097
vn 0.1024 0.9915 0.0806
vn -0.0461 0.9538 -0.2968
vn -0.1709 0.9151 -0.3651
vn -0.1809 0.9423 -0.2817
vn 0.0032 0.9950 -0.0997
vn 0.1964 0.9789 0.0565
vn 0.2004 0.9793 0.0266
vn 0.0883 0.9910 -0.1011
vn -0.0031 0.9996 -0.0290
vn 0.0562 0.9790 0.1962
vn 0.1730 0.9497 0.2610
vn 0.1971 0.9798 0.0333
vn 0.0322 0.9921 -0.1215
vn -0.1004 0.9943 0.0362
vn -0.0145 0.9765 0.2149
vn 0.1616 0.9834 0.0822
vn 0.2231 0.9538 -0.2013
vn 0.1784 0.9546 -0.2386
vn 0.1850 0.9799 -0.0750
vn 0.1777 0.9745 0.1367
vn -0.0324 0.9481 0.3164
vn -0.2841 0.9268 0.2455
vn -0.3773 0.9261 -0.0041
vn -0.3644 0.9035 -0.2255
vn -0.2965 0.9342 -0.1984
vn -0.1609 0.9818 0.1008
vn -0.0174 0.9727 0.2313
vn 0.0336 0.9991 -0.0274
vn -0.0621 0.9738 -0.2188
vn -0.2029 0.9792 0.0084
vn -0.1940 0.9353 0.2960
vn -0.0692 0.9606 0.2690
vn 0.1069 0.9793 -0.1721
vn 0.1751 0.8691 -0.4626
vn 0.1760 0.8749 -0.4512
vn 0.1342 0.9295 -0.3435
vn 0.0292 0.9985 0.0461
vn 0.0201 0.9345 0.3553
vn 0.1573 0.9449 0.2870
vn 0.2556 0.9659 0.0419
vn 0.1027 0.9938 -0.0431
vn -0.0718 0.9905 0.1170
vn -0.0146 0.9534 0.3013
vn 0.0656 0.5419 0.8378
vn 0.3369 0.9168 -0.2145
vn 0.3811 0.9146 -0.1353
vn 0.2155 0.9684 -0.1258
vn 0.0640 0.9734 0.2199
vn 0.0039 0.9107 0.4131
vn -0.0158 0.9222 0.3865
vn -0.0556 0.9984 0.0092
vn -0.0932 0.9234 -0.3724
vn -0.0981 0.9165 -0.3879
vn -0.0243 0.9861 -0.1642
vn 0.1915 0.9753 0.1098
vn 0.3684 0.9145 0.1674
vn 0.4001 0.9164 -0.0104
vn 0.3358 0.9205 -0.1998
vn 0.2201 0.9677 -0.1229
vn 0.1059 0.9757 0.1920
vn 0.0491 0.9555 0.2909
vn 0.0442 0.9990 0.0048
vn 0.0276 0.9751 -0.2198
vn 0.0015 1.0000 0.0015
vn -0.0123 0.9579 0.2870
vn 0.0293 0.9782 0.2055
vn 0.1541 0.9821 -0.1084
vn 0.2853 0.9376 -0.1990
vn 0.3474 0.9350 -0.0716
vn 0.2995 0.9537 -0.0257
vn 0.0354 0.9994 0.0011
vn -0.2821 0.9589 0.0304
vn -0.3997 0.9156 -0.0448
vn -0.3906 0.9031 -0.1783
vn -0.3222 0.9399 -0.1131
vn -0.2625 0.9488 0.1756
vn -0.2455 0.9290 0.2770
vn -0.2394 0.9709 0.0043
vn -0.1772 0.9590 -0.2212
vn -0.1084 0.9941 0.0036
vn -0.0661 0.9360 0.3457
vn -0.0120 0.9196 0.3927
vn 0.1284 0.9917 -0.0024
vn 0.2632 0.8847 -0.3848
vn 0.3300 0.8423 -0.4263
vn 0.3611 0.8619 -0.3560
vn 0.3544 0.9351 -0.0031
vn 0.2902 0.8872 0.3586
vn 0.2644 0.9096 0.3204
vn 0.2247 0.9742 -0.0216
vn 0.0916 0.9696 -0.2271
vn -0.0421 0.9988 0.0247
vn -0.0594 0.9352 0.3491
vn -0.0219 0.4987 0.8665
vn 0.0653 0.9406 -0.3331
vn 0.1534 0.9530 -0.2612
vn -0.0790 0.9578 -0.2763
vn -0.1740 0.9770 0.1236
vn -0.1909 0.9056 0.3787
vn -0.2345 0.9072 0.3492
vn -0.2888 0.9574 -0.0055
vn -0.2599 0.9018 -0.3453
vn -0.1687 0.9337 -0.3157
vn 0.0103 0.9997 0.0235
vn 0.2622 0.9113 0.3174
vn 0.3954 0.8844 0.2478
vn 0.3778 0.9252 -0.0366
vn 0.3309 0.9050 -0.2672
vn 0.3005 0.9210 -0.2480
vn 0.1836 0.9819 0.0473
vn -0.0111 0.9773 0.2118
vn -0.0943 0.9951 0.0302
vn 0.0167 0.9845 -0.1743
vn -0.0356 0.9754 0.2174
vn -0.1989 0.9544 0.2227
vn -0.1752 0.9831 0.0531
vn 0.0370 0.9981 -0.0485
vn 0.2169 0.9761 -0.0136
vn 0.2985 0.9466 -0.1219
vn 0.2118 0.9390 -0.2710
vn -0.0264 0.9773 -0.2103
vn -0.1844 0.9759 -0.1171
vn -0.1671 0.9793 -0.1139
vn 0.0092 0.9997 -0.0226
vn 0.0844 0.9797 0.1819
vn -0.0322 0.9734 0.2270
vn -0.1945 0.9808 0.0104
vn -0.1970 0.9733 -0.1181
vn -0.0755 0.9932 0.0883
vn -0.0176 0.9317 0.3628
vn -0.0690 0.9101 0.4087
vn -0.1019 0.9890 0.1068
vn 0.0108 0.9668 -0.2555
vn 0.2204 0.9140 -0.3407
vn 0.3952 0.8640 -0.3118
vn 0.4286 0.8998 -0.0820
vn 0.2234 0.9437 0.2440
vn -0.0271 0.9748 0.2212
vn -0.1678 0.9796 -0.1108
vn -0.2360 0.9219 -0.3073
vn -0.2312 0.9727 -0.0192
vn -0.1956 0.9209 0.3372
vn -0.1092 0.4902 0.8647
vn -0.2072 0.8815 -0.4242
vn -0.1311 0.9105 -0.3922
vn -0.2282 0.9241 -0.3064
vn -0.1593 0.9811 0.1101
vn -0.1206 0.9240 0.3629
vn -0.1703 0.9426 0.2872
vn -0.2671 0.9629 -0.0398
vn -0.2344 0.9316 -0.2776
vn -0.1119 0.9832 -0.1444
vn 0.0518 0.9698 0.2382
vn 0.1724 0.8628 0.4752
vn 0.1250 0.9653 0.2293
vn 0.0162 0.9929 -0.1181
vn 0.0036 0.9663 -0.2575
vn 0.1736 0.9540 -0.2446
vn 0.2199 0.9677 -0.1232
vn 0.0114 0.9999 -0.0020
vn -0.1444 0.9883 0.0482
vn -0.0240 0.9992 -0.0306
vn -0.3335 0.9426 0.0151
vn -0.4664 0.8762 0.1214
vn -0.3414 0.9205 0.1900
vn -0.1182 0.9735 0.1958
vn 0.1355 0.9681 -0.2110
vn 0.1142 0.9932 0.0236
vn 0.3003 0.9375 0.1757
vn 0.3943 0.9082 0.1401
vn 0.2271 0.9736 -0.0237
vn -0.0538 0.9828 -0.1768
vn -0.1782 0.9800 -0.0891
vn -0.0866 0.9778 0.1906
vn -0.0244 0.9365 0.3497
vn -0.1469 0.9508 0.2727
vn -0.3532 0.9335 0.0618
vn -0.3571 0.9308 -0.0780
vn -0.1113 0.9924 -0.0532
vn 0.2439 0.9635 -0.1101
vn 0.3876 0.9003 -0.1983
vn 0.1631 0.9806 -0.1088
vn -0.2175 0.9724 -0.0845
vn -0.4309 0.8727 -0.2299
vn -0.4095 0.8882 -0.2083
vn -0.2315 0.9684 0.0925
vn -0.1387 0.9267 0.3492
vn -0.1081 0.5556 0.8244
vn -0.1999 0.8804 -0.4300
vn -0.1880 0.8720 -0.4519
vn -0.0785 0.9819 -0.1724
vn 0.0970 0.9690 0.2273
vn 0.1731 0.9096 0.3777
vn 0.1731 0.9590 0.2243
vn 0.1189 0.9882 -0.0962
vn 0.1081 0.9692 -0.2212
vn 0.1733 0.9846 -0.0228
vn 0.2025 0.9329 0.2980
vn 0.0501 0.9217 0.3847
vn -0.2023 0.9769 0.0688
vn -0.3534 0.9115 -0.2104
vn -0.3493 0.9306 -0.1099
vn -0.1204 0.9927 -0.0079
vn 0.0824 0.9879 -0.1311
vn 0.0198 0.9815 -0.1904
vn 0.0943 0.9951 -0.0302
vn 0.0135 0.9617 -0.2737
vn -0.2002 0.9422 -0.2688
vn -0.3406 0.9385 0.0569
vn -0.3160 0.8876 0.3352
vn -0.2110 0.8983 0.3854
vn -0.0531 0.9562 0.2877
vn 0.2456 0.8787 -0.4093
vn 0.2057 0.9308 -0.3021
vn 0.1539 0.9861 0.0633
vn 0.1528 0.9403 0.3040
vn 0.1360 0.9873 0.0818
vn 0.0275 0.9671 -0.2529
vn -0.1291 0.9249 -0.3575
vn -0.1756 0.9812 -0.0802
vn -0.0753 0.9557 0.2844
vn -0.0134 0.9417 0.3361
vn -0.0856 0.9932 0.0786
vn -0.2676 0.9553 -0.1253
vn -0.3280 0.9447 0.0037
vn -0.2178 0.9452 0.2432
vn 0.0430 0.9758 0.2143
vn 0.2747 0.9489 -0.1551
vn 0.2320 0.9002 -0.3684
vn 0.0329 0.9262 -0.3755
vn -0.1121 0.9303 -0.3493
vn -0.0861 0.9946 -0.0585
vn 0.0728 0.9569 0.2812
vn 0.1633 0.9199 0.3566
vn 0.0773 0.5988 0.7972
vn -0.0835 0.9250 -0.3705
vn -0.1081 0.8885 -0.4459
vn 0.0619 0.9981 -0.0061
vn 0.2209 0.9075 0.3572
vn 0.2730 0.8797 0.3893
vn 0.3030 0.9307 0.2050
vn 0.3372 0.9361 -0.1001
vn 0.3669 0.9113 -0.1871
vn 0.3945 0.9188 -0.0124
vn 0.3193 0.9342 0.1589
vn 0.0093 0.9935 0.1131
vn -0.2954 0.9434 -0.1506
vn -0.3716 0.8930 -0.2537
vn -0.3232 0.9462 0.0193
vn -0.1558 0.9617 0.2257
vn 0.0202 0.9996 -0.0196
vn 0.0665 0.9688 -0.2388
vn 0.0330 0.9994 -0.0061
vn -0.0030 0.9744 0.2248
vn 0.0163 0.9414 -0.3368
vn 0.0107 0.9296 -0.3685
vn -0.0147 0.9998 0.0102
vn -0.0208 0.9244 0.3810
vn -0.0073 0.8922 0.4515
vn 0.0166 0.9250 0.3796
vn 0.0506 0.9985 -0.0215
vn 0.0685 0.9142 -0.3994
vn 0.0560 0.9342 -0.3524
vn 0.0105 0.9999 -0.0102
vn -0.0912 0.9665 0.2398
vn -0.1838 0.9828 0.0178
vn -0.2116 0.9206 -0.3281
vn -0.2100 0.9072 -0.3647
vn -0.1658 0.9861 -0.0077
vn -0.0906 0.9265 0.3652
vn -0.0683 0.9385 0.3384
vn -0.1004 0.9949 0.0051
vn -0.1445 0.9645 -0.2211
vn -0.1634 0.9865 0.0079
vn -0.1255 0.9313 0.3421
vn -0.0443 0.9205 0.3883
vn 0.1112 0.9938 -0.0034
vn 0.2190 0.8975 -0.3827
vn 0.2316 0.8714 -0.4325
vn 0.2352 0.9013 -0.3637
vn 0.2770 0.9609 -0.0028
vn 0.3076 0.8819 0.3572
vn 0.3283 0.8875 0.3234
vn 0.1885 0.5855 0.7884
vn -0.1816 0.9336 -0.3089
vn -0.1788 0.8862 -0.4274
vn -0.1237 0.9845 0.1244
vn -0.0320 0.8929 0.4490
vn -0.0018 0.9066 0.4219
vn 0.0247 0.9666 0.2551
vn 0.1206 0.9927 -0.0086
vn 0.2840 0.9527 -0.1078
vn 0.3880 0.9216 -0.0120
vn 0.3330 0.9404 -0.0692
vn 0.0278 0.9730 -0.2293
vn -0.2185 0.9237 -0.3148
vn -0.1538 0.9640 -0.2171
vn -0.0195 0.9921 0.1236
vn 0.0668 0.9325 0.3549
vn 0.1326 0.9868 0.0928
vn 0.1984 0.9569 -0.2123
vn 0.1725 0.9810 -0.0891
vn -0.0104 0.9898 0.1424
vn -0.0958 0.9952 0.0223
vn 0.0327 0.9649 -0.2607
vn 0.2056 0.9274 -0.3125
vn 0.2724 0.9622 0.0047
vn 0.2214 0.9042 0.3652
vn 0.1865 0.8786 0.4396
vn 0.1679 0.9221 0.3486
vn 0.0990 0.9935 -0.0562
vn 0.0217 0.9096 -0.4150
vn -0.0017 0.9269 -0.3752
vn -0.0297 0.9968 -0.0740
vn -0.0686 0.9844 0.1620
vn -0.0595 0.9982 -0.0061
vn 0.0169 0.9507 -0.3096
vn 0.0768 0.9373 -0.3400
vn 0.0505 0.9987 -0.0063
vn -0.0878 0.9323 0.3508
vn -0.2070 0.9323 0.2965
vn -0.2810 0.9595 -0.0184
vn -0.2799 0.9371 -0.2086
vn -0.2391 0.9706 0.0286
vn -0.1986 0.9139 0.3541
vn -0.2109 0.8816 0.4221
vn -0.2022 0.9733 0.1091
vn -0.1113 0.9513 -0.2874
vn 0.0077 0.9167 -0.3995
vn 0.1192 0.9348 -0.3346
vn 0.2051 0.9783 0.0298
vn 0.1966 0.9011 0.3865
vn 0.2000 0.9262 0.3197
vn 0.1335 0.5937 0.7935
vn -0.1437 0.9407 -0.3072
vn -0.1218 0.8915 -0.4363
vn -0.1959 0.9715 0.1336
vn -0.2117 0.8655 0.4540
vn -0.2284 0.8814 0.4136
vn -0.2766 0.9205 0.2759
vn -0.2885 0.9497 0.1218
vn -0.1784 0.9798 0.0901
vn -0.0110 0.9956 0.0932
vn 0.0547 0.9813 -0.1843
vn -0.0362 0.8953 -0.4439
vn -0.0689 0.9478 -0.3114
vn 0.1177 0.9927 -0.0246
vn 0.2842 0.9312 0.2281
vn 0.2257 0.9201 0.3201
vn 0.0872 0.9901 0.1099
vn 0.1154 0.9792 -0.1667
vn 0.1230 0.9649 -0.2320
vn -0.0729 0.9947 -0.0728
vn -0.1762 0.9828 0.0545
vn 0.0101 0.9997 -0.0234
vn 0.2613 0.9558 -0.1345
vn 0.3305 0.9438 -0.0080
vn 0.1998 0.9342 0.2954
vn 0.1182 0.9006 0.4183
vn 0.1104 0.9478 0.2992
vn 0.0814 0.9871 -0.1378
vn 0.0249 0.8876 -0.4600
vn -0.0004 0.9187 -0.3949
vn -0.0270 0.9950 -0.0957
vn -0.0300 0.9796 0.1989
vn 0.0822 0.9909 0.1062
vn 0.2388 0.9562 -0.1693
vn 0.3563 0.8876 -0.2919
vn 0.3508 0.9222 -0.1628
vn 0.1332 0.9837 0.1210
vn -0.1085 0.9833 0.1464
vn -0.2487 0.9646 -0.0881
vn -0.2563 0.9533 -0.1598
vn -0.1751 0.9800 0.0940
vn -0.1278 0.9267 0.3534
vn -0.1896 0.9129 0.3615
vn -0.3355 0.9370 0.0979
vn -0.3477 0.9188 -0.1867
vn -0.2342 0.9371 -0.2587
vn -0.1060 0.9692 -0.2222
vn -0.0536 0.9962 0.0689
vn -0.0855 0.9200 0.3824
vn -0.0901 0.9288 0.3594
vn -0.0128 0.5913 0.8063
vn 0.1683 0.9183 -0.3583
vn 0.1866 0.8755 -0.4457
vn 0.1071 0.9927 0.0556
vn 0.0300 0.9050 0.4244
vn -0.0063 0.9189 0.3943
vn -0.1083 0.9785 0.1757
vn -0.3203 0.9462 0.0460
vn -0.4282 0.8921 0.1439
vn -0.3909 0.8983 0.2009
vn -0.3027 0.9458 -0.1173
vn -0.1724 0.9005 -0.3992
vn -0.0094 0.9859 -0.1669
vn 0.1664 0.9664 0.1957
vn 0.2491 0.9374 0.2435
vn 0.0894 0.9906 0.1035
vn -0.1550 0.9877 -0.0201
vn -0.1966 0.9718 -0.1301
vn -0.1451 0.9533 -0.2648
vn -0.1654 0.9684 -0.1866
vn -0.1544 0.9819 0.1097
vn -0.0262 0.9776 0.2088
vn 0.1096 0.9940 -0.0011
vn 0.0702 0.9926 -0.0995
vn -0.0975 0.9827 0.1573
vn -0.1750 0.9069 0.3832
vn -0.1579 0.9338 0.3210
vn -0.0900 0.9885 -0.1215
vn -0.0156 0.8854 -0.4646
vn -0.0045 0.9121 -0.4099
vn -0.0451 0.9901 -0.1330
vn -0.1122 0.9701 0.2154
vn -0.1011 0.9690 0.2252
vn -0.0083 0.9999 -0.0085
vn 0.1435 0.9736 -0.1776
vn 0.3069 0.9283 -0.2098
vn 0.3242 0.9427 -0.0785
vn 0.2239 0.9742 -0.0272
vn 0.1318 0.9763 -0.1715
vn 0.1044 0.9865 -0.1261
vn 0.1520 0.9746 0.1648
vn 0.1774 0.9187 0.3529
vn 0.1498 0.9559 0.2528
vn 0.0233 0.9991 -0.0362
vn -0.0542 0.9818 -0.1819
vn -0.0114 0.9875 -0.1573
vn 0.0366 0.9842 -0.1732
vn -0.0228 0.9996 0.0156
vn -0.1395 0.9390 0.3143
vn -0.1760 0.8979 0.4035
vn -0.0717 0.5726 0.8167
vn 0.3807 0.8514 -0.3608
vn 0.3799 0.8257 -0.4170
vn 0.3706 0.9288 -0.0000
vn 0.3019 0.8782 0.3709
vn 0.2779 0.9005 0.3344
vn 0.2016 0.9790 -0.0311
vn -0.0981 0.9657 -0.2404
vn -0.3780 0.9257 0.0125
vn -0.4394 0.8698 0.2247
vn -0.4032 0.9150 0.0140
vn -0.2111 0.9515 -0.2235
vn 0.0079 0.9998 -0.0187
vn 0.1027 0.9547 0.2794
vn 0.0928 0.9796 0.1783
vn -0.0736 0.9905 -0.1157
vn -0.2773 0.9433 -0.1825
vn -0.3493 0.9302 -0.1125
vn -0.3024 0.9368 -0.1761
vn -0.1564 0.9826 -0.1001
vn -0.0124 0.9828 0.1844
vn 0.0411 0.9599 0.2773
vn 0.0113 0.9995 -0.0285
vn -0.1317 0.9613 -0.2422
vn -0.2939 0.9557 0.0180
vn -0.3268 0.8816 0.3405
vn -0.3091 0.8726 0.3781
vn -0.2331 0.9724 -0.0024
vn -0.0793 0.9153 -0.3949
vn -0.0027 0.9121 -0.4099
vn -0.0370 0.9746 -0.2207
vn -0.2014 0.9741 0.1026
vn -0.3272 0.9239 0.1984
vn -0.3384 0.9385 0.0686
vn -0.2258 0.9739 0.0248
vn 0.0512 0.9987 0.0050
vn 0.2896 0.9571 -0.0114
vn 0.3598 0.9315 -0.0528
vn 0.3609 0.9143 -0.1841
vn 0.3551 0.9267 -0.1227
vn 0.3284 0.9282 0.1748
vn 0.2735 0.9022 0.3336
vn 0.2362 0.9521 0.1942
vn 0.2049 0.9734 -0.1023
vn 0.2087 0.9594 -0.1899
vn 0.2398 0.9631 -0.1225
vn 0.2494 0.9475 -0.2002
vn 0.1761 0.9773 -0.1177
vn 0.0304 0.9781 0.2057
vn -0.0583 0.9114 0.4074
vn -0.0328 0.5265 0.8496
vn 0.4035 0.8335 -0.3775
vn 0.3815 0.8409 -0.3839
vn 0.3714 0.9258 -0.0699
vn 0.2408 0.9113 0.3340
vn 0.1971 0.9334 0.3000
vn 0.1742 0.9710 -0.1639
vn 0.0195 0.8682 -0.4958
vn -0.2362 0.9512 -0.1986
vn -0.3773 0.9078 0.1830
vn -0.3889 0.9091 0.1494
vn -0.1893 0.9813 0.0352
vn 0.0882 0.9846 0.1510
vn 0.1913 0.9332 0.3043
vn 0.2005 0.9742 0.1032
vn 0.1038 0.9506 -0.2927
vn -0.0694 0.9411 -0.3310
vn -0.1936 0.9682 -0.1587
vn -0.1964 0.9789 -0.0565
vn -0.0032 0.9950 0.0997
vn 0.1805 0.9423 0.2819
vn 0.1796 0.9539 0.2403
vn 0.0685 0.9879 -0.1394
vn -0.0726 0.9204 -0.3843
vn -0.1678 0.9831 -0.0738
vn -0.1938 0.9271 0.3207
vn -0.2539 0.8836 0.3935
vn -0.3074 0.9458 0.1046
vn -0.1875 0.9485 -0.2552
vn 0.0124 0.9384 -0.3453
vn 0.0793 0.9428 -0.3238
vn -0.1212 0.9837 -0.1328
vn -0.3516 0.9321 0.0876
vn -0.3674 0.9226 0.1180
vn -0.2816 0.9377 0.2037
vn -0.1291 0.9521 0.2772
vn 0.0640 0.9793 0.1920
vn 0.2171 0.9755 0.0354
vn 0.3330 0.9302 -0.1540
vn 0.3535 0.9183 -0.1782
vn 0.2024 0.9766 0.0727
vn -0.0328 0.9696 0.2424
vn -0.1890 0.9729 0.1335
vn -0.2279 0.9704 -0.0797
vn -0.1254 0.9842 -0.1253
vn 0.0274 0.9983 -0.0516
vn 0.1900 0.9689 -0.1587
vn 0.2901 0.9371 -0.1942
vn 0.1922 0.9797 0.0574
vn -0.0194 0.9459 0.3240
vn -0.0740 0.4926 0.8671
vn 0.1052 0.9125 -0.3954
vn 0.0294 0.9509 -0.3080
vn 0.1034 0.9698 -0.2210
vn -0.0378 0.9729 0.2282
vn -0.0937 0.9498 0.2984
vn -0.0208 0.9896 -0.1421
vn 0.1156 0.8301 -0.5455
vn 0.1185 0.9351 -0.3339
vn 0.0018 0.9983 0.0583
vn -0.1347 0.9712 0.1964
vn -0.1347 0.9531 0.2709
vn 0.0180 0.9358 0.3520
vn 0.1144 0.9230 0.3674
vn 0.2001 0.9716 0.1267
vn 0.2811 0.9017 -0.3284
vn 0.2345 0.8648 -0.4439
vn 0.1199 0.9569 -0.2645
vn 0.0291 0.9996 0.0031
vn 0.0873 0.9552 0.2828
vn 0.1647 0.9236 0.3461
vn 0.1112 0.9845 0.1357
vn 0.0092 0.9700 -0.2431
vn 0.0012 0.9067 -0.4219
vn 0.0828 0.9932 -0.0818
vn 0.1026 0.9531 0.2847
vn -0.0233 0.9622 0.2712
vn -0.2500 0.9663 0.0618
vn -0.2513 0.9649 -0.0765
vn -0.0020 0.9925 -0.1224
vn 0.2104 0.9284 -0.3063
vn 0.1632 0.9224 -0.3500
vn 0.0059 0.9987 -0.0502
vn 0.0022 0.9841 0.1773
vn 0.0249 0.9683 0.2487
vn -0.1084 0.9440 0.3117
vn -0.1947 0.9372 0.2894
vn -0.1026 0.9723 0.2101
vn 0.1219 0.9925 0.0077
vn 0.2640 0.9330 -0.2445
vn 0.1031 0.9710 -0.2157
vn -0.2360 0.9686 -0.0789
vn -0.4999 0.8639 -0.0615
vn -0.5738 0.8188 -0.0178
vn -0.4476 0.8889 0.0974
vn -0.2359 0.9534 0.1884
vn 0.0406 0.9927 0.1139
vn 0.3126 0.9437 -0.1083
vn 0.2777 0.9510 -0.1359
vn -0.0015 0.9983 0.0575
vn -0.1406 0.5909 0.7944
vn -0.2802 0.9124 -0.2983
vn -0.3653 0.9139 -0.1770
vn -0.1893 0.9535 -0.2346
vn -0.1783 0.9739 0.1401
vn -0.1832 0.9290 0.3215
vn -0.0938 0.9943 0.0507
vn 0.1810 0.9114 -0.3695
vn 0.3741 0.8692 -0.3234
vn 0.3831 0.9207 -0.0749
vn 0.2369 0.9714 0.0127
vn -0.0177 0.9810 0.1931
vn -0.1699 0.9123 0.3727
vn -0.1811 0.8927 0.4126
vn -0.1017 0.9577 0.2693
vn 0.0887 0.9764 -0.1969
vn 0.2126 0.8575 -0.4685
vn 0.1945 0.9088 -0.3691
vn 0.1015 0.9909 -0.0882
vn -0.0158 0.9627 0.2702
vn -0.1054 0.9459 0.3070
vn -0.1838 0.9818 0.0489
vn -0.2082 0.9436 -0.2575
vn -0.0854 0.9497 -0.3012
vn 0.1087 0.9934 0.0372
vn 0.1819 0.9453 0.2708
vn 0.1254 0.9897 0.0687
vn -0.0682 0.9896 -0.1269
vn -0.1450 0.9894 0.0046
vn -0.0185 0.9908 0.1338
vn 0.1781 0.9735 -0.1432
vn 0.2926 0.8877 -0.3554
vn 0.3407 0.9370 -0.0772
vn 0.3669 0.9075 0.2046
vn 0.3543 0.9287 0.1098
vn 0.1090 0.9931 0.0425
vn -0.1610 0.9689 0.1880
vn -0.1889 0.9251 0.3295
vn -0.0313 0.9679 0.2494
vn 0.1869 0.9681 -0.1667
vn 0.1873 0.8977 -0.3987
vn 0.0231 0.9254 -0.3782
vn -0.1620 0.9390 -0.3033
vn -0.2295 0.9733 0.0084
vn -0.1599 0.9377 0.3086
vn -0.0287 0.9179 0.3957
vn 0.1120 0.9282 0.3547
vn 0.2494 0.9681 0.0248
vn 0.2036 0.9363 -0.2862
vn 0.0278 0.9718 -0.2341
vn -0.0963 0.7470 0.6578
vn -0.3677 0.9118 -0.1829
vn -0.4102 0.9051 -0.1117
vn -0.2434 0.9637 -0.1096
vn -0.1128 0.9757 0.1879
vn -0.0625 0.9326 0.3555
vn -0.0092 0.9779 0.2090
vn 0.1520 0.9780 -0.1430
vn 0.3000 0.9270 -0.2252
vn 0.3382 0.9319 -0.1313
vn 0.2461 0.9455 -0.2135
vn -0.0264 0.9927 -0.1178
vn -0.3015 0.9286 0.2164
vn -0.3682 0.8444 0.3890
vn -0.3334 0.8623 0.3812
vn -0.1835 0.9830 -0.0068
vn 0.0075 0.9141 -0.4054
vn 0.0520 0.9102 -0.4108
vn 0.0076 0.9789 -0.2043
vn -0.1151 0.9846 0.1320
vn -0.2293 0.9492 0.2154
vn -0.2860 0.9581 0.0155
vn -0.2514 0.9508 -0.1811
vn -0.1078 0.9855 -0.1307
vn 0.0241 0.9861 0.1642
vn 0.0417 0.9580 0.2837
vn 0.0069 1.0000 -0.0003
vn -0.0505 0.9728 -0.2259
vn -0.0834 0.9965 0.0031
vn -0.0631 0.9697 0.2358
vn 0.0353 0.9991 0.0221
vn 0.2460 0.9433 -0.2227
vn 0.4079 0.9129 -0.0152
vn 0.4400 0.8740 0.2062
vn 0.4194 0.9078 -0.0083
vn 0.2804 0.9357 -0.2139
vn 0.0924 0.9955 0.0229
vn -0.0028 0.9387 0.3447
vn 0.0038 0.9231 0.3844
vn 0.1280 0.9918 -0.0018
vn 0.2516 0.8912 -0.3775
vn 0.2896 0.8593 -0.4216
vn 0.3019 0.8865 -0.3506
vn 0.3077 0.9515 0.0043
vn 0.3089 0.8820 0.3560
vn 0.3079 0.8516 0.4244
vn 0.2937 0.8892 0.3508
vn 0.2114 0.9772 -0.0176
vn 0.0865 0.9213 -0.3792
vn 0.0127 0.9406 -0.3392
vn -0.0190 0.7874 0.6162
vn -0.2712 0.9533 -0.1326
vn -0.2331 0.9585 -0.1642
vn -0.2100 0.9769 0.0391
vn -0.0687 0.9538 0.2926
vn -0.0089 0.9249 0.3802
vn -0.0164 0.9679 0.2508
vn -0.0239 0.9985 -0.0495
vn -0.0149 0.9858 -0.1674
vn 0.0025 0.9890 -0.1479
vn 0.0055 0.9455 -0.3256
vn -0.0782 0.9311 -0.3563
vn -0.2562 0.9666 0.0108
vn -0.3636 0.8675 0.3396
vn -0.3760 0.8123 0.4459
vn -0.2921 0.9379 0.1871
vn -0.0946 0.9554 -0.2799
vn -0.0040 0.9177 -0.3974
vn 0.0165 0.9694 -0.2448
vn 0.0239 0.9985 0.0495
vn 0.0133 0.9861 0.1656
vn 0.0114 0.9996 0.0250
vn 0.0679 0.9931 -0.0957
vn 0.1317 0.9765 0.1706
vn -0.0289 0.9770 0.2115
vn -0.1672 0.9850 -0.0421
vn -0.1981 0.9503 0.2401
vn -0.1592 0.9689 0.1896
vn 0.1136 0.9927 0.0411
vn 0.3558 0.9279 0.1113
vn 0.3730 0.9033 0.2118
vn 0.3719 0.9277 -0.0328
vn 0.3929 0.8704 -0.2966
vn 0.3421 0.9330 -0.1121
vn 0.1689 0.9576 0.2333
vn -0.0802 0.9373 0.3393
vn -0.1718 0.9799 0.1017
vn -0.0246 0.9712 -0.2371
vn 0.2215 0.9177 -0.3298
vn 0.4213 0.8667 -0.2670
vn 0.5173 0.8558 0.0084
vn 0.4543 0.8354 0.3093
vn 0.3503 0.8611 0.3685
vn 0.2519 0.9380 0.2382
vn 0.1264 0.9808 -0.1487
vn 0.0323 0.8908 -0.4533
vn 0.0009 0.9310 -0.3649
vn -0.0105 0.7831 0.6219
vn -0.0388 0.9776 -0.2070
vn 0.0768 0.9472 -0.3113
vn -0.1045 0.9896 0.0986
vn -0.0501 0.9257 0.3750
vn -0.0087 0.9208 0.3898
vn -0.0351 0.9800 0.1959
vn -0.1229 0.9853 -0.1189
vn -0.2048 0.9588 -0.1970
vn -0.2241 0.9671 -0.1200
vn -0.1277 0.9566 -0.2618
vn 0.0619 0.9338 -0.3524
vn 0.1066 0.9891 -0.1017
vn 0.0031 0.9705 0.2409
vn -0.1232 0.8829 0.4531
vn -0.1737 0.9239 0.3409
vn -0.0840 0.9878 -0.1311
vn -0.0074 0.9358 -0.3524
vn 0.0351 0.9812 -0.1896
vn 0.1226 0.9854 0.1186
vn 0.2067 0.9594 0.1921
vn 0.2484 0.9664 0.0660
vn -0.1861 0.9649 -0.1856
vn -0.1262 0.9742 0.1872
vn 0.0248 0.9682 0.2488
vn 0.0020 0.9804 0.1971
vn 0.0158 0.9988 0.0463
vn 0.2075 0.9547 -0.2134
vn 0.2947 0.9267 -0.2333
vn 0.1030 0.9912 -0.0830
vn -0.2732 0.9618 0.0196
vn -0.5062 0.8606 0.0561
vn -0.4286 0.9032 0.0209
vn -0.1290 0.9916 -0.0123
vn 0.2012 0.9792 -0.0277
vn 0.3405 0.9394 0.0390
vn 0.1950 0.9632 0.1851
vn 0.0069 0.9710 0.2391
vn -0.1025 0.9853 0.1366
vn -0.1133 0.9723 -0.2043
vn -0.0370 0.8863 -0.4617
vn -0.0078 0.9249 -0.3801
vn -0.0267 0.7884 0.6145
vn 0.1033 0.9372 -0.3332
vn 0.1707 0.8884 -0.4262
vn 0.0136 0.9987 0.0493
vn -0.0123 0.9175 0.3975
vn 0.0002 0.9176 0.3976
vn 0.0149 0.9867 0.1618
vn 0.0229 0.9815 -0.1901
vn 0.0128 0.9694 -0.2453
vn 0.0080 0.9958 -0.0908
vn 0.0740 0.9937 -0.0838
vn 0.2675 0.9523 -0.1467
vn 0.4044 0.9120 -0.0690
vn 0.3850 0.9162 0.1113
vn 0.2549 0.9105 0.3255
vn 0.0968 0.9528 0.2879
vn 0.0104 0.9945 -0.1043
vn -0.0044 0.9431 -0.3325
vn -0.0149 0.9877 -0.1557
vn -0.0229 0.9815 0.1901
vn -0.0146 0.9697 0.2439
vn 0.0020 0.9927 0.1207
vn -0.0797 0.9721 -0.2208
vn 0.1892 0.9766 0.1024
vn 0.0576 0.9798 0.1917
vn -0.1361 0.9512 0.2769
vn -0.2869 0.9361 0.2033
vn -0.3748 0.9175 0.1328
vn -0.3809 0.9107 0.1600
vn -0.2311 0.9729 -0.0031
vn -0.1014 0.9645 -0.2437
vn -0.1734 0.9273 -0.3317
vn -0.3633 0.8805 -0.3045
vn -0.4737 0.8799 -0.0369
vn -0.4023 0.8835 0.2398
vn -0.2375 0.9266 0.2915
vn -0.0695 0.9808 0.1822
vn -0.0424 0.9991 -0.0036
vn -0.2128 0.9767 -0.0286
vn -0.3635 0.9286 0.0748
vn -0.3982 0.9076 0.1330
vn -0.2938 0.9529 -0.0755
vn -0.0939 0.9279 -0.3607
vn -0.0156 0.9264 -0.3761
vn -0.0327 0.8036 0.5942
vn 0.0785 0.9212 -0.3811
vn 0.0698 0.8970 -0.4364
vn 0.0535 0.9986 0.0004
vn 0.0127 0.9221 0.3867
vn 0.0030 0.9117 0.4109
vn 0.0367 0.9761 0.2143
vn 0.1249 0.9847 -0.1216
vn 0.2037 0.9558 -0.2121
vn 0.2406 0.9685 -0.0647
vn 0.2761 0.9611 0.0044
vn 0.3540 0.9352 -0.0091
vn 0.4108 0.9116 -0.0143
vn 0.4026 0.9138 0.0539
vn 0.3272 0.9256 0.1902
vn 0.1819 0.9753 0.1254
vn 0.0516 0.9812 -0.1857
vn -0.0014 0.9338 -0.3579
vn -0.0595 0.9742 -0.2178
vn -0.1833 0.9763 0.1147
vn -0.2680 0.9410 0.2065
vn -0.2835 0.9494 0.1353
vn -0.2221 0.9504 0.2177
vn -0.0766 0.9894 0.1238
vn 0.0499 0.9773 -0.2058
vn 0.0762 0.9367 -0.3418
vn 0.0964 0.9784 -0.1827
vn 0.1847 0.9779 0.0977
vn 0.2762 0.9462 0.1687
vn 0.2868 0.9570 0.0439
vn 0.1927 0.9812 -0.0110
vn -0.0338 0.9992 0.0201
vn -0.2536 0.9667 0.0344
vn -0.3386 0.9381 0.0733
vn -0.3553 0.9157 0.1879
vn -0.3572 0.9289 0.0973
vn -0.3324 0.9210 -0.2031
vn -0.3243 0.8661 -0.3804
vn -0.3432 0.8731 -0.3463
vn -0.3102 0.9506 0.0086
vn -0.2089 0.9074 0.3647
vn -0.1373 0.9127 0.3850
vn -0.1477 0.9729 0.1779
vn -0.2490 0.9614 -0.1172
vn -0.3817 0.9074 -0.1759
vn -0.4435 0.8961 0.0162
vn -0.4030 0.8895 0.2152
vn -0.2507 0.9599 0.1257
vn -0.0368 0.9744 -0.2218
vn 0.0566 0.9307 -0.3613
vn 0.0484 0.8327 0.5515
vn 0.0572 0.9261 -0.3730
vn -0.0000 0.9192 -0.3939
vn 0.0804 0.9965 -0.0248
vn 0.0374 0.9299 0.3660
vn 0.0056 0.9102 0.4140
vn 0.0200 0.9654 0.2601
vn 0.1065 0.9930 -0.0514
vn 0.1971 0.9651 -0.1721
vn 0.2408 0.9695 -0.0457
vn 0.2651 0.9631 0.0454
vn 0.3231 0.9453 0.0448
vn 0.3726 0.9280 0.0006
vn 0.3679 0.9297 0.0186
vn 0.3102 0.9446 0.1076
vn 0.1843 0.9826 0.0245
vn 0.0560 0.9683 -0.2434
vn 0.0059 0.9238 -0.3828
vn -0.0396 0.9541 -0.2968
vn -0.1906 0.9817 0.0059
vn -0.3256 0.9308 0.1660
vn -0.3504 0.9235 0.1560
vn -0.2904 0.9144 0.2821
vn -0.1547 0.9576 0.2431
vn 0.0094 0.9920 -0.1256
vn 0.1079 0.9443 -0.3108
vn 0.1799 0.9729 -0.1455
vn 0.2501 0.9578 0.1417
vn 0.2669 0.9469 0.1791
vn 0.2535 0.9673 0.0061
vn 0.1811 0.9762 -0.1196
vn 0.0096 0.9916 -0.1290
vn -0.1588 0.9855 -0.0594
vn -0.2252 0.9731 0.0483
vn -0.2401 0.9551 0.1738
vn -0.2820 0.9558 0.0835
vn -0.3213 0.9215 -0.2183
vn -0.3218 0.8637 -0.3878
vn -0.3261 0.8925 -0.3118
vn -0.2715 0.9605 0.0607
vn -0.1660 0.8963 0.4112
vn -0.1185 0.9120 0.3926
vn -0.1583 0.9799 0.1218
vn -0.2668 0.9377 -0.2227
vn -0.3886 0.8912 -0.2341
vn -0.4466 0.8946 0.0131
vn -0.4105 0.8687 0.2773
vn -0.2611 0.9221 0.2856
vn -0.0370 0.9948 -0.0944
vn 0.1008 0.9395 -0.3274
vn 0.1108 0.7870 0.6069
vt 0.000000 1.000000
vt 0.000000 0.941200
vt 0.029400 0.941200
vt 0.029400 1.000000
vt 0.058800 0.941200
vt 0.058800 1.000000
vt 0.088200 0.941200
vt 0.088200 1.000000
vt 0.117600 0.941200
vt 0.117600 1.000000
vt 0.147100 0.941200
vt 0.147100 1.000000
vt 0.176500 0.941200
vt 0.176500 1.000000
vt 0.205900 0.941200
vt 0.205900 1.000000
vt 0.235300 0.941200
vt 0.235300 1.000000
vt 0.264700 0.941200
vt 0.264700 1.000000
vt 0.294100 0.941200
vt 0.294100 1.000000
vt 0.323500 0.941200
vt 0.323500 1.000000
vt 0.352900 0.941200
vt 0.352900 1.000000
vt 0.382400 0.941200
vt 0.382400 1.000000
vt 0.411800 0.941200
vt 0.411800 1.000000
vt 0.441200 0.941200
vt 0.441200 1.000000
vt 0.470600 0.941200
vt 0.470600 1.000000
vt 0.500000 0.941200
vt 0.500000 1.000000
vt 0.529400 0.941200
vt 0.529400 1.000000
vt 0.558800 0.941200
vt 0.558800 1.000000
vt 0.588200 0.941200
vt 0.588200 1.000000
vt 0.617600 0.941200
vt 0.617600 1.000000
vt 0.647100 0.941200
vt 0.647100 1.000000
vt 0.676500 0.941200
vt 0.676500 1.000000
vt 0.705900 0.941200
vt 0.705900 1.000000
vt 0.735300 0.941200
vt 0.735300 1.000000
vt 0.764700 0.941200
vt 0.764700 1.000000
vt 0.794100 0.941200
vt 0.794100 1.000000
vt 0.823500 0.941200
vt 0.823500 1.000000
vt 0.852900 0.941200
vt 0.852900 1.000000
vt 0.882400 0.941200
vt 0.882400 1.000000
vt 0.911800 0.941200
vt 0.911800 1.000000
vt 0.941200 0.941200
vt 0.941200 1.000000
vt 0.970600 0.941200
vt 0.970600 1.000000
vt 1.000000 0.941200
vt 0.000000 0.882400
vt 0.029400 0.882400
vt 0.058800 0.882400
vt 0.088200 0.882400
vt 0.117600 0.882400
vt 0.147100 0.882400
vt 0.176500 0.882400
vt 0.205900 0.882400
vt 0.235300 0.882400
vt 0.264700 0.882400
vt 0.294100 0.882400
vt 0.323500 0.882400
vt 0.352900 0.882400
vt 0.382400 0.882400
vt 0.411800 0.882400
vt 0.441200 0.882400
vt 0.470600 0.882400
vt 0.500000 0.882400
vt 0.529400 0.882400
vt 0.558800 0.882400
vt 0.588200 0.882400
vt 0.617600 0.882400
vt 0.647100 0.882400
vt 0.676500 0.882400
vt 0.705900 0.882400
vt 0.735300 0.882400
vt 0.764700 0.882400
vt 0.794100 0.882400
vt 0.823500 0.882400
vt 0.852900 0.882400
vt 0.882400 0.882400
vt 0.911800 0.882400
vt 0.941200 0.882400
vt 0.970600 0.882400
vt 1.000000 0.882400
vt 0.000000 0.823500
vt 0.029400 0.823500
vt 0.058800 0.823500
vt 0.088200 0.823500
vt 0.117600 0.823500
vt 0.147100 0.823500
vt 0.176500 0.823500
vt 0.205900 0.823500
vt 0.235300 0.823500
vt 0.264700 0.823500
vt 0.294100 0.823500
vt 0.323500 0.823500
vt 0.352900 0.823500
vt 0.382400 0.823500
vt 0.411800 0.823500
vt 0.441200 0.823500
vt 0.470600 0.823500
vt 0.500000 0.823500
vt 0.529400 0.823500
vt 0.558800 0.823500
vt 0.588200 0.823500
vt 0.617600 0.823500
vt 0.647100 0.823500
vt 0.676500 0.823500
vt 0.705900 0.823500
vt 0.735300 0.823500
vt 0.764700 0.823500
vt 0.794100 0.823500
vt 0.823500 0.823500
vt 0.852900 0.823500
vt 0.882400 0.823500
vt 0.911800 0.823500
vt 0.941200 0.823500
vt 0.970600 0.823500
vt 1.000000 0.823500
vt 0.000000 0.764700
vt 0.029400 0.764700
vt 0.058800 0.764700
vt 0.088200 0.764700
vt 0.117600 0.764700
vt 0.147100 0.764700
vt 0.176500 0.764700
vt 0.205900 0.764700
vt 0.235300 0.764700
vt 0.264700 0.764700
vt 0.294100 0.764700
vt 0.323500 0.764700
vt 0.352900 0.764700
vt 0.382400 0.764700
vt 0.411800 0.764700
vt 0.441200 0.764700
vt 0.470600 0.764700
vt 0.500000 0.764700
vt 0.529400 0.764700
vt 0.558800 0.764700
vt 0.588200 0.764700
vt 0.617600 0.764700
vt 0.647100 0.764700
vt 0.676500 0.764700
vt 0.705900 0.764700
vt 0.735300 0.764700
vt 0.764700 0.764700
vt 0.794100 0.764700
vt 0.823500 0.764700
vt 0.852900 0.764700
vt 0.882400 0.764700
vt 0.911800 0.764700
vt 0.941200 0.764700
vt 0.970600 0.764700
vt 1.000000 0.764700
vt 0.000000 0.705900
vt 0.029400 0.705900
vt 0.058800 0.705900
vt 0.088200 0.705900
vt 0.117600 0.705900
vt 0.147100 0.705900
vt 0.176500 0.705900
vt 0.205900 0.705900
vt 0.235300 0.705900
vt 0.264700 0.705900
vt 0.294100 0.705900
vt 0.323500 0.705900
vt 0.352900 0.705900
vt 0.382400 0.705900
vt 0.411800 0.705900
vt 0.441200 0.705900
vt 0.470600 0.705900
vt 0.500000 0.705900
vt 0.529400 0.705900
vt 0.558800 0.705900
vt 0.588200 0.705900
vt 0.617600 0.705900
vt 0.647100 0.705900
vt 0.676500 0.705900
vt 0.705900 0.705900
vt 0.735300 0.705900
vt 0.764700 0.705900
vt 0.794100 0.705900
vt 0.823500 0.705900
vt 0.852900 0.705900
vt 0.882400 0.705900
vt 0.911800 0.705900
vt 0.941200 0.705900
vt 0.970600 0.705900
vt 1.000000 0.705900
vt 0.000000 0.647100
vt 0.029400 0.647100
vt 0.058800 0.647100
vt 0.088200 0.647100
vt 0.117600 0.647100
vt 0.147100 0.647100
vt 0.176500 0.647100
vt 0.205900 0.647100
vt 0.235300 0.647100
vt 0.264700 0.647100
vt 0.294100 0.647100
vt 0.323500 0.647100
vt 0.352900 0.647100
vt 0.382400 0.647100
vt 0.411800 0.647100
vt 0.441200 0.647100
vt 0.470600 0.647100
vt 0.500000 0.647100
vt 0.529400 0.647100
vt 0.558800 0.647100
vt 0.588200 0.647100
vt 0.617600 0.647100
vt 0.647100 0.647100
vt 0.676500 0.647100
vt 0.705900 0.647100
vt 0.735300 0.647100
vt 0.764700 0.647100
vt 0.794100 0.647100
vt 0.823500 0.647100
vt 0.852900 0.647100
vt 0.882400 0.647100
vt 0.911800 0.647100
vt 0.941200 0.647100
vt 0.970600 0.647100
vt 1.000000 0.647100
vt 0.000000 0.588200
vt 0.029400 0.588200
vt 0.058800 0.588200
vt 0.088200 0.588200
vt 0.117600 0.588200
vt 0.147100 0.588200
vt 0.176500 0.588200
vt 0.205900 0.588200
vt 0.235300 0.588200
vt 0.264700 0.588200
vt 0.294100 0.588200
vt 0.323500 0.588200
vt 0.352900 0.588200
vt 0.382400 0.588200
vt 0.411800 0.588200
vt 0.441200 0.588200
vt 0.470600 0.588200
vt 0.500000 0.588200
vt 0.529400 0.588200
vt 0.558800 0.588200
vt 0.588200 0.588200
vt 0.617600 0.588200
vt 0.647100 0.588200
vt 0.676500 0.588200
vt 0.705900 0.588200
vt 0.735300 0.588200
vt 0.764700 0.588200
vt 0.794100 0.588200
vt 0.823500 0.588200
vt 0.852900 0.588200
vt 0.882400 0.588200
vt 0.911800 0.588200
vt 0.941200 0.588200
vt 0.970600 0.588200
vt 1.000000 0.588200
vt 0.000000 0.529400
vt 0.029400 0.529400
vt 0.058800 0.529400
vt 0.088200 0.529400
vt 0.117600 0.529400
vt 0.147100 0.529400
vt 0.176500 0.529400
vt 0.205900 0.529400
vt 0.235300 0.529400
vt 0.264700 0.529400
vt 0.294100 0.529400
vt 0.323500 0.529400
vt 0.352900 0.529400
vt 0.382400 0.529400
vt 0.411800 0.529400
vt 0.441200 0.529400
vt 0.470600 0.529400
vt 0.500000 0.529400
vt 0.529400 0.529400
vt 0.558800 0.529400
vt 0.588200 0.529400
vt 0.617600 0.529400
vt 0.647100 0.529400
vt 0.676500 0.529400
vt 0.705900 0.529400
vt 0.735300 0.529400
vt 0.764700 0.529400
vt 0.794100 0.529400
vt 0.823500 0.529400
vt 0.852900 0.529400
vt 0.882400 0.529400
vt 0.911800 0.529400
vt 0.941200 0.529400
vt 0.970600 0.529400
vt 1.000000 0.529400
vt 0.000000 0.470600
vt 0.029400 0.470600
vt 0.058800 0.470600
vt 0.088200 0.470600
vt 0.117600 0.470600
vt 0.147100 0.470600
vt 0.176500 0.470600
vt 0.205900 0.470600
vt 0.235300 0.470600
vt 0.264700 0.470600
vt 0.294100 0.470600
vt 0.323500 0.470600
vt 0.352900 0.470600
vt 0.382400 0.470600
vt 0.411800 0.470600
vt 0.441200 0.470600
vt 0.470600 0.470600
vt 0.500000 0.470600
vt 0.529400 0.470600
vt 0.558800 0.470600
vt 0.588200 0.470600
vt 0.617600 0.470600
vt 0.647100 0.470600
vt 0.676500 0.470600
vt 0.705900 0.470600
vt 0.735300 0.470600
vt 0.764700 0.470600
vt 0.794100 0.470600
vt 0.823500 0.470600
vt 0.852900 0.470600
vt 0.882400 0.470600
vt 0.911800 0.470600
vt 0.941200 0.470600
vt 0.970600 0.470600
vt 1.000000 0.470600
vt 0.000000 0.411800
vt 0.029400 0.411800
vt 0.058800 0.411800
vt 0.088200 0.411800
vt 0.117600 0.411800
vt 0.147100 0.411800
vt 0.176500 0.411800
vt 0.205900 0.411800
vt 0.235300 0.411800
vt 0.264700 0.411800
vt 0.294100 0.411800
vt 0.323500 0.411800
vt 0.352900 0.411800
vt 0.382400 0.411800
vt 0.411800 0.411800
vt 0.441200 0.411800
vt 0.470600 0.411800
vt 0.500000 0.411800
vt 0.529400 0.411800
vt 0.558800 0.411800
vt 0.588200 0.411800
vt 0.617600 0.411800
vt 0.647100 0.411800
vt 0.676500 0.411800
vt 0.705900 0.411800
vt 0.735300 0.411800
vt 0.764700 0.411800
vt 0.794100 0.411800
vt 0.823500 0.411800
vt 0.852900 0.411800
vt 0.882400 0.411800
vt 0.911800 0.411800
vt 0.941200 0.411800
vt 0.970600 0.411800
vt 1.000000 0.411800
vt 0.000000 0.352900
vt 0.029400 0.352900
vt 0.058800 0.352900
vt 0.088200 0.352900
vt 0.117600 0.352900
vt 0.147100 0.352900
vt 0.176500 0.352900
vt 0.205900 0.352900
vt 0.235300 0.352900
vt 0.264700 0.352900
vt 0.294100 0.352900
vt 0.323500 0.352900
vt 0.352900 0.352900
vt 0.382400 0.352900
vt 0.411800 0.352900
vt 0.441200 0.352900
vt 0.470600 0.352900
vt 0.500000 0.352900
vt 0.529400 0.352900
vt 0.558800 0.352900
vt 0.588200 0.352900
vt 0.617600 0.352900
vt 0.647100 0.352900
vt 0.676500 0.352900
vt 0.705900 0.352900
vt 0.735300 0.352900
vt 0.764700 0.352900
vt 0.794100 0.352900
vt 0.823500 0.352900
vt 0.852900 0.352900
vt 0.882400 0.352900
vt 0.911800 0.352900
vt 0.941200 0.352900
vt 0.970600 0.352900
vt 1.000000 0.352900
vt 0.000000 0.294100
vt 0.029400 0.294100
vt 0.058800 0.294100
vt 0.088200 0.294100
vt 0.117600 0.294100
vt 0.147100 0.294100
vt 0.176500 0.294100
vt 0.205900 0.294100
vt 0.235300 0.294100
vt 0.264700 0.294100
vt 0.294100 0.294100
vt 0.323500 0.294100
vt 0.352900 0.294100
vt 0.382400 0.294100
vt 0.411800 0.294100
vt 0.441200 0.294100
vt 0.470600 0.294100
vt 0.500000 0.294100
vt 0.529400 0.294100
vt 0.558800 0.294100
vt 0.588200 0.294100
vt 0.617600 0.294100
vt 0.647100 0.294100
vt 0.676500 0.294100
vt 0.705900 0.294100
vt 0.735300 0.294100
vt 0.764700 0.294100
vt 0.794100 0.294100
vt 0.823500 0.294100
vt 0.852900 0.294100
vt 0.882400 0.294100
vt 0.911800 0.294100
vt 0.941200 0.294100
vt 0.970600 0.294100
vt 1.000000 0.294100
vt 0.000000 0.235300
vt 0.029400 0.235300
vt 0.058800 0.235300
vt 0.088200 0.235300
vt 0.117600 0.235300
vt 0.147100 0.235300
vt 0.176500 0.235300
vt 0.205900 0.235300
vt 0.235300 0.235300
vt 0.264700 0.235300
vt 0.294100 0.235300
vt 0.323500 0.235300
vt 0.352900 0.235300
vt 0.382400 0.235300
vt 0.411800 0.235300
vt 0.441200 0.235300
vt 0.470600 0.235300
vt 0.500000 0.235300
vt 0.529400 0.235300
vt 0.558800 0.235300
vt 0.588200 0.235300
vt 0.617600 0.235300
vt 0.647100 0.235300
vt 0.676500 0.235300
vt 0.705900 0.235300
vt 0.735300 0.235300
vt 0.764700 0.235300
vt 0.794100 0.235300
vt 0.823500 0.235300
vt 0.852900 0.235300
vt 0.882400 0.235300
vt 0.911800 0.235300
vt 0.941200 0.235300
vt 0.970600 0.235300
vt 1.000000 0.235300
vt 0.000000 0.176500
vt 0.029400 0.176500
vt 0.058800 0.176500
vt 0.088200 0.176500
vt 0.117600 0.176500
vt 0.147100 0.176500
vt 0.176500 0.176500
vt 0.205900 0.176500
vt 0.235300 0.176500
vt 0.264700 0.176500
vt 0.294100 0.176500
vt 0.323500 0.176500
vt 0.352900 0.176500
vt 0.382400 0.176500
vt 0.411800 0.176500
vt 0.441200 0.176500
vt 0.470600 0.176500
vt 0.500000 0.176500
vt 0.529400 0.176500
vt 0.558800 0.176500
vt 0.588200 0.176500
vt 0.617600 0.176500
vt 0.647100 0.176500
vt 0.676500 0.176500
vt 0.705900 0.176500
vt 0.735300 0.176500
vt 0.764700 0.176500
vt 0.794100 0.176500
vt 0.823500 0.176500
vt 0.852900 0.176500
vt 0.882400 0.176500
vt 0.911800 0.176500
vt 0.941200 0.176500
vt 0.970600 0.176500
vt 1.000000 0.176500
vt 0.000000 0.117600
vt 0.029400 0.117600
vt 0.058800 0.117600
vt 0.088200 0.117600
vt 0.117600 0.117600
vt 0.147100 0.117600
vt 0.176500 0.117600
vt 0.205900 0.117600
vt 0.235300 0.117600
vt 0.264700 0.117600
vt 0.294100 0.117600
vt 0.323500 0.117600
vt 0.352900 0.117600
vt 0.382400 0.117600
vt 0.411800 0.117600
vt 0.441200 0.117600
vt 0.470600 0.117600
vt 0.500000 0.117600
vt 0.529400 0.117600
vt 0.558800 0.117600
vt 0.588200 0.117600
vt 0.617600 0.117600
vt 0.647100 0.117600
vt 0.676500 0.117600
vt 0.705900 0.117600
vt 0.735300 0.117600
vt 0.764700 0.117600
vt 0.794100 0.117600
vt 0.823500 0.117600
vt 0.852900 0.117600
vt 0.882400 0.117600
vt 0.911800 0.117600
vt 0.941200 0.117600
vt 0.970600 0.117600
vt 1.000000 0.117600
vt 0.000000 0.058800
vt 0.029400 0.058800
vt 0.058800 0.058800
vt 0.088200 0.058800
vt 0.117600 0.058800
vt 0.147100 0.058800
vt 0.176500 0.058800
vt 0.205900 0.058800
vt 0.235300 0.058800
vt 0.264700 0.058800
vt 0.294100 0.058800
vt 0.323500 0.058800
vt 0.352900 0.058800
vt 0.382400 0.058800
vt 0.411800 0.058800
vt 0.441200 0.058800
vt 0.470600 0.058800
vt 0.500000 0.058800
vt 0.529400 0.058800
vt 0.558800 0.058800
vt 0.588200 0.058800
vt 0.617600 0.058800
vt 0.647100 0.058800
vt 0.676500 0.058800
vt 0.705900 0.058800
vt 0.735300 0.058800
vt 0.764700 0.058800
vt 0.794100 0.058800
vt 0.823500 0.058800
vt 0.852900 0.058800
vt 0.882400 0.058800
vt 0.911800 0.058800
vt 0.941200 0.058800
vt 0.970600 0.058800
vt 1.000000 0.058800
vt 0.000000 -0.000000
vt 0.029400 -0.000000
vt 0.058800 -0.000000
vt 0.088200 -0.000000
vt 0.117600 -0.000000
vt 0.147100 -0.000000
vt 0.176500 -0.000000
vt 0.205900 -0.000000
vt 0.235300 -0.000000
vt 0.264700 -0.000000
vt 0.294100 -0.000000
vt 0.323500 -0.000000
vt 0.352900 -0.000000
vt 0.382400 -0.000000
vt 0.411800 -0.000000
vt 0.441200 -0.000000
vt 0.470600 -0.000000
vt 0.500000 -0.000000
vt 0.529400 -0.000000
vt 0.558800 -0.000000
vt 0.588200 -0.000000
vt 0.617600 -0.000000
vt 0.647100 -0.000000
vt 0.676500 -0.000000
vt 0.705900 -0.000000
vt 0.735300 -0.000000
vt 0.764700 -0.000000
vt 0.794100 -0.000000
vt 0.823500 -0.000000
vt 0.852900 -0.000000
vt 0.882400 -0.000000
vt 0.911800 -0.000000
vt 0.941200 -0.000000
vt 0.970600 -0.000000
s 1
usemtl leftSphere.001
f 1/1/1 2/2/2 3/3/3
f 1/4/1 3/3/3 4/5/4
f 1/6/1 4/5/4 5/7/5
f 1/8/1 5/7/5 6/9/6
f 1/10/1 6/9/6 7/11/7
f 1/12/1 7/11/7 8/13/8
f 1/14/1 8/13/8 9/15/9
f 1/16/1 9/15/9 10/17/10
f 1/18/1 10/17/10 11/19/11
f 1/20/1 11/19/11 12/21/12
f 1/22/1 12/21/12 13/23/13
f 1/24/1 13/23/13 14/25/14
f 1/26/1 14/25/14 15/27/15
f 1/28/1 15/27/15 16/29/16
f 1/30/1 16/29/16 17/31/17
f 1/32/1 17/31/17 18/33/18
f 1/34/1 18/33/18 19/35/19
f 1/36/1 19/35/19 20/37/20
f 1/38/1 20/37/20 21/39/21
f 1/40/1 21/39/21 22/41/22
f 1/42/1 22/41/22 23/43/23
f 1/44/1 23/43/23 24/45/24
f 1/46/1 24/45/24 25/47/25
f 1/48/1 25/47/25 26/49/26
f 1/50/1 26/49/26 27/51/27
f 1/52/1 27/51/27 28/53/28
f 1/54/1 28/53/28 29/55/29
f 1/56/1 29/55/29 30/57/30
f 1/58/1 30/57/30 31/59/31
f 1/60/1 31/59/31 32/61/32
f 1/62/1 32/61/32 33/63/33
f 1/64/1 33/63/33 34/65/34
f 1/66/1 34/65/34 35/67/35
f 1/68/1 35/67/35 2/69/2
f 2/2/2 36/70/36 37/71/37
f 2/2/2 37/71/37 3/3/3
f 3/3/3 37/71/37 38/72/38
f 3/3/3 38/72/38 4/5/4
f 4/5/4 38/72/38 39/73/39
f 4/5/4 39/73/39 5/7/5
f 5/7/5 39/73/39 40/74/40
f 5/7/5 40/74/40 6/9/6
f 6/9/6 40/74/40 41/75/41
f 6/9/6 41/75/41 7/11/7
f 7/11/7 41/75/41 42/76/42
f 7/11/7 42/76/42 8/13/8
f 8/13/8 42/76/42 43/77/43
f 8/13/8 43/77/43 9/15/9
f 9/15/9 43/77/43 44/78/44
f 9/15/9 44/78/44 10/17/10
f 10/17/10 44/78/44 45/79/45
f 10/17/10 45/79/45 11/19/11
f 11/19/11 45/79/45 46/80/46
f 11/19/11 46/80/46 12/21/12
f 12/21/12 46/80/46 47/81/47
f 12/21/12 47/81/47 13/23/13
f 13/23/13 47/81/47 48/82/48
f 13/23/13 48/82/48 14/25/14
f 14/25/14 48/82/48 49/83/49
f 14/25/14 49/83/49 15/27/15
f 15/27/15 49/83/49 50/84/50
f 15/27/15 50/84/50 16/29/16
f 16/29/16 50/84/50 51/85/51
f 16/29/16 51/85/51 17/31/17
f 17/31/17 51/85/51 52/86/52
f 17/31/17 52/86/52 18/33/18
f 18/33/18 52/86/52 53/87/53
f 18/33/18 53/87/53 19/35/19
f 19/35/19 53/87/53 54/88/54
f 19/35/19 54/88/54 20/37/20
f 20/37/20 54/88/54 55/89/55
f 20/37/20 55/89/55 21/39/21
f 21/39/21 55/89/55 56/90/56
f 21/39/21 56/90/56 22/41/22
f 22/41/22 56/90/56 57/91/57
f 22/41/22 57/91/57 23/43/23
f 23/43/23 57/91/57 58/92/58
f 23/43/23 58/92/58 24/45/24
f 24/45/24 58/92/58 59/93/59
f 24/45/24 59/93/59 25/47/25
f 25/47/25 59/93/59 60/94/60
f 25/47/25 60/94/60 26/49/26
f 26/49/26 60/94/60 61/95/61
f 26/49/26 61/95/61 27/51/27
f 27/51/27 61/95/61 62/96/62
f 27/51/27 62/96/62 28/53/28
f 28/53/28 62/96/62 63/97/63
f 28/53/28 63/97/63 29/55/29
f 29/55/29 63/97/63 64/98/64
f 29/55/29 64/98/64 30/57/30
f 30/57/30 64/98/64 65/99/65
f 30/57/30 65/99/65 31/59/31
f 31/59/31 65/99/65 66/100/66
f 31/59/31 66/100/66 32/61/32
f 32/61/32 66/100/66 67/101/67
f 32/61/32 67/101/67 33/63/33
f 33/63/33 67/101/67 68/102/68
f 33/63/33 68/102/68 34/65/34
f 34/65/34 68/102/68 69/103/69
f 34/65/34 69/103/69 35/67/35
f 35/67/35 69/103/69 36/104/36
f 35/67/35 36/104/36 2/69/2
f 36/70/36 70/105/70 71/106/71
f 36/70/36 71/106/71 37/71/37
f 37/71/37 71/106/71 72/107/72
f 37/71/37 72/107/72 38/72/38
f 38/72/38 72/107/72 73/108/73
f 38/72/38 73/108/73 39/73/39
f 39/73/39 73/108/73 74/109/74
f 39/73/39 74/109/74 40/74/40
f 40/74/40 74/109/74 75/110/75
f 40/74/40 75/110/75 41/75/41
f 41/75/41 75/110/75 76/111/76
f 41/75/41 76/111/76 42/76/42
f 42/76/42 76/111/76 77/112/77
f 42/76/42 77/112/77 43/77/43
f 43/77/43 77/112/77 78/113/78
f 43/77/43 78/113/78 44/78/44
f 44/78/44 78/113/78 79/114/79
f 44/78/44 79/114/79 45/79/45
f 45/79/45 79/114/79 80/115/80
f 45/79/45 80/115/80 46/80/46
f 46/80/46 80/115/80 81/116/81
f 46/80/46 81/116/81 47/81/47
f 47/81/47 81/116/81 82/117/82
f 47/81/47 82/117/82 48/82/48
f 48/82/48 82/117/82 83/118/83
f 48/82/48 83/118/83 49/83/49
f 49/83/49 83/118/83 84/119/84
f 49/83/49 84/119/84 50/84/50
f 50/84/50 84/119/84 85/120/85
f 50/84/50 85/120/85 51/85/51
f 51/85/51 85/120/85 86/121/86
f 51/85/51 86/121/86 52/86/52
f 52/86/52 86/121/86 87/122/87
f 52/86/52 87/122/87 53/87/53
f 53/87/53 87/122/87 88/123/88
f 53/87/53 88/123/88 54/88/54
f 54/88/54 88/123/88 89/124/89
f 54/88/54 89/124/89 55/89/55
f 55/89/55 89/124/89 90/125/90
f 55/89/55 90/125/90 56/90/56
f 56/90/56 90/125/90 91/126/91
f 56/90/56 91/126/91 57/91/57
f 57/91/57 91/126/91 92/127/92
f 57/91/57 92/127/92 58/92/58
f 58/92/58 92/127/92 93/128/93
f 58/92/58 93/128/93 59/93/59
f 59/93/59 93/128/93 94/129/94
f 59/93/59 94/129/94 60/94/60
f 60/94/60 94/129/94 95/130/95
f 60/94/60 95/130/95 61/95/61
f 61/95/61 95/130/95 96/131/96
f 61/95/61 96/131/96 62/96/62
f 62/96/62 96/131/96 97/132/97
f 62/96/62 97/132/97 63/97/63
f 63/97/63 97/132/97 98/133/98
f 63/97/63 98/133/98 64/98/64
f 64/98/64 98/133/98 99/134/99
f 64/98/64 99/134/99 65/99/65
f 65/99/65 99/134/99 100/135/100
f 65/99/65 100/135/100 66/100/66
f 66/100/66 100/135/100 101/136/101
f 66/100/66 101/136/101 67/101/67
f 67/101/67 101/136/101 102/137/102
f 67/101/67 102/137/102 68/102/68
f 68/102/68 102/137/102 103/138/103
f 68/102/68 103/138/103 69/103/69
f 69/103/69 103/138/103 70/139/70
f 69/103/69 70/139/70 36/104/36
f 70/105/70 104/140/104 105/141/105
f 70/105/70 105/141/105 71/106/71
f 71/106/71 105/141/105 106/142/106
f 71/106/71 106/142/106 72/107/72
f 72/107/72 106/142/106 107/143/107
f 72/107/72 107/143/107 73/108/73
f 73/108/73 107/143/107 108/144/108
f 73/108/73 108/144/108 74/109/74
f 74/109/74 108/144/108 109/145/109
f 74/109/74 109/145/109 75/110/75
f 75/110/75 109/145/109 110/146/110
f 75/110/75 110/146/110 76/111/76
f 76/111/76 110/146/110 111/147/111
f 76/111/76 111/147/111 77/112/77
f 77/112/77 111/147/111 112/148/112
f 77/112/77 112/148/112 78/113/78
f 78/113/78 112/148/112 113/149/113
f 78/113/78 113/149/113 79/114/79
f 79/114/79 113/149/113 114/150/114
f 79/114/79 114/150/114 80/115/80
f 80/115/80 114/150/114 115/151/115
f 80/115/80 115/151/115 81/116/81
f 81/116/81 115/151/115 116/152/116
f 81/116/81 116/152/116 82/117/82
f 82/117/82 116/152/116 117/153/117
f 82/117/82 117/153/117 83/118/83
f 83/118/83 117/153/117 118/154/118
f 83/118/83 118/154/118 84/119/84
f 84/119/84 118/154/118 119/155/119
f 84/119/84 119/155/119 85/120/85
f 85/120/85 119/155/119 120/156/120
f 85/120/85 120/156/120 86/121/86
f 86/121/86 120/156/120 121/157/121
f 86/121/86 121/157/121 87/122/87
f 87/122/87 121/157/121 122/158/122
f 87/122/87 122/158/122 88/123/88
f 88/123/88 122/158/122 123/159/123
f 88/123/88 123/159/123 89/124/89
f 89/124/89 123/159/123 124/160/124
f 89/124/89 124/160/124 90/125/90
f 90/125/90 124/160/124 125/161/125
f 90/125/90 125/161/125 91/126/91
f 91/126/91 125/161/125 126/162/126
f 91/126/91 126/162/126 92/127/92
f 92/127/92 126/162/126 127/163/127
f 92/127/92 127/163/127 93/128/93
f 93/128/93 127/163/127 128/164/128
f 93/128/93 128/164/128 94/129/94
f 94/129/94 128/164/128 129/165/129
f 94/129/94 129/165/129 95/130/95
f 95/130/95 129/165/129 130/166/130
f 95/130/95 130/166/130 96/131/96
f 96/131/96 130/166/130 131/167/131
f 96/131/96 131/167/131 97/132/97
f 97/132/97 131/167/131 132/168/132
f 97/132/97 132/168/132 98/133/98
f 98/133/98 132/168/132 133/169/133
f 98/133/98 133/169/133 99/134/99
f 99/134/99 133/169/133 134/170/134
f 99/134/99 134/170/134 100/135/100
f 100/135/100 134/170/134 135/171/135
f 100/135/100 135/171/135 101/136/101
f 101/136/101 135/171/135 136/172/136
f 101/136/101 136/172/136 102/137/102
f 102/137/102 136/172/136 137/173/137
f 102/137/102 137/173/137 103/138/103
f 103/138/103 137/173/137 104/174/104
f 103/138/103 104/174/104 70/139/70
f 104/140/104 138/175/138 139/176/139
f 104/140/104 139/176/139 105/141/105
f 105/141/105 139/176/139 140/177/140
f 105/141/105 140/177/140 106/142/106
f 106/142/106 140/177/140 141/178/141
f 106/142/106 141/178/141 107/143/107
f 107/143/107 141/178/141 142/179/142
f 107/143/107 142/179/142 108/144/108
f 108/144/108 142/179/142 143/180/143
f 108/144/108 143/180/143 109/145/109
f 109/145/109 143/180/143 144/181/144
f 109/145/109 144/181/144 110/146/110
f 110/146/110 144/181/144 145/182/145
f 110/146/110 145/182/145 111/147/111
f 111/147/111 145/182/145 146/183/146
f 111/147/111 146/183/146 112/148/112
f 112/148/112 146/183/146 147/184/147
f 112/148/112 147/184/147 113/149/113
f 113/149/113 147/184/147 148/185/148
f 113/149/113 148/185/148 114/150/114
f 114/150/114 148/185/148 149/186/149
f 114/150/114 149/186/149 115/151/115
f 115/151/115 149/186/149 150/187/150
f 115/151/115 150/187/150 116/152/116
f 116/152/116 150/187/150 151/188/151
f 116/152/116 151/188/151 117/153/117
f 117/153/117 151/188/151 152/189/152
f 117/153/117 152/189/152 118/154/118
f 118/154/118 152/189/152 153/190/153
f 118/154/118 153/190/153 119/155/119
f 119/155/119 153/190/153 154/191/154
f 119/155/119 154/191/154 120/156/120
f 120/156/120 154/191/154 155/192/155
f 120/156/120 155/192/155 121/157/121
f 121/157/121 155/192/155 156/193/156
f 121/157/121 156/193/156 122/158/122
f 122/158/122 156/193/156 157/194/157
f 122/158/122 157/194/157 123/159/123
f 123/159/123 157/194/157 158/195/158
f 123/159/123 158/195/158 124/160/124
f 124/160/124 158/195/158 159/196/159
f 124/160/124 159/196/159 125/161/125
f 125/161/125 159/196/159 160/197/160
f 125/161/125 160/197/160 126/162/126
f 126/162/126 160/197/160 161/198/161
f 126/162/126 161/198/161 127/163/127
f 127/163/127 161/198/161 162/199/162
f 127/163/127 162/199/162 128/164/128
f 128/164/128 162/199/162 163/200/163
f 128/164/128 163/200/163 129/165/129
f 129/165/129 163/200/163 164/201/164
f 129/165/129 164/201/164 130/166/130
f 130/166/130 164/201/164 165/202/165
f 130/166/130 165/202/165 131/167/131
f 131/167/131 165/202/165 166/203/166
f 131/167/131 166/203/166 132/168/132
f 132/168/132 166/203/166 167/204/167
f 132/168/132 167/204/167 133/169/133
f 133/169/133 167/204/167 168/205/168
f 133/169/133 168/205/168 134/170/134
f 134/170/134 168/205/168 169/206/169
f 134/170/134 169/206/169 135/171/135
f 135/171/135 169/206/169 170/207/170
f 135/171/135 170/207/170 136/172/136
f 136/172/136 170/207/170 171/208/171
f 136/172/136 171/208/171 137/173/137
f 137/173/137 171/208/171 138/209/138
f 137/173/137 138/209/138 104/174/104
f 138/175/138 172/210/172 173/211/173
f 138/175/138 173/211/173 139/176/139
f 139/176/139 173/211/173 174/212/174
f 139/176/139 174/212/174 140/177/140
f 140/177/140 174/212/174 175/213/175
f 140/177/140 175/213/175 141/178/141
f 141/178/141 175/213/175 176/214/176
f 141/178/141 176/214/176 142/179/142
f 142/179/142 176/214/176 177/215/177
f 142/179/142 177/215/177 143/180/143
f 143/180/143 177/215/177 178/216/178
f 143/180/143 178/216/178 144/181/144
f 144/181/144 178/216/178 179/217/179
f 144/181/144 179/217/179 145/182/145
f 145/182/145 179/217/179 180/218/180
f 145/182/145 180/218/180 146/183/146
f 146/183/146 180/218/180 181/219/181
f 146/183/146 181/219/181 147/184/147
f 147/184/147 181/219/181 182/220/182
f 147/184/147 182/220/182 148/185/148
f 148/185/148 182/220/182 183/221/183
f 148/185/148 183/221/183 149/186/149
f 149/186/149 183/221/183 184/222/184
f 149/186/149 184/222/184 150/187/150
f 150/187/150 184/222/184 185/223/185
f 150/187/150 185/223/185 151/188/151
f 151/188/151 185/223/185 186/224/186
f 151/188/151 186/224/186 152/189/152
f 152/189/152 186/224/186 187/225/187
f 152/189/152 187/225/187 153/190/153
f 153/190/153 187/225/187 188/226/188
f 153/190/153 188/226/188 154/191/154
f 154/191/154 188/226/188 189/227/189
f 154/191/154 189/227/189 155/192/155
f 155/192/155 189/227/189 190/228/190
f 155/192/155 190/228/190 156/193/156
f 156/193/156 190/228/190 191/229/191
f 156/193/156 191/229/191 157/194/157
f 157/194/157 191/229/191 192/230/192
f 157/194/157 192/230/192 158/195/158
f 158/195/158 192/230/192 193/231/193
f 158/195/158 193/231/193 159/196/159
f 159/196/159 193/231/193 194/232/194
f 159/196/159 194/232/194 160/197/160
f 160/197/160 194/232/194 195/233/195
f 160/197/160 195/233/195 161/198/161
f 161/198/161 195/233/195 196/234/196
f 161/198/161 196/234/196 162/199/162
f 162/199/162 196/234/196 197/235/197
f 162/199/162 197/235/197 163/200/163
f 163/200/163 197/235/197 198/236/198
f 163/200/163 198/236/198 164/201/164
f 164/201/164 198/236/198 199/237/199
f 164/201/164 199/237/199 165/202/165
f 165/202/165 199/237/199 200/238/200
f 165/202/165 200/238/200 166/203/166
f 166/203/166 200/238/200 201/239/201
f 166/203/166 201/239/201 167/204/167
f 167/204/167 201/239/201 202/240/202
f 167/204/167 202/240/202 168/205/168
f 168/205/168 202/240/202 203/241/203
f 168/205/168 203/241/203 169/206/169
f 169/206/169 203/241/203 204/242/204
f 169/206/169 204/242/204 170/207/170
f 170/207/170 204/242/204 205/243/205
f 170/207/170 205/243/205 171/208/171
f 171/208/171 205/243/205 172/244/172
f 171/208/171 172/244/172 138/209/138
f 172/210/172 206/245/206 207/246/207
f 172/210/172 207/246/207 173/211/173
f 173/211/173 207/246/207 208/247/208
f 173/211/173 208/247/208 174/212/174
f 174/212/174 208/247/208 209/248/209
f 174/212/174 209/248/209 175/213/175
f 175/213/175 209/248/209 210/249/210
f 175/213/175 210/249/210 176/214/176
f 176/214/176 210/249/210 211/250/211
f 176/214/176 211/250/211 177/215/177
f 177/215/177 211/250/211 212/251/212
f 177/215/177 212/251/212 178/216/178
f 178/216/178 212/251/212 213/252/213
f 178/216/178 213/252/213 179/217/179
f 179/217/179 213/252/213 214/253/214
f 179/217/179 214/253/214 180/218/180
f 180/218/180 214/253/214 215/254/215
f 180/218/180 215/254/215 181/219/181
f 181/219/181 215/254/215 216/255/216
f 181/219/181 216/255/216 182/220/182
f 182/220/182 216/255/216 217/256/217
f 182/220/182 217/256/217 183/221/183
f 183/221/183 217/256/217 218/257/218
f 183/221/183 218/257/218 184/222/184
f 184/222/184 218/257/218 219/258/219
f 184/222/184 219/258/219 185/223/185
f 185/223/185 219/258/219 220/259/220
f 185/223/185 220/259/220 186/224/186
f 186/224/186 220/259/220 221/260/221
f 186/224/186 221/260/221 187/225/187
f 187/225/187 221/260/221 222/261/222
f 187/225/187 222/261/222 188/226/188
f 188/226/188 222/261/222 223/262/223
f 188/226/188 223/262/223 189/227/189
f 189/227/189 223/262/223 224/263/224
f 189/227/189 224/263/224 190/228/190
f 190/228/190 224/263/224 225/264/225
f 190/228/190 225/264/225 191/229/191
f 191/229/191 225/264/225 226/265/226
f 191/229/191 226/265/226 192/230/192
f 192/230/192 226/265/226 227/266/227
f 192/230/192 227/266/227 193/231/193
f 193/231/193 227/266/227 228/267/228
f 193/231/193 228/267/228 194/232/194
f 194/232/194 228/267/228 229/268/229
f 194/232/194 229/268/229 195/233/195
f 195/233/195 229/268/229 230/269/230
f 195/233/195 230/269/230 196/234/196
f 196/234/196 230/269/230 231/270/231
f 196/234/196 231/270/231 197/235/197
f 197/235/197 231/270/231 232/271/232
f 197/235/197 232/271/232 198/236/198
f 198/236/198 232/271/232 233/272/233
f 198/236/198 233/272/233 199/237/199
f 199/237/199 233/272/233 234/273/234
f 199/237/199 234/273/234 200/238/200
f 200/238/200 234/273/234 235/274/235
f 200/238/200 235/274/235 201/239/201
f 201/239/201 235/274/235 236/275/236
f 201/239/201 236/275/236 202/240/202
f 202/240/202 236/275/236 237/276/237
f 202/240/202 237/276/237 203/241/203
f 203/241/203 237/276/237 238/277/238
f 203/241/203 238/277/238 204/242/204
f 204/242/204 238/277/238 239/278/239
f 204/242/204 239/278/239 205/243/205
f 205/243/205 239/278/239 206/279/206
f 205/243/205 206/279/206 172/244/172
f 206/245/206 240/280/240 241/281/241
f 206/245/206 241/281/241 207/246/207
f 207/246/207 241/281/241 242/282/242
f 207/246/207 242/282/242 208/247/208
f 208/247/208 242/282/242 243/283/243
f 208/247/208 243/283/243 209/248/209
f 209/248/209 243/283/243 244/284/244
f 209/248/209 244/284/244 210/249/210
f 210/249/210 244/284/244 245/285/245
f 210/249/210 245/285/245 211/250/211
f 211/250/211 245/285/245 246/286/246
f 211/250/211 246/286/246 212/251/212
f 212/251/212 246/286/246 247/287/247
f 212/251/212 247/287/247 213/252/213
f 213/252/213 247/287/247 248/288/248
f 213/252/213 248/288/248 214/253/214
f 214/253/214 248/288/248 249/289/249
f 214/253/214 249/289/249 215/254/215
f 215/254/215 249/289/249 250/290/250
f 215/254/215 250/290/250 216/255/216
f 216/255/216 250/290/250 251/291/251
f 216/255/216 251/291/251 217/256/217
f 217/256/217 251/291/251 252/292/252
f 217/256/217 252/292/252 218/257/218
f 218/257/218 252/292/252 253/293/253
f 218/257/218 253/293/253 219/258/219
f 219/258/219 253/293/253 254/294/254
f 219/258/219 254/294/254 220/259/220
f 220/259/220 254/294/254 255/295/255
f 220/259/220 255/295/255 221/260/221
f 221/260/221 255/295/255 256/296/256
f 221/260/221 256/296/256 222/261/222
f 222/261/222 256/296/256 257/297/257
f 222/261/222 257/297/257 223/262/223
f 223/262/223 257/297/257 258/298/258
f 223/262/223 258/298/258 224/263/224
f 224/263/224 258/298/258 259/299/259
f 224/263/224 259/299/259 225/264/225
f 225/264/225 259/299/259 260/300/260
f 225/264/225 260/300/260 226/265/226
f 226/265/226 260/300/260 261/301/261
f 226/265/226 261/301/261 227/266/227
f 227/266/227 261/301/261 262/302/262
f 227/266/227 262/302/262 228/267/228
f 228/267/228 262/302/262 263/303/263
f 228/267/228 263/303/263 229/268/229
f 229/268/229 263/303/263 264/304/264
f 229/268/229 264/304/264 230/269/230
f 230/269/230 264/304/264 265/305/265
f 230/269/230 265/305/265 231/270/231
f 231/270/231 265/305/265 266/306/266
f 231/270/231 266/306/266 232/271/232
f 232/271/232 266/306/266 267/307/267
f 232/271/232 267/307/267 233/272/233
f 233/272/233 267/307/267 268/308/268
f 233/272/233 268/308/268 234/273/234
f 234/273/234 268/308/268 269/309/269
f 234/273/234 269/309/269 235/274/235
f 235/274/235 269/309/269 270/310/270
f 235/274/235 270/310/270 236/275/236
f 236/275/236 270/310/270 271/311/271
f 236/275/236 271/311/271 237/276/237
f 237/276/237 271/311/271 272/312/272
f 237/276/237 272/312/272 238/277/238
f 238/277/238 272/312/272 273/313/273
f 238/277/238 273/313/273 239/278/239
f 239/278/239 273/313/273 240/314/240
f 239/278/239 240/314/240 206/279/206
f 240/280/240 274/315/274 275/316/275
f 240/280/240 275/316/275 241/281/241
f 241/281/241 275/316/275 276/317/276
f 241/281/241 276/317/276 242/282/242
f 242/282/242 276/317/276 277/318/277
f 242/282/242 277/318/277 243/283/243
f 243/283/243 277/318/277 278/319/278
f 243/283/243 278/319/278 244/284/244
f 244/284/244 278/319/278 279/320/279
f 244/284/244 279/320/279 245/285/245
f 245/285/245 279/320/279 280/321/280
f 245/285/245 280/321/280 246/286/246
f 246/286/246 280/321/280 281/322/281
f 246/286/246 281/322/281 247/287/247
f 247/287/247 281/322/281 282/323/282
f 247/287/247 282/323/282 248/288/248
f 248/288/248 282/323/282 283/324/283
f 248/288/248 283/324/283 249/289/249
f 249/289/249 283/324/283 284/325/284
f 249/289/249 284/325/284 250/290/250
f 250/290/250 284/325/284 285/326/285
f 250/290/250 285/326/285 251/291/251
f 251/291/251 285/326/285 286/327/286
f 251/291/251 286/327/286 252/292/252
f 252/292/252 286/327/286 287/328/287
f 252/292/252 287/328/287 253/293/253
f 253/293/253 287/328/287 288/329/288
f 253/293/253 288/329/288 254/294/254
f 254/294/254 288/329/288 289/330/289
f 254/294/254 289/330/289 255/295/255
f 255/295/255 289/330/289 290/331/290
f 255/295/255 290/331/290 256/296/256
f 256/296/256 290/331/290 291/332/291
f 256/296/256 291/332/291 257/297/257
f 257/297/257 291/332/291 292/333/292
f 257/297/257 292/333/292 258/298/258
f 258/298/258 292/333/292 293/334/293
f 258/298/258 293/334/293 259/299/259
f 259/299/259 293/334/293 294/335/294
f 259/299/259 294/335/294 260/300/260
f 260/300/260 294/335/294 295/336/295
f 260/300/260 295/336/295 261/301/261
f 261/301/261 295/336/295 296/337/296
f 261/301/261 296/337/296 262/302/262
f 262/302/262 296/337/296 297/338/297
f 262/302/262 297/338/297 263/303/263
f 263/303/263 297/338/297 298/339/298
f 263/303/263 298/339/298 264/304/264
f 264/304/264 298/339/298 299/340/299
f 264/304/264 299/340/299 265/305/265
f 265/305/265 299/340/299 300/341/300
f 265/305/265 300/341/300 266/306/266
f 266/306/266 300/341/300 301/342/301
f 266/306/266 301/342/301 267/307/267
f 267/307/267 301/342/301 302/343/302
f 267/307/267 302/343/302 268/308/268
f 268/308/268 302/343/302 303/344/303
f 268/308/268 303/344/303 269/309/269
f 269/309/269 303/344/303 304/345/304
f 269/309/269 304/345/304 270/310/270
f 270/310/270 304/345/304 305/346/305
f 270/310/270 305/346/305 271/311/271
f 271/311/271 305/346/305 306/347/306
f 271/311/271 306/347/306 272/312/272
f 272/312/272 306/347/306 307/348/307
f 272/312/272 307/348/307 273/313/273
f 273/313/273 307/348/307 274/349/274
f 273/313/273 274/349/274 240/314/240
f 274/315/274 308/350/308 309/351/309
f 274/315/274 309/351/309 275/316/275
f 275/316/275 309/351/309 310/352/310
f 275/316/275 310/352/310 276/317/276
f 276/317/276 310/352/310 311/353/311
f 276/317/276 311/353/311 277/318/277
f 277/318/277 311/353/311 312/354/312
f 277/318/277 312/354/312 278/319/278
f 278/319/278 312/354/312 313/355/313
f 278/319/278 313/355/313 279/320/279
f 279/320/279 313/355/313 314/356/314
f 279/320/279 314/356/314 280/321/280
f 280/321/280 314/356/314 315/357/315
f 280/321/280 315/357/315 281/322/281
f 281/322/281 315/357/315 316/358/316
f 281/322/281 316/358/316 282/323/282
f 282/323/282 316/358/316 317/359/317
f 282/323/282 317/359/317 283/324/283
f 283/324/283 317/359/317 318/360/318
f 283/324/283 318/360/318 284/325/284
f 284/325/284 318/360/318 319/361/319
f 284/325/284 319/361/319 285/326/285
f 285/326/285 319/361/319 320/362/320
f 285/326/285 320/362/320 286/327/286
f 286/327/286 320/362/320 321/363/321
f 286/327/286 321/363/321 287/328/287
f 287/328/287 321/363/321 322/364/322
f 287/328/287 322/364/322 288/329/288
f 288/329/288 322/364/322 323/365/323
f 288/329/288 323/365/323 289/330/289
f 289/330/289 323/365/323 324/366/324
f 289/330/289 324/366/324 290/331/290
f 290/331/290 324/366/324 325/367/325
f 290/331/290 325/367/325 291/332/291
f 291/332/291 325/367/325 326/368/326
f 291/332/291 326/368/326 292/333/292
f 292/333/292 326/368/326 327/369/327
f 292/333/292 327/369/327 293/334/293
f 293/334/293 327/369/327 328/370/328
f 293/334/293 328/370/328 294/335/294
f 294/335/294 328/370/328 329/371/329
f 294/335/294 329/371/329 295/336/295
f 295/336/295 329/371/329 330/372/330
f 295/336/295 330/372/330 296/337/296
f 296/337/296 330/372/330 331/373/331
f 296/337/296 331/373/331 297/338/297
f 297/338/297 331/373/331 332/374/332
f 297/338/297 332/374/332 298/339/298
f 298/339/298 332/374/332 333/375/333
f 298/339/298 333/375/333 299/340/299
f 299/340/299 333/375/333 334/376/334
f 299/340/299 334/376/334 300/341/300
f 300/341/300 334/376/334 335/377/335
f 300/341/300 335/377/335 301/342/301
f 301/342/301 335/377/335 336/378/336
f 301/342/301 336/378/336 302/343/302
f 302/343/302 336/378/336 337/379/337
f 302/343/302 337/379/337 303/344/303
f 303/344/303 337/379/337 338/380/338
f 303/344/303 338/380/338 304/345/304
f 304/345/304 338/380/338 339/381/339
f 304/345/304 339/381/339 305/346/305
f 305/346/305 339/381/339 340/382/340
f 305/346/305 340/382/340 306/347/306
f 306/347/306 340/382/340 341/383/341
f 306/347/306 341/383/341 307/348/307
f 307/348/307 341/383/341 308/384/308
f 307/348/307 308/384/308 274/349/274
f 308/350/308 342/385/342 343/386/343
f 308/350/308 343/386/343 309/351/309
f 309/351/309 343/386/343 344/387/344
f 309/351/309 344/387/344 310/352/310
f 310/352/310 344/387/344 345/388/345
f 310/352/310 345/388/345 311/353/311
f 311/353/311 345/388/345 346/389/346
f 311/353/311 346/389/346 312/354/312
f 312/354/312 346/389/346 347/390/347
f 312/354/312 347/390/347 313/355/313
f 313/355/313 347/390/347 348/391/348
f 313/355/313 348/391/348 314/356/314
f 314/356/314 348/391/348 349/392/349
f 314/356/314 349/392/349 315/357/315
f 315/357/315 349/392/349 350/393/350
f 315/357/315 350/393/350 316/358/316
f 316/358/316 350/393/350 351/394/351
f 316/358/316 351/394/351 317/359/317
f 317/359/317 351/394/351 352/395/352
f 317/359/317 352/395/352 318/360/318
f 318/360/318 352/395/352 353/396/353
f 318/360/318 353/396/353 319/361/319
f 319/361/319 353/396/353 354/397/354
f 319/361/319 354/397/354 320/362/320
f 320/362/320 354/397/354 355/398/355
f 320/362/320 355/398/355 321/363/321
f 321/363/321 355/398/355 356/399/356
f 321/363/321 356/399/356 322/364/322
f 322/364/322 356/399/356 357/400/357
f 322/364/322 357/400/357 323/365/323
f 323/365/323 357/400/357 358/401/358
f 323/365/323 358/401/358 324/366/324
f 324/366/324 358/401/358 359/402/359
f 324/366/324 359/402/359 325/367/325
f 325/367/325 359/402/359 360/403/360
f 325/367/325 360/403/360 326/368/326
f 326/368/326 360/403/360 361/404/361
f 326/368/326 361/404/361 327/369/327
f 327/369/327 361/404/361 362/405/362
f 327/369/327 362/405/362 328/370/328
f 328/370/328 362/405/362 363/406/363
f 328/370/328 363/406/363 329/371/329
f 329/371/329 363/406/363 364/407/364
f 329/371/329 364/407/364 330/372/330
f 330/372/330 364/407/364 365/408/365
f 330/372/330 365/408/365 331/373/331
f 331/373/331 365/408/365 366/409/366
f 331/373/331 366/409/366 332/374/332
f 332/374/332 366/409/366 367/410/367
f 332/374/332 367/410/367 333/375/333
f 333/375/333 367/410/367 368/411/368
f 333/375/333 368/411/368 334/376/334
f 334/376/334 368/411/368 369/412/369
f 334/376/334 369/412/369 335/377/335
f 335/377/335 369/412/369 370/413/370
f 335/377/335 370/413/370 336/378/336
f 336/378/336 370/413/370 371/414/371
f 336/378/336 371/414/371 337/379/337
f 337/379/337 371/414/371 372/415/372
f 337/379/337 372/415/372 338/380/338
f 338/380/338 372/415/372 373/416/373
f 338/380/338 373/416/373 339/381/339
f 339/381/339 373/416/373 374/417/374
f 339/381/339 374/417/374 340/382/340
f 340/382/340 374/417/374 375/418/375
f 340/382/340 375/418/375 341/383/341
f 341/383/341 375/418/375 342/419/342
f 341/383/341 342/419/342 308/384/308
f 342/385/342 376/420/376 377/421/377
f 342/385/342 377/421/377 343/386/343
f 343/386/343 377/421/377 378/422/378
f 343/386/343 378/422/378 344/387/344
f 344/387/344 378/422/378 379/423/379
f 344/387/344 379/423/379 345/388/345
f 345/388/345 379/423/379 380/424/380
f 345/388/345 380/424/380 346/389/346
f 346/389/346 380/424/380 381/425/381
f 346/389/346 381/425/381 347/390/347
f 347/390/347 381/425/381 382/426/382
f 347/390/347 382/426/382 348/391/348
f 348/391/348 382/426/382 383/427/383
f 348/391/348 383/427/383 349/392/349
f 349/392/349 383/427/383 384/428/384
f 349/392/349 384/428/384 350/393/350
f 350/393/350 384/428/384 385/429/385
f 350/393/350 385/429/385 351/394/351
f 351/394/351 385/429/385 386/430/386
f 351/394/351 386/430/386 352/395/352
f 352/395/352 386/430/386 387/431/387
f 352/395/352 387/431/387 353/396/353
f 353/396/353 387/431/387 388/432/388
f 353/396/353 388/432/388 354/397/354
f 354/397/354 388/432/388 389/433/389
f 354/397/354 389/433/389 355/398/355
f 355/398/355 389/433/389 390/434/390
f 355/398/355 390/434/390 356/399/356
f 356/399/356 390/434/390 391/435/391
f 356/399/356 391/435/391 357/400/357
f 357/400/357 391/435/391 392/436/392
f 357/400/357 392/436/392 358/401/358
f 358/401/358 392/436/392 393/437/393
f 358/401/358 393/437/393 359/402/359
f 359/402/359 393/437/393 394/438/394
f 359/402/359 394/438/394 360/403/360
f 360/403/360 394/438/394 395/439/395
f 360/403/360 395/439/395 361/404/361
f 361/404/361 395/439/395 396/440/396
f 361/404/361 396/440/396 362/405/362
f 362/405/362 396/440/396 397/441/397
f 362/405/362 397/441/397 363/406/363
f 363/406/363 397/441/397 398/442/398
f 363/406/363 398/442/398 364/407/364
f 364/407/364 398/442/398 399/443/399
f 364/407/364 399/443/399 365/408/365
f 365/408/365 399/443/399 400/444/400
f 365/408/365 400/444/400 366/409/366
f 366/409/366 400/444/400 401/445/401
f 366/409/366 401/445/401 367/410/367
f 367/410/367 401/445/401 402/446/402
f 367/410/367 402/446/402 368/411/368
f 368/411/368 402/446/402 403/447/403
f 368/411/368 403/447/403 369/412/369
f 369/412/369 403/447/403 404/448/404
f 369/412/369 404/448/404 370/413/370
f 370/413/370 404/448/404 405/449/405
f 370/413/370 405/449/405 371/414/371
f 371/414/371 405/449/405 406/450/406
f 371/414/371 406/450/406 372/415/372
f 372/415/372 406/450/406 407/451/407
f 372/415/372 407/451/407 373/416/373
f 373/416/373 407/451/407 408/452/408
f 373/416/373 408/452/408 374/417/374
f 374/417/374 408/452/408 409/453/409
f 374/417/374 409/453/409 375/418/375
f 375/418/375 409/453/409 376/454/376
f 375/418/375 376/454/376 342/419/342
f 376/420/376 410/455/410 411/456/411
f 376/420/376 411/456/411 377/421/377
f 377/421/377 411/456/411 412/457/412
f 377/421/377 412/457/412 378/422/378
f 378/422/378 412/457/412 413/458/413
f 378/422/378 413/458/413 379/423/379
f 379/423/379 413/458/413 414/459/414
f 379/423/379 414/459/414 380/424/380
f 380/424/380 414/459/414 415/460/415
f 380/424/380 415/460/415 381/425/381
f 381/425/381 415/460/415 416/461/416
f 381/425/381 416/461/416 382/426/382
f 382/426/382 416/461/416 417/462/417
f 382/426/382 417/462/417 383/427/383
f 383/427/383 417/462/417 418/463/418
f 383/427/383 418/463/418 384/428/384
f 384/428/384 418/463/418 419/464/419
f 384/428/384 419/464/419 385/429/385
f 385/429/385 419/464/419 420/465/420
f 385/429/385 420/465/420 386/430/386
f 386/430/386 420/465/420 421/466/421
f 386/430/386 421/466/421 387/431/387
f 387/431/387 421/466/421 422/467/422
f 387/431/387 422/467/422 388/432/388
f 388/432/388 422/467/422 423/468/423
f 388/432/388 423/468/423 389/433/389
f 389/433/389 423/468/423 424/469/424
f 389/433/389 424/469/424 390/434/390
f 390/434/390 424/469/424 425/470/425
f 390/434/390 425/470/425 391/435/391
f 391/435/391 425/470/425 426/471/426
f 391/435/391 426/471/426 392/436/392
f 392/436/392 426/471/426 427/472/427
f 392/436/392 427/472/427 393/437/393
f 393/437/393 427/472/427 428/473/428
f 393/437/393 428/473/428 394/438/394
f 394/438/394 428/473/428 429/474/429
f 394/438/394 429/474/429 395/439/395
f 395/439/395 429/474/429 430/475/430
f 395/439/395 430/475/430 396/440/396
f 396/440/396 430/475/430 431/476/431
f 396/440/396 431/476/431 397/441/397
f 397/441/397 431/476/431 432/477/432
f 397/441/397 432/477/432 398/442/398
f 398/442/398 432/477/432 433/478/433
f 398/442/398 433/478/433 399/443/399
f 399/443/399 433/478/433 434/479/434
f 399/443/399 434/479/434 400/444/400
f 400/444/400 434/479/434 435/480/435
f 400/444/400 435/480/435 401/445/401
f 401/445/401 435/480/435 436/481/436
f 401/445/401 436/481/436 402/446/402
f 402/446/402 436/481/436 437/482/437
f 402/446/402 437/482/437 403/447/403
f 403/447/403 437/482/437 438/483/438
f 403/447/403 438/483/438 404/448/404
f 404/448/404 438/483/438 439/484/439
f 404/448/404 439/484/439 405/449/405
f 405/449/405 439/484/439 440/485/440
f 405/449/405 440/485/440 406/450/406
f 406/450/406 440/485/440 441/486/441
f 406/450/406 441/486/441 407/451/407
f 407/451/407 441/486/441 442/487/442
f 407/451/407 442/487/442 408/452/408
f 408/452/408 442/487/442 443/488/443
f 408/452/408 443/488/443 409/453/409
f 409/453/409 443/488/443 410/489/410
f 409/453/409 410/489/410 376/454/376
f 410/455/410 444/490/444 445/491/445
f 410/455/410 445/491/445 411/456/411
f 411/456/411 445/491/445 446/492/446
f 411/456/411 446/492/446 412/457/412
f 412/457/412 446/492/446 447/493/447
f 412/457/412 447/493/447 413/458/413
f 413/458/413 447/493/447 448/494/448
f 413/458/413 448/494/448 414/459/414
f 414/459/414 448/494/448 449/495/449
f 414/459/414 449/495/449 415/460/415
f 415/460/415 449/495/449 450/496/450
f 415/460/415 450/496/450 416/461/416
f 416/461/416 450/496/450 451/497/451
f 416/461/416 451/497/451 417/462/417
f 417/462/417 451/497/451 452/498/452
f 417/462/417 452/498/452 418/463/418
f 418/463/418 452/498/452 453/499/453
f 418/463/418 453/499/453 419/464/419
f 419/464/419 453/499/453 454/500/454
f 419/464/419 454/500/454 420/465/420
f 420/465/420 454/500/454 455/501/455
f 420/465/420 455/501/455 421/466/421
f 421/466/421 455/501/455 456/502/456
f 421/466/421 456/502/456 422/467/422
f 422/467/422 456/502/456 457/503/457
f 422/467/422 457/503/457 423/468/423
f 423/468/423 457/503/457 458/504/458
f 423/468/423 458/504/458 424/469/424
f 424/469/424 458/504/458 459/505/459
f 424/469/424 459/505/459 425/470/425
f 425/470/425 459/505/459 460/506/460
f 425/470/425 460/506/460 426/471/426
f 426/471/426 460/506/460 461/507/461
f 426/471/426 461/507/461 427/472/427
f 427/472/427 461/507/461 462/508/462
f 427/472/427 462/508/462 428/473/428
f 428/473/428 462/508/462 463/509/463
f 428/473/428 463/509/463 429/474/429
f 429/474/429 463/509/463 464/510/464
f 429/474/429 464/510/464 430/475/430
f 430/475/430 464/510/464 465/511/465
f 430/475/430 465/511/465 431/476/431
f 431/476/431 465/511/465 466/512/466
f 431/476/431 466/512/466 432/477/432
f 432/477/432 466/512/466 467/513/467
f 432/477/432 467/513/467 433/478/433
f 433/478/433 467/513/467 468/514/468
f 433/478/433 468/514/468 434/479/434
f 434/479/434 468/514/468 469/515/469
f 434/479/434 469/515/469 435/480/435
f 435/480/435 469/515/469 470/516/470
f 435/480/435 470/516/470 436/481/436
f 436/481/436 470/516/470 471/517/471
f 436/481/436 471/517/471 437/482/437
f 437/482/437 471/517/471 472/518/472
f 437/482/437 472/518/472 438/483/438
f 438/483/438 472/518/472 473/519/473
f 438/483/438 473/519/473 439/484/439
f 439/484/439 473/519/473 474/520/474
f 439/484/439 474/520/474 440/485/440
f 440/485/440 474/520/474 475/521/475
f 440/485/440 475/521/475 441/486/441
f 441/486/441 475/521/475 476/522/476
f 441/486/441 476/522/476 442/487/442
f 442/487/442 476/522/476 477/523/477
f 442/487/442 477/523/477 443/488/443
f 443/488/443 477/523/477 444/524/444
f 443/488/443 444/524/444 410/489/410
f 444/490/444 478/525/478 479/526/479
f 444/490/444 479/526/479 445/491/445
f 445/491/445 479/526/479 480/527/480
f 445/491/445 480/527/480 446/492/446
f 446/492/446 480/527/480 481/528/481
f 446/492/446 481/528/481 447/493/447
f 447/493/447 481/528/481 482/529/482
f 447/493/447 482/529/482 448/494/448
f 448/494/448 482/529/482 483/530/483
f 448/494/448 483/530/483 449/495/449
f 449/495/449 483/530/483 484/531/484
f 449/495/449 484/531/484 450/496/450
f 450/496/450 484/531/484 485/532/485
f 450/496/450 485/532/485 451/497/451
f 451/497/451 485/532/485 486/533/486
f 451/497/451 486/533/486 452/498/452
f 452/498/452 486/533/486 487/534/487
f 452/498/452 487/534/487 453/499/453
f 453/499/453 487/534/487 488/535/488
f 453/499/453 488/535/488 454/500/454
f 454/500/454 488/535/488 489/536/489
f 454/500/454 489/536/489 455/501/455
f 455/501/455 489/536/489 490/537/490
f 455/501/455 490/537/490 456/502/456
f 456/502/456 490/537/490 491/538/491
f 456/502/456 491/538/491 457/503/457
f 457/503/457 491/538/491 492/539/492
f 457/503/457 492/539/492 458/504/458
f 458/504/458 492/539/492 493/540/493
f 458/504/458 493/540/493 459/505/459
f 459/505/459 493/540/493 494/541/494
f 459/505/459 494/541/494 460/506/460
f 460/506/460 494/541/494 495/542/495
f 460/506/460 495/542/495 461/507/461
f 461/507/461 495/542/495 496/543/496
f 461/507/461 496/543/496 462/508/462
f 462/508/462 496/543/496 497/544/497
f 462/508/462 497/544/497 463/509/463
f 463/509/463 497/544/497 498/545/498
f 463/509/463 498/545/498 464/510/464
f 464/510/464 498/545/498 499/546/499
f 464/510/464 499/546/499 465/511/465
f 465/511/465 499/546/499 500/547/500
f 465/511/465 500/547/500 466/512/466
f 466/512/466 500/547/500 501/548/501
f 466/512/466 501/548/501 467/513/467
f 467/513/467 501/548/501 502/549/502
f 467/513/467 502/549/502 468/514/468
f 468/514/468 502/549/502 503/550/503
f 468/514/468 503/550/503 469/515/469
f 469/515/469 503/550/503 504/551/504
f 469/515/469 504/551/504 470/516/470
f 470/516/470 504/551/504 505/552/505
f 470/516/470 505/552/505 471/517/471
f 471/517/471 505/552/505 506/553/506
f 471/517/471 506/553/506 472/518/472
f 472/518/472 506/553/506 507/554/507
f 472/518/472 507/554/507 473/519/473
f 473/519/473 507/554/507 508/555/508
f 473/519/473 508/555/508 474/520/474
f 474/520/474 508/555/508 509/556/509
f 474/520/474 509/556/509 475/521/475
f 475/521/475 509/556/509 510/557/510
f 475/521/475 510/557/510 476/522/476
f 476/522/476 510/557/510 511/558/511
f 476/522/476 511/558/511 477/523/477
f 477/523/477 511/558/511 478/559/478
f 477/523/477 478/559/478 444/524/444
f 478/525/478 512/560/512 513/561/513
f 478/525/478 513/561/513 479/526/479
f 479/526/479 513/561/513 514/562/514
f 479/526/479 514/562/514 480/527/480
f 480/527/480 514/562/514 515/563/515
f 480/527/480 515/563/515 481/528/481
f 481/528/481 515/563/515 516/564/516
f 481/528/481 516/564/516 482/529/482
f 482/529/482 516/564/516 517/565/517
f 482/529/482 517/565/517 483/530/483
f 483/530/483 517/565/517 518/566/518
f 483/530/483 518/566/518 484/531/484
f 484/531/484 518/566/518 519/567/519
f 484/531/484 519/567/519 485/532/485
f 485/532/485 519/567/519 520/568/520
f 485/532/485 520/568/520 486/533/486
f 486/533/486 520/568/520 521/569/521
f 486/533/486 521/569/521 487/534/487
f 487/534/487 521/569/521 522/570/522
f 487/534/487 522/570/522 488/535/488
f 488/535/488 522/570/522 523/571/523
f 488/535/488 523/571/523 489/536/489
f 489/536/489 523/571/523 524/572/524
f 489/536/489 524/572/524 490/537/490
f 490/537/490 524/572/524 525/573/525
f 490/537/490 525/573/525 491/538/491
f 491/538/491 525/573/525 526/574/526
f 491/538/491 526/574/526 492/539/492
f 492/539/492 526/574/526 527/575/527
f 492/539/492 527/575/527 493/540/493
f 493/540/493 527/575/527 528/576/528
f 493/540/493 528/576/528 494/541/494
f 494/541/494 528/576/528 529/577/529
f 494/541/494 529/577/529 495/542/495
f 495/542/495 529/577/529 530/578/530
f 495/542/495 530/578/530 496/543/496
f 496/543/496 530/578/530 531/579/531
f 496/543/496 531/579/531 497/544/497
f 497/544/497 531/579/531 532/580/532
f 497/544/497 532/580/532 498/545/498
f 498/545/498 532/580/532 533/581/533
f 498/545/498 533/581/533 499/546/499
f 499/546/499 533/581/533 534/582/534
f 499/546/499 534/582/534 500/547/500
f 500/547/500 534/582/534 535/583/535
f 500/547/500 535/583/535 501/548/501
f 501/548/501 535/583/535 536/584/536
f 501/548/501 536/584/536 502/549/502
f 502/549/502 536/584/536 537/585/537
f 502/549/502 537/585/537 503/550/503
f 503/550/503 537/585/537 538/586/538
f 503/550/503 538/586/538 504/551/504
f 504/551/504 538/586/538 539/587/539
f 504/551/504 539/587/539 505/552/505
f 505/552/505 539/587/539 540/588/540
f 505/552/505 540/588/540 506/553/506
f 506/553/506 540/588/540 541/589/541
f 506/553/506 541/589/541 507/554/507
f 507/554/507 541/589/541 542/590/542
f 507/554/507 542/590/542 508/555/508
f 508/555/508 542/590/542 543/591/543
f 508/555/508 543/591/543 509/556/509
f 509/556/509 543/591/543 544/592/544
f 509/556/509 544/592/544 510/557/510
f 510/557/510 544/592/544 545/593/545
f 510/557/510 545/593/545 511/558/511
f 511/558/511 545/593/545 512/594/512
f 511/558/511 512/594/512 478/559/478
f 546/595/546 513/561/513 512/560/512
f 546/596/546 514/562/514 513/561/513
f 546/597/546 515/563/515 514/562/514
f 546/598/546 516/564/516 515/563/515
f 546/599/546 517/565/517 516/564/516
f 546/600/546 518/566/518 517/565/517
f 546/601/546 519/567/519 518/566/518
f 546/602/546 520/568/520 519/567/519
f 546/603/546 521/569/521 520/568/520
f 546/604/546 522/570/522 521/569/521
f 546/605/546 523/571/523 522/570/522
f 546/606/546 524/572/524 523/571/523
f 546/607/546 525/573/525 524/572/524
f 546/608/546 526/574/526 525/573/525
f 546/609/546 527/575/527 526/574/526
f 546/610/546 528/576/528 527/575/527
f 546/611/546 529/577/529 528/576/528
f 546/612/546 530/578/530 529/577/529
f 546/613/546 531/579/531 530/578/530
f 546/614/546 532/580/532 531/579/531
f 546/615/546 533/581/533 532/580/532
f 546/616/546 534/582/534 533/581/533
f 546/617/546 535/583/535 534/582/534
f 546/618/546 536/584/536 535/583/535
f 546/619/546 537/585/537 536/584/536
f 546/620/546 538/586/538 537/585/537
f 546/621/546 539/587/539 538/586/538
f 546/622/546 540/588/540 539/587/539
f 546/623/546 541/589/541 540/588/540
f 546/624/546 542/590/542 541/589/541
f 546/625/546 543/591/543 542/590/542
f 546/626/546 544/592/544 543/591/543
f 546/627/546 545/593/545 544/592/544
f 546/628/546 512/594/512 545/593/545
usemtl rightSphere.001
f 547/1/547 548/2/548 549/3/549
f 547/4/547 549/3/549 550/5/550
f 547/6/547 550/5/550 551/7/551
f 547/8/547 551/7/551 552/9/552
f 547/10/547 552/9/552 553/11/553
f 547/12/547 553/11/553 554/13/554
f 547/14/547 554/13/554 555/15/555
f 547/16/547 555/15/555 556/17/556
f 547/18/547 556/17/556 557/19/557
f 547/20/547 557/19/557 558/21/558
f 547/22/547 558/21/558 559/23/559
f 547/24/547 559/23/559 560/25/560
f 547/26/547 560/25/560 561/27/561
f 547/28/547 561/27/561 562/29/562
f 547/30/547 562/29/562 563/31/563
f 547/32/547 563/31/563 564/33/564
f 547/34/547 564/33/564 565/35/565
f 547/36/547 565/35/565 566/37/566
f 547/38/547 566/37/566 567/39/567
f 547/40/547 567/39/567 568/41/568
f 547/42/547 568/41/568 569/43/569
f 547/44/547 569/43/569 570/45/570
f 547/46/547 570/45/570 571/47/571
f 547/48/547 571/47/571 572/49/572
f 547/50/547 572/49/572 573/51/573
f 547/52/547 573/51/573 574/53/574
f 547/54/547 574/53/574 575/55/575
f 547/56/547 575/55/575 576/57/576
f 547/58/547 576/57/576 577/59/577
f 547/60/547 577/59/577 578/61/578
f 547/62/547 578/61/578 579/63/579
f 547/64/547 579/63/579 580/65/580
f 547/66/547 580/65/580 581/67/581
f 547/68/547 581/67/581 548/69/548
f 548/2/548 582/70/582 583/71/583
f 548/2/548 583/71/583 549/3/549
f 549/3/549 583/71/583 584/72/38
f 549/3/549 584/72/38 550/5/550
f 550/5/550 584/72/38 585/73/584
f 550/5/550 585/73/584 551/7/551
f 551/7/551 585/73/584 586/74/585
f 551/7/551 586/74/585 552/9/552
f 552/9/552 586/74/585 587/75/586
f 552/9/552 587/75/586 553/11/553
f 553/11/553 587/75/586 588/76/587
f 553/11/553 588/76/587 554/13/554
f 554/13/554 588/76/587 589/77/588
f 554/13/554 589/77/588 555/15/555
f 555/15/555 589/77/588 590/78/589
f 555/15/555 590/78/589 556/17/556
f 556/17/556 590/78/589 591/79/590
f 556/17/556 591/79/590 557/19/557
f 557/19/557 591/79/590 592/80/591
f 557/19/557 592/80/591 558/21/558
f 558/21/558 592/80/591 593/81/592
f 558/21/558 593/81/592 559/23/559
f 559/23/559 593/81/592 594/82/593
f 559/23/559 594/82/593 560/25/560
f 560/25/560 594/82/593 595/83/594
f 560/25/560 595/83/594 561/27/561
f 561/27/561 595/83/594 596/84/595
f 561/27/561 596/84/595 562/29/562
f 562/29/562 596/84/595 597/85/596
f 562/29/562 597/85/596 563/31/563
f 563/31/563 597/85/596 598/86/597
f 563/31/563 598/86/597 564/33/564
f 564/33/564 598/86/597 599/87/598
f 564/33/564 599/87/598 565/35/565
f 565/35/565 599/87/598 600/88/599
f 565/35/565 600/88/599 566/37/566
f 566/37/566 600/88/599 601/89/600
f 566/37/566 601/89/600 567/39/567
f 567/39/567 601/89/600 602/90/601
f 567/39/567 602/90/601 568/41/568
f 568/41/568 602/90/601 603/91/602
f 568/41/568 603/91/602 569/43/569
f 569/43/569 603/91/602 604/92/603
f 569/43/569 604/92/603 570/45/570
f 570/45/570 604/92/603 605/93/604
f 570/45/570 605/93/604 571/47/571
f 571/47/571 605/93/604 606/94/605
f 571/47/571 606/94/605 572/49/572
f 572/49/572 606/94/605 607/95/606
f 572/49/572 607/95/606 573/51/573
f 573/51/573 607/95/606 608/96/607
f 573/51/573 608/96/607 574/53/574
f 574/53/574 608/96/607 609/97/608
f 574/53/574 609/97/608 575/55/575
f 575/55/575 609/97/608 610/98/609
f 575/55/575 610/98/609 576/57/576
f 576/57/576 610/98/609 611/99/610
f 576/57/576 611/99/610 577/59/577
f 577/59/577 611/99/610 612/100/611
f 577/59/577 612/100/611 578/61/578
f 578/61/578 612/100/611 613/101/612
f 578/61/578 613/101/612 579/63/579
f 579/63/579 613/101/612 614/102/613
f 579/63/579 614/102/613 580/65/580
f 580/65/580 614/102/613 615/103/614
f 580/65/580 615/103/614 581/67/581
f 581/67/581 615/103/614 582/104/582
f 581/67/581 582/104/582 548/69/548
f 582/70/582 616/105/615 617/106/616
f 582/70/582 617/106/616 583/71/583
f 583/71/583 617/106/616 618/107/617
f 583/71/583 618/107/617 584/72/38
f 584/72/38 618/107/617 619/108/618
f 584/72/38 619/108/618 585/73/584
f 585/73/584 619/108/618 620/109/619
f 585/73/584 620/109/619 586/74/585
f 586/74/585 620/109/619 621/110/620
f 586/74/585 621/110/620 587/75/586
f 587/75/586 621/110/620 622/111/621
f 587/75/586 622/111/621 588/76/587
f 588/76/587 622/111/621 623/112/622
f 588/76/587 623/112/622 589/77/588
f 589/77/588 623/112/622 624/113/623
f 589/77/588 624/113/623 590/78/589
f 590/78/589 624/113/623 625/114/624
f 590/78/589 625/114/624 591/79/590
f 591/79/590 625/114/624 626/115/625
f 591/79/590 626/115/625 592/80/591
f 592/80/591 626/115/625 627/116/626
f 592/80/591 627/116/626 593/81/592
f 593/81/592 627/116/626 628/117/627
f 593/81/592 628/117/627 594/82/593
f 594/82/593 628/117/627 629/118/628
f 594/82/593 629/118/628 595/83/594
f 595/83/594 629/118/628 630/119/629
f 595/83/594 630/119/629 596/84/595
f 596/84/595 630/119/629 631/120/630
f 596/84/595 631/120/630 597/85/596
f 597/85/596 631/120/630 632/121/631
f 597/85/596 632/121/631 598/86/597
f 598/86/597 632/121/631 633/122/632
f 598/86/597 633/122/632 599/87/598
f 599/87/598 633/122/632 634/123/633
f 599/87/598 634/123/633 600/88/599
f 600/88/599 634/123/633 635/124/634
f 600/88/599 635/124/634 601/89/600
f 601/89/600 635/124/634 636/125/635
f 601/89/600 636/125/635 602/90/601
f 602/90/601 636/125/635 637/126/636
f 602/90/601 637/126/636 603/91/602
f 603/91/602 637/126/636 638/127/637
f 603/91/602 638/127/637 604/92/603
f 604/92/603 638/127/637 639/128/638
f 604/92/603 639/128/638 605/93/604
f 605/93/604 639/128/638 640/129/639
f 605/93/604 640/129/639 606/94/605
f 606/94/605 640/129/639 641/130/640
f 606/94/605 641/130/640 607/95/606
f 607/95/606 641/130/640 642/131/641
f 607/95/606 642/131/641 608/96/607
f 608/96/607 642/131/641 643/132/642
f 608/96/607 643/132/642 609/97/608
f 609/97/608 643/132/642 644/133/643
f 609/97/608 644/133/643 610/98/609
f 610/98/609 644/133/643 645/134/644
f 610/98/609 645/134/644 611/99/610
f 611/99/610 645/134/644 646/135/645
f 611/99/610 646/135/645 612/100/611
f 612/100/611 646/135/645 647/136/646
f 612/100/611 647/136/646 613/101/612
f 613/101/612 647/136/646 648/137/647
f 613/101/612 648/137/647 614/102/613
f 614/102/613 648/137/647 649/138/648
f 614/102/613 649/138/648 615/103/614
f 615/103/614 649/138/648 616/139/615
f 615/103/614 616/139/615 582/104/582
f 616/105/615 650/140/649 651/141/650
f 616/105/615 651/141/650 617/106/616
f 617/106/616 651/141/650 652/142/651
f 617/106/616 652/142/651 618/107/617
f 618/107/617 652/142/651 653/143/652
f 618/107/617 653/143/652 619/108/618
f 619/108/618 653/143/652 654/144/653
f 619/108/618 654/144/653 620/109/619
f 620/109/619 654/144/653 655/145/654
f 620/109/619 655/145/654 621/110/620
f 621/110/620 655/145/654 656/146/655
f 621/110/620 656/146/655 622/111/621
f 622/111/621 656/146/655 657/147/656
f 622/111/621 657/147/656 623/112/622
f 623/112/622 657/147/656 658/148/657
f 623/112/622 658/148/657 624/113/623
f 624/113/623 658/148/657 659/149/658
f 624/113/623 659/149/658 625/114/624
f 625/114/624 659/149/658 660/150/659
f 625/114/624 660/150/659 626/115/625
f 626/115/625 660/150/659 661/151/660
f 626/115/625 661/151/660 627/116/626
f 627/116/626 661/151/660 662/152/661
f 627/116/626 662/152/661 628/117/627
f 628/117/627 662/152/661 663/153/662
f 628/117/627 663/153/662 629/118/628
f 629/118/628 663/153/662 664/154/663
f 629/118/628 664/154/663 630/119/629
f 630/119/629 664/154/663 665/155/664
f 630/119/629 665/155/664 631/120/630
f 631/120/630 665/155/664 666/156/665
f 631/120/630 666/156/665 632/121/631
f 632/121/631 666/156/665 667/157/666
f 632/121/631 667/157/666 633/122/632
f 633/122/632 667/157/666 668/158/667
f 633/122/632 668/158/667 634/123/633
f 634/123/633 668/158/667 669/159/668
f 634/123/633 669/159/668 635/124/634
f 635/124/634 669/159/668 670/160/669
f 635/124/634 670/160/669 636/125/635
f 636/125/635 670/160/669 671/161/670
f 636/125/635 671/161/670 637/126/636
f 637/126/636 671/161/670 672/162/671
f 637/126/636 672/162/671 638/127/637
f 638/127/637 672/162/671 673/163/672
f 638/127/637 673/163/672 639/128/638
f 639/128/638 673/163/672 674/164/673
f 639/128/638 674/164/673 640/129/639
f 640/129/639 674/164/673 675/165/674
f 640/129/639 675/165/674 641/130/640
f 641/130/640 675/165/674 676/166/675
f 641/130/640 676/166/675 642/131/641
f 642/131/641 676/166/675 677/167/676
f 642/131/641 677/167/676 643/132/642
f 643/132/642 677/167/676 678/168/677
f 643/132/642 678/168/677 644/133/643
f 644/133/643 678/168/677 679/169/678
f 644/133/643 679/169/678 645/134/644
f 645/134/644 679/169/678 680/170/679
f 645/134/644 680/170/679 646/135/645
f 646/135/645 680/170/679 681/171/680
f 646/135/645 681/171/680 647/136/646
f 647/136/646 681/171/680 682/172/681
f 647/136/646 682/172/681 648/137/647
f 648/137/647 682/172/681 683/173/682
f 648/137/647 683/173/682 649/138/648
f 649/138/648 683/173/682 650/174/649
f 649/138/648 650/174/649 616/139/615
f 650/140/649 684/175/683 685/176/684
f 650/140/649 685/176/684 651/141/650
f 651/141/650 685/176/684 686/177/685
f 651/141/650 686/177/685 652/142/651
f 652/142/651 686/177/685 687/178/686
f 652/142/651 687/178/686 653/143/652
f 653/143/652 687/178/686 688/179/687
f 653/143/652 688/179/687 654/144/653
f 654/144/653 688/179/687 689/180/688
f 654/144/653 689/180/688 655/145/654
f 655/145/654 689/180/688 690/181/689
f 655/145/654 690/181/689 656/146/655
f 656/146/655 690/181/689 691/182/690
f 656/146/655 691/182/690 657/147/656
f 657/147/656 691/182/690 692/183/691
f 657/147/656 692/183/691 658/148/657
f 658/148/657 692/183/691 693/184/692
f 658/148/657 693/184/692 659/149/658
f 659/149/658 693/184/692 694/185/693
f 659/149/658 694/185/693 660/150/659
f 660/150/659 694/185/693 695/186/694
f 660/150/659 695/186/694 661/151/660
f 661/151/660 695/186/694 696/187/695
f 661/151/660 696/187/695 662/152/661
f 662/152/661 696/187/695 697/188/696
f 662/152/661 697/188/696 663/153/662
f 663/153/662 697/188/696 698/189/697
f 663/153/662 698/189/697 664/154/663
f 664/154/663 698/189/697 699/190/698
f 664/154/663 699/190/698 665/155/664
f 665/155/664 699/190/698 700/191/699
f 665/155/664 700/191/699 666/156/665
f 666/156/665 700/191/699 701/192/700
f 666/156/665 701/192/700 667/157/666
f 667/157/666 701/192/700 702/193/701
f 667/157/666 702/193/701 668/158/667
f 668/158/667 702/193/701 703/194/702
f 668/158/667 703/194/702 669/159/668
f 669/159/668 703/194/702 704/195/703
f 669/159/668 704/195/703 670/160/669
f 670/160/669 704/195/703 705/196/704
f 670/160/669 705/196/704 671/161/670
f 671/161/670 705/196/704 706/197/705
f 671/161/670 706/197/705 672/162/671
f 672/162/671 706/197/705 707/198/706
f 672/162/671 707/198/706 673/163/672
f 673/163/672 707/198/706 708/199/707
f 673/163/672 708/199/707 674/164/673
f 674/164/673 708/199/707 709/200/708
f 674/164/673 709/200/708 675/165/674
f 675/165/674 709/200/708 710/201/709
f 675/165/674 710/201/709 676/166/675
f 676/166/675 710/201/709 711/202/710
f 676/166/675 711/202/710 677/167/676
f 677/167/676 711/202/710 712/203/711
f 677/167/676 712/203/711 678/168/677
f 678/168/677 712/203/711 713/204/712
f 678/168/677 713/204/712 679/169/678
f 679/169/678 713/204/712 714/205/713
f 679/169/678 714/205/713 680/170/679
f 680/170/679 714/205/713 715/206/714
f 680/170/679 715/206/714 681/171/680
f 681/171/680 715/206/714 716/207/715
f 681/171/680 716/207/715 682/172/681
f 682/172/681 716/207/715 717/208/716
f 682/172/681 717/208/716 683/173/682
f 683/173/682 717/208/716 684/209/683
f 683/173/682 684/209/683 650/174/649
f 684/175/683 718/210/717 719/211/718
f 684/175/683 719/211/718 685/176/684
f 685/176/684 719/211/718 720/212/719
f 685/176/684 720/212/719 686/177/685
f 686/177/685 720/212/719 721/213/720
f 686/177/685 721/213/720 687/178/686
f 687/178/686 721/213/720 722/214/721
f 687/178/686 722/214/721 688/179/687
f 688/179/687 722/214/721 723/215/177
f 688/179/687 723/215/177 689/180/688
f 689/180/688 723/215/177 724/216/722
f 689/180/688 724/216/722 690/181/689
f 690/181/689 724/216/722 725/217/723
f 690/181/689 725/217/723 691/182/690
f 691/182/690 725/217/723 726/218/724
f 691/182/690 726/218/724 692/183/691
f 692/183/691 726/218/724 727/219/725
f 692/183/691 727/219/725 693/184/692
f 693/184/692 727/219/725 728/220/726
f 693/184/692 728/220/726 694/185/693
f 694/185/693 728/220/726 729/221/727
f 694/185/693 729/221/727 695/186/694
f 695/186/694 729/221/727 730/222/728
f 695/186/694 730/222/728 696/187/695
f 696/187/695 730/222/728 731/223/729
f 696/187/695 731/223/729 697/188/696
f 697/188/696 731/223/729 732/224/730
f 697/188/696 732/224/730 698/189/697
f 698/189/697 732/224/730 733/225/731
f 698/189/697 733/225/731 699/190/698
f 699/190/698 733/225/731 734/226/732
f 699/190/698 734/226/732 700/191/699
f 700/191/699 734/226/732 735/227/733
f 700/191/699 735/227/733 701/192/700
f 701/192/700 735/227/733 736/228/734
f 701/192/700 736/228/734 702/193/701
f 702/193/701 736/228/734 737/229/735
f 702/193/701 737/229/735 703/194/702
f 703/194/702 737/229/735 738/230/736
f 703/194/702 738/230/736 704/195/703
f 704/195/703 738/230/736 739/231/737
f 704/195/703 739/231/737 705/196/704
f 705/196/704 739/231/737 740/232/738
f 705/196/704 740/232/738 706/197/705
f 706/197/705 740/232/738 741/233/739
f 706/197/705 741/233/739 707/198/706
f 707/198/706 741/233/739 742/234/196
f 707/198/706 742/234/196 708/199/707
f 708/199/707 742/234/196 743/235/740
f 708/199/707 743/235/740 709/200/708
f 709/200/708 743/235/740 744/236/741
f 709/200/708 744/236/741 710/201/709
f 710/201/709 744/236/741 745/237/742
f 710/201/709 745/237/742 711/202/710
f 711/202/710 745/237/742 746/238/743
f 711/202/710 746/238/743 712/203/711
f 712/203/711 746/238/743 747/239/744
f 712/203/711 747/239/744 713/204/712
f 713/204/712 747/239/744 748/240/745
f 713/204/712 748/240/745 714/205/713
f 714/205/713 748/240/745 749/241/746
f 714/205/713 749/241/746 715/206/714
f 715/206/714 749/241/746 750/242/747
f 715/206/714 750/242/747 716/207/715
f 716/207/715 750/242/747 751/243/748
f 716/207/715 751/243/748 717/208/716
f 717/208/716 751/243/748 718/244/717
f 717/208/716 718/244/717 684/209/683
f 718/210/717 752/245/749 753/246/750
f 718/210/717 753/246/750 719/211/718
f 719/211/718 753/246/750 754/247/751
f 719/211/718 754/247/751 720/212/719
f 720/212/719 754/247/751 755/248/752
f 720/212/719 755/248/752 721/213/720
f 721/213/720 755/248/752 756/249/753
f 721/213/720 756/249/753 722/214/721
f 722/214/721 756/249/753 757/250/754
f 722/214/721 757/250/754 723/215/177
f 723/215/177 757/250/754 758/251/755
f 723/215/177 758/251/755 724/216/722
f 724/216/722 758/251/755 759/252/756
f 724/216/722 759/252/756 725/217/723
f 725/217/723 759/252/756 760/253/757
f 725/217/723 760/253/757 726/218/724
f 726/218/724 760/253/757 761/254/758
f 726/218/724 761/254/758 727/219/725
f 727/219/725 761/254/758 762/255/759
f 727/219/725 762/255/759 728/220/726
f 728/220/726 762/255/759 763/256/760
f 728/220/726 763/256/760 729/221/727
f 729/221/727 763/256/760 764/257/761
f 729/221/727 764/257/761 730/222/728
f 730/222/728 764/257/761 765/258/762
f 730/222/728 765/258/762 731/223/729
f 731/223/729 765/258/762 766/259/763
f 731/223/729 766/259/763 732/224/730
f 732/224/730 766/259/763 767/260/764
f 732/224/730 767/260/764 733/225/731
f 733/225/731 767/260/764 768/261/765
f 733/225/731 768/261/765 734/226/732
f 734/226/732 768/261/765 769/262/766
f 734/226/732 769/262/766 735/227/733
f 735/227/733 769/262/766 770/263/767
f 735/227/733 770/263/767 736/228/734
f 736/228/734 770/263/767 771/264/768
f 736/228/734 771/264/768 737/229/735
f 737/229/735 771/264/768 772/265/769
f 737/229/735 772/265/769 738/230/736
f 738/230/736 772/265/769 773/266/770
f 738/230/736 773/266/770 739/231/737
f 739/231/737 773/266/770 774/267/771
f 739/231/737 774/267/771 740/232/738
f 740/232/738 774/267/771 775/268/772
f 740/232/738 775/268/772 741/233/739
f 741/233/739 775/268/772 776/269/773
f 741/233/739 776/269/773 742/234/196
f 742/234/196 776/269/773 777/270/774
f 742/234/196 777/270/774 743/235/740
f 743/235/740 777/270/774 778/271/775
f 743/235/740 778/271/775 744/236/741
f 744/236/741 778/271/775 779/272/776
f 744/236/741 779/272/776 745/237/742
f 745/237/742 779/272/776 780/273/777
f 745/237/742 780/273/777 746/238/743
f 746/238/743 780/273/777 781/274/778
f 746/238/743 781/274/778 747/239/744
f 747/239/744 781/274/778 782/275/779
f 747/239/744 782/275/779 748/240/745
f 748/240/745 782/275/779 783/276/780
f 748/240/745 783/276/780 749/241/746
f 749/241/746 783/276/780 784/277/781
f 749/241/746 784/277/781 750/242/747
f 750/242/747 784/277/781 785/278/782
f 750/242/747 785/278/782 751/243/748
f 751/243/748 785/278/782 752/279/749
f 751/243/748 752/279/749 718/244/717
f 752/245/749 786/280/783 787/281/784
f 752/245/749 787/281/784 753/246/750
f 753/246/750 787/281/784 788/282/785
f 753/246/750 788/282/785 754/247/751
f 754/247/751 788/282/785 789/283/786
f 754/247/751 789/283/786 755/248/752
f 755/248/752 789/283/786 790/284/787
f 755/248/752 790/284/787 756/249/753
f 756/249/753 790/284/787 791/285/788
f 756/249/753 791/285/788 757/250/754
f 757/250/754 791/285/788 792/286/789
f 757/250/754 792/286/789 758/251/755
f 758/251/755 792/286/789 793/287/790
f 758/251/755 793/287/790 759/252/756
f 759/252/756 793/287/790 794/288/791
f 759/252/756 794/288/791 760/253/757
f 760/253/757 794/288/791 795/289/792
f 760/253/757 795/289/792 761/254/758
f 761/254/758 795/289/792 796/290/793
f 761/254/758 796/290/793 762/255/759
f 762/255/759 796/290/793 797/291/794
f 762/255/759 797/291/794 763/256/760
f 763/256/760 797/291/794 798/292/795
f 763/256/760 798/292/795 764/257/761
f 764/257/761 798/292/795 799/293/796
f 764/257/761 799/293/796 765/258/762
f 765/258/762 799/293/796 800/294/797
f 765/258/762 800/294/797 766/259/763
f 766/259/763 800/294/797 801/295/798
f 766/259/763 801/295/798 767/260/764
f 767/260/764 801/295/798 802/296/799
f 767/260/764 802/296/799 768/261/765
f 768/261/765 802/296/799 803/297/800
f 768/261/765 803/297/800 769/262/766
f 769/262/766 803/297/800 804/298/801
f 769/262/766 804/298/801 770/263/767
f 770/263/767 804/298/801 805/299/802
f 770/263/767 805/299/802 771/264/768
f 771/264/768 805/299/802 806/300/803
f 771/264/768 806/300/803 772/265/769
f 772/265/769 806/300/803 807/301/804
f 772/265/769 807/301/804 773/266/770
f 773/266/770 807/301/804 808/302/805
f 773/266/770 808/302/805 774/267/771
f 774/267/771 808/302/805 809/303/806
f 774/267/771 809/303/806 775/268/772
f 775/268/772 809/303/806 810/304/807
f 775/268/772 810/304/807 776/269/773
f 776/269/773 810/304/807 811/305/808
f 776/269/773 811/305/808 777/270/774
f 777/270/774 811/305/808 812/306/266
f 777/270/774 812/306/266 778/271/775
f 778/271/775 812/306/266 813/307/809
f 778/271/775 813/307/809 779/272/776
f 779/272/776 813/307/809 814/308/810
f 779/272/776 814/308/810 780/273/777
f 780/273/777 814/308/810 815/309/811
f 780/273/777 815/309/811 781/274/778
f 781/274/778 815/309/811 816/310/812
f 781/274/778 816/310/812 782/275/779
f 782/275/779 816/310/812 817/311/813
f 782/275/779 817/311/813 783/276/780
f 783/276/780 817/311/813 818/312/814
f 783/276/780 818/312/814 784/277/781
f 784/277/781 818/312/814 819/313/815
f 784/277/781 819/313/815 785/278/782
f 785/278/782 819/313/815 786/314/783
f 785/278/782 786/314/783 752/279/749
f 786/280/783 820/315/816 821/316/817
f 786/280/783 821/316/817 787/281/784
f 787/281/784 821/316/817 822/317/818
f 787/281/784 822/317/818 788/282/785
f 788/282/785 822/317/818 823/318/819
f 788/282/785 823/318/819 789/283/786
f 789/283/786 823/318/819 824/319/278
f 789/283/786 824/319/278 790/284/787
f 790/284/787 824/319/278 825/320/820
f 790/284/787 825/320/820 791/285/788
f 791/285/788 825/320/820 826/321/821
f 791/285/788 826/321/821 792/286/789
f 792/286/789 826/321/821 827/322/822
f 792/286/789 827/322/822 793/287/790
f 793/287/790 827/322/822 828/323/823
f 793/287/790 828/323/823 794/288/791
f 794/288/791 828/323/823 829/324/824
f 794/288/791 829/324/824 795/289/792
f 795/289/792 829/324/824 830/325/825
f 795/289/792 830/325/825 796/290/793
f 796/290/793 830/325/825 831/326/826
f 796/290/793 831/326/826 797/291/794
f 797/291/794 831/326/826 832/327/827
f 797/291/794 832/327/827 798/292/795
f 798/292/795 832/327/827 833/328/828
f 798/292/795 833/328/828 799/293/796
f 799/293/796 833/328/828 834/329/829
f 799/293/796 834/329/829 800/294/797
f 800/294/797 834/329/829 835/330/830
f 800/294/797 835/330/830 801/295/798
f 801/295/798 835/330/830 836/331/831
f 801/295/798 836/331/831 802/296/799
f 802/296/799 836/331/831 837/332/832
f 802/296/799 837/332/832 803/297/800
f 803/297/800 837/332/832 838/333/833
f 803/297/800 838/333/833 804/298/801
f 804/298/801 838/333/833 839/334/834
f 804/298/801 839/334/834 805/299/802
f 805/299/802 839/334/834 840/335/835
f 805/299/802 840/335/835 806/300/803
f 806/300/803 840/335/835 841/336/836
f 806/300/803 841/336/836 807/301/804
f 807/301/804 841/336/836 842/337/837
f 807/301/804 842/337/837 808/302/805
f 808/302/805 842/337/837 843/338/838
f 808/302/805 843/338/838 809/303/806
f 809/303/806 843/338/838 844/339/839
f 809/303/806 844/339/839 810/304/807
f 810/304/807 844/339/839 845/340/840
f 810/304/807 845/340/840 811/305/808
f 811/305/808 845/340/840 846/341/841
f 811/305/808 846/341/841 812/306/266
f 812/306/266 846/341/841 847/342/842
f 812/306/266 847/342/842 813/307/809
f 813/307/809 847/342/842 848/343/843
f 813/307/809 848/343/843 814/308/810
f 814/308/810 848/343/843 849/344/844
f 814/308/810 849/344/844 815/309/811
f 815/309/811 849/344/844 850/345/845
f 815/309/811 850/345/845 816/310/812
f 816/310/812 850/345/845 851/346/846
f 816/310/812 851/346/846 817/311/813
f 817/311/813 851/346/846 852/347/847
f 817/311/813 852/347/847 818/312/814
f 818/312/814 852/347/847 853/348/848
f 818/312/814 853/348/848 819/313/815
f 819/313/815 853/348/848 820/349/816
f 819/313/815 820/349/816 786/314/783
f 820/315/816 854/350/849 855/351/850
f 820/315/816 855/351/850 821/316/817
f 821/316/817 855/351/850 856/352/851
f 821/316/817 856/352/851 822/317/818
f 822/317/818 856/352/851 857/353/852
f 822/317/818 857/353/852 823/318/819
f 823/318/819 857/353/852 858/354/853
f 823/318/819 858/354/853 824/319/278
f 824/319/278 858/354/853 859/355/854
f 824/319/278 859/355/854 825/320/820
f 825/320/820 859/355/854 860/356/855
f 825/320/820 860/356/855 826/321/821
f 826/321/821 860/356/855 861/357/856
f 826/321/821 861/357/856 827/322/822
f 827/322/822 861/357/856 862/358/857
f 827/322/822 862/358/857 828/323/823
f 828/323/823 862/358/857 863/359/858
f 828/323/823 863/359/858 829/324/824
f 829/324/824 863/359/858 864/360/859
f 829/324/824 864/360/859 830/325/825
f 830/325/825 864/360/859 865/361/860
f 830/325/825 865/361/860 831/326/826
f 831/326/826 865/361/860 866/362/861
f 831/326/826 866/362/861 832/327/827
f 832/327/827 866/362/861 867/363/862
f 832/327/827 867/363/862 833/328/828
f 833/328/828 867/363/862 868/364/863
f 833/328/828 868/364/863 834/329/829
f 834/329/829 868/364/863 869/365/864
f 834/329/829 869/365/864 835/330/830
f 835/330/830 869/365/864 870/366/865
f 835/330/830 870/366/865 836/331/831
f 836/331/831 870/366/865 871/367/866
f 836/331/831 871/367/866 837/332/832
f 837/332/832 871/367/866 872/368/867
f 837/332/832 872/368/867 838/333/833
f 838/333/833 872/368/867 873/369/868
f 838/333/833 873/369/868 839/334/834
f 839/334/834 873/369/868 874/370/869
f 839/334/834 874/370/869 840/335/835
f 840/335/835 874/370/869 875/371/870
f 840/335/835 875/371/870 841/336/836
f 841/336/836 875/371/870 876/372/871
f 841/336/836 876/372/871 842/337/837
f 842/337/837 876/372/871 877/373/872
f 842/337/837 877/373/872 843/338/838
f 843/338/838 877/373/872 878/374/873
f 843/338/838 878/374/873 844/339/839
f 844/339/839 878/374/873 879/375/874
f 844/339/839 879/375/874 845/340/840
f 845/340/840 879/375/874 880/376/875
f 845/340/840 880/376/875 846/341/841
f 846/341/841 880/376/875 881/377/876
f 846/341/841 881/377/876 847/342/842
f 847/342/842 881/377/876 882/378/877
f 847/342/842 882/378/877 848/343/843
f 848/343/843 882/378/877 883/379/878
f 848/343/843 883/379/878 849/344/844
f 849/344/844 883/379/878 884/380/879
f 849/344/844 884/380/879 850/345/845
f 850/345/845 884/380/879 885/381/880
f 850/345/845 885/381/880 851/346/846
f 851/346/846 885/381/880 886/382/881
f 851/346/846 886/382/881 852/347/847
f 852/347/847 886/382/881 887/383/882
f 852/347/847 887/383/882 853/348/848
f 853/348/848 887/383/882 854/384/849
f 853/348/848 854/384/849 820/349/816
f 854/350/849 888/385/883 889/386/884
f 854/350/849 889/386/884 855/351/850
f 855/351/850 889/386/884 890/387/885
f 855/351/850 890/387/885 856/352/851
f 856/352/851 890/387/885 891/388/886
f 856/352/851 891/388/886 857/353/852
f 857/353/852 891/388/886 892/389/887
f 857/353/852 892/389/887 858/354/853
f 858/354/853 892/389/887 893/390/888
f 858/354/853 893/390/888 859/355/854
f 859/355/854 893/390/888 894/391/889
f 859/355/854 894/391/889 860/356/855
f 860/356/855 894/391/889 895/392/890
f 860/356/855 895/392/890 861/357/856
f 861/357/856 895/392/890 896/393/891
f 861/357/856 896/393/891 862/358/857
f 862/358/857 896/393/891 897/394/892
f 862/358/857 897/394/892 863/359/858
f 863/359/858 897/394/892 898/395/893
f 863/359/858 898/395/893 864/360/859
f 864/360/859 898/395/893 899/396/894
f 864/360/859 899/396/894 865/361/860
f 865/361/860 899/396/894 900/397/895
f 865/361/860 900/397/895 866/362/861
f 866/362/861 900/397/895 901/398/896
f 866/362/861 901/398/896 867/363/862
f 867/363/862 901/398/896 902/399/897
f 867/363/862 902/399/897 868/364/863
f 868/364/863 902/399/897 903/400/898
f 868/364/863 903/400/898 869/365/864
f 869/365/864 903/400/898 904/401/899
f 869/365/864 904/401/899 870/366/865
f 870/366/865 904/401/899 905/402/900
f 870/366/865 905/402/900 871/367/866
f 871/367/866 905/402/900 906/403/901
f 871/367/866 906/403/901 872/368/867
f 872/368/867 906/403/901 907/404/902
f 872/368/867 907/404/902 873/369/868
f 873/369/868 907/404/902 908/405/903
f 873/369/868 908/405/903 874/370/869
f 874/370/869 908/405/903 909/406/904
f 874/370/869 909/406/904 875/371/870
f 875/371/870 909/406/904 910/407/905
f 875/371/870 910/407/905 876/372/871
f 876/372/871 910/407/905 911/408/906
f 876/372/871 911/408/906 877/373/872
f 877/373/872 911/408/906 912/409/907
f 877/373/872 912/409/907 878/374/873
f 878/374/873 912/409/907 913/410/908
f 878/374/873 913/410/908 879/375/874
f 879/375/874 913/410/908 914/411/909
f 879/375/874 914/411/909 880/376/875
f 880/376/875 914/411/909 915/412/910
f 880/376/875 915/412/910 881/377/876
f 881/377/876 915/412/910 916/413/911
f 881/377/876 916/413/911 882/378/877
f 882/378/877 916/413/911 917/414/912
f 882/378/877 917/414/912 883/379/878
f 883/379/878 917/414/912 918/415/913
f 883/379/878 918/415/913 884/380/879
f 884/380/879 918/415/913 919/416/914
f 884/380/879 919/416/914 885/381/880
f 885/381/880 919/416/914 920/417/915
f 885/381/880 920/417/915 886/382/881
f 886/382/881 920/417/915 921/418/916
f 886/382/881 921/418/916 887/383/882
f 887/383/882 921/418/916 888/419/883
f 887/383/882 888/419/883 854/384/849
f 888/385/883 922/420/917 923/421/918
f 888/385/883 923/421/918 889/386/884
f 889/386/884 923/421/918 924/422/919
f 889/386/884 924/422/919 890/387/885
f 890/387/885 924/422/919 925/423/920
f 890/387/885 925/423/920 891/388/886
f 891/388/886 925/423/920 926/424/921
f 891/388/886 926/424/921 892/389/887
f 892/389/887 926/424/921 927/425/922
f 892/389/887 927/425/922 893/390/888
f 893/390/888 927/425/922 928/426/923
f 893/390/888 928/426/923 894/391/889
f 894/391/889 928/426/923 929/427/924
f 894/391/889 929/427/924 895/392/890
f 895/392/890 929/427/924 930/428/925
f 895/392/890 930/428/925 896/393/891
f 896/393/891 930/428/925 931/429/926
f 896/393/891 931/429/926 897/394/892
f 897/394/892 931/429/926 932/430/927
f 897/394/892 932/430/927 898/395/893
f 898/395/893 932/430/927 933/431/928
f 898/395/893 933/431/928 899/396/894
f 899/396/894 933/431/928 934/432/929
f 899/396/894 934/432/929 900/397/895
f 900/397/895 934/432/929 935/433/930
f 900/397/895 935/433/930 901/398/896
f 901/398/896 935/433/930 936/434/931
f 901/398/896 936/434/931 902/399/897
f 902/399/897 936/434/931 937/435/932
f 902/399/897 937/435/932 903/400/898
f 903/400/898 937/435/932 938/436/933
f 903/400/898 938/436/933 904/401/899
f 904/401/899 938/436/933 939/437/934
f 904/401/899 939/437/934 905/402/900
f 905/402/900 939/437/934 940/438/935
f 905/402/900 940/438/935 906/403/901
f 906/403/901 940/438/935 941/439/936
f 906/403/901 941/439/936 907/404/902
f 907/404/902 941/439/936 942/440/937
f 907/404/902 942/440/937 908/405/903
f 908/405/903 942/440/937 943/441/938
f 908/405/903 943/441/938 909/406/904
f 909/406/904 943/441/938 944/442/939
f 909/406/904 944/442/939 910/407/905
f 910/407/905 944/442/939 945/443/940
f 910/407/905 945/443/940 911/408/906
f 911/408/906 945/443/940 946/444/941
f 911/408/906 946/444/941 912/409/907
f 912/409/907 946/444/941 947/445/942
f 912/409/907 947/445/942 913/410/908
f 913/410/908 947/445/942 948/446/943
f 913/410/908 948/446/943 914/411/909
f 914/411/909 948/446/943 949/447/944
f 914/411/909 949/447/944 915/412/910
f 915/412/910 949/447/944 950/448/404
f 915/412/910 950/448/404 916/413/911
f 916/413/911 950/448/404 951/449/945
f 916/413/911 951/449/945 917/414/912
f 917/414/912 951/449/945 952/450/946
f 917/414/912 952/450/946 918/415/913
f 918/415/913 952/450/946 953/451/947
f 918/415/913 953/451/947 919/416/914
f 919/416/914 953/451/947 954/452/948
f 919/416/914 954/452/948 920/417/915
f 920/417/915 954/452/948 955/453/949
f 920/417/915 955/453/949 921/418/916
f 921/418/916 955/453/949 922/454/917
f 921/418/916 922/454/917 888/419/883
f 922/420/917 956/455/950 957/456/951
f 922/420/917 957/456/951 923/421/918
f 923/421/918 957/456/951 958/457/952
f 923/421/918 958/457/952 924/422/919
f 924/422/919 958/457/952 959/458/953
f 924/422/919 959/458/953 925/423/920
f 925/423/920 959/458/953 960/459/954
f 925/423/920 960/459/954 926/424/921
f 926/424/921 960/459/954 961/460/955
f 926/424/921 961/460/955 927/425/922
f 927/425/922 961/460/955 962/461/956
f 927/425/922 962/461/956 928/426/923
f 928/426/923 962/461/956 963/462/957
f 928/426/923 963/462/957 929/427/924
f 929/427/924 963/462/957 964/463/958
f 929/427/924 964/463/958 930/428/925
f 930/428/925 964/463/958 965/464/959
f 930/428/925 965/464/959 931/429/926
f 931/429/926 965/464/959 966/465/960
f 931/429/926 966/465/960 932/430/927
f 932/430/927 966/465/960 967/466/961
f 932/430/927 967/466/961 933/431/928
f 933/431/928 967/466/961 968/467/962
f 933/431/928 968/467/962 934/432/929
f 934/432/929 968/467/962 969/468/963
f 934/432/929 969/468/963 935/433/930
f 935/433/930 969/468/963 970/469/964
f 935/433/930 970/469/964 936/434/931
f 936/434/931 970/469/964 971/470/965
f 936/434/931 971/470/965 937/435/932
f 937/435/932 971/470/965 972/471/966
f 937/435/932 972/471/966 938/436/933
f 938/436/933 972/471/966 973/472/967
f 938/436/933 973/472/967 939/437/934
f 939/437/934 973/472/967 974/473/968
f 939/437/934 974/473/968 940/438/935
f 940/438/935 974/473/968 975/474/969
f 940/438/935 975/474/969 941/439/936
f 941/439/936 975/474/969 976/475/970
f 941/439/936 976/475/970 942/440/937
f 942/440/937 976/475/970 977/476/971
f 942/440/937 977/476/971 943/441/938
f 943/441/938 977/476/971 978/477/972
f 943/441/938 978/477/972 944/442/939
f 944/442/939 978/477/972 979/478/973
f 944/442/939 979/478/973 945/443/940
f 945/443/940 979/478/973 980/479/974
f 945/443/940 980/479/974 946/444/941
f 946/444/941 980/479/974 981/480/975
f 946/444/941 981/480/975 947/445/942
f 947/445/942 981/480/975 982/481/976
f 947/445/942 982/481/976 948/446/943
f 948/446/943 982/481/976 983/482/977
f 948/446/943 983/482/977 949/447/944
f 949/447/944 983/482/977 984/483/978
f 949/447/944 984/483/978 950/448/404
f 950/448/404 984/483/978 985/484/979
f 950/448/404 985/484/979 951/449/945
f 951/449/945 985/484/979 986/485/980
f 951/449/945 986/485/980 952/450/946
f 952/450/946 986/485/980 987/486/981
f 952/450/946 987/486/981 953/451/947
f 953/451/947 987/486/981 988/487/982
f 953/451/947 988/487/982 954/452/948
f 954/452/948 988/487/982 989/488/983
f 954/452/948 989/488/983 955/453/949
f 955/453/949 989/488/983 956/489/950
f 955/453/949 956/489/950 922/454/917
f 956/455/950 990/490/984 991/491/985
f 956/455/950 991/491/985 957/456/951
f 957/456/951 991/491/985 992/492/986
f 957/456/951 992/492/986 958/457/952
f 958/457/952 992/492/986 993/493/987
f 958/457/952 993/493/987 959/458/953
f 959/458/953 993/493/987 994/494/988
f 959/458/953 994/494/988 960/459/954
f 960/459/954 994/494/988 995/495/989
f 960/459/954 995/495/989 961/460/955
f 961/460/955 995/495/989 996/496/990
f 961/460/955 996/496/990 962/461/956
f 962/461/956 996/496/990 997/497/991
f 962/461/956 997/497/991 963/462/957
f 963/462/957 997/497/991 998/498/992
f 963/462/957 998/498/992 964/463/958
f 964/463/958 998/498/992 999/499/993
f 964/463/958 999/499/993 965/464/959
f 965/464/959 999/499/993 1000/500/994
f 965/464/959 1000/500/994 966/465/960
f 966/465/960 1000/500/994 1001/501/995
f 966/465/960 1001/501/995 967/466/961
f 967/466/961 1001/501/995 1002/502/996
f 967/466/961 1002/502/996 968/467/962
f 968/467/962 1002/502/996 1003/503/997
f 968/467/962 1003/503/997 969/468/963
f 969/468/963 1003/503/997 1004/504/998
f 969/468/963 1004/504/998 970/469/964
f 970/469/964 1004/504/998 1005/505/999
f 970/469/964 1005/505/999 971/470/965
f 971/470/965 1005/505/999 1006/506/1000
f 971/470/965 1006/506/1000 972/471/966
f 972/471/966 1006/506/1000 1007/507/1001
f 972/471/966 1007/507/1001 973/472/967
f 973/472/967 1007/507/1001 1008/508/1002
f 973/472/967 1008/508/1002 974/473/968
f 974/473/968 1008/508/1002 1009/509/1003
f 974/473/968 1009/509/1003 975/474/969
f 975/474/969 1009/509/1003 1010/510/1004
f 975/474/969 1010/510/1004 976/475/970
f 976/475/970 1010/510/1004 1011/511/1005
f 976/475/970 1011/511/1005 977/476/971
f 977/476/971 1011/511/1005 1012/512/1006
f 977/476/971 1012/512/1006 978/477/972
f 978/477/972 1012/512/1006 1013/513/1007
f 978/477/972 1013/513/1007 979/478/973
f 979/478/973 1013/513/1007 1014/514/1008
f 979/478/973 1014/514/1008 980/479/974
f 980/479/974 1014/514/1008 1015/515/1009
f 980/479/974 1015/515/1009 981/480/975
f 981/480/975 1015/515/1009 1016/516/1010
f 981/480/975 1016/516/1010 982/481/976
f 982/481/976 1016/516/1010 1017/517/1011
f 982/481/976 1017/517/1011 983/482/977
f 983/482/977 1017/517/1011 1018/518/1012
f 983/482/977 1018/518/1012 984/483/978
f 984/483/978 1018/518/1012 1019/519/1013
f 984/483/978 1019/519/1013 985/484/979
f 985/484/979 1019/519/1013 1020/520/1014
f 985/484/979 1020/520/1014 986/485/980
f 986/485/980 1020/520/1014 1021/521/1015
f 986/485/980 1021/521/1015 987/486/981
f 987/486/981 1021/521/1015 1022/522/1016
f 987/486/981 1022/522/1016 988/487/982
f 988/487/982 1022/522/1016 1023/523/1017
f 988/487/982 1023/523/1017 989/488/983
f 989/488/983 1023/523/1017 990/524/984
f 989/488/983 990/524/984 956/489/950
f 990/490/984 1024/525/1018 1025/526/1019
f 990/490/984 1025/526/1019 991/491/985
f 991/491/985 1025/526/1019 1026/527/1020
f 991/491/985 1026/527/1020 992/492/986
f 992/492/986 1026/527/1020 1027/528/1021
f 992/492/986 1027/528/1021 993/493/987
f 993/493/987 1027/528/1021 1028/529/1022
f 993/493/987 1028/529/1022 994/494/988
f 994/494/988 1028/529/1022 1029/530/1023
f 994/494/988 1029/530/1023 995/495/989
f 995/495/989 1029/530/1023 1030/531/1024
f 995/495/989 1030/531/1024 996/496/990
f 996/496/990 1030/531/1024 1031/532/1025
f 996/496/990 1031/532/1025 997/497/991
f 997/497/991 1031/532/1025 1032/533/1026
f 997/497/991 1032/533/1026 998/498/992
f 998/498/992 1032/533/1026 1033/534/1027
f 998/498/992 1033/534/1027 999/499/993
f 999/499/993 1033/534/1027 1034/535/1028
f 999/499/993 1034/535/1028 1000/500/994
f 1000/500/994 1034/535/1028 1035/536/1029
f 1000/500/994 1035/536/1029 1001/501/995
f 1001/501/995 1035/536/1029 1036/537/1030
f 1001/501/995 1036/537/1030 1002/502/996
f 1002/502/996 1036/537/1030 1037/538/1031
f 1002/502/996 1037/538/1031 1003/503/997
f 1003/503/997 1037/538/1031 1038/539/1032
f 1003/503/997 1038/539/1032 1004/504/998
f 1004/504/998 1038/539/1032 1039/540/1033
f 1004/504/998 1039/540/1033 1005/505/999
f 1005/505/999 1039/540/1033 1040/541/1034
f 1005/505/999 1040/541/1034 1006/506/1000
f 1006/506/1000 1040/541/1034 1041/542/1035
f 1006/506/1000 1041/542/1035 1007/507/1001
f 1007/507/1001 1041/542/1035 1042/543/1036
f 1007/507/1001 1042/543/1036 1008/508/1002
f 1008/508/1002 1042/543/1036 1043/544/1037
f 1008/508/1002 1043/544/1037 1009/509/1003
f 1009/509/1003 1043/544/1037 1044/545/1038
f 1009/509/1003 1044/545/1038 1010/510/1004
f 1010/510/1004 1044/545/1038 1045/546/1039
f 1010/510/1004 1045/546/1039 1011/511/1005
f 1011/511/1005 1045/546/1039 1046/547/1040
f 1011/511/1005 1046/547/1040 1012/512/1006
f 1012/512/1006 1046/547/1040 1047/548/1041
f 1012/512/1006 1047/548/1041 1013/513/1007
f 1013/513/1007 1047/548/1041 1048/549/1042
f 1013/513/1007 1048/549/1042 1014/514/1008
f 1014/514/1008 1048/549/1042 1049/550/1043
f 1014/514/1008 1049/550/1043 1015/515/1009
f 1015/515/1009 1049/550/1043 1050/551/1044
f 1015/515/1009 1050/551/1044 1016/516/1010
f 1016/516/1010 1050/551/1044 1051/552/1045
f 1016/516/1010 1051/552/1045 1017/517/1011
f 1017/517/1011 1051/552/1045 1052/553/1046
f 1017/517/1011 1052/553/1046 1018/518/1012
f 1018/518/1012 1052/553/1046 1053/554/507
f 1018/518/1012 1053/554/507 1019/519/1013
f 1019/519/1013 1053/554/507 1054/555/1047
f 1019/519/1013 1054/555/1047 1020/520/1014
f 1020/520/1014 1054/555/1047 1055/556/1048
f 1020/520/1014 1055/556/1048 1021/521/1015
f 1021/521/1015 1055/556/1048 1056/557/1049
f 1021/521/1015 1056/557/1049 1022/522/1016
f 1022/522/1016 1056/557/1049 1057/558/1050
f 1022/522/1016 1057/558/1050 1023/523/1017
f 1023/523/1017 1057/558/1050 1024/559/1018
f 1023/523/1017 1024/559/1018 990/524/984
f 1024/525/1018 1058/560/1051 1059/561/1052
f 1024/525/1018 1059/561/1052 1025/526/1019
f 1025/526/1019 1059/561/1052 1060/562/1053
f 1025/526/1019 1060/562/1053 1026/527/1020
f 1026/527/1020 1060/562/1053 1061/563/1054
f 1026/527/1020 1061/563/1054 1027/528/1021
f 1027/528/1021 1061/563/1054 1062/564/1055
f 1027/528/1021 1062/564/1055 1028/529/1022
f 1028/529/1022 1062/564/1055 1063/565/1056
f 1028/529/1022 1063/565/1056 1029/530/1023
f 1029/530/1023 1063/565/1056 1064/566/1057
f 1029/530/1023 1064/566/1057 1030/531/1024
f 1030/531/1024 1064/566/1057 1065/567/1058
f 1030/531/1024 1065/567/1058 1031/532/1025
f 1031/532/1025 1065/567/1058 1066/568/1059
f 1031/532/1025 1066/568/1059 1032/533/1026
f 1032/533/1026 1066/568/1059 1067/569/1060
f 1032/533/1026 1067/569/1060 1033/534/1027
f 1033/534/1027 1067/569/1060 1068/570/1061
f 1033/534/1027 1068/570/1061 1034/535/1028
f 1034/535/1028 1068/570/1061 1069/571/1062
f 1034/535/1028 1069/571/1062 1035/536/1029
f 1035/536/1029 1069/571/1062 1070/572/1063
f 1035/536/1029 1070/572/1063 1036/537/1030
f 1036/537/1030 1070/572/1063 1071/573/1064
f 1036/537/1030 1071/573/1064 1037/538/1031
f 1037/538/1031 1071/573/1064 1072/574/1065
f 1037/538/1031 1072/574/1065 1038/539/1032
f 1038/539/1032 1072/574/1065 1073/575/1066
f 1038/539/1032 1073/575/1066 1039/540/1033
f 1039/540/1033 1073/575/1066 1074/576/1067
f 1039/540/1033 1074/576/1067 1040/541/1034
f 1040/541/1034 1074/576/1067 1075/577/1068
f 1040/541/1034 1075/577/1068 1041/542/1035
f 1041/542/1035 1075/577/1068 1076/578/1069
f 1041/542/1035 1076/578/1069 1042/543/1036
f 1042/543/1036 1076/578/1069 1077/579/1070
f 1042/543/1036 1077/579/1070 1043/544/1037
f 1043/544/1037 1077/579/1070 1078/580/1071
f 1043/544/1037 1078/580/1071 1044/545/1038
f 1044/545/1038 1078/580/1071 1079/581/1072
f 1044/545/1038 1079/581/1072 1045/546/1039
f 1045/546/1039 1079/581/1072 1080/582/1073
f 1045/546/1039 1080/582/1073 1046/547/1040
f 1046/547/1040 1080/582/1073 1081/583/1074
f 1046/547/1040 1081/583/1074 1047/548/1041
f 1047/548/1041 1081/583/1074 1082/584/1075
f 1047/548/1041 1082/584/1075 1048/549/1042
f 1048/549/1042 1082/584/1075 1083/585/1076
f 1048/549/1042 1083/585/1076 1049/550/1043
f 1049/550/1043 1083/585/1076 1084/586/1077
f 1049/550/1043 1084/586/1077 1050/551/1044
f 1050/551/1044 1084/586/1077 1085/587/1078
f 1050/551/1044 1085/587/1078 1051/552/1045
f 1051/552/1045 1085/587/1078 1086/588/1079
f 1051/552/1045 1086/588/1079 1052/553/1046
f 1052/553/1046 1086/588/1079 1087/589/1080
f 1052/553/1046 1087/589/1080 1053/554/507
f 1053/554/507 1087/589/1080 1088/590/1081
f 1053/554/507 1088/590/1081 1054/555/1047
f 1054/555/1047 1088/590/1081 1089/591/1082
f 1054/555/1047 1089/591/1082 1055/556/1048
f 1055/556/1048 1089/591/1082 1090/592/1083
f 1055/556/1048 1090/592/1083 1056/557/1049
f 1056/557/1049 1090/592/1083 1091/593/1084
f 1056/557/1049 1091/593/1084 1057/558/1050
f 1057/558/1050 1091/593/1084 1058/594/1051
f 1057/558/1050 1058/594/1051 1024/559/1018
f 1092/595/1085 1059/561/1052 1058/560/1051
f 1092/596/1085 1060/562/1053 1059/561/1052
f 1092/597/1085 1061/563/1054 1060/562/1053
f 1092/598/1085 1062/564/1055 1061/563/1054
f 1092/599/1085 1063/565/1056 1062/564/1055
f 1092/600/1085 1064/566/1057 1063/565/1056
f 1092/601/1085 1065/567/1058 1064/566/1057
f 1092/602/1085 1066/568/1059 1065/567/1058
f 1092/603/1085 1067/569/1060 1066/568/1059
f 1092/604/1085 1068/570/1061 1067/569/1060
f 1092/605/1085 1069/571/1062 1068/570/1061
f 1092/606/1085 1070/572/1063 1069/571/1062
f 1092/607/1085 1071/573/1064 1070/572/1063
f 1092/608/1085 1072/574/1065 1071/573/1064
f 1092/609/1085 1073/575/1066 1072/574/1065
f 1092/610/1085 1074/576/1067 1073/575/1066
f 1092/611/1085 1075/577/1068 1074/576/1067
f 1092/612/1085 1076/578/1069 1075/577/1068
f 1092/613/1085 1077/579/1070 1076/578/1069
f 1092/614/1085 1078/580/1071 1077/579/1070
f 1092/615/1085 1079/581/1072 1078/580/1071
f 1092/616/1085 1080/582/1073 1079/581/1072
f 1092/617/1085 1081/583/1074 1080/582/1073
f 1092/618/1085 1082/584/1075 1081/583/1074
f 1092/619/1085 1083/585/1076 1082/584/1075
f 1092/620/1085 1084/586/1077 1083/585/1076
f 1092/621/1085 1085/587/1078 1084/586/1077
f 1092/622/1085 1086/588/1079 1085/587/1078
f 1092/623/1085 1087/589/1080 1086/588/1079
f 1092/624/1085 1088/590/1081 1087/589/1080
f 1092/625/1085 1089/591/1082 1088/590/1081
f 1092/626/1085 1090/592/1083 1089/591/1082
f 1092/627/1085 1091/593/1084 1090/592/1083
f 1092/628/1085 1058/594/1051 1091/593/1084
usemtl floor.009
f 1093/595/1 1094/595/1 1095/595/1
f 1095/595/1 1096/595/1 1093/595/1
usemtl ceiling.009
f 1097/595/546 1098/595/546 1099/595/546
f 1099/595/546 1100/595/546 1097/595/546
usemtl backWall.009
f 1101/595/1086 1102/595/1086 1103/595/1086
f 1103/595/1086 1104/595/1086 1101/595/1086
usemtl rightWall.009
f 1105/595/1087 1106/595/1087 1107/595/1087
f 1107/595/1087 1108/595/1087 1105/595/1087
usemtl leftWall.009
f 1109/595/1088 1110/595/1089 1111/595/1090
f 1111/595/1090 1112/595/1091 1109/595/1088
usemtl light.009
f 1113/595/546 1114/595/546 1115/595/546
f 1115/595/546 1116/595/546 1113/595/546
usemtl water
f 1117/595/1092 1118/595/1093 1119/595/1094
f 1117/595/1092 1119/595/1094 1120/595/1095
f 1118/595/1093 1121/595/1096 1122/595/1097
f 1118/595/1093 1122/595/1097 1119/595/1094
f 1121/595/1096 1123/595/1098 1124/595/1099
f 1121/595/1096 1124/595/1099 1122/595/1097
f 1123/595/1098 1125/595/1100 1126/595/1101
f 1123/595/1098 1126/595/1101 1124/595/1099
f 1125/595/1100 1127/595/1102 1128/595/1103
f 1125/595/1100 1128/595/1103 1126/595/1101
f 1127/595/1102 1129/595/1104 1130/595/1105
f 1127/595/1102 1130/595/1105 1128/595/1103
f 1129/595/1104 1131/595/1106 1132/595/1107
f 1129/595/1104 1132/595/1107 1130/595/1105
f 1131/595/1106 1133/595/1108 1134/595/1109
f 1131/595/1106 1134/595/1109 1132/595/1107
f 1133/595/1108 1135/595/1110 1136/595/1111
f 1133/595/1108 1136/595/1111 1134/595/1109
f 1135/595/1110 1137/595/1112 1138/595/1113
f 1135/595/1110 1138/595/1113 1136/595/1111
f 1137/595/1112 1139/595/1114 1140/595/1115
f 1137/595/1112 1140/595/1115 1138/595/1113
f 1139/595/1114 1141/595/1116 1142/595/1117
f 1139/595/1114 1142/595/1117 1140/595/1115
f 1141/595/1116 1143/595/1118 1144/595/1119
f 1141/595/1116 1144/595/1119 1142/595/1117
f 1143/595/1118 1145/595/1120 1146/595/1121
f 1143/595/1118 1146/595/1121 1144/595/1119
f 1145/595/1120 1147/595/1122 1148/595/1123
f 1145/595/1120 1148/595/1123 1146/595/1121
f 1147/595/1122 1149/595/1124 1150/595/1125
f 1147/595/1122 1150/595/1125 1148/595/1123
f 1149/595/1124 1151/595/1126 1152/595/1127
f 1149/595/1124 1152/595/1127 1150/595/1125
f 1151/595/1126 1153/595/1128 1154/595/1129
f 1151/595/1126 1154/595/1129 1152/595/1127
f 1153/595/1128 1155/595/1130 1156/595/1131
f 1153/595/1128 1156/595/1131 1154/595/1129
f 1155/595/1130 1157/595/1132 1158/595/1133
f 1155/595/1130 1158/595/1133 1156/595/1131
f 1157/595/1132 1159/595/1134 1160/595/1135
f 1157/595/1132 1160/595/1135 1158/595/1133
f 1159/595/1134 1161/595/1136 1162/595/1137
f 1159/595/1134 1162/595/1137 1160/595/1135
f 1161/595/1136 1163/595/1138 1164/595/1139
f 1161/595/1136 1164/595/1139 1162/595/1137
f 1163/595/1138 1165/595/1140 1166/595/1141
f 1163/595/1138 1166/595/1141 1164/595/1139
f 1165/595/1140 1167/595/1142 1168/595/1143
f 1165/595/1140 1168/595/1143 1166/595/1141
f 1167/595/1142 1169/595/1144 1170/595/1145
f 1167/595/1142 1170/595/1145 1168/595/1143
f 1169/595/1144 1171/595/1146 1172/595/1147
f 1169/595/1144 1172/595/1147 1170/595/1145
f 1171/595/1146 1173/595/1148 1174/595/1149
f 1171/595/1146 1174/595/1149 1172/595/1147
f 1173/595/1148 1175/595/1150 1176/595/1151
f 1173/595/1148 1176/595/1151 1174/595/1149
f 1175/595/1150 1177/595/1152 1178/595/1153
f 1175/595/1150 1178/595/1153 1176/595/1151
f 1177/595/1152 1179/595/1154 1180/595/1155
f 1177/595/1152 1180/595/1155 1178/595/1153
f 1179/595/1154 1181/595/1156 1182/595/1157
f 1179/595/1154 1182/595/1157 1180/595/1155
f 1181/595/1156 1183/595/1158 1184/595/1159
f 1181/595/1156 1184/595/1159 1182/595/1157
f 1183/595/1158 1185/595/1160 1186/595/1161
f 1183/595/1158 1186/595/1161 1184/595/1159
f 1185/595/1160 1187/595/1162 1188/595/1163
f 1185/595/1160 1188/595/1163 1186/595/1161
f 1187/595/1162 1189/595/1164 1190/595/1165
f 1187/595/1162 1190/595/1165 1188/595/1163
f 1189/595/1164 1191/595/1166 1192/595/1167
f 1189/595/1164 1192/595/1167 1190/595/1165
f 1191/595/1166 1193/595/1168 1194/595/1169
f 1191/595/1166 1194/595/1169 1192/595/1167
f 1193/595/1168 1195/595/1170 1196/595/1171
f 1193/595/1168 1196/595/1171 1194/595/1169
f 1195/595/1170 1197/595/1172 1198/595/1173
f 1195/595/1170 1198/595/1173 1196/595/1171
f 1197/595/1172 1199/595/1174 1200/595/1175
f 1197/595/1172 1200/595/1175 1198/595/1173
f 1199/595/1174 1201/595/1176 1202/595/1177
f 1199/595/1174 1202/595/1177 1200/595/1175
f 1201/595/1176 1203/595/1178 1204/595/1179
f 1201/595/1176 1204/595/1179 1202/595/1177
f 1203/595/1178 1205/595/1180 1206/595/1181
f 1203/595/1178 1206/595/1181 1204/595/1179
f 1205/595/1180 1207/595/1182 1208/595/1183
f 1205/595/1180 1208/595/1183 1206/595/1181
f 1207/595/1182 1209/595/1184 1210/595/1185
f 1207/595/1182 1210/595/1185 1208/595/1183
f 1209/595/1184 1211/595/1186 1212/595/1187
f 1209/595/1184 1212/595/1187 1210/595/1185
f 1211/595/1186 1213/595/1188 1214/595/1189
f 1211/595/1186 1214/595/1189 1212/595/1187
f 1213/595/1188 1215/595/1190 1216/595/1191
f 1213/595/1188 1216/595/1191 1214/595/1189
f 1120/595/1095 1119/595/1094 1217/595/1192
f 1120/595/1095 1217/595/1192 1218/595/1193
f 1119/595/1094 1122/595/1097 1219/595/1194
f 1119/595/1094 1219/595/1194 1217/595/1192
f 1122/595/1097 1124/595/1099 1220/595/1195
f 1122/595/1097 1220/595/1195 1219/595/1194
f 1124/595/1099 1126/595/1101 1221/595/1196
f 1124/595/1099 1221/595/1196 1220/595/1195
f 1126/595/1101 1128/595/1103 1222/595/1197
f 1126/595/1101 1222/595/1197 1221/595/1196
f 1128/595/1103 1130/595/1105 1223/595/1198
f 1128/595/1103 1223/595/1198 1222/595/1197
f 1130/595/1105 1132/595/1107 1224/595/1199
f 1130/595/1105 1224/595/1199 1223/595/1198
f 1132/595/1107 1134/595/1109 1225/595/1200
f 1132/595/1107 1225/595/1200 1224/595/1199
f 1134/595/1109 1136/595/1111 1226/595/1201
f 1134/595/1109 1226/595/1201 1225/595/1200
f 1136/595/1111 1138/595/1113 1227/595/1202
f 1136/595/1111 1227/595/1202 1226/595/1201
f 1138/595/1113 1140/595/1115 1228/595/1203
f 1138/595/1113 1228/595/1203 1227/595/1202
f 1140/595/1115 1142/595/1117 1229/595/1204
f 1140/595/1115 1229/595/1204 1228/595/1203
f 1142/595/1117 1144/595/1119 1230/595/1205
f 1142/595/1117 1230/595/1205 1229/595/1204
f 1144/595/1119 1146/595/1121 1231/595/1206
f 1144/595/1119 1231/595/1206 1230/595/1205
f 1146/595/1121 1148/595/1123 1232/595/1207
f 1146/595/1121 1232/595/1207 1231/595/1206
f 1148/595/1123 1150/595/1125 1233/595/1208
f 1148/595/1123 1233/595/1208 1232/595/1207
f 1150/595/1125 1152/595/1127 1234/595/1209
f 1150/595/1125 1234/595/1209 1233/595/1208
f 1152/595/1127 1154/595/1129 1235/595/1210
f 1152/595/1127 1235/595/1210 1234/595/1209
f 1154/595/1129 1156/595/1131 1236/595/1211
f 1154/595/1129 1236/595/1211 1235/595/1210
f 1156/595/1131 1158/595/1133 1237/595/1212
f 1156/595/1131 1237/595/1212 1236/595/1211
f 1158/595/1133 1160/595/1135 1238/595/1213
f 1158/595/1133 1238/595/1213 1237/595/1212
f 1160/595/1135 1162/595/1137 1239/595/1214
f 1160/595/1135 1239/595/1214 1238/595/1213
f 1162/595/1137 1164/595/1139 1240/595/1215
f 1162/595/1137 1240/595/1215 1239/595/1214
f 1164/595/1139 1166/595/1141 1241/595/1216
f 1164/595/1139 1241/595/1216 1240/595/1215
f 1166/595/1141 1168/595/1143 1242/595/1217
f 1166/595/1141 1242/595/1217 1241/595/1216
f 1168/595/1143 1170/595/1145 1243/595/1218
f 1168/595/1143 1243/595/1218 1242/595/1217
f 1170/595/1145 1172/595/1147 1244/595/1219
f 1170/595/1145 1244/595/1219 1243/595/1218
f 1172/595/1147 1174/595/1149 1245/595/1220
f 1172/595/1147 1245/595/1220 1244/595/1219
f 1174/595/1149 1176/595/1151 1246/595/1221
f 1174/595/1149 1246/595/1221 1245/595/1220
f 1176/595/1151 1178/595/1153 1247/595/1222
f 1176/595/1151 1247/595/1222 1246/595/1221
f 1178/595/1153 1180/595/1155 1248/595/1223
f 1178/595/1153 1248/595/1223 1247/595/1222
f 1180/595/1155 1182/595/1157 1249/595/1224
f 1180/595/1155 1249/595/1224 1248/595/1223
f 1182/595/1157 1184/595/1159 1250/595/1225
f 1182/595/1157 1250/595/1225 1249/595/1224
f 1184/595/1159 1186/595/1161 1251/595/1226
f 1184/595/1159 1251/595/1226 1250/595/1225
f 1186/595/1161 1188/595/1163 1252/595/1227
f 1186/595/1161 1252/595/1227 1251/595/1226
f 1188/595/1163 1190/595/1165 1253/595/1228
f 1188/595/1163 1253/595/1228 1252/595/1227
f 1190/595/1165 1192/595/1167 1254/595/1229
f 1190/595/1165 1254/595/1229 1253/595/1228
f 1192/595/1167 1194/595/1169 1255/595/1230
f 1192/595/1167 1255/595/1230 1254/595/1229
f 1194/595/1169 1196/595/1171 1256/595/1231
f 1194/595/1169 1256/595/1231 1255/595/1230
f 1196/595/1171 1198/595/1173 1257/595/1232
f 1196/595/1171 1257/595/1232 1256/595/1231
f 1198/595/1173 1200/595/1175 1258/595/1233
f 1198/595/1173 1258/595/1233 1257/595/1232
f 1200/595/1175 1202/595/1177 1259/595/1234
f 1200/595/1175 1259/595/1234 1258/595/1233
f 1202/595/1177 1204/595/1179 1260/595/1235
f 1202/595/1177 1260/595/1235 1259/595/1234
f 1204/595/1179 1206/595/1181 1261/595/1236
f 1204/595/1179 1261/595/1236 1260/595/1235
f 1206/595/1181 1208/595/1183 1262/595/1237
f 1206/595/1181 1262/595/1237 1261/595/1236
f 1208/595/1183 1210/595/1185 1263/595/1238
f 1208/595/1183 1263/595/1238 1262/595/1237
f 1210/595/1185 1212/595/1187 1264/595/1239
f 1210/595/1185 1264/595/1239 1263/595/1238
f 1212/595/1187 1214/595/1189 1265/595/1240
f 1212/595/1187 1265/595/1240 1264/595/1239
f 1214/595/1189 1216/595/1191 1266/595/1241
f 1214/595/1189 1266/595/1241 1265/595/1240
f 1218/595/1193 1217/595/1192 1267/595/1242
f 1218/595/1193 1267/595/1242 1268/595/1243
f 1217/595/1192 1219/595/1194 1269/595/1244
f 1217/595/1192 1269/595/1244 1267/595/1242
f 1219/595/1194 1220/595/1195 1270/595/1245
f 1219/595/1194 1270/595/1245 1269/595/1244
f 1220/595/1195 1221/595/1196 1271/595/1246
f 1220/595/1195 1271/595/1246 1270/595/1245
f 1221/595/1196 1222/595/1197 1272/595/1247
f 1221/595/1196 1272/595/1247 1271/595/1246
f 1222/595/1197 1223/595/1198 1273/595/1248
f 1222/595/1197 1273/595/1248 1272/595/1247
f 1223/595/1198 1224/595/1199 1274/595/1249
f 1223/595/1198 1274/595/1249 1273/595/1248
f 1224/595/1199 1225/595/1200 1275/595/1250
f 1224/595/1199 1275/595/1250 1274/595/1249
f 1225/595/1200 1226/595/1201 1276/595/1251
f 1225/595/1200 1276/595/1251 1275/595/1250
f 1226/595/1201 1227/595/1202 1277/595/1252
f 1226/595/1201 1277/595/1252 1276/595/1251
f 1227/595/1202 1228/595/1203 1278/595/1253
f 1227/595/1202 1278/595/1253 1277/595/1252
f 1228/595/1203 1229/595/1204 1279/595/1254
f 1228/595/1203 1279/595/1254 1278/595/1253
f 1229/595/1204 1230/595/1205 1280/595/1255
f 1229/595/1204 1280/595/1255 1279/595/1254
f 1230/595/1205 1231/595/1206 1281/595/1256
f 1230/595/1205 1281/595/1256 1280/595/1255
f 1231/595/1206 1232/595/1207 1282/595/1257
f 1231/595/1206 1282/595/1257 1281/595/1256
f 1232/595/1207 1233/595/1208 1283/595/1258
f 1232/595/1207 1283/595/1258 1282/595/1257
f 1233/595/1208 1234/595/1209 1284/595/1259
f 1233/595/1208 1284/595/1259 1283/595/1258
f 1234/595/1209 1235/595/1210 1285/595/1260
f 1234/595/1209 1285/595/1260 1284/595/1259
f 1235/595/1210 1236/595/1211 1286/595/1261
f 1235/595/1210 1286/595/1261 1285/595/1260
f 1236/595/1211 1237/595/1212 1287/595/1262
f 1236/595/1211 1287/595/1262 1286/595/1261
f 1237/595/1212 1238/595/1213 1288/595/1263
f 1237/595/1212 1288/595/1263 1287/595/1262
f 1238/595/1213 1239/595/1214 1289/595/1264
f 1238/595/1213 1289/595/1264 1288/595/1263
f 1239/595/1214 1240/595/1215 1290/595/1265
f 1239/595/1214 1290/595/1265 1289/595/1264
f 1240/595/1215 1241/595/1216 1291/595/1266
f 1240/595/1215 1291/595/1266 1290/595/1265
f 1241/595/1216 1242/595/1217 1292/595/1267
f 1241/595/1216 1292/595/1267 1291/595/1266
f 1242/595/1217 1243/595/1218 1293/595/1268
f 1242/595/1217 1293/595/1268 1292/595/1267
f 1243/595/1218 1244/595/1219 1294/595/1269
f 1243/595/1218 1294/595/1269 1293/595/1268
f 1244/595/1219 1245/595/1220 1295/595/1270
f 1244/595/1219 1295/595/1270 1294/595/1269
f 1245/595/1220 1246/595/1221 1296/595/1271
f 1245/595/1220 1296/595/1271 1295/595/1270
f 1246/595/1221 1247/595/1222 1297/595/1272
f 1246/595/1221 1297/595/1272 1296/595/1271
f 1247/595/1222 1248/595/1223 1298/595/1273
f 1247/595/1222 1298/595/1273 1297/595/1272
f 1248/595/1223 1249/595/1224 1299/595/1274
f 1248/595/1223 1299/595/1274 1298/595/1273
f 1249/595/1224 1250/595/1225 1300/595/1275
f 1249/595/1224 1300/595/1275 1299/595/1274
f 1250/595/1225 1251/595/1226 1301/595/1276
f 1250/595/1225 1301/595/1276 1300/595/1275
f 1251/595/1226 1252/595/1227 1302/595/1277
f 1251/595/1226 1302/595/1277 1301/595/1276
f 1252/595/1227 1253/595/1228 1303/595/1278
f 1252/595/1227 1303/595/1278 1302/595/1277
f 1253/595/1228 1254/595/1229 1304/595/1279
f 1253/595/1228 1304/595/1279 1303/595/1278
f 1254/595/1229 1255/595/1230 1305/595/1280
f 1254/595/1229 1305/595/1280 1304/595/1279
f 1255/595/1230 1256/595/1231 1306/595/1281
f 1255/595/1230 1306/595/1281 1305/595/1280
f 1256/595/1231 1257/595/1232 1307/595/1282
f 1256/595/1231 1307/595/1282 1306/595/1281
f 1257/595/1232 1258/595/1233 1308/595/1283
f 1257/595/1232 1308/595/1283 1307/595/1282
f 1258/595/1233 1259/595/1234 1309/595/1284
f 1258/595/1233 1309/595/1284 1308/595/1283
f 1259/595/1234 1260/595/1235 1310/595/1285
f 1259/595/1234 1310/595/1285 1309/595/1284
f 1260/595/1235 1261/595/1236 1311/595/1286
f 1260/595/1235 1311/595/1286 1310/595/1285
f 1261/595/1236 1262/595/1237 1312/595/1287
f 1261/595/1236 1312/595/1287 1311/595/1286
f 1262/595/1237 1263/595/1238 1313/595/1288
f 1262/595/1237 1313/595/1288 1312/595/1287
f 1263/595/1238 1264/595/1239 1314/595/1289
f 1263/595/1238 1314/595/1289 1313/595/1288
f 1264/595/1239 1265/595/1240 1315/595/1290
f 1264/595/1239 1315/595/1290 1314/595/1289
f 1265/595/1240 1266/595/1241 1316/595/1291
f 1265/595/1240 1316/595/1291 1315/595/1290
f 1268/595/1243 1267/595/1242 1317/595/1292
f 1268/595/1243 1317/595/1292 1318/595/1293
f 1267/595/1242 1269/595/1244 1319/595/1294
f 1267/595/1242 1319/595/1294 1317/595/1292
f 1269/595/1244 1270/595/1245 1320/595/1295
f 1269/595/1244 1320/595/1295 1319/595/1294
f 1270/595/1245 1271/595/1246 1321/595/1296
f 1270/595/1245 1321/595/1296 1320/595/1295
f 1271/595/1246 1272/595/1247 1322/595/1297
f 1271/595/1246 1322/595/1297 1321/595/1296
f 1272/595/1247 1273/595/1248 1323/595/1298
f 1272/595/1247 1323/595/1298 1322/595/1297
f 1273/595/1248 1274/595/1249 1324/595/1299
f 1273/595/1248 1324/595/1299 1323/595/1298
f 1274/595/1249 1275/595/1250 1325/595/1300
f 1274/595/1249 1325/595/1300 1324/595/1299
f 1275/595/1250 1276/595/1251 1326/595/1301
f 1275/595/1250 1326/595/1301 1325/595/1300
f 1276/595/1251 1277/595/1252 1327/595/1302
f 1276/595/1251 1327/595/1302 1326/595/1301
f 1277/595/1252 1278/595/1253 1328/595/1303
f 1277/595/1252 1328/595/1303 1327/595/1302
f 1278/595/1253 1279/595/1254 1329/595/1304
f 1278/595/1253 1329/595/1304 1328/595/1303
f 1279/595/1254 1280/595/1255 1330/595/1305
f 1279/595/1254 1330/595/1305 1329/595/1304
f 1280/595/1255 1281/595/1256 1331/595/1306
f 1280/595/1255 1331/595/1306 1330/595/1305
f 1281/595/1256 1282/595/1257 1332/595/1307
f 1281/595/1256 1332/595/1307 1331/595/1306
f 1282/595/1257 1283/595/1258 1333/595/1308
f 1282/595/1257 1333/595/1308 1332/595/1307
f 1283/595/1258 1284/595/1259 1334/595/1309
f 1283/595/1258 1334/595/1309 1333/595/1308
f 1284/595/1259 1285/595/1260 1335/595/1310
f 1284/595/1259 1335/595/1310 1334/595/1309
f 1285/595/1260 1286/595/1261 1336/595/1311
f 1285/595/1260 1336/595/1311 1335/595/1310
f 1286/595/1261 1287/595/1262 1337/595/1312
f 1286/595/1261 1337/595/1312 1336/595/1311
f 1287/595/1262 1288/595/1263 1338/595/1313
f 1287/595/1262 1338/595/1313 1337/595/1312
f 1288/595/1263 1289/595/1264 1339/595/1314
f 1288/595/1263 1339/595/1314 1338/595/1313
f 1289/595/1264 1290/595/1265 1340/595/1315
f 1289/595/1264 1340/595/1315 1339/595/1314
f 1290/595/1265 1291/595/1266 1341/595/1316
f 1290/595/1265 1341/595/1316 1340/595/1315
f 1291/595/1266 1292/595/1267 1342/595/1317
f 1291/595/1266 1342/595/1317 1341/595/1316
f 1292/595/1267 1293/595/1268 1343/595/1318
f 1292/595/1267 1343/595/1318 1342/595/1317
f 1293/595/1268 1294/595/1269 1344/595/1319
f 1293/595/1268 1344/595/1319 1343/595/1318
f 1294/595/1269 1295/595/1270 1345/595/1320
f 1294/595/1269 1345/595/1320 1344/595/1319
f 1295/595/1270 1296/595/1271 1346/595/1321
f 1295/595/1270 1346/595/1321 1345/595/1320
f 1296/595/1271 1297/595/1272 1347/595/1322
f 1296/595/1271 1347/595/1322 1346/595/1321
f 1297/595/1272 1298/595/1273 1348/595/1323
f 1297/595/1272 1348/595/1323 1347/595/1322
f 1298/595/1273 1299/595/1274 1349/595/1324
f 1298/595/1273 1349/595/1324 1348/595/1323
f 1299/595/1274 1300/595/1275 1350/595/1325
f 1299/595/1274 1350/595/1325 1349/595/1324
f 1300/595/1275 1301/595/1276 1351/595/1326
f 1300/595/1275 1351/595/1326 1350/595/1325
f 1301/595/1276 1302/595/1277 1352/595/1327
f 1301/595/1276 1352/595/1327 1351/595/1326
f 1302/595/1277 1303/595/1278 1353/595/1328
f 1302/595/1277 1353/595/1328 1352/595/1327
f 1303/595/1278 1304/595/1279 1354/595/1329
f 1303/595/1278 1354/595/1329 1353/595/1328
f 1304/595/1279 1305/595/1280 1355/595/1330
f 1304/595/1279 1355/595/1330 1354/595/1329
f 1305/595/1280 1306/595/1281 1356/595/1331
f 1305/595/1280 1356/595/1331 1355/595/1330
f 1306/595/1281 1307/595/1282 1357/595/1332
f 1306/595/1281 1357/595/1332 1356/595/1331
f 1307/595/1282 1308/595/1283 1358/595/1333
f 1307/595/1282 1358/595/1333 1357/595/1332
f 1308/595/1283 1309/595/1284 1359/595/1334
f 1308/595/1283 1359/595/1334 1358/595/1333
f 1309/595/1284 1310/595/1285 1360/595/1335
f 1309/595/1284 1360/595/1335 1359/595/1334
f 1310/595/1285 1311/595/1286 1361/595/1336
f 1310/595/1285 1361/595/1336 1360/595/1335
f 1311/595/1286 1312/595/1287 1362/595/1337
f 1311/595/1286 1362/595/1337 1361/595/1336
f 1312/595/1287 1313/595/1288 1363/595/1338
f 1312/595/1287 1363/595/1338 1362/595/1337
f 1313/595/1288 1314/595/1289 1364/595/1339
f 1313/595/1288 1364/595/1339 1363/595/1338
f 1314/595/1289 1315/595/1290 1365/595/1340
f 1314/595/1289 1365/595/1340 1364/595/1339
f 1315/595/1290 1316/595/1291 1366/595/1341
f 1315/595/1290 1366/595/1341 1365/595/1340
f 1318/595/1293 1317/595/1292 1367/595/1342
f 1318/595/1293 1367/595/1342 1368/595/1343
f 1317/595/1292 1319/595/1294 1369/595/1344
f 1317/595/1292 1369/595/1344 1367/595/1342
f 1319/595/1294 1320/595/1295 1370/595/1345
f 1319/595/1294 1370/595/1345 1369/595/1344
f 1320/595/1295 1321/595/1296 1371/595/1346
f 1320/595/1295 1371/595/1346 1370/595/1345
f 1321/595/1296 1322/595/1297 1372/595/1347
f 1321/595/1296 1372/595/1347 1371/595/1346
f 1322/595/1297 1323/595/1298 1373/595/1348
f 1322/595/1297 1373/595/1348 1372/595/1347
f 1323/595/1298 1324/595/1299 1374/595/1349
f 1323/595/1298 1374/595/1349 1373/595/1348
f 1324/595/1299 1325/595/1300 1375/595/1350
f 1324/595/1299 1375/595/1350 1374/595/1349
f 1325/595/1300 1326/595/1301 1376/595/1351
f 1325/595/1300 1376/595/1351 1375/595/1350
f 1326/595/1301 1327/595/1302 1377/595/1352
f 1326/595/1301 1377/595/1352 1376/595/1351
f 1327/595/1302 1328/595/1303 1378/595/1353
f 1327/595/1302 1378/595/1353 1377/595/1352
f 1328/595/1303 1329/595/1304 1379/595/1354
f 1328/595/1303 1379/595/1354 1378/595/1353
f 1329/595/1304 1330/595/1305 1380/595/1355
f 1329/595/1304 1380/595/1355 1379/595/1354
f 1330/595/1305 1331/595/1306 1381/595/1356
f 1330/595/1305 1381/595/1356 1380/595/1355
f 1331/595/1306 1332/595/1307 1382/595/1357
f 1331/595/1306 1382/595/1357 1381/595/1356
f 1332/595/1307 1333/595/1308 1383/595/1358
f 1332/595/1307 1383/595/1358 1382/595/1357
f 1333/595/1308 1334/595/1309 1384/595/1359
f 1333/595/1308 1384/595/1359 1383/595/1358
f 1334/595/1309 1335/595/1310 1385/595/1360
f 1334/595/1309 1385/595/1360 1384/595/1359
f 1335/595/1310 1336/595/1311 1386/595/1361
f 1335/595/1310 1386/595/1361 1385/595/1360
f 1336/595/1311 1337/595/1312 1387/595/1362
f 1336/595/1311 1387/595/1362 1386/595/1361
f 1337/595/1312 1338/595/1313 1388/595/1363
f 1337/595/1312 1388/595/1363 1387/595/1362
f 1338/595/1313 1339/595/1314 1389/595/1364
f 1338/595/1313 1389/595/1364 1388/595/1363
f 1339/595/1314 1340/595/1315 1390/595/1365
f 1339/595/1314 1390/595/1365 1389/595/1364
f 1340/595/1315 1341/595/1316 1391/595/1366
f 1340/595/1315 1391/595/1366 1390/595/1365
f 1341/595/1316 1342/595/1317 1392/595/1367
f 1341/595/1316 1392/595/1367 1391/595/1366
f 1342/595/1317 1343/595/1318 1393/595/1368
f 1342/595/1317 1393/595/1368 1392/595/1367
f 1343/595/1318 1344/595/1319 1394/595/1369
f 1343/595/1318 1394/595/1369 1393/595/1368
f 1344/595/1319 1345/595/1320 1395/595/1370
f 1344/595/1319 1395/595/1370 1394/595/1369
f 1345/595/1320 1346/595/1321 1396/595/1371
f 1345/595/1320 1396/595/1371 1395/595/1370
f 1346/595/1321 1347/595/1322 1397/595/1372
f 1346/595/1321 1397/595/1372 1396/595/1371
f 1347/595/1322 1348/595/1323 1398/595/1373
f 1347/595/1322 1398/595/1373 1397/595/1372
f 1348/595/1323 1349/595/1324 1399/595/1374
f 1348/595/1323 1399/595/1374 1398/595/1373
f 1349/595/1324 1350/595/1325 1400/595/1375
f 1349/595/1324 1400/595/1375 1399/595/1374
f 1350/595/1325 1351/595/1326 1401/595/1376
f 1350/595/1325 1401/595/1376 1400/595/1375
f 1351/595/1326 1352/595/1327 1402/595/1377
f 1351/595/1326 1402/595/1377 1401/595/1376
f 1352/595/1327 1353/595/1328 1403/595/1378
f 1352/595/1327 1403/595/1378 1402/595/1377
f 1353/595/1328 1354/595/1329 1404/595/1379
f 1353/595/1328 1404/595/1379 1403/595/1378
f 1354/595/1329 1355/595/1330 1405/595/1380
f 1354/595/1329 1405/595/1380 1404/595/1379
f 1355/595/1330 1356/595/1331 1406/595/1381
f 1355/595/1330 1406/595/1381 1405/595/1380
f 1356/595/1331 1357/595/1332 1407/595/1382
f 1356/595/1331 1407/595/1382 1406/595/1381
f 1357/595/1332 1358/595/1333 1408/595/1383
f 1357/595/1332 1408/595/1383 1407/595/1382
f 1358/595/1333 1359/595/1334 1409/595/1384
f 1358/595/1333 1409/595/1384 1408/595/1383
f 1359/595/1334 1360/595/1335 1410/595/1385
f 1359/595/1334 1410/595/1385 1409/595/1384
f 1360/595/1335 1361/595/1336 1411/595/1386
f 1360/595/1335 1411/595/1386 1410/595/1385
f 1361/595/1336 1362/595/1337 1412/595/1387
f 1361/595/1336 1412/595/1387 1411/595/1386
f 1362/595/1337 1363/595/1338 1413/595/1388
f 1362/595/1337 1413/595/1388 1412/595/1387
f 1363/595/1338 1364/595/1339 1414/595/1389
f 1363/595/1338 1414/595/1389 1413/595/1388
f 1364/595/1339 1365/595/1340 1415/595/1390
f 1364/595/1339 1415/595/1390 1414/595/1389
f 1365/595/1340 1366/595/1341 1416/595/1391
f 1365/595/1340 1416/595/1391 1415/595/1390
f 1368/595/1343 1367/595/1342 1417/595/1392
f 1368/595/1343 1417/595/1392 1418/595/1393
f 1367/595/1342 1369/595/1344 1419/595/1394
f 1367/595/1342 1419/595/1394 1417/595/1392
f 1369/595/1344 1370/595/1345 1420/595/1395
f 1369/595/1344 1420/595/1395 1419/595/1394
f 1370/595/1345 1371/595/1346 1421/595/1396
f 1370/595/1345 1421/595/1396 1420/595/1395
f 1371/595/1346 1372/595/1347 1422/595/1397
f 1371/595/1346 1422/595/1397 1421/595/1396
f 1372/595/1347 1373/595/1348 1423/595/1398
f 1372/595/1347 1423/595/1398 1422/595/1397
f 1373/595/1348 1374/595/1349 1424/595/1399
f 1373/595/1348 1424/595/1399 1423/595/1398
f 1374/595/1349 1375/595/1350 1425/595/1400
f 1374/595/1349 1425/595/1400 1424/595/1399
f 1375/595/1350 1376/595/1351 1426/595/1401
f 1375/595/1350 1426/595/1401 1425/595/1400
f 1376/595/1351 1377/595/1352 1427/595/1402
f 1376/595/1351 1427/595/1402 1426/595/1401
f 1377/595/1352 1378/595/1353 1428/595/1403
f 1377/595/1352 1428/595/1403 1427/595/1402
f 1378/595/1353 1379/595/1354 1429/595/1404
f 1378/595/1353 1429/595/1404 1428/595/1403
f 1379/595/1354 1380/595/1355 1430/595/1405
f 1379/595/1354 1430/595/1405 1429/595/1404
f 1380/595/1355 1381/595/1356 1431/595/1406
f 1380/595/1355 1431/595/1406 1430/595/1405
f 1381/595/1356 1382/595/1357 1432/595/1407
f 1381/595/1356 1432/595/1407 1431/595/1406
f 1382/595/1357 1383/595/1358 1433/595/1408
f 1382/595/1357 1433/595/1408 1432/595/1407
f 1383/595/1358 1384/595/1359 1434/595/1409
f 1383/595/1358 1434/595/1409 1433/595/1408
f 1384/595/1359 1385/595/1360 1435/595/1410
f 1384/595/1359 1435/595/1410 1434/595/1409
f 1385/595/1360 1386/595/1361 1436/595/1411
f 1385/595/1360 1436/595/1411 1435/595/1410
f 1386/595/1361 1387/595/1362 1437/595/1412
f 1386/595/1361 1437/595/1412 1436/595/1411
f 1387/595/1362 1388/595/1363 1438/595/1413
f 1387/595/1362 1438/595/1413 1437/595/1412
f 1388/595/1363 1389/595/1364 1439/595/1414
f 1388/595/1363 1439/595/1414 1438/595/1413
f 1389/595/1364 1390/595/1365 1440/595/1415
f 1389/595/1364 1440/595/1415 1439/595/1414
f 1390/595/1365 1391/595/1366 1441/595/1416
f 1390/595/1365 1441/595/1416 1440/595/1415
f 1391/595/1366 1392/595/1367 1442/595/1417
f 1391/595/1366 1442/595/1417 1441/595/1416
f 1392/595/1367 1393/595/1368 1443/595/1418
f 1392/595/1367 1443/595/1418 1442/595/1417
f 1393/595/1368 1394/595/1369 1444/595/1419
f 1393/595/1368 1444/595/1419 1443/595/1418
f 1394/595/1369 1395/595/1370 1445/595/1420
f 1394/595/1369 1445/595/1420 1444/595/1419
f 1395/595/1370 1396/595/1371 1446/595/1421
f 1395/595/1370 1446/595/1421 1445/595/1420
f 1396/595/1371 1397/595/1372 1447/595/1422
f 1396/595/1371 1447/595/1422 1446/595/1421
f 1397/595/1372 1398/595/1373 1448/595/1423
f 1397/595/1372 1448/595/1423 1447/595/1422
f 1398/595/1373 1399/595/1374 1449/595/1424
f 1398/595/1373 1449/595/1424 1448/595/1423
f 1399/595/1374 1400/595/1375 1450/595/1425
f 1399/595/1374 1450/595/1425 1449/595/1424
f 1400/595/1375 1401/595/1376 1451/595/1426
f 1400/595/1375 1451/595/1426 1450/595/1425
f 1401/595/1376 1402/595/1377 1452/595/1427
f 1401/595/1376 1452/595/1427 1451/595/1426
f 1402/595/1377 1403/595/1378 1453/595/1428
f 1402/595/1377 1453/595/1428 1452/595/1427
f 1403/595/1378 1404/595/1379 1454/595/1429
f 1403/595/1378 1454/595/1429 1453/595/1428
f 1404/595/1379 1405/595/1380 1455/595/1
f 1404/595/1379 1455/595/1 1454/595/1429
f 1405/595/1380 1406/595/1381 1456/595/1430
f 1405/595/1380 1456/595/1430 1455/595/1
f 1406/595/1381 1407/595/1382 1457/595/1431
f 1406/595/1381 1457/595/1431 1456/595/1430
f 1407/595/1382 1408/595/1383 1458/595/1432
f 1407/595/1382 1458/595/1432 1457/595/1431
f 1408/595/1383 1409/595/1384 1459/595/1433
f 1408/595/1383 1459/595/1433 1458/595/1432
f 1409/595/1384 1410/595/1385 1460/595/1434
f 1409/595/1384 1460/595/1434 1459/595/1433
f 1410/595/1385 1411/595/1386 1461/595/1435
f 1410/595/1385 1461/595/1435 1460/595/1434
f 1411/595/1386 1412/595/1387 1462/595/1436
f 1411/595/1386 1462/595/1436 1461/595/1435
f 1412/595/1387 1413/595/1388 1463/595/1437
f 1412/595/1387 1463/595/1437 1462/595/1436
f 1413/595/1388 1414/595/1389 1464/595/1438
f 1413/595/1388 1464/595/1438 1463/595/1437
f 1414/595/1389 1415/595/1390 1465/595/1439
f 1414/595/1389 1465/595/1439 1464/595/1438
f 1415/595/1390 1416/595/1391 1466/595/1440
f 1415/595/1390 1466/595/1440 1465/595/1439
f 1418/595/1393 1417/595/1392 1467/595/1441
f 1418/595/1393 1467/595/1441 1468/595/1442
f 1417/595/1392 1419/595/1394 1469/595/1443
f 1417/595/1392 1469/595/1443 1467/595/1441
f 1419/595/1394 1420/595/1395 1470/595/1444
f 1419/595/1394 1470/595/1444 1469/595/1443
f 1420/595/1395 1421/595/1396 1471/595/1445
f 1420/595/1395 1471/595/1445 1470/595/1444
f 1421/595/1396 1422/595/1397 1472/595/1446
f 1421/595/1396 1472/595/1446 1471/595/1445
f 1422/595/1397 1423/595/1398 1473/595/1447
f 1422/595/1397 1473/595/1447 1472/595/1446
f 1423/595/1398 1424/595/1399 1474/595/1448
f 1423/595/1398 1474/595/1448 1473/595/1447
f 1424/595/1399 1425/595/1400 1475/595/1449
f 1424/595/1399 1475/595/1449 1474/595/1448
f 1425/595/1400 1426/595/1401 1476/595/1450
f 1425/595/1400 1476/595/1450 1475/595/1449
f 1426/595/1401 1427/595/1402 1477/595/1451
f 1426/595/1401 1477/595/1451 1476/595/1450
f 1427/595/1402 1428/595/1403 1478/595/1452
f 1427/595/1402 1478/595/1452 1477/595/1451
f 1428/595/1403 1429/595/1404 1479/595/1453
f 1428/595/1403 1479/595/1453 1478/595/1452
f 1429/595/1404 1430/595/1405 1480/595/1454
f 1429/595/1404 1480/595/1454 1479/595/1453
f 1430/595/1405 1431/595/1406 1481/595/1455
f 1430/595/1405 1481/595/1455 1480/595/1454
f 1431/595/1406 1432/595/1407 1482/595/1456
f 1431/595/1406 1482/595/1456 1481/595/1455
f 1432/595/1407 1433/595/1408 1483/595/1457
f 1432/595/1407 1483/595/1457 1482/595/1456
f 1433/595/1408 1434/595/1409 1484/595/1458
f 1433/595/1408 1484/595/1458 1483/595/1457
f 1434/595/1409 1435/595/1410 1485/595/1459
f 1434/595/1409 1485/595/1459 1484/595/1458
f 1435/595/1410 1436/595/1411 1486/595/1460
f 1435/595/1410 1486/595/1460 1485/595/1459
f 1436/595/1411 1437/595/1412 1487/595/1461
f 1436/595/1411 1487/595/1461 1486/595/1460
f 1437/595/1412 1438/595/1413 1488/595/1462
f 1437/595/1412 1488/595/1462 1487/595/1461
f 1438/595/1413 1439/595/1414 1489/595/1463
f 1438/595/1413 1489/595/1463 1488/595/1462
f 1439/595/1414 1440/595/1415 1490/595/1464
f 1439/595/1414 1490/595/1464 1489/595/1463
f 1440/595/1415 1441/595/1416 1491/595/1465
f 1440/595/1415 1491/595/1465 1490/595/1464
f 1441/595/1416 1442/595/1417 1492/595/1466
f 1441/595/1416 1492/595/1466 1491/595/1465
f 1442/595/1417 1443/595/1418 1493/595/1467
f 1442/595/1417 1493/595/1467 1492/595/1466
f 1443/595/1418 1444/595/1419 1494/595/1468
f 1443/595/1418 1494/595/1468 1493/595/1467
f 1444/595/1419 1445/595/1420 1495/595/1469
f 1444/595/1419 1495/595/1469 1494/595/1468
f 1445/595/1420 1446/595/1421 1496/595/1470
f 1445/595/1420 1496/595/1470 1495/595/1469
f 1446/595/1421 1447/595/1422 1497/595/1471
f 1446/595/1421 1497/595/1471 1496/595/1470
f 1447/595/1422 1448/595/1423 1498/595/1472
f 1447/595/1422 1498/595/1472 1497/595/1471
f 1448/595/1423 1449/595/1424 1499/595/1473
f 1448/595/1423 1499/595/1473 1498/595/1472
f 1449/595/1424 1450/595/1425 1500/595/1474
f 1449/595/1424 1500/595/1474 1499/595/1473
f 1450/595/1425 1451/595/1426 1501/595/1475
f 1450/595/1425 1501/595/1475 1500/595/1474
f 1451/595/1426 1452/595/1427 1502/595/1476
f 1451/595/1426 1502/595/1476 1501/595/1475
f 1452/595/1427 1453/595/1428 1503/595/1477
f 1452/595/1427 1503/595/1477 1502/595/1476
f 1453/595/1428 1454/595/1429 1504/595/1478
f 1453/595/1428 1504/595/1478 1503/595/1477
f 1454/595/1429 1455/595/1 1505/595/1479
f 1454/595/1429 1505/595/1479 1504/595/1478
f 1455/595/1 1456/595/1430 1506/595/1480
f 1455/595/1 1506/595/1480 1505/595/1479
f 1456/595/1430 1457/595/1431 1507/595/1481
f 1456/595/1430 1507/595/1481 1506/595/1480
f 1457/595/1431 1458/595/1432 1508/595/1482
f 1457/595/1431 1508/595/1482 1507/595/1481
f 1458/595/1432 1459/595/1433 1509/595/1483
f 1458/595/1432 1509/595/1483 1508/595/1482
f 1459/595/1433 1460/595/1434 1510/595/1484
f 1459/595/1433 1510/595/1484 1509/595/1483
f 1460/595/1434 1461/595/1435 1511/595/1485
f 1460/595/1434 1511/595/1485 1510/595/1484
f 1461/595/1435 1462/595/1436 1512/595/1486
f 1461/595/1435 1512/595/1486 1511/595/1485
f 1462/595/1436 1463/595/1437 1513/595/1487
f 1462/595/1436 1513/595/1487 1512/595/1486
f 1463/595/1437 1464/595/1438 1514/595/1488
f 1463/595/1437 1514/595/1488 1513/595/1487
f 1464/595/1438 1465/595/1439 1515/595/1489
f 1464/595/1438 1515/595/1489 1514/595/1488
f 1465/595/1439 1466/595/1440 1516/595/1490
f 1465/595/1439 1516/595/1490 1515/595/1489
f 1468/595/1442 1467/595/1441 1517/595/1491
f 1468/595/1442 1517/595/1491 1518/595/1492
f 1467/595/1441 1469/595/1443 1519/595/1493
f 1467/595/1441 1519/595/1493 1517/595/1491
f 1469/595/1443 1470/595/1444 1520/595/1494
f 1469/595/1443 1520/595/1494 1519/595/1493
f 1470/595/1444 1471/595/1445 1521/595/1495
f 1470/595/1444 1521/595/1495 1520/595/1494
f 1471/595/1445 1472/595/1446 1522/595/1496
f 1471/595/1445 1522/595/1496 1521/595/1495
f 1472/595/1446 1473/595/1447 1523/595/1497
f 1472/595/1446 1523/595/1497 1522/595/1496
f 1473/595/1447 1474/595/1448 1524/595/1498
f 1473/595/1447 1524/595/1498 1523/595/1497
f 1474/595/1448 1475/595/1449 1525/595/1499
f 1474/595/1448 1525/595/1499 1524/595/1498
f 1475/595/1449 1476/595/1450 1526/595/1500
f 1475/595/1449 1526/595/1500 1525/595/1499
f 1476/595/1450 1477/595/1451 1527/595/1501
f 1476/595/1450 1527/595/1501 1526/595/1500
f 1477/595/1451 1478/595/1452 1528/595/1502
f 1477/595/1451 1528/595/1502 1527/595/1501
f 1478/595/1452 1479/595/1453 1529/595/1503
f 1478/595/1452 1529/595/1503 1528/595/1502
f 1479/595/1453 1480/595/1454 1530/595/1504
f 1479/595/1453 1530/595/1504 1529/595/1503
f 1480/595/1454 1481/595/1455 1531/595/1505
f 1480/595/1454 1531/595/1505 1530/595/1504
f 1481/595/1455 1482/595/1456 1532/595/1506
f 1481/595/1455 1532/595/1506 1531/595/1505
f 1482/595/1456 1483/595/1457 1533/595/1507
f 1482/595/1456 1533/595/1507 1532/595/1506
f 1483/595/1457 1484/595/1458 1534/595/1508
f 1483/595/1457 1534/595/1508 1533/595/1507
f 1484/595/1458 1485/595/1459 1535/595/1509
f 1484/595/1458 1535/595/1509 1534/595/1508
f 1485/595/1459 1486/595/1460 1536/595/1510
f 1485/595/1459 1536/595/1510 1535/595/1509
f 1486/595/1460 1487/595/1461 1537/595/1511
f 1486/595/1460 1537/595/1511 1536/595/1510
f 1487/595/1461 1488/595/1462 1538/595/1512
f 1487/595/1461 1538/595/1512 1537/595/1511
f 1488/595/1462 1489/595/1463 1539/595/1513
f 1488/595/1462 1539/595/1513 1538/595/1512
f 1489/595/1463 1490/595/1464 1540/595/1514
f 1489/595/1463 1540/595/1514 1539/595/1513
f 1490/595/1464 1491/595/1465 1541/595/1515
f 1490/595/1464 1541/595/1515 1540/595/1514
f 1491/595/1465 1492/595/1466 1542/595/1516
f 1491/595/1465 1542/595/1516 1541/595/1515
f 1492/595/1466 1493/595/1467 1543/595/1517
f 1492/595/1466 1543/595/1517 1542/595/1516
f 1493/595/1467 1494/595/1468 1544/595/1518
f 1493/595/1467 1544/595/1518 1543/595/1517
f 1494/595/1468 1495/595/1469 1545/595/1519
f 1494/595/1468 1545/595/1519 1544/595/1518
f 1495/595/1469 1496/595/1470 1546/595/1520
f 1495/595/1469 1546/595/1520 1545/595/1519
f 1496/595/1470 1497/595/1471 1547/595/1521
f 1496/595/1470 1547/595/1521 1546/595/1520
f 1497/595/1471 1498/595/1472 1548/595/1522
f 1497/595/1471 1548/595/1522 1547/595/1521
f 1498/595/1472 1499/595/1473 1549/595/1523
f 1498/595/1472 1549/595/1523 1548/595/1522
f 1499/595/1473 1500/595/1474 1550/595/1524
f 1499/595/1473 1550/595/1524 1549/595/1523
f 1500/595/1474 1501/595/1475 1551/595/1525
f 1500/595/1474 1551/595/1525 1550/595/1524
f 1501/595/1475 1502/595/1476 1552/595/1526
f 1501/595/1475 1552/595/1526 1551/595/1525
f 1502/595/1476 1503/595/1477 1553/595/1527
f 1502/595/1476 1553/595/1527 1552/595/1526
f 1503/595/1477 1504/595/1478 1554/595/1528
f 1503/595/1477 1554/595/1528 1553/595/1527
f 1504/595/1478 1505/595/1479 1555/595/1529
f 1504/595/1478 1555/595/1529 1554/595/1528
f 1505/595/1479 1506/595/1480 1556/595/1530
f 1505/595/1479 1556/595/1530 1555/595/1529
f 1506/595/1480 1507/595/1481 1557/595/1531
f 1506/595/1480 1557/595/1531 1556/595/1530
f 1507/595/1481 1508/595/1482 1558/595/1532
f 1507/595/1481 1558/595/1532 1557/595/1531
f 1508/595/1482 1509/595/1483 1559/595/1533
f 1508/595/1482 1559/595/1533 1558/595/1532
f 1509/595/1483 1510/595/1484 1560/595/1534
f 1509/595/1483 1560/595/1534 1559/595/1533
f 1510/595/1484 1511/595/1485 1561/595/1535
f 1510/595/1484 1561/595/1535 1560/595/1534
f 1511/595/1485 1512/595/1486 1562/595/1536
f 1511/595/1485 1562/595/1536 1561/595/1535
f 1512/595/1486 1513/595/1487 1563/595/1537
f 1512/595/1486 1563/595/1537 1562/595/1536
f 1513/595/1487 1514/595/1488 1564/595/1538
f 1513/595/1487 1564/595/1538 1563/595/1537
f 1514/595/1488 1515/595/1489 1565/595/1539
f 1514/595/1488 1565/595/1539 1564/595/1538
f 1515/595/1489 1516/595/1490 1566/595/1540
f 1515/595/1489 1566/595/1540 1565/595/1539
f 1518/595/1492 1517/595/1491 1567/595/1541
f 1518/595/1492 1567/595/1541 1568/595/1542
f 1517/595/1491 1519/595/1493 1569/595/1543
f 1517/595/1491 1569/595/1543 1567/595/1541
f 1519/595/1493 1520/595/1494 1570/595/1544
f 1519/595/1493 1570/595/1544 1569/595/1543
f 1520/595/1494 1521/595/1495 1571/595/1545
f 1520/595/1494 1571/595/1545 1570/595/1544
f 1521/595/1495 1522/595/1496 1572/595/1546
f 1521/595/1495 1572/595/1546 1571/595/1545
f 1522/595/1496 1523/595/1497 1573/595/1547
f 1522/595/1496 1573/595/1547 1572/595/1546
f 1523/595/1497 1524/595/1498 1574/595/1548
f 1523/595/1497 1574/595/1548 1573/595/1547
f 1524/595/1498 1525/595/1499 1575/595/1549
f 1524/595/1498 1575/595/1549 1574/595/1548
f 1525/595/1499 1526/595/1500 1576/595/1550
f 1525/595/1499 1576/595/1550 1575/595/1549
f 1526/595/1500 1527/595/1501 1577/595/1551
f 1526/595/1500 1577/595/1551 1576/595/1550
f 1527/595/1501 1528/595/1502 1578/595/1552
f 1527/595/1501 1578/595/1552 1577/595/1551
f 1528/595/1502 1529/595/1503 1579/595/1553
f 1528/595/1502 1579/595/1553 1578/595/1552
f 1529/595/1503 1530/595/1504 1580/595/1554
f 1529/595/1503 1580/595/1554 1579/595/1553
f 1530/595/1504 1531/595/1505 1581/595/1555
f 1530/595/1504 1581/595/1555 1580/595/1554
f 1531/595/1505 1532/595/1506 1582/595/1556
f 1531/595/1505 1582/595/1556 1581/595/1555
f 1532/595/1506 1533/595/1507 1583/595/1557
f 1532/595/1506 1583/595/1557 1582/595/1556
f 1533/595/1507 1534/595/1508 1584/595/1558
f 1533/595/1507 1584/595/1558 1583/595/1557
f 1534/595/1508 1535/595/1509 1585/595/1559
f 1534/595/1508 1585/595/1559 1584/595/1558
f 1535/595/1509 1536/595/1510 1586/595/1560
f 1535/595/1509 1586/595/1560 1585/595/1559
f 1536/595/1510 1537/595/1511 1587/595/1561
f 1536/595/1510 1587/595/1561 1586/595/1560
f 1537/595/1511 1538/595/1512 1588/595/1562
f 1537/595/1511 1588/595/1562 1587/595/1561
f 1538/595/1512 1539/595/1513 1589/595/1563
f 1538/595/1512 1589/595/1563 1588/595/1562
f 1539/595/1513 1540/595/1514 1590/595/1564
f 1539/595/1513 1590/595/1564 1589/595/1563
f 1540/595/1514 1541/595/1515 1591/595/1565
f 1540/595/1514 1591/595/1565 1590/595/1564
f 1541/595/1515 1542/595/1516 1592/595/1566
f 1541/595/1515 1592/595/1566 1591/595/1565
f 1542/595/1516 1543/595/1517 1593/595/1567
f 1542/595/1516 1593/595/1567 1592/595/1566
f 1543/595/1517 1544/595/1518 1594/595/1568
f 1543/595/1517 1594/595/1568 1593/595/1567
f 1544/595/1518 1545/595/1519 1595/595/1569
f 1544/595/1518 1595/595/1569 1594/595/1568
f 1545/595/1519 1546/595/1520 1596/595/1570
f 1545/595/1519 1596/595/1570 1595/595/1569
f 1546/595/1520 1547/595/1521 1597/595/1571
f 1546/595/1520 1597/595/1571 1596/595/1570
f 1547/595/1521 1548/595/1522 1598/595/1572
f 1547/595/1521 1598/595/1572 1597/595/1571
f 1548/595/1522 1549/595/1523 1599/595/1573
f 1548/595/1522 1599/595/1573 1598/595/1572
f 1549/595/1523 1550/595/1524 1600/595/1574
f 1549/595/1523 1600/595/1574 1599/595/1573
f 1550/595/1524 1551/595/1525 1601/595/1575
f 1550/595/1524 1601/595/1575 1600/595/1574
f 1551/595/1525 1552/595/1526 1602/595/1576
f 1551/595/1525 1602/595/1576 1601/595/1575
f 1552/595/1526 1553/595/1527 1603/595/1577
f 1552/595/1526 1603/595/1577 1602/595/1576
f 1553/595/1527 1554/595/1528 1604/595/1578
f 1553/595/1527 1604/595/1578 1603/595/1577
f 1554/595/1528 1555/595/1529 1605/595/1579
f 1554/595/1528 1605/595/1579 1604/595/1578
f 1555/595/1529 1556/595/1530 1606/595/1580
f 1555/595/1529 1606/595/1580 1605/595/1579
f 1556/595/1530 1557/595/1531 1607/595/1581
f 1556/595/1530 1607/595/1581 1606/595/1580
f 1557/595/1531 1558/595/1532 1608/595/1582
f 1557/595/1531 1608/595/1582 1607/595/1581
f 1558/595/1532 1559/595/1533 1609/595/1583
f 1558/595/1532 1609/595/1583 1608/595/1582
f 1559/595/1533 1560/595/1534 1610/595/1584
f 1559/595/1533 1610/595/1584 1609/595/1583
f 1560/595/1534 1561/595/1535 1611/595/1585
f 1560/595/1534 1611/595/1585 1610/595/1584
f 1561/595/1535 1562/595/1536 1612/595/1586
f 1561/595/1535 1612/595/1586 1611/595/1585
f 1562/595/1536 1563/595/1537 1613/595/1587
f 1562/595/1536 1613/595/1587 1612/595/1586
f 1563/595/1537 1564/595/1538 1614/595/1588
f 1563/595/1537 1614/595/1588 1613/595/1587
f 1564/595/1538 1565/595/1539 1615/595/1589
f 1564/595/1538 1615/595/1589 1614/595/1588
f 1565/595/1539 1566/595/1540 1616/595/1590
f 1565/595/1539 1616/595/1590 1615/595/1589
f 1568/595/1542 1567/595/1541 1617/595/1591
f 1568/595/1542 1617/595/1591 1618/595/1592
f 1567/595/1541 1569/595/1543 1619/595/1593
f 1567/595/1541 1619/595/1593 1617/595/1591
f 1569/595/1543 1570/595/1544 1620/595/1594
f 1569/595/1543 1620/595/1594 1619/595/1593
f 1570/595/1544 1571/595/1545 1621/595/1595
f 1570/595/1544 1621/595/1595 1620/595/1594
f 1571/595/1545 1572/595/1546 1622/595/1596
f 1571/595/1545 1622/595/1596 1621/595/1595
f 1572/595/1546 1573/595/1547 1623/595/1597
f 1572/595/1546 1623/595/1597 1622/595/1596
f 1573/595/1547 1574/595/1548 1624/595/1598
f 1573/595/1547 1624/595/1598 1623/595/1597
f 1574/595/1548 1575/595/1549 1625/595/1599
f 1574/595/1548 1625/595/1599 1624/595/1598
f 1575/595/1549 1576/595/1550 1626/595/1600
f 1575/595/1549 1626/595/1600 1625/595/1599
f 1576/595/1550 1577/595/1551 1627/595/1601
f 1576/595/1550 1627/595/1601 1626/595/1600
f 1577/595/1551 1578/595/1552 1628/595/1602
f 1577/595/1551 1628/595/1602 1627/595/1601
f 1578/595/1552 1579/595/1553 1629/595/1603
f 1578/595/1552 1629/595/1603 1628/595/1602
f 1579/595/1553 1580/595/1554 1630/595/1604
f 1579/595/1553 1630/595/1604 1629/595/1603
f 1580/595/1554 1581/595/1555 1631/595/1605
f 1580/595/1554 1631/595/1605 1630/595/1604
f 1581/595/1555 1582/595/1556 1632/595/1606
f 1581/595/1555 1632/595/1606 1631/595/1605
f 1582/595/1556 1583/595/1557 1633/595/1607
f 1582/595/1556 1633/595/1607 1632/595/1606
f 1583/595/1557 1584/595/1558 1634/595/1608
f 1583/595/1557 1634/595/1608 1633/595/1607
f 1584/595/1558 1585/595/1559 1635/595/1609
f 1584/595/1558 1635/595/1609 1634/595/1608
f 1585/595/1559 1586/595/1560 1636/595/1610
f 1585/595/1559 1636/595/1610 1635/595/1609
f 1586/595/1560 1587/595/1561 1637/595/1611
f 1586/595/1560 1637/595/1611 1636/595/1610
f 1587/595/1561 1588/595/1562 1638/595/1612
f 1587/595/1561 1638/595/1612 1637/595/1611
f 1588/595/1562 1589/595/1563 1639/595/1613
f 1588/595/1562 1639/595/1613 1638/595/1612
f 1589/595/1563 1590/595/1564 1640/595/1614
f 1589/595/1563 1640/595/1614 1639/595/1613
f 1590/595/1564 1591/595/1565 1641/595/1615
f 1590/595/1564 1641/595/1615 1640/595/1614
f 1591/595/1565 1592/595/1566 1642/595/1616
f 1591/595/1565 1642/595/1616 1641/595/1615
f 1592/595/1566 1593/595/1567 1643/595/1617
f 1592/595/1566 1643/595/1617 1642/595/1616
f 1593/595/1567 1594/595/1568 1644/595/1618
f 1593/595/1567 1644/595/1618 1643/595/1617
f 1594/595/1568 1595/595/1569 1645/595/1619
f 1594/595/1568 1645/595/1619 1644/595/1618
f 1595/595/1569 1596/595/1570 1646/595/1620
f 1595/595/1569 1646/595/1620 1645/595/1619
f 1596/595/1570 1597/595/1571 1647/595/1621
f 1596/595/1570 1647/595/1621 1646/595/1620
f 1597/595/1571 1598/595/1572 1648/595/1622
f 1597/595/1571 1648/595/1622 1647/595/1621
f 1598/595/1572 1599/595/1573 1649/595/1623
f 1598/595/1572 1649/595/1623 1648/595/1622
f 1599/595/1573 1600/595/1574 1650/595/1624
f 1599/595/1573 1650/595/1624 1649/595/1623
f 1600/595/1574 1601/595/1575 1651/595/1625
f 1600/595/1574 1651/595/1625 1650/595/1624
f 1601/595/1575 1602/595/1576 1652/595/1626
f 1601/595/1575 1652/595/1626 1651/595/1625
f 1602/595/1576 1603/595/1577 1653/595/1627
f 1602/595/1576 1653/595/1627 1652/595/1626
f 1603/595/1577 1604/595/1578 1654/595/1628
f 1603/595/1577 1654/595/1628 1653/595/1627
f 1604/595/1578 1605/595/1579 1655/595/1629
f 1604/595/1578 1655/595/1629 1654/595/1628
f 1605/595/1579 1606/595/1580 1656/595/1630
f 1605/595/1579 1656/595/1630 1655/595/1629
f 1606/595/1580 1607/595/1581 1657/595/1631
f 1606/595/1580 1657/595/1631 1656/595/1630
f 1607/595/1581 1608/595/1582 1658/595/1632
f 1607/595/1581 1658/595/1632 1657/595/1631
f 1608/595/1582 1609/595/1583 1659/595/1633
f 1608/595/1582 1659/595/1633 1658/595/1632
f 1609/595/1583 1610/595/1584 1660/595/1634
f 1609/595/1583 1660/595/1634 1659/595/1633
f 1610/595/1584 1611/595/1585 1661/595/1635
f 1610/595/1584 1661/595/1635 1660/595/1634
f 1611/595/1585 1612/595/1586 1662/595/1636
f 1611/595/1585 1662/595/1636 1661/595/1635
f 1612/595/1586 1613/595/1587 1663/595/1637
f 1612/595/1586 1663/595/1637 1662/595/1636
f 1613/595/1587 1614/595/1588 1664/595/1638
f 1613/595/1587 1664/595/1638 1663/595/1637
f 1614/595/1588 1615/595/1589 1665/595/1639
f 1614/595/1588 1665/595/1639 1664/595/1638
f 1615/595/1589 1616/595/1590 1666/595/1640
f 1615/595/1589 1666/595/1640 1665/595/1639
f 1618/595/1592 1617/595/1591 1667/595/1641
f 1618/595/1592 1667/595/1641 1668/595/1642
f 1617/595/1591 1619/595/1593 1669/595/1643
f 1617/595/1591 1669/595/1643 1667/595/1641
f 1619/595/1593 1620/595/1594 1670/595/1644
f 1619/595/1593 1670/595/1644 1669/595/1643
f 1620/595/1594 1621/595/1595 1671/595/1645
f 1620/595/1594 1671/595/1645 1670/595/1644
f 1621/595/1595 1622/595/1596 1672/595/1646
f 1621/595/1595 1672/595/1646 1671/595/1645
f 1622/595/1596 1623/595/1597 1673/595/1647
f 1622/595/1596 1673/595/1647 1672/595/1646
f 1623/595/1597 1624/595/1598 1674/595/1546
f 1623/595/1597 1674/595/1546 1673/595/1647
f 1624/595/1598 1625/595/1599 1675/595/1648
f 1624/595/1598 1675/595/1648 1674/595/1546
f 1625/595/1599 1626/595/1600 1676/595/1649
f 1625/595/1599 1676/595/1649 1675/595/1648
f 1626/595/1600 1627/595/1601 1677/595/1650
f 1626/595/1600 1677/595/1650 1676/595/1649
f 1627/595/1601 1628/595/1602 1678/595/1651
f 1627/595/1601 1678/595/1651 1677/595/1650
f 1628/595/1602 1629/595/1603 1679/595/1652
f 1628/595/1602 1679/595/1652 1678/595/1651
f 1629/595/1603 1630/595/1604 1680/595/1653
f 1629/595/1603 1680/595/1653 1679/595/1652
f 1630/595/1604 1631/595/1605 1681/595/1654
f 1630/595/1604 1681/595/1654 1680/595/1653
f 1631/595/1605 1632/595/1606 1682/595/1655
f 1631/595/1605 1682/595/1655 1681/595/1654
f 1632/595/1606 1633/595/1607 1683/595/1656
f 1632/595/1606 1683/595/1656 1682/595/1655
f 1633/595/1607 1634/595/1608 1684/595/1657
f 1633/595/1607 1684/595/1657 1683/595/1656
f 1634/595/1608 1635/595/1609 1685/595/1658
f 1634/595/1608 1685/595/1658 1684/595/1657
f 1635/595/1609 1636/595/1610 1686/595/1659
f 1635/595/1609 1686/595/1659 1685/595/1658
f 1636/595/1610 1637/595/1611 1687/595/1660
f 1636/595/1610 1687/595/1660 1686/595/1659
f 1637/595/1611 1638/595/1612 1688/595/1661
f 1637/595/1611 1688/595/1661 1687/595/1660
f 1638/595/1612 1639/595/1613 1689/595/1662
f 1638/595/1612 1689/595/1662 1688/595/1661
f 1639/595/1613 1640/595/1614 1690/595/1663
f 1639/595/1613 1690/595/1663 1689/595/1662
f 1640/595/1614 1641/595/1615 1691/595/1664
f 1640/595/1614 1691/595/1664 1690/595/1663
f 1641/595/1615 1642/595/1616 1692/595/1665
f 1641/595/1615 1692/595/1665 1691/595/1664
f 1642/595/1616 1643/595/1617 1693/595/1666
f 1642/595/1616 1693/595/1666 1692/595/1665
f 1643/595/1617 1644/595/1618 1694/595/1667
f 1643/595/1617 1694/595/1667 1693/595/1666
f 1644/595/1618 1645/595/1619 1695/595/1668
f 1644/595/1618 1695/595/1668 1694/595/1667
f 1645/595/1619 1646/595/1620 1696/595/1669
f 1645/595/1619 1696/595/1669 1695/595/1668
f 1646/595/1620 1647/595/1621 1697/595/1670
f 1646/595/1620 1697/595/1670 1696/595/1669
f 1647/595/1621 1648/595/1622 1698/595/1671
f 1647/595/1621 1698/595/1671 1697/595/1670
f 1648/595/1622 1649/595/1623 1699/595/1672
f 1648/595/1622 1699/595/1672 1698/595/1671
f 1649/595/1623 1650/595/1624 1700/595/1673
f 1649/595/1623 1700/595/1673 1699/595/1672
f 1650/595/1624 1651/595/1625 1701/595/1674
f 1650/595/1624 1701/595/1674 1700/595/1673
f 1651/595/1625 1652/595/1626 1702/595/1675
f 1651/595/1625 1702/595/1675 1701/595/1674
f 1652/595/1626 1653/595/1627 1703/595/1676
f 1652/595/1626 1703/595/1676 1702/595/1675
f 1653/595/1627 1654/595/1628 1704/595/1677
f 1653/595/1627 1704/595/1677 1703/595/1676
f 1654/595/1628 1655/595/1629 1705/595/1678
f 1654/595/1628 1705/595/1678 1704/595/1677
f 1655/595/1629 1656/595/1630 1706/595/1679
f 1655/595/1629 1706/595/1679 1705/595/1678
f 1656/595/1630 1657/595/1631 1707/595/1680
f 1656/595/1630 1707/595/1680 1706/595/1679
f 1657/595/1631 1658/595/1632 1708/595/1681
f 1657/595/1631 1708/595/1681 1707/595/1680
f 1658/595/1632 1659/595/1633 1709/595/1682
f 1658/595/1632 1709/595/1682 1708/595/1681
f 1659/595/1633 1660/595/1634 1710/595/1683
f 1659/595/1633 1710/595/1683 1709/595/1682
f 1660/595/1634 1661/595/1635 1711/595/1684
f 1660/595/1634 1711/595/1684 1710/595/1683
f 1661/595/1635 1662/595/1636 1712/595/1685
f 1661/595/1635 1712/595/1685 1711/595/1684
f 1662/595/1636 1663/595/1637 1713/595/1686
f 1662/595/1636 1713/595/1686 1712/595/1685
f 1663/595/1637 1664/595/1638 1714/595/1687
f 1663/595/1637 1714/595/1687 1713/595/1686
f 1664/595/1638 1665/595/1639 1715/595/1688
f 1664/595/1638 1715/595/1688 1714/595/1687
f 1665/595/1639 1666/595/1640 1716/595/1689
f 1665/595/1639 1716/595/1689 1715/595/1688
f 1668/595/1642 1667/595/1641 1717/595/1690
f 1668/595/1642 1717/595/1690 1718/595/1691
f 1667/595/1641 1669/595/1643 1719/595/1692
f 1667/595/1641 1719/595/1692 1717/595/1690
f 1669/595/1643 1670/595/1644 1720/595/1693
f 1669/595/1643 1720/595/1693 1719/595/1692
f 1670/595/1644 1671/595/1645 1721/595/1694
f 1670/595/1644 1721/595/1694 1720/595/1693
f 1671/595/1645 1672/595/1646 1722/595/1695
f 1671/595/1645 1722/595/1695 1721/595/1694
f 1672/595/1646 1673/595/1647 1723/595/1696
f 1672/595/1646 1723/595/1696 1722/595/1695
f 1673/595/1647 1674/595/1546 1724/595/1697
f 1673/595/1647 1724/595/1697 1723/595/1696
f 1674/595/1546 1675/595/1648 1725/595/1698
f 1674/595/1546 1725/595/1698 1724/595/1697
f 1675/595/1648 1676/595/1649 1726/595/1699
f 1675/595/1648 1726/595/1699 1725/595/1698
f 1676/595/1649 1677/595/1650 1727/595/1700
f 1676/595/1649 1727/595/1700 1726/595/1699
f 1677/595/1650 1678/595/1651 1728/595/1701
f 1677/595/1650 1728/595/1701 1727/595/1700
f 1678/595/1651 1679/595/1652 1729/595/1702
f 1678/595/1651 1729/595/1702 1728/595/1701
f 1679/595/1652 1680/595/1653 1730/595/1703
f 1679/595/1652 1730/595/1703 1729/595/1702
f 1680/595/1653 1681/595/1654 1731/595/1704
f 1680/595/1653 1731/595/1704 1730/595/1703
f 1681/595/1654 1682/595/1655 1732/595/1705
f 1681/595/1654 1732/595/1705 1731/595/1704
f 1682/595/1655 1683/595/1656 1733/595/1706
f 1682/595/1655 1733/595/1706 1732/595/1705
f 1683/595/1656 1684/595/1657 1734/595/1707
f 1683/595/1656 1734/595/1707 1733/595/1706
f 1684/595/1657 1685/595/1658 1735/595/1708
f 1684/595/1657 1735/595/1708 1734/595/1707
f 1685/595/1658 1686/595/1659 1736/595/1709
f 1685/595/1658 1736/595/1709 1735/595/1708
f 1686/595/1659 1687/595/1660 1737/595/1710
f 1686/595/1659 1737/595/1710 1736/595/1709
f 1687/595/1660 1688/595/1661 1738/595/1711
f 1687/595/1660 1738/595/1711 1737/595/1710
f 1688/595/1661 1689/595/1662 1739/595/1712
f 1688/595/1661 1739/595/1712 1738/595/1711
f 1689/595/1662 1690/595/1663 1740/595/1713
f 1689/595/1662 1740/595/1713 1739/595/1712
f 1690/595/1663 1691/595/1664 1741/595/1714
f 1690/595/1663 1741/595/1714 1740/595/1713
f 1691/595/1664 1692/595/1665 1742/595/1715
f 1691/595/1664 1742/595/1715 1741/595/1714
f 1692/595/1665 1693/595/1666 1743/595/1716
f 1692/595/1665 1743/595/1716 1742/595/1715
f 1693/595/1666 1694/595/1667 1744/595/1717
f 1693/595/1666 1744/595/1717 1743/595/1716
f 1694/595/1667 1695/595/1668 1745/595/1718
f 1694/595/1667 1745/595/1718 1744/595/1717
f 1695/595/1668 1696/595/1669 1746/595/1719
f 1695/595/1668 1746/595/1719 1745/595/1718
f 1696/595/1669 1697/595/1670 1747/595/1720
f 1696/595/1669 1747/595/1720 1746/595/1719
f 1697/595/1670 1698/595/1671 1748/595/1721
f 1697/595/1670 1748/595/1721 1747/595/1720
f 1698/595/1671 1699/595/1672 1749/595/1722
f 1698/595/1671 1749/595/1722 1748/595/1721
f 1699/595/1672 1700/595/1673 1750/595/1723
f 1699/595/1672 1750/595/1723 1749/595/1722
f 1700/595/1673 1701/595/1674 1751/595/1724
f 1700/595/1673 1751/595/1724 1750/595/1723
f 1701/595/1674 1702/595/1675 1752/595/1725
f 1701/595/1674 1752/595/1725 1751/595/1724
f 1702/595/1675 1703/595/1676 1753/595/1726
f 1702/595/1675 1753/595/1726 1752/595/1725
f 1703/595/1676 1704/595/1677 1754/595/1727
f 1703/595/1676 1754/595/1727 1753/595/1726
f 1704/595/1677 1705/595/1678 1755/595/1728
f 1704/595/1677 1755/595/1728 1754/595/1727
f 1705/595/1678 1706/595/1679 1756/595/1729
f 1705/595/1678 1756/595/1729 1755/595/1728
f 1706/595/1679 1707/595/1680 1757/595/1730
f 1706/595/1679 1757/595/1730 1756/595/1729
f 1707/595/1680 1708/595/1681 1758/595/1731
f 1707/595/1680 1758/595/1731 1757/595/1730
f 1708/595/1681 1709/595/1682 1759/595/1732
f 1708/595/1681 1759/595/1732 1758/595/1731
f 1709/595/1682 1710/595/1683 1760/595/1733
f 1709/595/1682 1760/595/1733 1759/595/1732
f 1710/595/1683 1711/595/1684 1761/595/1734
f 1710/595/1683 1761/595/1734 1760/595/1733
f 1711/595/1684 1712/595/1685 1762/595/1735
f 1711/595/1684 1762/595/1735 1761/595/1734
f 1712/595/1685 1713/595/1686 1763/595/1736
f 1712/595/1685 1763/595/1736 1762/595/1735
f 1713/595/1686 1714/595/1687 1764/595/1737
f 1713/595/1686 1764/595/1737 1763/595/1736
f 1714/595/1687 1715/595/1688 1765/595/1738
f 1714/595/1687 1765/595/1738 1764/595/1737
f 1715/595/1688 1716/595/1689 1766/595/1739
f 1715/595/1688 1766/595/1739 1765/595/1738
f 1718/595/1691 1717/595/1690 1767/595/1740
f 1718/595/1691 1767/595/1740 1768/595/1741
f 1717/595/1690 1719/595/1692 1769/595/1742
f 1717/595/1690 1769/595/1742 1767/595/1740
f 1719/595/1692 1720/595/1693 1770/595/1743
f 1719/595/1692 1770/595/1743 1769/595/1742
f 1720/595/1693 1721/595/1694 1771/595/1744
f 1720/595/1693 1771/595/1744 1770/595/1743
f 1721/595/1694 1722/595/1695 1772/595/1745
f 1721/595/1694 1772/595/1745 1771/595/1744
f 1722/595/1695 1723/595/1696 1773/595/1746
f 1722/595/1695 1773/595/1746 1772/595/1745
f 1723/595/1696 1724/595/1697 1774/595/1747
f 1723/595/1696 1774/595/1747 1773/595/1746
f 1724/595/1697 1725/595/1698 1775/595/1748
f 1724/595/1697 1775/595/1748 1774/595/1747
f 1725/595/1698 1726/595/1699 1776/595/1749
f 1725/595/1698 1776/595/1749 1775/595/1748
f 1726/595/1699 1727/595/1700 1777/595/1750
f 1726/595/1699 1777/595/1750 1776/595/1749
f 1727/595/1700 1728/595/1701 1778/595/1751
f 1727/595/1700 1778/595/1751 1777/595/1750
f 1728/595/1701 1729/595/1702 1779/595/1752
f 1728/595/1701 1779/595/1752 1778/595/1751
f 1729/595/1702 1730/595/1703 1780/595/1753
f 1729/595/1702 1780/595/1753 1779/595/1752
f 1730/595/1703 1731/595/1704 1781/595/1754
f 1730/595/1703 1781/595/1754 1780/595/1753
f 1731/595/1704 1732/595/1705 1782/595/1755
f 1731/595/1704 1782/595/1755 1781/595/1754
f 1732/595/1705 1733/595/1706 1783/595/1756
f 1732/595/1705 1783/595/1756 1782/595/1755
f 1733/595/1706 1734/595/1707 1784/595/1757
f 1733/595/1706 1784/595/1757 1783/595/1756
f 1734/595/1707 1735/595/1708 1785/595/1758
f 1734/595/1707 1785/595/1758 1784/595/1757
f 1735/595/1708 1736/595/1709 1786/595/1759
f 1735/595/1708 1786/595/1759 1785/595/1758
f 1736/595/1709 1737/595/1710 1787/595/1760
f 1736/595/1709 1787/595/1760 1786/595/1759
f 1737/595/1710 1738/595/1711 1788/595/1761
f 1737/595/1710 1788/595/1761 1787/595/1760
f 1738/595/1711 1739/595/1712 1789/595/1543
f 1738/595/1711 1789/595/1543 1788/595/1761
f 1739/595/1712 1740/595/1713 1790/595/1544
f 1739/595/1712 1790/595/1544 1789/595/1543
f 1740/595/1713 1741/595/1714 1791/595/1762
f 1740/595/1713 1791/595/1762 1790/595/1544
f 1741/595/1714 1742/595/1715 1792/595/1763
f 1741/595/1714 1792/595/1763 1791/595/1762
f 1742/595/1715 1743/595/1716 1793/595/1764
f 1742/595/1715 1793/595/1764 1792/595/1763
f 1743/595/1716 1744/595/1717 1794/595/1765
f 1743/595/1716 1794/595/1765 1793/595/1764
f 1744/595/1717 1745/595/1718 1795/595/1766
f 1744/595/1717 1795/595/1766 1794/595/1765
f 1745/595/1718 1746/595/1719 1796/595/1767
f 1745/595/1718 1796/595/1767 1795/595/1766
f 1746/595/1719 1747/595/1720 1797/595/1768
f 1746/595/1719 1797/595/1768 1796/595/1767
f 1747/595/1720 1748/595/1721 1798/595/1769
f 1747/595/1720 1798/595/1769 1797/595/1768
f 1748/595/1721 1749/595/1722 1799/595/1770
f 1748/595/1721 1799/595/1770 1798/595/1769
f 1749/595/1722 1750/595/1723 1800/595/1771
f 1749/595/1722 1800/595/1771 1799/595/1770
f 1750/595/1723 1751/595/1724 1801/595/1772
f 1750/595/1723 1801/595/1772 1800/595/1771
f 1751/595/1724 1752/595/1725 1802/595/1773
f 1751/595/1724 1802/595/1773 1801/595/1772
f 1752/595/1725 1753/595/1726 1803/595/1774
f 1752/595/1725 1803/595/1774 1802/595/1773
f 1753/595/1726 1754/595/1727 1804/595/1775
f 1753/595/1726 1804/595/1775 1803/595/1774
f 1754/595/1727 1755/595/1728 1805/595/1776
f 1754/595/1727 1805/595/1776 1804/595/1775
f 1755/595/1728 1756/595/1729 1806/595/1777
f 1755/595/1728 1806/595/1777 1805/595/1776
f 1756/595/1729 1757/595/1730 1807/595/1778
f 1756/595/1729 1807/595/1778 1806/595/1777
f 1757/595/1730 1758/595/1731 1808/595/1779
f 1757/595/1730 1808/595/1779 1807/595/1778
f 1758/595/1731 1759/595/1732 1809/595/1780
f 1758/595/1731 1809/595/1780 1808/595/1779
f 1759/595/1732 1760/595/1733 1810/595/1781
f 1759/595/1732 1810/595/1781 1809/595/1780
f 1760/595/1733 1761/595/1734 1811/595/1782
f 1760/595/1733 1811/595/1782 1810/595/1781
f 1761/595/1734 1762/595/1735 1812/595/1783
f 1761/595/1734 1812/595/1783 1811/595/1782
f 1762/595/1735 1763/595/1736 1813/595/1784
f 1762/595/1735 1813/595/1784 1812/595/1783
f 1763/595/1736 1764/595/1737 1814/595/1785
f 1763/595/1736 1814/595/1785 1813/595/1784
f 1764/595/1737 1765/595/1738 1815/595/1786
f 1764/595/1737 1815/595/1786 1814/595/1785
f 1765/595/1738 1766/595/1739 1816/595/1787
f 1765/595/1738 1816/595/1787 1815/595/1786
f 1768/595/1741 1767/595/1740 1817/595/1788
f 1768/595/1741 1817/595/1788 1818/595/1789
f 1767/595/1740 1769/595/1742 1819/595/1790
f 1767/595/1740 1819/595/1790 1817/595/1788
f 1769/595/1742 1770/595/1743 1820/595/1791
f 1769/595/1742 1820/595/1791 1819/595/1790
f 1770/595/1743 1771/595/1744 1821/595/1792
f 1770/595/1743 1821/595/1792 1820/595/1791
f 1771/595/1744 1772/595/1745 1822/595/1793
f 1771/595/1744 1822/595/1793 1821/595/1792
f 1772/595/1745 1773/595/1746 1823/595/1794
f 1772/595/1745 1823/595/1794 1822/595/1793
f 1773/595/1746 1774/595/1747 1824/595/1795
f 1773/595/1746 1824/595/1795 1823/595/1794
f 1774/595/1747 1775/595/1748 1825/595/1796
f 1774/595/1747 1825/595/1796 1824/595/1795
f 1775/595/1748 1776/595/1749 1826/595/1797
f 1775/595/1748 1826/595/1797 1825/595/1796
f 1776/595/1749 1777/595/1750 1827/595/1798
f 1776/595/1749 1827/595/1798 1826/595/1797
f 1777/595/1750 1778/595/1751 1828/595/1799
f 1777/595/1750 1828/595/1799 1827/595/1798
f 1778/595/1751 1779/595/1752 1829/595/1800
f 1778/595/1751 1829/595/1800 1828/595/1799
f 1779/595/1752 1780/595/1753 1830/595/1801
f 1779/595/1752 1830/595/1801 1829/595/1800
f 1780/595/1753 1781/595/1754 1831/595/1802
f 1780/595/1753 1831/595/1802 1830/595/1801
f 1781/595/1754 1782/595/1755 1832/595/1803
f 1781/595/1754 1832/595/1803 1831/595/1802
f 1782/595/1755 1783/595/1756 1833/595/1804
f 1782/595/1755 1833/595/1804 1832/595/1803
f 1783/595/1756 1784/595/1757 1834/595/1805
f 1783/595/1756 1834/595/1805 1833/595/1804
f 1784/595/1757 1785/595/1758 1835/595/1806
f 1784/595/1757 1835/595/1806 1834/595/1805
f 1785/595/1758 1786/595/1759 1836/595/1807
f 1785/595/1758 1836/595/1807 1835/595/1806
f 1786/595/1759 1787/595/1760 1837/595/1808
f 1786/595/1759 1837/595/1808 1836/595/1807
f 1787/595/1760 1788/595/1761 1838/595/1809
f 1787/595/1760 1838/595/1809 1837/595/1808
f 1788/595/1761 1789/595/1543 1839/595/1593
f 1788/595/1761 1839/595/1593 1838/595/1809
f 1789/595/1543 1790/595/1544 1840/595/1810
f 1789/595/1543 1840/595/1810 1839/595/1593
f 1790/595/1544 1791/595/1762 1841/595/1811
f 1790/595/1544 1841/595/1811 1840/595/1810
f 1791/595/1762 1792/595/1763 1842/595/1812
f 1791/595/1762 1842/595/1812 1841/595/1811
f 1792/595/1763 1793/595/1764 1843/595/1813
f 1792/595/1763 1843/595/1813 1842/595/1812
f 1793/595/1764 1794/595/1765 1844/595/1814
f 1793/595/1764 1844/595/1814 1843/595/1813
f 1794/595/1765 1795/595/1766 1845/595/1815
f 1794/595/1765 1845/595/1815 1844/595/1814
f 1795/595/1766 1796/595/1767 1846/595/1816
f 1795/595/1766 1846/595/1816 1845/595/1815
f 1796/595/1767 1797/595/1768 1847/595/1817
f 1796/595/1767 1847/595/1817 1846/595/1816
f 1797/595/1768 1798/595/1769 1848/595/1818
f 1797/595/1768 1848/595/1818 1847/595/1817
f 1798/595/1769 1799/595/1770 1849/595/1819
f 1798/595/1769 1849/595/1819 1848/595/1818
f 1799/595/1770 1800/595/1771 1850/595/1820
f 1799/595/1770 1850/595/1820 1849/595/1819
f 1800/595/1771 1801/595/1772 1851/595/1821
f 1800/595/1771 1851/595/1821 1850/595/1820
f 1801/595/1772 1802/595/1773 1852/595/1822
f 1801/595/1772 1852/595/1822 1851/595/1821
f 1802/595/1773 1803/595/1774 1853/595/1823
f 1802/595/1773 1853/595/1823 1852/595/1822
f 1803/595/1774 1804/595/1775 1854/595/1824
f 1803/595/1774 1854/595/1824 1853/595/1823
f 1804/595/1775 1805/595/1776 1855/595/1825
f 1804/595/1775 1855/595/1825 1854/595/1824
f 1805/595/1776 1806/595/1777 1856/595/1826
f 1805/595/1776 1856/595/1826 1855/595/1825
f 1806/595/1777 1807/595/1778 1857/595/1827
f 1806/595/1777 1857/595/1827 1856/595/1826
f 1807/595/1778 1808/595/1779 1858/595/1828
f 1807/595/1778 1858/595/1828 1857/595/1827
f 1808/595/1779 1809/595/1780 1859/595/1829
f 1808/595/1779 1859/595/1829 1858/595/1828
f 1809/595/1780 1810/595/1781 1860/595/1830
f 1809/595/1780 1860/595/1830 1859/595/1829
f 1810/595/1781 1811/595/1782 1861/595/1831
f 1810/595/1781 1861/595/1831 1860/595/1830
f 1811/595/1782 1812/595/1783 1862/595/1832
f 1811/595/1782 1862/595/1832 1861/595/1831
f 1812/595/1783 1813/595/1784 1863/595/1833
f 1812/595/1783 1863/595/1833 1862/595/1832
f 1813/595/1784 1814/595/1785 1864/595/1834
f 1813/595/1784 1864/595/1834 1863/595/1833
f 1814/595/1785 1815/595/1786 1865/595/1835
f 1814/595/1785 1865/595/1835 1864/595/1834
f 1815/595/1786 1816/595/1787 1866/595/1836
f 1815/595/1786 1866/595/1836 1865/595/1835
f 1818/595/1789 1817/595/1788 1867/595/1837
f 1818/595/1789 1867/595/1837 1868/595/1838
f 1817/595/1788 1819/595/1790 1869/595/1839
f 1817/595/1788 1869/595/1839 1867/595/1837
f 1819/595/1790 1820/595/1791 1870/595/1840
f 1819/595/1790 1870/595/1840 1869/595/1839
f 1820/595/1791 1821/595/1792 1871/595/1841
f 1820/595/1791 1871/595/1841 1870/595/1840
f 1821/595/1792 1822/595/1793 1872/595/1842
f 1821/595/1792 1872/595/1842 1871/595/1841
f 1822/595/1793 1823/595/1794 1873/595/1843
f 1822/595/1793 1873/595/1843 1872/595/1842
f 1823/595/1794 1824/595/1795 1874/595/1844
f 1823/595/1794 1874/595/1844 1873/595/1843
f 1824/595/1795 1825/595/1796 1875/595/1845
f 1824/595/1795 1875/595/1845 1874/595/1844
f 1825/595/1796 1826/595/1797 1876/595/1846
f 1825/595/1796 1876/595/1846 1875/595/1845
f 1826/595/1797 1827/595/1798 1877/595/1847
f 1826/595/1797 1877/595/1847 1876/595/1846
f 1827/595/1798 1828/595/1799 1878/595/1848
f 1827/595/1798 1878/595/1848 1877/595/1847
f 1828/595/1799 1829/595/1800 1879/595/1849
f 1828/595/1799 1879/595/1849 1878/595/1848
f 1829/595/1800 1830/595/1801 1880/595/1850
f 1829/595/1800 1880/595/1850 1879/595/1849
f 1830/595/1801 1831/595/1802 1881/595/1851
f 1830/595/1801 1881/595/1851 1880/595/1850
f 1831/595/1802 1832/595/1803 1882/595/1852
f 1831/595/1802 1882/595/1852 1881/595/1851
f 1832/595/1803 1833/595/1804 1883/595/1853
f 1832/595/1803 1883/595/1853 1882/595/1852
f 1833/595/1804 1834/595/1805 1884/595/1854
f 1833/595/1804 1884/595/1854 1883/595/1853
f 1834/595/1805 1835/595/1806 1885/595/1855
f 1834/595/1805 1885/595/1855 1884/595/1854
f 1835/595/1806 1836/595/1807 1886/595/1856
f 1835/595/1806 1886/595/1856 1885/595/1855
f 1836/595/1807 1837/595/1808 1887/595/1857
f 1836/595/1807 1887/595/1857 1886/595/1856
f 1837/595/1808 1838/595/1809 1888/595/1858
f 1837/595/1808 1888/595/1858 1887/595/1857
f 1838/595/1809 1839/595/1593 1889/595/1859
f 1838/595/1809 1889/595/1859 1888/595/1858
f 1839/595/1593 1840/595/1810 1890/595/1644
f 1839/595/1593 1890/595/1644 1889/595/1859
f 1840/595/1810 1841/595/1811 1891/595/1860
f 1840/595/1810 1891/595/1860 1890/595/1644
f 1841/595/1811 1842/595/1812 1892/595/1861
f 1841/595/1811 1892/595/1861 1891/595/1860
f 1842/595/1812 1843/595/1813 1893/595/1862
f 1842/595/1812 1893/595/1862 1892/595/1861
f 1843/595/1813 1844/595/1814 1894/595/1863
f 1843/595/1813 1894/595/1863 1893/595/1862
f 1844/595/1814 1845/595/1815 1895/595/1864
f 1844/595/1814 1895/595/1864 1894/595/1863
f 1845/595/1815 1846/595/1816 1896/595/1865
f 1845/595/1815 1896/595/1865 1895/595/1864
f 1846/595/1816 1847/595/1817 1897/595/1866
f 1846/595/1816 1897/595/1866 1896/595/1865
f 1847/595/1817 1848/595/1818 1898/595/1867
f 1847/595/1817 1898/595/1867 1897/595/1866
f 1848/595/1818 1849/595/1819 1899/595/1868
f 1848/595/1818 1899/595/1868 1898/595/1867
f 1849/595/1819 1850/595/1820 1900/595/1869
f 1849/595/1819 1900/595/1869 1899/595/1868
f 1850/595/1820 1851/595/1821 1901/595/1870
f 1850/595/1820 1901/595/1870 1900/595/1869
f 1851/595/1821 1852/595/1822 1902/595/1871
f 1851/595/1821 1902/595/1871 1901/595/1870
f 1852/595/1822 1853/595/1823 1903/595/1872
f 1852/595/1822 1903/595/1872 1902/595/1871
f 1853/595/1823 1854/595/1824 1904/595/1873
f 1853/595/1823 1904/595/1873 1903/595/1872
f 1854/595/1824 1855/595/1825 1905/595/1874
f 1854/595/1824 1905/595/1874 1904/595/1873
f 1855/595/1825 1856/595/1826 1906/595/1875
f 1855/595/1825 1906/595/1875 1905/595/1874
f 1856/595/1826 1857/595/1827 1907/595/1876
f 1856/595/1826 1907/595/1876 1906/595/1875
f 1857/595/1827 1858/595/1828 1908/595/1877
f 1857/595/1827 1908/595/1877 1907/595/1876
f 1858/595/1828 1859/595/1829 1909/595/1878
f 1858/595/1828 1909/595/1878 1908/595/1877
f 1859/595/1829 1860/595/1830 1910/595/1879
f 1859/595/1829 1910/595/1879 1909/595/1878
f 1860/595/1830 1861/595/1831 1911/595/1880
f 1860/595/1830 1911/595/1880 1910/595/1879
f 1861/595/1831 1862/595/1832 1912/595/1881
f 1861/595/1831 1912/595/1881 1911/595/1880
f 1862/595/1832 1863/595/1833 1913/595/1882
f 1862/595/1832 1913/595/1882 1912/595/1881
f 1863/595/1833 1864/595/1834 1914/595/1883
f 1863/595/1833 1914/595/1883 1913/595/1882
f 1864/595/1834 1865/595/1835 1915/595/1884
f 1864/595/1834 1915/595/1884 1914/595/1883
f 1865/595/1835 1866/595/1836 1916/595/1885
f 1865/595/1835 1916/595/1885 1915/595/1884
f 1868/595/1838 1867/595/1837 1917/595/1886
f 1868/595/1838 1917/595/1886 1918/595/1887
f 1867/595/1837 1869/595/1839 1919/595/1888
f 1867/595/1837 1919/595/1888 1917/595/1886
f 1869/595/1839 1870/595/1840 1920/595/1889
f 1869/595/1839 1920/595/1889 1919/595/1888
f 1870/595/1840 1871/595/1841 1921/595/1890
f 1870/595/1840 1921/595/1890 1920/595/1889
f 1871/595/1841 1872/595/1842 1922/595/1891
f 1871/595/1841 1922/595/1891 1921/595/1890
f 1872/595/1842 1873/595/1843 1923/595/1892
f 1872/595/1842 1923/595/1892 1922/595/1891
f 1873/595/1843 1874/595/1844 1924/595/1893
f 1873/595/1843 1924/595/1893 1923/595/1892
f 1874/595/1844 1875/595/1845 1925/595/1894
f 1874/595/1844 1925/595/1894 1924/595/1893
f 1875/595/1845 1876/595/1846 1926/595/1895
f 1875/595/1845 1926/595/1895 1925/595/1894
f 1876/595/1846 1877/595/1847 1927/595/1896
f 1876/595/1846 1927/595/1896 1926/595/1895
f 1877/595/1847 1878/595/1848 1928/595/1897
f 1877/595/1847 1928/595/1897 1927/595/1896
f 1878/595/1848 1879/595/1849 1929/595/1898
f 1878/595/1848 1929/595/1898 1928/595/1897
f 1879/595/1849 1880/595/1850 1930/595/1899
f 1879/595/1849 1930/595/1899 1929/595/1898
f 1880/595/1850 1881/595/1851 1931/595/1900
f 1880/595/1850 1931/595/1900 1930/595/1899
f 1881/595/1851 1882/595/1852 1932/595/1901
f 1881/595/1851 1932/595/1901 1931/595/1900
f 1882/595/1852 1883/595/1853 1933/595/1902
f 1882/595/1852 1933/595/1902 1932/595/1901
f 1883/595/1853 1884/595/1854 1934/595/1903
f 1883/595/1853 1934/595/1903 1933/595/1902
f 1884/595/1854 1885/595/1855 1935/595/1904
f 1884/595/1854 1935/595/1904 1934/595/1903
f 1885/595/1855 1886/595/1856 1936/595/1905
f 1885/595/1855 1936/595/1905 1935/595/1904
f 1886/595/1856 1887/595/1857 1937/595/1906
f 1886/595/1856 1937/595/1906 1936/595/1905
f 1887/595/1857 1888/595/1858 1938/595/1907
f 1887/595/1857 1938/595/1907 1937/595/1906
f 1888/595/1858 1889/595/1859 1939/595/1908
f 1888/595/1858 1939/595/1908 1938/595/1907
f 1889/595/1859 1890/595/1644 1940/595/1909
f 1889/595/1859 1940/595/1909 1939/595/1908
f 1890/595/1644 1891/595/1860 1941/595/1910
f 1890/595/1644 1941/595/1910 1940/595/1909
f 1891/595/1860 1892/595/1861 1942/595/1911
f 1891/595/1860 1942/595/1911 1941/595/1910
f 1892/595/1861 1893/595/1862 1943/595/1912
f 1892/595/1861 1943/595/1912 1942/595/1911
f 1893/595/1862 1894/595/1863 1944/595/1913
f 1893/595/1862 1944/595/1913 1943/595/1912
f 1894/595/1863 1895/595/1864 1945/595/1914
f 1894/595/1863 1945/595/1914 1944/595/1913
f 1895/595/1864 1896/595/1865 1946/595/1915
f 1895/595/1864 1946/595/1915 1945/595/1914
f 1896/595/1865 1897/595/1866 1947/595/1916
f 1896/595/1865 1947/595/1916 1946/595/1915
f 1897/595/1866 1898/595/1867 1948/595/1917
f 1897/595/1866 1948/595/1917 1947/595/1916
f 1898/595/1867 1899/595/1868 1949/595/1918
f 1898/595/1867 1949/595/1918 1948/595/1917
f 1899/595/1868 1900/595/1869 1950/595/1919
f 1899/595/1868 1950/595/1919 1949/595/1918
f 1900/595/1869 1901/595/1870 1951/595/1920
f 1900/595/1869 1951/595/1920 1950/595/1919
f 1901/595/1870 1902/595/1871 1952/595/1921
f 1901/595/1870 1952/595/1921 1951/595/1920
f 1902/595/1871 1903/595/1872 1953/595/1922
f 1902/595/1871 1953/595/1922 1952/595/1921
f 1903/595/1872 1904/595/1873 1954/595/1923
f 1903/595/1872 1954/595/1923 1953/595/1922
f 1904/595/1873 1905/595/1874 1955/595/1924
f 1904/595/1873 1955/595/1924 1954/595/1923
f 1905/595/1874 1906/595/1875 1956/595/1925
f 1905/595/1874 1956/595/1925 1955/595/1924
f 1906/595/1875 1907/595/1876 1957/595/1926
f 1906/595/1875 1957/595/1926 1956/595/1925
f 1907/595/1876 1908/595/1877 1958/595/1927
f 1907/595/1876 1958/595/1927 1957/595/1926
f 1908/595/1877 1909/595/1878 1959/595/1928
f 1908/595/1877 1959/595/1928 1958/595/1927
f 1909/595/1878 1910/595/1879 1960/595/1929
f 1909/595/1878 1960/595/1929 1959/595/1928
f 1910/595/1879 1911/595/1880 1961/595/1930
f 1910/595/1879 1961/595/1930 1960/595/1929
f 1911/595/1880 1912/595/1881 1962/595/1931
f 1911/595/1880 1962/595/1931 1961/595/1930
f 1912/595/1881 1913/595/1882 1963/595/1932
f 1912/595/1881 1963/595/1932 1962/595/1931
f 1913/595/1882 1914/595/1883 1964/595/1933
f 1913/595/1882 1964/595/1933 1963/595/1932
f 1914/595/1883 1915/595/1884 1965/595/1934
f 1914/595/1883 1965/595/1934 1964/595/1933
f 1915/595/1884 1916/595/1885 1966/595/1935
f 1915/595/1884 1966/595/1935 1965/595/1934
f 1918/595/1887 1917/595/1886 1967/595/1936
f 1918/595/1887 1967/595/1936 1968/595/1937
f 1917/595/1886 1919/595/1888 1969/595/1938
f 1917/595/1886 1969/595/1938 1967/595/1936
f 1919/595/1888 1920/595/1889 1970/595/1939
f 1919/595/1888 1970/595/1939 1969/595/1938
f 1920/595/1889 1921/595/1890 1971/595/1940
f 1920/595/1889 1971/595/1940 1970/595/1939
f 1921/595/1890 1922/595/1891 1972/595/1941
f 1921/595/1890 1972/595/1941 1971/595/1940
f 1922/595/1891 1923/595/1892 1973/595/1942
f 1922/595/1891 1973/595/1942 1972/595/1941
f 1923/595/1892 1924/595/1893 1974/595/1943
f 1923/595/1892 1974/595/1943 1973/595/1942
f 1924/595/1893 1925/595/1894 1975/595/1944
f 1924/595/1893 1975/595/1944 1974/595/1943
f 1925/595/1894 1926/595/1895 1976/595/1945
f 1925/595/1894 1976/595/1945 1975/595/1944
f 1926/595/1895 1927/595/1896 1977/595/1946
f 1926/595/1895 1977/595/1946 1976/595/1945
f 1927/595/1896 1928/595/1897 1978/595/1947
f 1927/595/1896 1978/595/1947 1977/595/1946
f 1928/595/1897 1929/595/1898 1979/595/1948
f 1928/595/1897 1979/595/1948 1978/595/1947
f 1929/595/1898 1930/595/1899 1980/595/1949
f 1929/595/1898 1980/595/1949 1979/595/1948
f 1930/595/1899 1931/595/1900 1981/595/1950
f 1930/595/1899 1981/595/1950 1980/595/1949
f 1931/595/1900 1932/595/1901 1982/595/1951
f 1931/595/1900 1982/595/1951 1981/595/1950
f 1932/595/1901 1933/595/1902 1983/595/1952
f 1932/595/1901 1983/595/1952 1982/595/1951
f 1933/595/1902 1934/595/1903 1984/595/1953
f 1933/595/1902 1984/595/1953 1983/595/1952
f 1934/595/1903 1935/595/1904 1985/595/1954
f 1934/595/1903 1985/595/1954 1984/595/1953
f 1935/595/1904 1936/595/1905 1986/595/1955
f 1935/595/1904 1986/595/1955 1985/595/1954
f 1936/595/1905 1937/595/1906 1987/595/1956
f 1936/595/1905 1987/595/1956 1986/595/1955
f 1937/595/1906 1938/595/1907 1988/595/1957
f 1937/595/1906 1988/595/1957 1987/595/1956
f 1938/595/1907 1939/595/1908 1989/595/1958
f 1938/595/1907 1989/595/1958 1988/595/1957
f 1939/595/1908 1940/595/1909 1990/595/1959
f 1939/595/1908 1990/595/1959 1989/595/1958
f 1940/595/1909 1941/595/1910 1991/595/1960
f 1940/595/1909 1991/595/1960 1990/595/1959
f 1941/595/1910 1942/595/1911 1992/595/1961
f 1941/595/1910 1992/595/1961 1991/595/1960
f 1942/595/1911 1943/595/1912 1993/595/1962
f 1942/595/1911 1993/595/1962 1992/595/1961
f 1943/595/1912 1944/595/1913 1994/595/1963
f 1943/595/1912 1994/595/1963 1993/595/1962
f 1944/595/1913 1945/595/1914 1995/595/1964
f 1944/595/1913 1995/595/1964 1994/595/1963
f 1945/595/1914 1946/595/1915 1996/595/1965
f 1945/595/1914 1996/595/1965 1995/595/1964
f 1946/595/1915 1947/595/1916 1997/595/1966
f 1946/595/1915 1997/595/1966 1996/595/1965
f 1947/595/1916 1948/595/1917 1998/595/1967
f 1947/595/1916 1998/595/1967 1997/595/1966
f 1948/595/1917 1949/595/1918 1999/595/1968
f 1948/595/1917 1999/595/1968 1998/595/1967
f 1949/595/1918 1950/595/1919 2000/595/1969
f 1949/595/1918 2000/595/1969 1999/595/1968
f 1950/595/1919 1951/595/1920 2001/595/1970
f 1950/595/1919 2001/595/1970 2000/595/1969
f 1951/595/1920 1952/595/1921 2002/595/1971
f 1951/595/1920 2002/595/1971 2001/595/1970
f 1952/595/1921 1953/595/1922 2003/595/1972
f 1952/595/1921 2003/595/1972 2002/595/1971
f 1953/595/1922 1954/595/1923 2004/595/1973
f 1953/595/1922 2004/595/1973 2003/595/1972
f 1954/595/1923 1955/595/1924 2005/595/1974
f 1954/595/1923 2005/595/1974 2004/595/1973
f 1955/595/1924 1956/595/1925 2006/595/1975
f 1955/595/1924 2006/595/1975 2005/595/1974
f 1956/595/1925 1957/595/1926 2007/595/1976
f 1956/595/1925 2007/595/1976 2006/595/1975
f 1957/595/1926 1958/595/1927 2008/595/1977
f 1957/595/1926 2008/595/1977 2007/595/1976
f 1958/595/1927 1959/595/1928 2009/595/1978
f 1958/595/1927 2009/595/1978 2008/595/1977
f 1959/595/1928 1960/595/1929 2010/595/1979
f 1959/595/1928 2010/595/1979 2009/595/1978
f 1960/595/1929 1961/595/1930 2011/595/1980
f 1960/595/1929 2011/595/1980 2010/595/1979
f 1961/595/1930 1962/595/1931 2012/595/1981
f 1961/595/1930 2012/595/1981 2011/595/1980
f 1962/595/1931 1963/595/1932 2013/595/1982
f 1962/595/1931 2013/595/1982 2012/595/1981
f 1963/595/1932 1964/595/1933 2014/595/1983
f 1963/595/1932 2014/595/1983 2013/595/1982
f 1964/595/1933 1965/595/1934 2015/595/1984
f 1964/595/1933 2015/595/1984 2014/595/1983
f 1965/595/1934 1966/595/1935 2016/595/1985
f 1965/595/1934 2016/595/1985 2015/595/1984
f 1968/595/1937 1967/595/1936 2017/595/1986
f 1968/595/1937 2017/595/1986 2018/595/1987
f 1967/595/1936 1969/595/1938 2019/595/1988
f 1967/595/1936 2019/595/1988 2017/595/1986
f 1969/595/1938 1970/595/1939 2020/595/1989
f 1969/595/1938 2020/595/1989 2019/595/1988
f 1970/595/1939 1971/595/1940 2021/595/1990
f 1970/595/1939 2021/595/1990 2020/595/1989
f 1971/595/1940 1972/595/1941 2022/595/1991
f 1971/595/1940 2022/595/1991 2021/595/1990
f 1972/595/1941 1973/595/1942 2023/595/1992
f 1972/595/1941 2023/595/1992 2022/595/1991
f 1973/595/1942 1974/595/1943 2024/595/1993
f 1973/595/1942 2024/595/1993 2023/595/1992
f 1974/595/1943 1975/595/1944 2025/595/1994
f 1974/595/1943 2025/595/1994 2024/595/1993
f 1975/595/1944 1976/595/1945 2026/595/1995
f 1975/595/1944 2026/595/1995 2025/595/1994
f 1976/595/1945 1977/595/1946 2027/595/1996
f 1976/595/1945 2027/595/1996 2026/595/1995
f 1977/595/1946 1978/595/1947 2028/595/1997
f 1977/595/1946 2028/595/1997 2027/595/1996
f 1978/595/1947 1979/595/1948 2029/595/1998
f 1978/595/1947 2029/595/1998 2028/595/1997
f 1979/595/1948 1980/595/1949 2030/595/1999
f 1979/595/1948 2030/595/1999 2029/595/1998
f 1980/595/1949 1981/595/1950 2031/595/2000
f 1980/595/1949 2031/595/2000 2030/595/1999
f 1981/595/1950 1982/595/1951 2032/595/2001
f 1981/595/1950 2032/595/2001 2031/595/2000
f 1982/595/1951 1983/595/1952 2033/595/2002
f 1982/595/1951 2033/595/2002 2032/595/2001
f 1983/595/1952 1984/595/1953 2034/595/2003
f 1983/595/1952 2034/595/2003 2033/595/2002
f 1984/595/1953 1985/595/1954 2035/595/2004
f 1984/595/1953 2035/595/2004 2034/595/2003
f 1985/595/1954 1986/595/1955 2036/595/2005
f 1985/595/1954 2036/595/2005 2035/595/2004
f 1986/595/1955 1987/595/1956 2037/595/2006
f 1986/595/1955 2037/595/2006 2036/595/2005
f 1987/595/1956 1988/595/1957 2038/595/1997
f 1987/595/1956 2038/595/1997 2037/595/2006
f 1988/595/1957 1989/595/1958 2039/595/2007
f 1988/595/1957 2039/595/2007 2038/595/1997
f 1989/595/1958 1990/595/1959 2040/595/2008
f 1989/595/1958 2040/595/2008 2039/595/2007
f 1990/595/1959 1991/595/1960 2041/595/2009
f 1990/595/1959 2041/595/2009 2040/595/2008
f 1991/595/1960 1992/595/1961 2042/595/2010
f 1991/595/1960 2042/595/2010 2041/595/2009
f 1992/595/1961 1993/595/1962 2043/595/2011
f 1992/595/1961 2043/595/2011 2042/595/2010
f 1993/595/1962 1994/595/1963 2044/595/2012
f 1993/595/1962 2044/595/2012 2043/595/2011
f 1994/595/1963 1995/595/1964 2045/595/2013
f 1994/595/1963 2045/595/2013 2044/595/2012
f 1995/595/1964 1996/595/1965 2046/595/2014
f 1995/595/1964 2046/595/2014 2045/595/2013
f 1996/595/1965 1997/595/1966 2047/595/1
f 1996/595/1965 2047/595/1 2046/595/2014
f 1997/595/1966 1998/595/1967 2048/595/2015
f 1997/595/1966 2048/595/2015 2047/595/1
f 1998/595/1967 1999/595/1968 2049/595/2016
f 1998/595/1967 2049/595/2016 2048/595/2015
f 1999/595/1968 2000/595/1969 2050/595/2017
f 1999/595/1968 2050/595/2017 2049/595/2016
f 2000/595/1969 2001/595/1970 2051/595/2018
f 2000/595/1969 2051/595/2018 2050/595/2017
f 2001/595/1970 2002/595/1971 2052/595/2019
f 2001/595/1970 2052/595/2019 2051/595/2018
f 2002/595/1971 2003/595/1972 2053/595/2020
f 2002/595/1971 2053/595/2020 2052/595/2019
f 2003/595/1972 2004/595/1973 2054/595/2021
f 2003/595/1972 2054/595/2021 2053/595/2020
f 2004/595/1973 2005/595/1974 2055/595/2022
f 2004/595/1973 2055/595/2022 2054/595/2021
f 2005/595/1974 2006/595/1975 2056/595/2023
f 2005/595/1974 2056/595/2023 2055/595/2022
f 2006/595/1975 2007/595/1976 2057/595/2024
f 2006/595/1975 2057/595/2024 2056/595/2023
f 2007/595/1976 2008/595/1977 2058/595/2025
f 2007/595/1976 2058/595/2025 2057/595/2024
f 2008/595/1977 2009/595/1978 2059/595/2026
f 2008/595/1977 2059/595/2026 2058/595/2025
f 2009/595/1978 2010/595/1979 2060/595/2027
f 2009/595/1978 2060/595/2027 2059/595/2026
f 2010/595/1979 2011/595/1980 2061/595/2028
f 2010/595/1979 2061/595/2028 2060/595/2027
f 2011/595/1980 2012/595/1981 2062/595/2029
f 2011/595/1980 2062/595/2029 2061/595/2028
f 2012/595/1981 2013/595/1982 2063/595/2030
f 2012/595/1981 2063/595/2030 2062/595/2029
f 2013/595/1982 2014/595/1983 2064/595/2031
f 2013/595/1982 2064/595/2031 2063/595/2030
f 2014/595/1983 2015/595/1984 2065/595/2032
f 2014/595/1983 2065/595/2032 2064/595/2031
f 2015/595/1984 2016/595/1985 2066/595/2033
f 2015/595/1984 2066/595/2033 2065/595/2032
f 2018/595/1987 2017/595/1986 2067/595/2034
f 2018/595/1987 2067/595/2034 2068/595/2035
f 2017/595/1986 2019/595/1988 2069/595/2036
f 2017/595/1986 2069/595/2036 2067/595/2034
f 2019/595/1988 2020/595/1989 2070/595/2037
f 2019/595/1988 2070/595/2037 2069/595/2036
f 2020/595/1989 2021/595/1990 2071/595/2038
f 2020/595/1989 2071/595/2038 2070/595/2037
f 2021/595/1990 2022/595/1991 2072/595/2039
f 2021/595/1990 2072/595/2039 2071/595/2038
f 2022/595/1991 2023/595/1992 2073/595/2040
f 2022/595/1991 2073/595/2040 2072/595/2039
f 2023/595/1992 2024/595/1993 2074/595/2041
f 2023/595/1992 2074/595/2041 2073/595/2040
f 2024/595/1993 2025/595/1994 2075/595/2042
f 2024/595/1993 2075/595/2042 2074/595/2041
f 2025/595/1994 2026/595/1995 2076/595/2043
f 2025/595/1994 2076/595/2043 2075/595/2042
f 2026/595/1995 2027/595/1996 2077/595/2044
f 2026/595/1995 2077/595/2044 2076/595/2043
f 2027/595/1996 2028/595/1997 2078/595/2045
f 2027/595/1996 2078/595/2045 2077/595/2044
f 2028/595/1997 2029/595/1998 2079/595/2046
f 2028/595/1997 2079/595/2046 2078/595/2045
f 2029/595/1998 2030/595/1999 2080/595/2047
f 2029/595/1998 2080/595/2047 2079/595/2046
f 2030/595/1999 2031/595/2000 2081/595/2048
f 2030/595/1999 2081/595/2048 2080/595/2047
f 2031/595/2000 2032/595/2001 2082/595/2049
f 2031/595/2000 2082/595/2049 2081/595/2048
f 2032/595/2001 2033/595/2002 2083/595/2050
f 2032/595/2001 2083/595/2050 2082/595/2049
f 2033/595/2002 2034/595/2003 2084/595/2051
f 2033/595/2002 2084/595/2051 2083/595/2050
f 2034/595/2003 2035/595/2004 2085/595/2052
f 2034/595/2003 2085/595/2052 2084/595/2051
f 2035/595/2004 2036/595/2005 2086/595/2053
f 2035/595/2004 2086/595/2053 2085/595/2052
f 2036/595/2005 2037/595/2006 2087/595/2054
f 2036/595/2005 2087/595/2054 2086/595/2053
f 2037/595/2006 2038/595/1997 2088/595/1947
f 2037/595/2006 2088/595/1947 2087/595/2054
f 2038/595/1997 2039/595/2007 2089/595/1946
f 2038/595/1997 2089/595/1946 2088/595/1947
f 2039/595/2007 2040/595/2008 2090/595/2055
f 2039/595/2007 2090/595/2055 2089/595/1946
f 2040/595/2008 2041/595/2009 2091/595/2056
f 2040/595/2008 2091/595/2056 2090/595/2055
f 2041/595/2009 2042/595/2010 2092/595/2057
f 2041/595/2009 2092/595/2057 2091/595/2056
f 2042/595/2010 2043/595/2011 2093/595/2058
f 2042/595/2010 2093/595/2058 2092/595/2057
f 2043/595/2011 2044/595/2012 2094/595/2059
f 2043/595/2011 2094/595/2059 2093/595/2058
f 2044/595/2012 2045/595/2013 2095/595/2060
f 2044/595/2012 2095/595/2060 2094/595/2059
f 2045/595/2013 2046/595/2014 2096/595/2061
f 2045/595/2013 2096/595/2061 2095/595/2060
f 2046/595/2014 2047/595/1 2097/595/2062
f 2046/595/2014 2097/595/2062 2096/595/2061
f 2047/595/1 2048/595/2015 2098/595/2063
f 2047/595/1 2098/595/2063 2097/595/2062
f 2048/595/2015 2049/595/2016 2099/595/2064
f 2048/595/2015 2099/595/2064 2098/595/2063
f 2049/595/2016 2050/595/2017 2100/595/2065
f 2049/595/2016 2100/595/2065 2099/595/2064
f 2050/595/2017 2051/595/2018 2101/595/2066
f 2050/595/2017 2101/595/2066 2100/595/2065
f 2051/595/2018 2052/595/2019 2102/595/2067
f 2051/595/2018 2102/595/2067 2101/595/2066
f 2052/595/2019 2053/595/2020 2103/595/2068
f 2052/595/2019 2103/595/2068 2102/595/2067
f 2053/595/2020 2054/595/2021 2104/595/2069
f 2053/595/2020 2104/595/2069 2103/595/2068
f 2054/595/2021 2055/595/2022 2105/595/2070
f 2054/595/2021 2105/595/2070 2104/595/2069
f 2055/595/2022 2056/595/2023 2106/595/2071
f 2055/595/2022 2106/595/2071 2105/595/2070
f 2056/595/2023 2057/595/2024 2107/595/2072
f 2056/595/2023 2107/595/2072 2106/595/2071
f 2057/595/2024 2058/595/2025 2108/595/2073
f 2057/595/2024 2108/595/2073 2107/595/2072
f 2058/595/2025 2059/595/2026 2109/595/2074
f 2058/595/2025 2109/595/2074 2108/595/2073
f 2059/595/2026 2060/595/2027 2110/595/2075
f 2059/595/2026 2110/595/2075 2109/595/2074
f 2060/595/2027 2061/595/2028 2111/595/2076
f 2060/595/2027 2111/595/2076 2110/595/2075
f 2061/595/2028 2062/595/2029 2112/595/2077
f 2061/595/2028 2112/595/2077 2111/595/2076
f 2062/595/2029 2063/595/2030 2113/595/2078
f 2062/595/2029 2113/595/2078 2112/595/2077
f 2063/595/2030 2064/595/2031 2114/595/2079
f 2063/595/2030 2114/595/2079 2113/595/2078
f 2064/595/2031 2065/595/2032 2115/595/2080
f 2064/595/2031 2115/595/2080 2114/595/2079
f 2065/595/2032 2066/595/2033 2116/595/2081
f 2065/595/2032 2116/595/2081 2115/595/2080
f 2068/595/2035 2067/595/2034 2117/595/2082
f 2068/595/2035 2117/595/2082 2118/595/2083
f 2067/595/2034 2069/595/2036 2119/595/2084
f 2067/595/2034 2119/595/2084 2117/595/2082
f 2069/595/2036 2070/595/2037 2120/595/2085
f 2069/595/2036 2120/595/2085 2119/595/2084
f 2070/595/2037 2071/595/2038 2121/595/2086
f 2070/595/2037 2121/595/2086 2120/595/2085
f 2071/595/2038 2072/595/2039 2122/595/2087
f 2071/595/2038 2122/595/2087 2121/595/2086
f 2072/595/2039 2073/595/2040 2123/595/2088
f 2072/595/2039 2123/595/2088 2122/595/2087
f 2073/595/2040 2074/595/2041 2124/595/2089
f 2073/595/2040 2124/595/2089 2123/595/2088
f 2074/595/2041 2075/595/2042 2125/595/2090
f 2074/595/2041 2125/595/2090 2124/595/2089
f 2075/595/2042 2076/595/2043 2126/595/2091
f 2075/595/2042 2126/595/2091 2125/595/2090
f 2076/595/2043 2077/595/2044 2127/595/2092
f 2076/595/2043 2127/595/2092 2126/595/2091
f 2077/595/2044 2078/595/2045 2128/595/2093
f 2077/595/2044 2128/595/2093 2127/595/2092
f 2078/595/2045 2079/595/2046 2129/595/2094
f 2078/595/2045 2129/595/2094 2128/595/2093
f 2079/595/2046 2080/595/2047 2130/595/2095
f 2079/595/2046 2130/595/2095 2129/595/2094
f 2080/595/2047 2081/595/2048 2131/595/2096
f 2080/595/2047 2131/595/2096 2130/595/2095
f 2081/595/2048 2082/595/2049 2132/595/2097
f 2081/595/2048 2132/595/2097 2131/595/2096
f 2082/595/2049 2083/595/2050 2133/595/2098
f 2082/595/2049 2133/595/2098 2132/595/2097
f 2083/595/2050 2084/595/2051 2134/595/2099
f 2083/595/2050 2134/595/2099 2133/595/2098
f 2084/595/2051 2085/595/2052 2135/595/2100
f 2084/595/2051 2135/595/2100 2134/595/2099
f 2085/595/2052 2086/595/2053 2136/595/2101
f 2085/595/2052 2136/595/2101 2135/595/2100
f 2086/595/2053 2087/595/2054 2137/595/2102
f 2086/595/2053 2137/595/2102 2136/595/2101
f 2087/595/2054 2088/595/1947 2138/595/2103
f 2087/595/2054 2138/595/2103 2137/595/2102
f 2088/595/1947 2089/595/1946 2139/595/2104
f 2088/595/1947 2139/595/2104 2138/595/2103
f 2089/595/1946 2090/595/2055 2140/595/2105
f 2089/595/1946 2140/595/2105 2139/595/2104
f 2090/595/2055 2091/595/2056 2141/595/2106
f 2090/595/2055 2141/595/2106 2140/595/2105
f 2091/595/2056 2092/595/2057 2142/595/2107
f 2091/595/2056 2142/595/2107 2141/595/2106
f 2092/595/2057 2093/595/2058 2143/595/2108
f 2092/595/2057 2143/595/2108 2142/595/2107
f 2093/595/2058 2094/595/2059 2144/595/2109
f 2093/595/2058 2144/595/2109 2143/595/2108
f 2094/595/2059 2095/595/2060 2145/595/2110
f 2094/595/2059 2145/595/2110 2144/595/2109
f 2095/595/2060 2096/595/2061 2146/595/2111
f 2095/595/2060 2146/595/2111 2145/595/2110
f 2096/595/2061 2097/595/2062 2147/595/2112
f 2096/595/2061 2147/595/2112 2146/595/2111
f 2097/595/2062 2098/595/2063 2148/595/2113
f 2097/595/2062 2148/595/2113 2147/595/2112
f 2098/595/2063 2099/595/2064 2149/595/2114
f 2098/595/2063 2149/595/2114 2148/595/2113
f 2099/595/2064 2100/595/2065 2150/595/2115
f 2099/595/2064 2150/595/2115 2149/595/2114
f 2100/595/2065 2101/595/2066 2151/595/2116
f 2100/595/2065 2151/595/2116 2150/595/2115
f 2101/595/2066 2102/595/2067 2152/595/2117
f 2101/595/2066 2152/595/2117 2151/595/2116
f 2102/595/2067 2103/595/2068 2153/595/2118
f 2102/595/2067 2153/595/2118 2152/595/2117
f 2103/595/2068 2104/595/2069 2154/595/2119
f 2103/595/2068 2154/595/2119 2153/595/2118
f 2104/595/2069 2105/595/2070 2155/595/2120
f 2104/595/2069 2155/595/2120 2154/595/2119
f 2105/595/2070 2106/595/2071 2156/595/2121
f 2105/595/2070 2156/595/2121 2155/595/2120
f 2106/595/2071 2107/595/2072 2157/595/2122
f 2106/595/2071 2157/595/2122 2156/595/2121
f 2107/595/2072 2108/595/2073 2158/595/2123
f 2107/595/2072 2158/595/2123 2157/595/2122
f 2108/595/2073 2109/595/2074 2159/595/2124
f 2108/595/2073 2159/595/2124 2158/595/2123
f 2109/595/2074 2110/595/2075 2160/595/2125
f 2109/595/2074 2160/595/2125 2159/595/2124
f 2110/595/2075 2111/595/2076 2161/595/2126
f 2110/595/2075 2161/595/2126 2160/595/2125
f 2111/595/2076 2112/595/2077 2162/595/2127
f 2111/595/2076 2162/595/2127 2161/595/2126
f 2112/595/2077 2113/595/2078 2163/595/2128
f 2112/595/2077 2163/595/2128 2162/595/2127
f 2113/595/2078 2114/595/2079 2164/595/2129
f 2113/595/2078 2164/595/2129 2163/595/2128
f 2114/595/2079 2115/595/2080 2165/595/2130
f 2114/595/2079 2165/595/2130 2164/595/2129
f 2115/595/2080 2116/595/2081 2166/595/2131
f 2115/595/2080 2166/595/2131 2165/595/2130
f 2118/595/2083 2117/595/2082 2167/595/2132
f 2118/595/2083 2167/595/2132 2168/595/2133
f 2117/595/2082 2119/595/2084 2169/595/2134
f 2117/595/2082 2169/595/2134 2167/595/2132
f 2119/595/2084 2120/595/2085 2170/595/2135
f 2119/595/2084 2170/595/2135 2169/595/2134
f 2120/595/2085 2121/595/2086 2171/595/2136
f 2120/595/2085 2171/595/2136 2170/595/2135
f 2121/595/2086 2122/595/2087 2172/595/2137
f 2121/595/2086 2172/595/2137 2171/595/2136
f 2122/595/2087 2123/595/2088 2173/595/2138
f 2122/595/2087 2173/595/2138 2172/595/2137
f 2123/595/2088 2124/595/2089 2174/595/2139
f 2123/595/2088 2174/595/2139 2173/595/2138
f 2124/595/2089 2125/595/2090 2175/595/2140
f 2124/595/2089 2175/595/2140 2174/595/2139
f 2125/595/2090 2126/595/2091 2176/595/2141
f 2125/595/2090 2176/595/2141 2175/595/2140
f 2126/595/2091 2127/595/2092 2177/595/2142
f 2126/595/2091 2177/595/2142 2176/595/2141
f 2127/595/2092 2128/595/2093 2178/595/2143
f 2127/595/2092 2178/595/2143 2177/595/2142
f 2128/595/2093 2129/595/2094 2179/595/2144
f 2128/595/2093 2179/595/2144 2178/595/2143
f 2129/595/2094 2130/595/2095 2180/595/2145
f 2129/595/2094 2180/595/2145 2179/595/2144
f 2130/595/2095 2131/595/2096 2181/595/2146
f 2130/595/2095 2181/595/2146 2180/595/2145
f 2131/595/2096 2132/595/2097 2182/595/2147
f 2131/595/2096 2182/595/2147 2181/595/2146
f 2132/595/2097 2133/595/2098 2183/595/2148
f 2132/595/2097 2183/595/2148 2182/595/2147
f 2133/595/2098 2134/595/2099 2184/595/2149
f 2133/595/2098 2184/595/2149 2183/595/2148
f 2134/595/2099 2135/595/2100 2185/595/2150
f 2134/595/2099 2185/595/2150 2184/595/2149
f 2135/595/2100 2136/595/2101 2186/595/2151
f 2135/595/2100 2186/595/2151 2185/595/2150
f 2136/595/2101 2137/595/2102 2187/595/2152
f 2136/595/2101 2187/595/2152 2186/595/2151
f 2137/595/2102 2138/595/2103 2188/595/2153
f 2137/595/2102 2188/595/2153 2187/595/2152
f 2138/595/2103 2139/595/2104 2189/595/2154
f 2138/595/2103 2189/595/2154 2188/595/2153
f 2139/595/2104 2140/595/2105 2190/595/2155
f 2139/595/2104 2190/595/2155 2189/595/2154
f 2140/595/2105 2141/595/2106 2191/595/2156
f 2140/595/2105 2191/595/2156 2190/595/2155
f 2141/595/2106 2142/595/2107 2192/595/2157
f 2141/595/2106 2192/595/2157 2191/595/2156
f 2142/595/2107 2143/595/2108 2193/595/2158
f 2142/595/2107 2193/595/2158 2192/595/2157
f 2143/595/2108 2144/595/2109 2194/595/2159
f 2143/595/2108 2194/595/2159 2193/595/2158
f 2144/595/2109 2145/595/2110 2195/595/2160
f 2144/595/2109 2195/595/2160 2194/595/2159
f 2145/595/2110 2146/595/2111 2196/595/2161
f 2145/595/2110 2196/595/2161 2195/595/2160
f 2146/595/2111 2147/595/2112 2197/595/2162
f 2146/595/2111 2197/595/2162 2196/595/2161
f 2147/595/2112 2148/595/2113 2198/595/2163
f 2147/595/2112 2198/595/2163 2197/595/2162
f 2148/595/2113 2149/595/2114 2199/595/2164
f 2148/595/2113 2199/595/2164 2198/595/2163
f 2149/595/2114 2150/595/2115 2200/595/2165
f 2149/595/2114 2200/595/2165 2199/595/2164
f 2150/595/2115 2151/595/2116 2201/595/2166
f 2150/595/2115 2201/595/2166 2200/595/2165
f 2151/595/2116 2152/595/2117 2202/595/2167
f 2151/595/2116 2202/595/2167 2201/595/2166
f 2152/595/2117 2153/595/2118 2203/595/2168
f 2152/595/2117 2203/595/2168 2202/595/2167
f 2153/595/2118 2154/595/2119 2204/595/2169
f 2153/595/2118 2204/595/2169 2203/595/2168
f 2154/595/2119 2155/595/2120 2205/595/2170
f 2154/595/2119 2205/595/2170 2204/595/2169
f 2155/595/2120 2156/595/2121 2206/595/2171
f 2155/595/2120 2206/595/2171 2205/595/2170
f 2156/595/2121 2157/595/2122 2207/595/2172
f 2156/595/2121 2207/595/2172 2206/595/2171
f 2157/595/2122 2158/595/2123 2208/595/2173
f 2157/595/2122 2208/595/2173 2207/595/2172
f 2158/595/2123 2159/595/2124 2209/595/2174
f 2158/595/2123 2209/595/2174 2208/595/2173
f 2159/595/2124 2160/595/2125 2210/595/2175
f 2159/595/2124 2210/595/2175 2209/595/2174
f 2160/595/2125 2161/595/2126 2211/595/2176
f 2160/595/2125 2211/595/2176 2210/595/2175
f 2161/595/2126 2162/595/2127 2212/595/2177
f 2161/595/2126 2212/595/2177 2211/595/2176
f 2162/595/2127 2163/595/2128 2213/595/2178
f 2162/595/2127 2213/595/2178 2212/595/2177
f 2163/595/2128 2164/595/2129 2214/595/2179
f 2163/595/2128 2214/595/2179 2213/595/2178
f 2164/595/2129 2165/595/2130 2215/595/2180
f 2164/595/2129 2215/595/2180 2214/595/2179
f 2165/595/2130 2166/595/2131 2216/595/2181
f 2165/595/2130 2216/595/2181 2215/595/2180
f 2168/595/2133 2167/595/2132 2217/595/2182
f 2168/595/2133 2217/595/2182 2218/595/2183
f 2167/595/2132 2169/595/2134 2219/595/2184
f 2167/595/2132 2219/595/2184 2217/595/2182
f 2169/595/2134 2170/595/2135 2220/595/2185
f 2169/595/2134 2220/595/2185 2219/595/2184
f 2170/595/2135 2171/595/2136 2221/595/2186
f 2170/595/2135 2221/595/2186 2220/595/2185
f 2171/595/2136 2172/595/2137 2222/595/2187
f 2171/595/2136 2222/595/2187 2221/595/2186
f 2172/595/2137 2173/595/2138 2223/595/2188
f 2172/595/2137 2223/595/2188 2222/595/2187
f 2173/595/2138 2174/595/2139 2224/595/2189
f 2173/595/2138 2224/595/2189 2223/595/2188
f 2174/595/2139 2175/595/2140 2225/595/2190
f 2174/595/2139 2225/595/2190 2224/595/2189
f 2175/595/2140 2176/595/2141 2226/595/2191
f 2175/595/2140 2226/595/2191 2225/595/2190
f 2176/595/2141 2177/595/2142 2227/595/2192
f 2176/595/2141 2227/595/2192 2226/595/2191
f 2177/595/2142 2178/595/2143 2228/595/2193
f 2177/595/2142 2228/595/2193 2227/595/2192
f 2178/595/2143 2179/595/2144 2229/595/2194
f 2178/595/2143 2229/595/2194 2228/595/2193
f 2179/595/2144 2180/595/2145 2230/595/2195
f 2179/595/2144 2230/595/2195 2229/595/2194
f 2180/595/2145 2181/595/2146 2231/595/2196
f 2180/595/2145 2231/595/2196 2230/595/2195
f 2181/595/2146 2182/595/2147 2232/595/2197
f 2181/595/2146 2232/595/2197 2231/595/2196
f 2182/595/2147 2183/595/2148 2233/595/2198
f 2182/595/2147 2233/595/2198 2232/595/2197
f 2183/595/2148 2184/595/2149 2234/595/2199
f 2183/595/2148 2234/595/2199 2233/595/2198
f 2184/595/2149 2185/595/2150 2235/595/2200
f 2184/595/2149 2235/595/2200 2234/595/2199
f 2185/595/2150 2186/595/2151 2236/595/2201
f 2185/595/2150 2236/595/2201 2235/595/2200
f 2186/595/2151 2187/595/2152 2237/595/2202
f 2186/595/2151 2237/595/2202 2236/595/2201
f 2187/595/2152 2188/595/2153 2238/595/2203
f 2187/595/2152 2238/595/2203 2237/595/2202
f 2188/595/2153 2189/595/2154 2239/595/2204
f 2188/595/2153 2239/595/2204 2238/595/2203
f 2189/595/2154 2190/595/2155 2240/595/2205
f 2189/595/2154 2240/595/2205 2239/595/2204
f 2190/595/2155 2191/595/2156 2241/595/2206
f 2190/595/2155 2241/595/2206 2240/595/2205
f 2191/595/2156 2192/595/2157 2242/595/2207
f 2191/595/2156 2242/595/2207 2241/595/2206
f 2192/595/2157 2193/595/2158 2243/595/2208
f 2192/595/2157 2243/595/2208 2242/595/2207
f 2193/595/2158 2194/595/2159 2244/595/2209
f 2193/595/2158 2244/595/2209 2243/595/2208
f 2194/595/2159 2195/595/2160 2245/595/2210
f 2194/595/2159 2245/595/2210 2244/595/2209
f 2195/595/2160 2196/595/2161 2246/595/2211
f 2195/595/2160 2246/595/2211 2245/595/2210
f 2196/595/2161 2197/595/2162 2247/595/2212
f 2196/595/2161 2247/595/2212 2246/595/2211
f 2197/595/2162 2198/595/2163 2248/595/2213
f 2197/595/2162 2248/595/2213 2247/595/2212
f 2198/595/2163 2199/595/2164 2249/595/2214
f 2198/595/2163 2249/595/2214 2248/595/2213
f 2199/595/2164 2200/595/2165 2250/595/2215
f 2199/595/2164 2250/595/2215 2249/595/2214
f 2200/595/2165 2201/595/2166 2251/595/2216
f 2200/595/2165 2251/595/2216 2250/595/2215
f 2201/595/2166 2202/595/2167 2252/595/2217
f 2201/595/2166 2252/595/2217 2251/595/2216
f 2202/595/2167 2203/595/2168 2253/595/2218
f 2202/595/2167 2253/595/2218 2252/595/2217
f 2203/595/2168 2204/595/2169 2254/595/2219
f 2203/595/2168 2254/595/2219 2253/595/2218
f 2204/595/2169 2205/595/2170 2255/595/2220
f 2204/595/2169 2255/595/2220 2254/595/2219
f 2205/595/2170 2206/595/2171 2256/595/2221
f 2205/595/2170 2256/595/2221 2255/595/2220
f 2206/595/2171 2207/595/2172 2257/595/2222
f 2206/595/2171 2257/595/2222 2256/595/2221
f 2207/595/2172 2208/595/2173 2258/595/2223
f 2207/595/2172 2258/595/2223 2257/595/2222
f 2208/595/2173 2209/595/2174 2259/595/2224
f 2208/595/2173 2259/595/2224 2258/595/2223
f 2209/595/2174 2210/595/2175 2260/595/2225
f 2209/595/2174 2260/595/2225 2259/595/2224
f 2210/595/2175 2211/595/2176 2261/595/2226
f 2210/595/2175 2261/595/2226 2260/595/2225
f 2211/595/2176 2212/595/2177 2262/595/2227
f 2211/595/2176 2262/595/2227 2261/595/2226
f 2212/595/2177 2213/595/2178 2263/595/2228
f 2212/595/2177 2263/595/2228 2262/595/2227
f 2213/595/2178 2214/595/2179 2264/595/2229
f 2213/595/2178 2264/595/2229 2263/595/2228
f 2214/595/2179 2215/595/2180 2265/595/1
f 2214/595/2179 2265/595/1 2264/595/2229
f 2215/595/2180 2216/595/2181 2266/595/2230
f 2215/595/2180 2266/595/2230 2265/595/1
f 2218/595/2183 2217/595/2182 2267/595/2231
f 2218/595/2183 2267/595/2231 2268/595/2232
f 2217/595/2182 2219/595/2184 2269/595/2233
f 2217/595/2182 2269/595/2233 2267/595/2231
f 2219/595/2184 2220/595/2185 2270/595/2234
f 2219/595/2184 2270/595/2234 2269/595/2233
f 2220/595/2185 2221/595/2186 2271/595/2235
f 2220/595/2185 2271/595/2235 2270/595/2234
f 2221/595/2186 2222/595/2187 2272/595/2236
f 2221/595/2186 2272/595/2236 2271/595/2235
f 2222/595/2187 2223/595/2188 2273/595/2237
f 2222/595/2187 2273/595/2237 2272/595/2236
f 2223/595/2188 2224/595/2189 2274/595/2238
f 2223/595/2188 2274/595/2238 2273/595/2237
f 2224/595/2189 2225/595/2190 2275/595/2239
f 2224/595/2189 2275/595/2239 2274/595/2238
f 2225/595/2190 2226/595/2191 2276/595/2240
f 2225/595/2190 2276/595/2240 2275/595/2239
f 2226/595/2191 2227/595/2192 2277/595/2241
f 2226/595/2191 2277/595/2241 2276/595/2240
f 2227/595/2192 2228/595/2193 2278/595/2242
f 2227/595/2192 2278/595/2242 2277/595/2241
f 2228/595/2193 2229/595/2194 2279/595/2243
f 2228/595/2193 2279/595/2243 2278/595/2242
f 2229/595/2194 2230/595/2195 2280/595/2244
f 2229/595/2194 2280/595/2244 2279/595/2243
f 2230/595/2195 2231/595/2196 2281/595/2245
f 2230/595/2195 2281/595/2245 2280/595/2244
f 2231/595/2196 2232/595/2197 2282/595/2246
f 2231/595/2196 2282/595/2246 2281/595/2245
f 2232/595/2197 2233/595/2198 2283/595/2247
f 2232/595/2197 2283/595/2247 2282/595/2246
f 2233/595/2198 2234/595/2199 2284/595/2248
f 2233/595/2198 2284/595/2248 2283/595/2247
f 2234/595/2199 2235/595/2200 2285/595/2249
f 2234/595/2199 2285/595/2249 2284/595/2248
f 2235/595/2200 2236/595/2201 2286/595/2250
f 2235/595/2200 2286/595/2250 2285/595/2249
f 2236/595/2201 2237/595/2202 2287/595/2251
f 2236/595/2201 2287/595/2251 2286/595/2250
f 2237/595/2202 2238/595/2203 2288/595/2252
f 2237/595/2202 2288/595/2252 2287/595/2251
f 2238/595/2203 2239/595/2204 2289/595/2253
f 2238/595/2203 2289/595/2253 2288/595/2252
f 2239/595/2204 2240/595/2205 2290/595/2254
f 2239/595/2204 2290/595/2254 2289/595/2253
f 2240/595/2205 2241/595/2206 2291/595/2255
f 2240/595/2205 2291/595/2255 2290/595/2254
f 2241/595/2206 2242/595/2207 2292/595/2256
f 2241/595/2206 2292/595/2256 2291/595/2255
f 2242/595/2207 2243/595/2208 2293/595/2257
f 2242/595/2207 2293/595/2257 2292/595/2256
f 2243/595/2208 2244/595/2209 2294/595/2258
f 2243/595/2208 2294/595/2258 2293/595/2257
f 2244/595/2209 2245/595/2210 2295/595/2259
f 2244/595/2209 2295/595/2259 2294/595/2258
f 2245/595/2210 2246/595/2211 2296/595/2260
f 2245/595/2210 2296/595/2260 2295/595/2259
f 2246/595/2211 2247/595/2212 2297/595/2261
f 2246/595/2211 2297/595/2261 2296/595/2260
f 2247/595/2212 2248/595/2213 2298/595/2262
f 2247/595/2212 2298/595/2262 2297/595/2261
f 2248/595/2213 2249/595/2214 2299/595/2263
f 2248/595/2213 2299/595/2263 2298/595/2262
f 2249/595/2214 2250/595/2215 2300/595/2264
f 2249/595/2214 2300/595/2264 2299/595/2263
f 2250/595/2215 2251/595/2216 2301/595/2265
f 2250/595/2215 2301/595/2265 2300/595/2264
f 2251/595/2216 2252/595/2217 2302/595/2266
f 2251/595/2216 2302/595/2266 2301/595/2265
f 2252/595/2217 2253/595/2218 2303/595/2267
f 2252/595/2217 2303/595/2267 2302/595/2266
f 2253/595/2218 2254/595/2219 2304/595/2268
f 2253/595/2218 2304/595/2268 2303/595/2267
f 2254/595/2219 2255/595/2220 2305/595/2269
f 2254/595/2219 2305/595/2269 2304/595/2268
f 2255/595/2220 2256/595/2221 2306/595/2270
f 2255/595/2220 2306/595/2270 2305/595/2269
f 2256/595/2221 2257/595/2222 2307/595/2271
f 2256/595/2221 2307/595/2271 2306/595/2270
f 2257/595/2222 2258/595/2223 2308/595/2272
f 2257/595/2222 2308/595/2272 2307/595/2271
f 2258/595/2223 2259/595/2224 2309/595/2273
f 2258/595/2223 2309/595/2273 2308/595/2272
f 2259/595/2224 2260/595/2225 2310/595/2274
f 2259/595/2224 2310/595/2274 2309/595/2273
f 2260/595/2225 2261/595/2226 2311/595/2275
f 2260/595/2225 2311/595/2275 2310/595/2274
f 2261/595/2226 2262/595/2227 2312/595/2276
f 2261/595/2226 2312/595/2276 2311/595/2275
f 2262/595/2227 2263/595/2228 2313/595/2277
f 2262/595/2227 2313/595/2277 2312/595/2276
f 2263/595/2228 2264/595/2229 2314/595/2278
f 2263/595/2228 2314/595/2278 2313/595/2277
f 2264/595/2229 2265/595/1 2315/595/2279
f 2264/595/2229 2315/595/2279 2314/595/2278
f 2265/595/1 2266/595/2230 2316/595/2280
f 2265/595/1 2316/595/2280 2315/595/2279
f 2268/595/2232 2267/595/2231 2317/595/2281
f 2268/595/2232 2317/595/2281 2318/595/2282
f 2267/595/2231 2269/595/2233 2319/595/2283
f 2267/595/2231 2319/595/2283 2317/595/2281
f 2269/595/2233 2270/595/2234 2320/595/2284
f 2269/595/2233 2320/595/2284 2319/595/2283
f 2270/595/2234 2271/595/2235 2321/595/2285
f 2270/595/2234 2321/595/2285 2320/595/2284
f 2271/595/2235 2272/595/2236 2322/595/2286
f 2271/595/2235 2322/595/2286 2321/595/2285
f 2272/595/2236 2273/595/2237 2323/595/2287
f 2272/595/2236 2323/595/2287 2322/595/2286
f 2273/595/2237 2274/595/2238 2324/595/2288
f 2273/595/2237 2324/595/2288 2323/595/2287
f 2274/595/2238 2275/595/2239 2325/595/2289
f 2274/595/2238 2325/595/2289 2324/595/2288
f 2275/595/2239 2276/595/2240 2326/595/2290
f 2275/595/2239 2326/595/2290 2325/595/2289
f 2276/595/2240 2277/595/2241 2327/595/2291
f 2276/595/2240 2327/595/2291 2326/595/2290
f 2277/595/2241 2278/595/2242 2328/595/2292
f 2277/595/2241 2328/595/2292 2327/595/2291
f 2278/595/2242 2279/595/2243 2329/595/2293
f 2278/595/2242 2329/595/2293 2328/595/2292
f 2279/595/2243 2280/595/2244 2330/595/2294
f 2279/595/2243 2330/595/2294 2329/595/2293
f 2280/595/2244 2281/595/2245 2331/595/2295
f 2280/595/2244 2331/595/2295 2330/595/2294
f 2281/595/2245 2282/595/2246 2332/595/2296
f 2281/595/2245 2332/595/2296 2331/595/2295
f 2282/595/2246 2283/595/2247 2333/595/2297
f 2282/595/2246 2333/595/2297 2332/595/2296
f 2283/595/2247 2284/595/2248 2334/595/2298
f 2283/595/2247 2334/595/2298 2333/595/2297
f 2284/595/2248 2285/595/2249 2335/595/2299
f 2284/595/2248 2335/595/2299 2334/595/2298
f 2285/595/2249 2286/595/2250 2336/595/2300
f 2285/595/2249 2336/595/2300 2335/595/2299
f 2286/595/2250 2287/595/2251 2337/595/2301
f 2286/595/2250 2337/595/2301 2336/595/2300
f 2287/595/2251 2288/595/2252 2338/595/2302
f 2287/595/2251 2338/595/2302 2337/595/2301
f 2288/595/2252 2289/595/2253 2339/595/2303
f 2288/595/2252 2339/595/2303 2338/595/2302
f 2289/595/2253 2290/595/2254 2340/595/2304
f 2289/595/2253 2340/595/2304 2339/595/2303
f 2290/595/2254 2291/595/2255 2341/595/2305
f 2290/595/2254 2341/595/2305 2340/595/2304
f 2291/595/2255 2292/595/2256 2342/595/2306
f 2291/595/2255 2342/595/2306 2341/595/2305
f 2292/595/2256 2293/595/2257 2343/595/2307
f 2292/595/2256 2343/595/2307 2342/595/2306
f 2293/595/2257 2294/595/2258 2344/595/2308
f 2293/595/2257 2344/595/2308 2343/595/2307
f 2294/595/2258 2295/595/2259 2345/595/2309
f 2294/595/2258 2345/595/2309 2344/595/2308
f 2295/595/2259 2296/595/2260 2346/595/2310
f 2295/595/2259 2346/595/2310 2345/595/2309
f 2296/595/2260 2297/595/2261 2347/595/2311
f 2296/595/2260 2347/595/2311 2346/595/2310
f 2297/595/2261 2298/595/2262 2348/595/2312
f 2297/595/2261 2348/595/2312 2347/595/2311
f 2298/595/2262 2299/595/2263 2349/595/2313
f 2298/595/2262 2349/595/2313 2348/595/2312
f 2299/595/2263 2300/595/2264 2350/595/2314
f 2299/595/2263 2350/595/2314 2349/595/2313
f 2300/595/2264 2301/595/2265 2351/595/2315
f 2300/595/2264 2351/595/2315 2350/595/2314
f 2301/595/2265 2302/595/2266 2352/595/2316
f 2301/595/2265 2352/595/2316 2351/595/2315
f 2302/595/2266 2303/595/2267 2353/595/2317
f 2302/595/2266 2353/595/2317 2352/595/2316
f 2303/595/2267 2304/595/2268 2354/595/2318
f 2303/595/2267 2354/595/2318 2353/595/2317
f 2304/595/2268 2305/595/2269 2355/595/2319
f 2304/595/2268 2355/595/2319 2354/595/2318
f 2305/595/2269 2306/595/2270 2356/595/2320
f 2305/595/2269 2356/595/2320 2355/595/2319
f 2306/595/2270 2307/595/2271 2357/595/2321
f 2306/595/2270 2357/595/2321 2356/595/2320
f 2307/595/2271 2308/595/2272 2358/595/2322
f 2307/595/2271 2358/595/2322 2357/595/2321
f 2308/595/2272 2309/595/2273 2359/595/2323
f 2308/595/2272 2359/595/2323 2358/595/2322
f 2309/595/2273 2310/595/2274 2360/595/2324
f 2309/595/2273 2360/595/2324 2359/595/2323
f 2310/595/2274 2311/595/2275 2361/595/2325
f 2310/595/2274 2361/595/2325 2360/595/2324
f 2311/595/2275 2312/595/2276 2362/595/2326
f 2311/595/2275 2362/595/2326 2361/595/2325
f 2312/595/2276 2313/595/2277 2363/595/2327
f 2312/595/2276 2363/595/2327 2362/595/2326
f 2313/595/2277 2314/595/2278 2364/595/2328
f 2313/595/2277 2364/595/2328 2363/595/2327
f 2314/595/2278 2315/595/2279 2365/595/2329
f 2314/595/2278 2365/595/2329 2364/595/2328
f 2315/595/2279 2316/595/2280 2366/595/2330
f 2315/595/2279 2366/595/2330 2365/595/2329
f 2318/595/2282 2317/595/2281 2367/595/2331
f 2318/595/2282 2367/595/2331 2368/595/2332
f 2317/595/2281 2319/595/2283 2369/595/2333
f 2317/595/2281 2369/595/2333 2367/595/2331
f 2319/595/2283 2320/595/2284 2370/595/2334
f 2319/595/2283 2370/595/2334 2369/595/2333
f 2320/595/2284 2321/595/2285 2371/595/2335
f 2320/595/2284 2371/595/2335 2370/595/2334
f 2321/595/2285 2322/595/2286 2372/595/2336
f 2321/595/2285 2372/595/2336 2371/595/2335
f 2322/595/2286 2323/595/2287 2373/595/2337
f 2322/595/2286 2373/595/2337 2372/595/2336
f 2323/595/2287 2324/595/2288 2374/595/2338
f 2323/595/2287 2374/595/2338 2373/595/2337
f 2324/595/2288 2325/595/2289 2375/595/2339
f 2324/595/2288 2375/595/2339 2374/595/2338
f 2325/595/2289 2326/595/2290 2376/595/2340
f 2325/595/2289 2376/595/2340 2375/595/2339
f 2326/595/2290 2327/595/2291 2377/595/2341
f 2326/595/2290 2377/595/2341 2376/595/2340
f 2327/595/2291 2328/595/2292 2378/595/2342
f 2327/595/2291 2378/595/2342 2377/595/2341
f 2328/595/2292 2329/595/2293 2379/595/2343
f 2328/595/2292 2379/595/2343 2378/595/2342
f 2329/595/2293 2330/595/2294 2380/595/2344
f 2329/595/2293 2380/595/2344 2379/595/2343
f 2330/595/2294 2331/595/2295 2381/595/1567
f 2330/595/2294 2381/595/1567 2380/595/2344
f 2331/595/2295 2332/595/2296 2382/595/2345
f 2331/595/2295 2382/595/2345 2381/595/1567
f 2332/595/2296 2333/595/2297 2383/595/2346
f 2332/595/2296 2383/595/2346 2382/595/2345
f 2333/595/2297 2334/595/2298 2384/595/2347
f 2333/595/2297 2384/595/2347 2383/595/2346
f 2334/595/2298 2335/595/2299 2385/595/2348
f 2334/595/2298 2385/595/2348 2384/595/2347
f 2335/595/2299 2336/595/2300 2386/595/2349
f 2335/595/2299 2386/595/2349 2385/595/2348
f 2336/595/2300 2337/595/2301 2387/595/2350
f 2336/595/2300 2387/595/2350 2386/595/2349
f 2337/595/2301 2338/595/2302 2388/595/2351
f 2337/595/2301 2388/595/2351 2387/595/2350
f 2338/595/2302 2339/595/2303 2389/595/2352
f 2338/595/2302 2389/595/2352 2388/595/2351
f 2339/595/2303 2340/595/2304 2390/595/2353
f 2339/595/2303 2390/595/2353 2389/595/2352
f 2340/595/2304 2341/595/2305 2391/595/2354
f 2340/595/2304 2391/595/2354 2390/595/2353
f 2341/595/2305 2342/595/2306 2392/595/2355
f 2341/595/2305 2392/595/2355 2391/595/2354
f 2342/595/2306 2343/595/2307 2393/595/2356
f 2342/595/2306 2393/595/2356 2392/595/2355
f 2343/595/2307 2344/595/2308 2394/595/2357
f 2343/595/2307 2394/595/2357 2393/595/2356
f 2344/595/2308 2345/595/2309 2395/595/2358
f 2344/595/2308 2395/595/2358 2394/595/2357
f 2345/595/2309 2346/595/2310 2396/595/2359
f 2345/595/2309 2396/595/2359 2395/595/2358
f 2346/595/2310 2347/595/2311 2397/595/2360
f 2346/595/2310 2397/595/2360 2396/595/2359
f 2347/595/2311 2348/595/2312 2398/595/2361
f 2347/595/2311 2398/595/2361 2397/595/2360
f 2348/595/2312 2349/595/2313 2399/595/2362
f 2348/595/2312 2399/595/2362 2398/595/2361
f 2349/595/2313 2350/595/2314 2400/595/2363
f 2349/595/2313 2400/595/2363 2399/595/2362
f 2350/595/2314 2351/595/2315 2401/595/2364
f 2350/595/2314 2401/595/2364 2400/595/2363
f 2351/595/2315 2352/595/2316 2402/595/2365
f 2351/595/2315 2402/595/2365 2401/595/2364
f 2352/595/2316 2353/595/2317 2403/595/2366
f 2352/595/2316 2403/595/2366 2402/595/2365
f 2353/595/2317 2354/595/2318 2404/595/2367
f 2353/595/2317 2404/595/2367 2403/595/2366
f 2354/595/2318 2355/595/2319 2405/595/2368
f 2354/595/2318 2405/595/2368 2404/595/2367
f 2355/595/2319 2356/595/2320 2406/595/2369
f 2355/595/2319 2406/595/2369 2405/595/2368
f 2356/595/2320 2357/595/2321 2407/595/2370
f 2356/595/2320 2407/595/2370 2406/595/2369
f 2357/595/2321 2358/595/2322 2408/595/2371
f 2357/595/2321 2408/595/2371 2407/595/2370
f 2358/595/2322 2359/595/2323 2409/595/2372
f 2358/595/2322 2409/595/2372 2408/595/2371
f 2359/595/2323 2360/595/2324 2410/595/2373
f 2359/595/2323 2410/595/2373 2409/595/2372
f 2360/595/2324 2361/595/2325 2411/595/2374
f 2360/595/2324 2411/595/2374 2410/595/2373
f 2361/595/2325 2362/595/2326 2412/595/2375
f 2361/595/2325 2412/595/2375 2411/595/2374
f 2362/595/2326 2363/595/2327 2413/595/2376
f 2362/595/2326 2413/595/2376 2412/595/2375
f 2363/595/2327 2364/595/2328 2414/595/2377
f 2363/595/2327 2414/595/2377 2413/595/2376
f 2364/595/2328 2365/595/2329 2415/595/2378
f 2364/595/2328 2415/595/2378 2414/595/2377
f 2365/595/2329 2366/595/2330 2416/595/2379
f 2365/595/2329 2416/595/2379 2415/595/2378
f 2368/595/2332 2367/595/2331 2417/595/2380
f 2368/595/2332 2417/595/2380 2418/595/2381
f 2367/595/2331 2369/595/2333 2419/595/2382
f 2367/595/2331 2419/595/2382 2417/595/2380
f 2369/595/2333 2370/595/2334 2420/595/2383
f 2369/595/2333 2420/595/2383 2419/595/2382
f 2370/595/2334 2371/595/2335 2421/595/2384
f 2370/595/2334 2421/595/2384 2420/595/2383
f 2371/595/2335 2372/595/2336 2422/595/2385
f 2371/595/2335 2422/595/2385 2421/595/2384
f 2372/595/2336 2373/595/2337 2423/595/2386
f 2372/595/2336 2423/595/2386 2422/595/2385
f 2373/595/2337 2374/595/2338 2424/595/2387
f 2373/595/2337 2424/595/2387 2423/595/2386
f 2374/595/2338 2375/595/2339 2425/595/2388
f 2374/595/2338 2425/595/2388 2424/595/2387
f 2375/595/2339 2376/595/2340 2426/595/2389
f 2375/595/2339 2426/595/2389 2425/595/2388
f 2376/595/2340 2377/595/2341 2427/595/2390
f 2376/595/2340 2427/595/2390 2426/595/2389
f 2377/595/2341 2378/595/2342 2428/595/2391
f 2377/595/2341 2428/595/2391 2427/595/2390
f 2378/595/2342 2379/595/2343 2429/595/2392
f 2378/595/2342 2429/595/2392 2428/595/2391
f 2379/595/2343 2380/595/2344 2430/595/1616
f 2379/595/2343 2430/595/1616 2429/595/2392
f 2380/595/2344 2381/595/1567 2431/595/1621
f 2380/595/2344 2431/595/1621 2430/595/1616
f 2381/595/1567 2382/595/2345 2432/595/1618
f 2381/595/1567 2432/595/1618 2431/595/1621
f 2382/595/2345 2383/595/2346 2433/595/2393
f 2382/595/2345 2433/595/2393 2432/595/1618
f 2383/595/2346 2384/595/2347 2434/595/2394
f 2383/595/2346 2434/595/2394 2433/595/2393
f 2384/595/2347 2385/595/2348 2435/595/2395
f 2384/595/2347 2435/595/2395 2434/595/2394
f 2385/595/2348 2386/595/2349 2436/595/2396
f 2385/595/2348 2436/595/2396 2435/595/2395
f 2386/595/2349 2387/595/2350 2437/595/2397
f 2386/595/2349 2437/595/2397 2436/595/2396
f 2387/595/2350 2388/595/2351 2438/595/2398
f 2387/595/2350 2438/595/2398 2437/595/2397
f 2388/595/2351 2389/595/2352 2439/595/2399
f 2388/595/2351 2439/595/2399 2438/595/2398
f 2389/595/2352 2390/595/2353 2440/595/2400
f 2389/595/2352 2440/595/2400 2439/595/2399
f 2390/595/2353 2391/595/2354 2441/595/2401
f 2390/595/2353 2441/595/2401 2440/595/2400
f 2391/595/2354 2392/595/2355 2442/595/2402
f 2391/595/2354 2442/595/2402 2441/595/2401
f 2392/595/2355 2393/595/2356 2443/595/2403
f 2392/595/2355 2443/595/2403 2442/595/2402
f 2393/595/2356 2394/595/2357 2444/595/2404
f 2393/595/2356 2444/595/2404 2443/595/2403
f 2394/595/2357 2395/595/2358 2445/595/2405
f 2394/595/2357 2445/595/2405 2444/595/2404
f 2395/595/2358 2396/595/2359 2446/595/2406
f 2395/595/2358 2446/595/2406 2445/595/2405
f 2396/595/2359 2397/595/2360 2447/595/2407
f 2396/595/2359 2447/595/2407 2446/595/2406
f 2397/595/2360 2398/595/2361 2448/595/2408
f 2397/595/2360 2448/595/2408 2447/595/2407
f 2398/595/2361 2399/595/2362 2449/595/2409
f 2398/595/2361 2449/595/2409 2448/595/2408
f 2399/595/2362 2400/595/2363 2450/595/2410
f 2399/595/2362 2450/595/2410 2449/595/2409
f 2400/595/2363 2401/595/2364 2451/595/2411
f 2400/595/2363 2451/595/2411 2450/595/2410
f 2401/595/2364 2402/595/2365 2452/595/2412
f 2401/595/2364 2452/595/2412 2451/595/2411
f 2402/595/2365 2403/595/2366 2453/595/2413
f 2402/595/2365 2453/595/2413 2452/595/2412
f 2403/595/2366 2404/595/2367 2454/595/2414
f 2403/595/2366 2454/595/2414 2453/595/2413
f 2404/595/2367 2405/595/2368 2455/595/2415
f 2404/595/2367 2455/595/2415 2454/595/2414
f 2405/595/2368 2406/595/2369 2456/595/2416
f 2405/595/2368 2456/595/2416 2455/595/2415
f 2406/595/2369 2407/595/2370 2457/595/2417
f 2406/595/2369 2457/595/2417 2456/595/2416
f 2407/595/2370 2408/595/2371 2458/595/2418
f 2407/595/2370 2458/595/2418 2457/595/2417
f 2408/595/2371 2409/595/2372 2459/595/1
f 2408/595/2371 2459/595/1 2458/595/2418
f 2409/595/2372 2410/595/2373 2460/595/2419
f 2409/595/2372 2460/595/2419 2459/595/1
f 2410/595/2373 2411/595/2374 2461/595/2420
f 2410/595/2373 2461/595/2420 2460/595/2419
f 2411/595/2374 2412/595/2375 2462/595/2421
f 2411/595/2374 2462/595/2421 2461/595/2420
f 2412/595/2375 2413/595/2376 2463/595/2422
f 2412/595/2375 2463/595/2422 2462/595/2421
f 2413/595/2376 2414/595/2377 2464/595/2423
f 2413/595/2376 2464/595/2423 2463/595/2422
f 2414/595/2377 2415/595/2378 2465/595/2424
f 2414/595/2377 2465/595/2424 2464/595/2423
f 2415/595/2378 2416/595/2379 2466/595/2425
f 2415/595/2378 2466/595/2425 2465/595/2424
f 2418/595/2381 2417/595/2380 2467/595/2426
f 2418/595/2381 2467/595/2426 2468/595/2427
f 2417/595/2380 2419/595/2382 2469/595/2428
f 2417/595/2380 2469/595/2428 2467/595/2426
f 2419/595/2382 2420/595/2383 2470/595/2429
f 2419/595/2382 2470/595/2429 2469/595/2428
f 2420/595/2383 2421/595/2384 2471/595/2430
f 2420/595/2383 2471/595/2430 2470/595/2429
f 2421/595/2384 2422/595/2385 2472/595/2431
f 2421/595/2384 2472/595/2431 2471/595/2430
f 2422/595/2385 2423/595/2386 2473/595/2432
f 2422/595/2385 2473/595/2432 2472/595/2431
f 2423/595/2386 2424/595/2387 2474/595/2433
f 2423/595/2386 2474/595/2433 2473/595/2432
f 2424/595/2387 2425/595/2388 2475/595/2434
f 2424/595/2387 2475/595/2434 2474/595/2433
f 2425/595/2388 2426/595/2389 2476/595/2435
f 2425/595/2388 2476/595/2435 2475/595/2434
f 2426/595/2389 2427/595/2390 2477/595/2436
f 2426/595/2389 2477/595/2436 2476/595/2435
f 2427/595/2390 2428/595/2391 2478/595/2437
f 2427/595/2390 2478/595/2437 2477/595/2436
f 2428/595/2391 2429/595/2392 2479/595/2438
f 2428/595/2391 2479/595/2438 2478/595/2437
f 2429/595/2392 2430/595/1616 2480/595/1665
f 2429/595/2392 2480/595/1665 2479/595/2438
f 2430/595/1616 2431/595/1621 2481/595/1666
f 2430/595/1616 2481/595/1666 2480/595/1665
f 2431/595/1621 2432/595/1618 2482/595/1667
f 2431/595/1621 2482/595/1667 2481/595/1666
f 2432/595/1618 2433/595/2393 2483/595/2439
f 2432/595/1618 2483/595/2439 2482/595/1667
f 2433/595/2393 2434/595/2394 2484/595/2440
f 2433/595/2393 2484/595/2440 2483/595/2439
f 2434/595/2394 2435/595/2395 2485/595/2441
f 2434/595/2394 2485/595/2441 2484/595/2440
f 2435/595/2395 2436/595/2396 2486/595/2442
f 2435/595/2395 2486/595/2442 2485/595/2441
f 2436/595/2396 2437/595/2397 2487/595/2443
f 2436/595/2396 2487/595/2443 2486/595/2442
f 2437/595/2397 2438/595/2398 2488/595/2444
f 2437/595/2397 2488/595/2444 2487/595/2443
f 2438/595/2398 2439/595/2399 2489/595/2445
f 2438/595/2398 2489/595/2445 2488/595/2444
f 2439/595/2399 2440/595/2400 2490/595/2446
f 2439/595/2399 2490/595/2446 2489/595/2445
f 2440/595/2400 2441/595/2401 2491/595/2447
f 2440/595/2400 2491/595/2447 2490/595/2446
f 2441/595/2401 2442/595/2402 2492/595/2448
f 2441/595/2401 2492/595/2448 2491/595/2447
f 2442/595/2402 2443/595/2403 2493/595/2449
f 2442/595/2402 2493/595/2449 2492/595/2448
f 2443/595/2403 2444/595/2404 2494/595/2450
f 2443/595/2403 2494/595/2450 2493/595/2449
f 2444/595/2404 2445/595/2405 2495/595/2451
f 2444/595/2404 2495/595/2451 2494/595/2450
f 2445/595/2405 2446/595/2406 2496/595/2452
f 2445/595/2405 2496/595/2452 2495/595/2451
f 2446/595/2406 2447/595/2407 2497/595/2453
f 2446/595/2406 2497/595/2453 2496/595/2452
f 2447/595/2407 2448/595/2408 2498/595/2454
f 2447/595/2407 2498/595/2454 2497/595/2453
f 2448/595/2408 2449/595/2409 2499/595/2455
f 2448/595/2408 2499/595/2455 2498/595/2454
f 2449/595/2409 2450/595/2410 2500/595/2456
f 2449/595/2409 2500/595/2456 2499/595/2455
f 2450/595/2410 2451/595/2411 2501/595/2457
f 2450/595/2410 2501/595/2457 2500/595/2456
f 2451/595/2411 2452/595/2412 2502/595/2458
f 2451/595/2411 2502/595/2458 2501/595/2457
f 2452/595/2412 2453/595/2413 2503/595/2459
f 2452/595/2412 2503/595/2459 2502/595/2458
f 2453/595/2413 2454/595/2414 2504/595/2460
f 2453/595/2413 2504/595/2460 2503/595/2459
f 2454/595/2414 2455/595/2415 2505/595/2461
f 2454/595/2414 2505/595/2461 2504/595/2460
f 2455/595/2415 2456/595/2416 2506/595/2462
f 2455/595/2415 2506/595/2462 2505/595/2461
f 2456/595/2416 2457/595/2417 2507/595/2463
f 2456/595/2416 2507/595/2463 2506/595/2462
f 2457/595/2417 2458/595/2418 2508/595/2464
f 2457/595/2417 2508/595/2464 2507/595/2463
f 2458/595/2418 2459/595/1 2509/595/2465
f 2458/595/2418 2509/595/2465 2508/595/2464
f 2459/595/1 2460/595/2419 2510/595/2466
f 2459/595/1 2510/595/2466 2509/595/2465
f 2460/595/2419 2461/595/2420 2511/595/2467
f 2460/595/2419 2511/595/2467 2510/595/2466
f 2461/595/2420 2462/595/2421 2512/595/2468
f 2461/595/2420 2512/595/2468 2511/595/2467
f 2462/595/2421 2463/595/2422 2513/595/2469
f 2462/595/2421 2513/595/2469 2512/595/2468
f 2463/595/2422 2464/595/2423 2514/595/2470
f 2463/595/2422 2514/595/2470 2513/595/2469
f 2464/595/2423 2465/595/2424 2515/595/2471
f 2464/595/2423 2515/595/2471 2514/595/2470
f 2465/595/2424 2466/595/2425 2516/595/2472
f 2465/595/2424 2516/595/2472 2515/595/2471
f 2468/595/2427 2467/595/2426 2517/595/2473
f 2468/595/2427 2517/595/2473 2518/595/2474
f 2467/595/2426 2469/595/2428 2519/595/2475
f 2467/595/2426 2519/595/2475 2517/595/2473
f 2469/595/2428 2470/595/2429 2520/595/2476
f 2469/595/2428 2520/595/2476 2519/595/2475
f 2470/595/2429 2471/595/2430 2521/595/2477
f 2470/595/2429 2521/595/2477 2520/595/2476
f 2471/595/2430 2472/595/2431 2522/595/2478
f 2471/595/2430 2522/595/2478 2521/595/2477
f 2472/595/2431 2473/595/2432 2523/595/2479
f 2472/595/2431 2523/595/2479 2522/595/2478
f 2473/595/2432 2474/595/2433 2524/595/2480
f 2473/595/2432 2524/595/2480 2523/595/2479
f 2474/595/2433 2475/595/2434 2525/595/2481
f 2474/595/2433 2525/595/2481 2524/595/2480
f 2475/595/2434 2476/595/2435 2526/595/2482
f 2475/595/2434 2526/595/2482 2525/595/2481
f 2476/595/2435 2477/595/2436 2527/595/2483
f 2476/595/2435 2527/595/2483 2526/595/2482
f 2477/595/2436 2478/595/2437 2528/595/2484
f 2477/595/2436 2528/595/2484 2527/595/2483
f 2478/595/2437 2479/595/2438 2529/595/2485
f 2478/595/2437 2529/595/2485 2528/595/2484
f 2479/595/2438 2480/595/1665 2530/595/2486
f 2479/595/2438 2530/595/2486 2529/595/2485
f 2480/595/1665 2481/595/1666 2531/595/2487
f 2480/595/1665 2531/595/2487 2530/595/2486
f 2481/595/1666 2482/595/1667 2532/595/2488
f 2481/595/1666 2532/595/2488 2531/595/2487
f 2482/595/1667 2483/595/2439 2533/595/2489
f 2482/595/1667 2533/595/2489 2532/595/2488
f 2483/595/2439 2484/595/2440 2534/595/2490
f 2483/595/2439 2534/595/2490 2533/595/2489
f 2484/595/2440 2485/595/2441 2535/595/2491
f 2484/595/2440 2535/595/2491 2534/595/2490
f 2485/595/2441 2486/595/2442 2536/595/2492
f 2485/595/2441 2536/595/2492 2535/595/2491
f 2486/595/2442 2487/595/2443 2537/595/2493
f 2486/595/2442 2537/595/2493 2536/595/2492
f 2487/595/2443 2488/595/2444 2538/595/2494
f 2487/595/2443 2538/595/2494 2537/595/2493
f 2488/595/2444 2489/595/2445 2539/595/2495
f 2488/595/2444 2539/595/2495 2538/595/2494
f 2489/595/2445 2490/595/2446 2540/595/2496
f 2489/595/2445 2540/595/2496 2539/595/2495
f 2490/595/2446 2491/595/2447 2541/595/2497
f 2490/595/2446 2541/595/2497 2540/595/2496
f 2491/595/2447 2492/595/2448 2542/595/2498
f 2491/595/2447 2542/595/2498 2541/595/2497
f 2492/595/2448 2493/595/2449 2543/595/2499
f 2492/595/2448 2543/595/2499 2542/595/2498
f 2493/595/2449 2494/595/2450 2544/595/2500
f 2493/595/2449 2544/595/2500 2543/595/2499
f 2494/595/2450 2495/595/2451 2545/595/2501
f 2494/595/2450 2545/595/2501 2544/595/2500
f 2495/595/2451 2496/595/2452 2546/595/2502
f 2495/595/2451 2546/595/2502 2545/595/2501
f 2496/595/2452 2497/595/2453 2547/595/2503
f 2496/595/2452 2547/595/2503 2546/595/2502
f 2497/595/2453 2498/595/2454 2548/595/2504
f 2497/595/2453 2548/595/2504 2547/595/2503
f 2498/595/2454 2499/595/2455 2549/595/2505
f 2498/595/2454 2549/595/2505 2548/595/2504
f 2499/595/2455 2500/595/2456 2550/595/2506
f 2499/595/2455 2550/595/2506 2549/595/2505
f 2500/595/2456 2501/595/2457 2551/595/2507
f 2500/595/2456 2551/595/2507 2550/595/2506
f 2501/595/2457 2502/595/2458 2552/595/2508
f 2501/595/2457 2552/595/2508 2551/595/2507
f 2502/595/2458 2503/595/2459 2553/595/2509
f 2502/595/2458 2553/595/2509 2552/595/2508
f 2503/595/2459 2504/595/2460 2554/595/2510
f 2503/595/2459 2554/595/2510 2553/595/2509
f 2504/595/2460 2505/595/2461 2555/595/2511
f 2504/595/2460 2555/595/2511 2554/595/2510
f 2505/595/2461 2506/595/2462 2556/595/2512
f 2505/595/2461 2556/595/2512 2555/595/2511
f 2506/595/2462 2507/595/2463 2557/595/2513
f 2506/595/2462 2557/595/2513 2556/595/2512
f 2507/595/2463 2508/595/2464 2558/595/2514
f 2507/595/2463 2558/595/2514 2557/595/2513
f 2508/595/2464 2509/595/2465 2559/595/2515
f 2508/595/2464 2559/595/2515 2558/595/2514
f 2509/595/2465 2510/595/2466 2560/595/2516
f 2509/595/2465 2560/595/2516 2559/595/2515
f 2510/595/2466 2511/595/2467 2561/595/2517
f 2510/595/2466 2561/595/2517 2560/595/2516
f 2511/595/2467 2512/595/2468 2562/595/2518
f 2511/595/2467 2562/595/2518 2561/595/2517
f 2512/595/2468 2513/595/2469 2563/595/2519
f 2512/595/2468 2563/595/2519 2562/595/2518
f 2513/595/2469 2514/595/2470 2564/595/2520
f 2513/595/2469 2564/595/2520 2563/595/2519
f 2514/595/2470 2515/595/2471 2565/595/2521
f 2514/595/2470 2565/595/2521 2564/595/2520
f 2515/595/2471 2516/595/2472 2566/595/2522
f 2515/595/2471 2566/595/2522 2565/595/2521
f 2518/595/2474 2517/595/2473 2567/595/2523
f 2518/595/2474 2567/595/2523 2568/595/2524
f 2517/595/2473 2519/595/2475 2569/595/2525
f 2517/595/2473 2569/595/2525 2567/595/2523
f 2519/595/2475 2520/595/2476 2570/595/2526
f 2519/595/2475 2570/595/2526 2569/595/2525
f 2520/595/2476 2521/595/2477 2571/595/2527
f 2520/595/2476 2571/595/2527 2570/595/2526
f 2521/595/2477 2522/595/2478 2572/595/2528
f 2521/595/2477 2572/595/2528 2571/595/2527
f 2522/595/2478 2523/595/2479 2573/595/2529
f 2522/595/2478 2573/595/2529 2572/595/2528
f 2523/595/2479 2524/595/2480 2574/595/2530
f 2523/595/2479 2574/595/2530 2573/595/2529
f 2524/595/2480 2525/595/2481 2575/595/2531
f 2524/595/2480 2575/595/2531 2574/595/2530
f 2525/595/2481 2526/595/2482 2576/595/2532
f 2525/595/2481 2576/595/2532 2575/595/2531
f 2526/595/2482 2527/595/2483 2577/595/2533
f 2526/595/2482 2577/595/2533 2576/595/2532
f 2527/595/2483 2528/595/2484 2578/595/2534
f 2527/595/2483 2578/595/2534 2577/595/2533
f 2528/595/2484 2529/595/2485 2579/595/2535
f 2528/595/2484 2579/595/2535 2578/595/2534
f 2529/595/2485 2530/595/2486 2580/595/2536
f 2529/595/2485 2580/595/2536 2579/595/2535
f 2530/595/2486 2531/595/2487 2581/595/2537
f 2530/595/2486 2581/595/2537 2580/595/2536
f 2531/595/2487 2532/595/2488 2582/595/2538
f 2531/595/2487 2582/595/2538 2581/595/2537
f 2532/595/2488 2533/595/2489 2583/595/2539
f 2532/595/2488 2583/595/2539 2582/595/2538
f 2533/595/2489 2534/595/2490 2584/595/2540
f 2533/595/2489 2584/595/2540 2583/595/2539
f 2534/595/2490 2535/595/2491 2585/595/2541
f 2534/595/2490 2585/595/2541 2584/595/2540
f 2535/595/2491 2536/595/2492 2586/595/2542
f 2535/595/2491 2586/595/2542 2585/595/2541
f 2536/595/2492 2537/595/2493 2587/595/2543
f 2536/595/2492 2587/595/2543 2586/595/2542
f 2537/595/2493 2538/595/2494 2588/595/2544
f 2537/595/2493 2588/595/2544 2587/595/2543
f 2538/595/2494 2539/595/2495 2589/595/2545
f 2538/595/2494 2589/595/2545 2588/595/2544
f 2539/595/2495 2540/595/2496 2590/595/2546
f 2539/595/2495 2590/595/2546 2589/595/2545
f 2540/595/2496 2541/595/2497 2591/595/2547
f 2540/595/2496 2591/595/2547 2590/595/2546
f 2541/595/2497 2542/595/2498 2592/595/2548
f 2541/595/2497 2592/595/2548 2591/595/2547
f 2542/595/2498 2543/595/2499 2593/595/2549
f 2542/595/2498 2593/595/2549 2592/595/2548
f 2543/595/2499 2544/595/2500 2594/595/2047
f 2543/595/2499 2594/595/2047 2593/595/2549
f 2544/595/2500 2545/595/2501 2595/595/2550
f 2544/595/2500 2595/595/2550 2594/595/2047
f 2545/595/2501 2546/595/2502 2596/595/2551
f 2545/595/2501 2596/595/2551 2595/595/2550
f 2546/595/2502 2547/595/2503 2597/595/2552
f 2546/595/2502 2597/595/2552 2596/595/2551
f 2547/595/2503 2548/595/2504 2598/595/2553
f 2547/595/2503 2598/595/2553 2597/595/2552
f 2548/595/2504 2549/595/2505 2599/595/2554
f 2548/595/2504 2599/595/2554 2598/595/2553
f 2549/595/2505 2550/595/2506 2600/595/2555
f 2549/595/2505 2600/595/2555 2599/595/2554
f 2550/595/2506 2551/595/2507 2601/595/2556
f 2550/595/2506 2601/595/2556 2600/595/2555
f 2551/595/2507 2552/595/2508 2602/595/2557
f 2551/595/2507 2602/595/2557 2601/595/2556
f 2552/595/2508 2553/595/2509 2603/595/2558
f 2552/595/2508 2603/595/2558 2602/595/2557
f 2553/595/2509 2554/595/2510 2604/595/2559
f 2553/595/2509 2604/595/2559 2603/595/2558
f 2554/595/2510 2555/595/2511 2605/595/2560
f 2554/595/2510 2605/595/2560 2604/595/2559
f 2555/595/2511 2556/595/2512 2606/595/2561
f 2555/595/2511 2606/595/2561 2605/595/2560
f 2556/595/2512 2557/595/2513 2607/595/2562
f 2556/595/2512 2607/595/2562 2606/595/2561
f 2557/595/2513 2558/595/2514 2608/595/2563
f 2557/595/2513 2608/595/2563 2607/595/2562
f 2558/595/2514 2559/595/2515 2609/595/2564
f 2558/595/2514 2609/595/2564 2608/595/2563
f 2559/595/2515 2560/595/2516 2610/595/2565
f 2559/595/2515 2610/595/2565 2609/595/2564
f 2560/595/2516 2561/595/2517 2611/595/2566
f 2560/595/2516 2611/595/2566 2610/595/2565
f 2561/595/2517 2562/595/2518 2612/595/2567
f 2561/595/2517 2612/595/2567 2611/595/2566
f 2562/595/2518 2563/595/2519 2613/595/2568
f 2562/595/2518 2613/595/2568 2612/595/2567
f 2563/595/2519 2564/595/2520 2614/595/2569
f 2563/595/2519 2614/595/2569 2613/595/2568
f 2564/595/2520 2565/595/2521 2615/595/2570
f 2564/595/2520 2615/595/2570 2614/595/2569
f 2565/595/2521 2566/595/2522 2616/595/2571
f 2565/595/2521 2616/595/2571 2615/595/2570
f 2568/595/2524 2567/595/2523 2617/595/2572
f 2568/595/2524 2617/595/2572 2618/595/2573
f 2567/595/2523 2569/595/2525 2619/595/2574
f 2567/595/2523 2619/595/2574 2617/595/2572
f 2569/595/2525 2570/595/2526 2620/595/2575
f 2569/595/2525 2620/595/2575 2619/595/2574
f 2570/595/2526 2571/595/2527 2621/595/2576
f 2570/595/2526 2621/595/2576 2620/595/2575
f 2571/595/2527 2572/595/2528 2622/595/2577
f 2571/595/2527 2622/595/2577 2621/595/2576
f 2572/595/2528 2573/595/2529 2623/595/2578
f 2572/595/2528 2623/595/2578 2622/595/2577
f 2573/595/2529 2574/595/2530 2624/595/2579
f 2573/595/2529 2624/595/2579 2623/595/2578
f 2574/595/2530 2575/595/2531 2625/595/2580
f 2574/595/2530 2625/595/2580 2624/595/2579
f 2575/595/2531 2576/595/2532 2626/595/2581
f 2575/595/2531 2626/595/2581 2625/595/2580
f 2576/595/2532 2577/595/2533 2627/595/2582
f 2576/595/2532 2627/595/2582 2626/595/2581
f 2577/595/2533 2578/595/2534 2628/595/2583
f 2577/595/2533 2628/595/2583 2627/595/2582
f 2578/595/2534 2579/595/2535 2629/595/2584
f 2578/595/2534 2629/595/2584 2628/595/2583
f 2579/595/2535 2580/595/2536 2630/595/2585
f 2579/595/2535 2630/595/2585 2629/595/2584
f 2580/595/2536 2581/595/2537 2631/595/2586
f 2580/595/2536 2631/595/2586 2630/595/2585
f 2581/595/2537 2582/595/2538 2632/595/2587
f 2581/595/2537 2632/595/2587 2631/595/2586
f 2582/595/2538 2583/595/2539 2633/595/2588
f 2582/595/2538 2633/595/2588 2632/595/2587
f 2583/595/2539 2584/595/2540 2634/595/2589
f 2583/595/2539 2634/595/2589 2633/595/2588
f 2584/595/2540 2585/595/2541 2635/595/2590
f 2584/595/2540 2635/595/2590 2634/595/2589
f 2585/595/2541 2586/595/2542 2636/595/2591
f 2585/595/2541 2636/595/2591 2635/595/2590
f 2586/595/2542 2587/595/2543 2637/595/1
f 2586/595/2542 2637/595/1 2636/595/2591
f 2587/595/2543 2588/595/2544 2638/595/2592
f 2587/595/2543 2638/595/2592 2637/595/1
f 2588/595/2544 2589/595/2545 2639/595/2593
f 2588/595/2544 2639/595/2593 2638/595/2592
f 2589/595/2545 2590/595/2546 2640/595/2594
f 2589/595/2545 2640/595/2594 2639/595/2593
f 2590/595/2546 2591/595/2547 2641/595/2595
f 2590/595/2546 2641/595/2595 2640/595/2594
f 2591/595/2547 2592/595/2548 2642/595/2596
f 2591/595/2547 2642/595/2596 2641/595/2595
f 2592/595/2548 2593/595/2549 2643/595/2597
f 2592/595/2548 2643/595/2597 2642/595/2596
f 2593/595/2549 2594/595/2047 2644/595/2598
f 2593/595/2549 2644/595/2598 2643/595/2597
f 2594/595/2047 2595/595/2550 2645/595/2599
f 2594/595/2047 2645/595/2599 2644/595/2598
f 2595/595/2550 2596/595/2551 2646/595/2600
f 2595/595/2550 2646/595/2600 2645/595/2599
f 2596/595/2551 2597/595/2552 2647/595/2601
f 2596/595/2551 2647/595/2601 2646/595/2600
f 2597/595/2552 2598/595/2553 2648/595/2602
f 2597/595/2552 2648/595/2602 2647/595/2601
f 2598/595/2553 2599/595/2554 2649/595/2603
f 2598/595/2553 2649/595/2603 2648/595/2602
f 2599/595/2554 2600/595/2555 2650/595/2604
f 2599/595/2554 2650/595/2604 2649/595/2603
f 2600/595/2555 2601/595/2556 2651/595/2605
f 2600/595/2555 2651/595/2605 2650/595/2604
f 2601/595/2556 2602/595/2557 2652/595/2606
f 2601/595/2556 2652/595/2606 2651/595/2605
f 2602/595/2557 2603/595/2558 2653/595/2607
f 2602/595/2557 2653/595/2607 2652/595/2606
f 2603/595/2558 2604/595/2559 2654/595/2608
f 2603/595/2558 2654/595/2608 2653/595/2607
f 2604/595/2559 2605/595/2560 2655/595/2609
f 2604/595/2559 2655/595/2609 2654/595/2608
f 2605/595/2560 2606/595/2561 2656/595/2610
f 2605/595/2560 2656/595/2610 2655/595/2609
f 2606/595/2561 2607/595/2562 2657/595/2611
f 2606/595/2561 2657/595/2611 2656/595/2610
f 2607/595/2562 2608/595/2563 2658/595/2612
f 2607/595/2562 2658/595/2612 2657/595/2611
f 2608/595/2563 2609/595/2564 2659/595/2613
f 2608/595/2563 2659/595/2613 2658/595/2612
f 2609/595/2564 2610/595/2565 2660/595/2614
f 2609/595/2564 2660/595/2614 2659/595/2613
f 2610/595/2565 2611/595/2566 2661/595/2615
f 2610/595/2565 2661/595/2615 2660/595/2614
f 2611/595/2566 2612/595/2567 2662/595/2616
f 2611/595/2566 2662/595/2616 2661/595/2615
f 2612/595/2567 2613/595/2568 2663/595/2617
f 2612/595/2567 2663/595/2617 2662/595/2616
f 2613/595/2568 2614/595/2569 2664/595/2618
f 2613/595/2568 2664/595/2618 2663/595/2617
f 2614/595/2569 2615/595/2570 2665/595/2619
f 2614/595/2569 2665/595/2619 2664/595/2618
f 2615/595/2570 2616/595/2571 2666/595/2620
f 2615/595/2570 2666/595/2620 2665/595/2619
f 2618/595/2573 2617/595/2572 2667/595/2621
f 2618/595/2573 2667/595/2621 2668/595/2622
f 2617/595/2572 2619/595/2574 2669/595/2623
f 2617/595/2572 2669/595/2623 2667/595/2621
f 2619/595/2574 2620/595/2575 2670/595/2624
f 2619/595/2574 2670/595/2624 2669/595/2623
f 2620/595/2575 2621/595/2576 2671/595/2625
f 2620/595/2575 2671/595/2625 2670/595/2624
f 2621/595/2576 2622/595/2577 2672/595/2626
f 2621/595/2576 2672/595/2626 2671/595/2625
f 2622/595/2577 2623/595/2578 2673/595/2627
f 2622/595/2577 2673/595/2627 2672/595/2626
f 2623/595/2578 2624/595/2579 2674/595/2628
f 2623/595/2578 2674/595/2628 2673/595/2627
f 2624/595/2579 2625/595/2580 2675/595/2629
f 2624/595/2579 2675/595/2629 2674/595/2628
f 2625/595/2580 2626/595/2581 2676/595/2630
f 2625/595/2580 2676/595/2630 2675/595/2629
f 2626/595/2581 2627/595/2582 2677/595/2631
f 2626/595/2581 2677/595/2631 2676/595/2630
f 2627/595/2582 2628/595/2583 2678/595/2632
f 2627/595/2582 2678/595/2632 2677/595/2631
f 2628/595/2583 2629/595/2584 2679/595/2633
f 2628/595/2583 2679/595/2633 2678/595/2632
f 2629/595/2584 2630/595/2585 2680/595/2634
f 2629/595/2584 2680/595/2634 2679/595/2633
f 2630/595/2585 2631/595/2586 2681/595/2635
f 2630/595/2585 2681/595/2635 2680/595/2634
f 2631/595/2586 2632/595/2587 2682/595/2636
f 2631/595/2586 2682/595/2636 2681/595/2635
f 2632/595/2587 2633/595/2588 2683/595/2637
f 2632/595/2587 2683/595/2637 2682/595/2636
f 2633/595/2588 2634/595/2589 2684/595/2638
f 2633/595/2588 2684/595/2638 2683/595/2637
f 2634/595/2589 2635/595/2590 2685/595/2639
f 2634/595/2589 2685/595/2639 2684/595/2638
f 2635/595/2590 2636/595/2591 2686/595/2640
f 2635/595/2590 2686/595/2640 2685/595/2639
f 2636/595/2591 2637/595/1 2687/595/2641
f 2636/595/2591 2687/595/2641 2686/595/2640
f 2637/595/1 2638/595/2592 2688/595/2642
f 2637/595/1 2688/595/2642 2687/595/2641
f 2638/595/2592 2639/595/2593 2689/595/2643
f 2638/595/2592 2689/595/2643 2688/595/2642
f 2639/595/2593 2640/595/2594 2690/595/2644
f 2639/595/2593 2690/595/2644 2689/595/2643
f 2640/595/2594 2641/595/2595 2691/595/2645
f 2640/595/2594 2691/595/2645 2690/595/2644
f 2641/595/2595 2642/595/2596 2692/595/2646
f 2641/595/2595 2692/595/2646 2691/595/2645
f 2642/595/2596 2643/595/2597 2693/595/2647
f 2642/595/2596 2693/595/2647 2692/595/2646
f 2643/595/2597 2644/595/2598 2694/595/2648
f 2643/595/2597 2694/595/2648 2693/595/2647
f 2644/595/2598 2645/595/2599 2695/595/2649
f 2644/595/2598 2695/595/2649 2694/595/2648
f 2645/595/2599 2646/595/2600 2696/595/2650
f 2645/595/2599 2696/595/2650 2695/595/2649
f 2646/595/2600 2647/595/2601 2697/595/2651
f 2646/595/2600 2697/595/2651 2696/595/2650
f 2647/595/2601 2648/595/2602 2698/595/2652
f 2647/595/2601 2698/595/2652 2697/595/2651
f 2648/595/2602 2649/595/2603 2699/595/2653
f 2648/595/2602 2699/595/2653 2698/595/2652
f 2649/595/2603 2650/595/2604 2700/595/2654
f 2649/595/2603 2700/595/2654 2699/595/2653
f 2650/595/2604 2651/595/2605 2701/595/2655
f 2650/595/2604 2701/595/2655 2700/595/2654
f 2651/595/2605 2652/595/2606 2702/595/2656
f 2651/595/2605 2702/595/2656 2701/595/2655
f 2652/595/2606 2653/595/2607 2703/595/2657
f 2652/595/2606 2703/595/2657 2702/595/2656
f 2653/595/2607 2654/595/2608 2704/595/2658
f 2653/595/2607 2704/595/2658 2703/595/2657
f 2654/595/2608 2655/595/2609 2705/595/2659
f 2654/595/2608 2705/595/2659 2704/595/2658
f 2655/595/2609 2656/595/2610 2706/595/2660
f 2655/595/2609 2706/595/2660 2705/595/2659
f 2656/595/2610 2657/595/2611 2707/595/2661
f 2656/595/2610 2707/595/2661 2706/595/2660
f 2657/595/2611 2658/595/2612 2708/595/2662
f 2657/595/2611 2708/595/2662 2707/595/2661
f 2658/595/2612 2659/595/2613 2709/595/2663
f 2658/595/2612 2709/595/2663 2708/595/2662
f 2659/595/2613 2660/595/2614 2710/595/2664
f 2659/595/2613 2710/595/2664 2709/595/2663
f 2660/595/2614 2661/595/2615 2711/595/2665
f 2660/595/2614 2711/595/2665 2710/595/2664
f 2661/595/2615 2662/595/2616 2712/595/2666
f 2661/595/2615 2712/595/2666 2711/595/2665
f 2662/595/2616 2663/595/2617 2713/595/2667
f 2662/595/2616 2713/595/2667 2712/595/2666
f 2663/595/2617 2664/595/2618 2714/595/2668
f 2663/595/2617 2714/595/2668 2713/595/2667
f 2664/595/2618 2665/595/2619 2715/595/2669
f 2664/595/2618 2715/595/2669 2714/595/2668
f 2665/595/2619 2666/595/2620 2716/595/2670
f 2665/595/2619 2716/595/2670 2715/595/2669
f 2668/595/2622 2667/595/2621 2717/595/2671
f 2668/595/2622 2717/595/2671 2718/595/2672
f 2667/595/2621 2669/595/2623 2719/595/2673
f 2667/595/2621 2719/595/2673 2717/595/2671
f 2669/595/2623 2670/595/2624 2720/595/2674
f 2669/595/2623 2720/595/2674 2719/595/2673
f 2670/595/2624 2671/595/2625 2721/595/2675
f 2670/595/2624 2721/595/2675 2720/595/2674
f 2671/595/2625 2672/595/2626 2722/595/2676
f 2671/595/2625 2722/595/2676 2721/595/2675
f 2672/595/2626 2673/595/2627 2723/595/2677
f 2672/595/2626 2723/595/2677 2722/595/2676
f 2673/595/2627 2674/595/2628 2724/595/2678
f 2673/595/2627 2724/595/2678 2723/595/2677
f 2674/595/2628 2675/595/2629 2725/595/2679
f 2674/595/2628 2725/595/2679 2724/595/2678
f 2675/595/2629 2676/595/2630 2726/595/2680
f 2675/595/2629 2726/595/2680 2725/595/2679
f 2676/595/2630 2677/595/2631 2727/595/2681
f 2676/595/2630 2727/595/2681 2726/595/2680
f 2677/595/2631 2678/595/2632 2728/595/2682
f 2677/595/2631 2728/595/2682 2727/595/2681
f 2678/595/2632 2679/595/2633 2729/595/2683
f 2678/595/2632 2729/595/2683 2728/595/2682
f 2679/595/2633 2680/595/2634 2730/595/2684
f 2679/595/2633 2730/595/2684 2729/595/2683
f 2680/595/2634 2681/595/2635 2731/595/2685
f 2680/595/2634 2731/595/2685 2730/595/2684
f 2681/595/2635 2682/595/2636 2732/595/2686
f 2681/595/2635 2732/595/2686 2731/595/2685
f 2682/595/2636 2683/595/2637 2733/595/2687
f 2682/595/2636 2733/595/2687 2732/595/2686
f 2683/595/2637 2684/595/2638 2734/595/2688
f 2683/595/2637 2734/595/2688 2733/595/2687
f 2684/595/2638 2685/595/2639 2735/595/2689
f 2684/595/2638 2735/595/2689 2734/595/2688
f 2685/595/2639 2686/595/2640 2736/595/2690
f 2685/595/2639 2736/595/2690 2735/595/2689
f 2686/595/2640 2687/595/2641 2737/595/2691
f 2686/595/2640 2737/595/2691 2736/595/2690
f 2687/595/2641 2688/595/2642 2738/595/2692
f 2687/595/2641 2738/595/2692 2737/595/2691
f 2688/595/2642 2689/595/2643 2739/595/2693
f 2688/595/2642 2739/595/2693 2738/595/2692
f 2689/595/2643 2690/595/2644 2740/595/2694
f 2689/595/2643 2740/595/2694 2739/595/2693
f 2690/595/2644 2691/595/2645 2741/595/2695
f 2690/595/2644 2741/595/2695 2740/595/2694
f 2691/595/2645 2692/595/2646 2742/595/2696
f 2691/595/2645 2742/595/2696 2741/595/2695
f 2692/595/2646 2693/595/2647 2743/595/2697
f 2692/595/2646 2743/595/2697 2742/595/2696
f 2693/595/2647 2694/595/2648 2744/595/2698
f 2693/595/2647 2744/595/2698 2743/595/2697
f 2694/595/2648 2695/595/2649 2745/595/2699
f 2694/595/2648 2745/595/2699 2744/595/2698
f 2695/595/2649 2696/595/2650 2746/595/2700
f 2695/595/2649 2746/595/2700 2745/595/2699
f 2696/595/2650 2697/595/2651 2747/595/2701
f 2696/595/2650 2747/595/2701 2746/595/2700
f 2697/595/2651 2698/595/2652 2748/595/2702
f 2697/595/2651 2748/595/2702 2747/595/2701
f 2698/595/2652 2699/595/2653 2749/595/2703
f 2698/595/2652 2749/595/2703 2748/595/2702
f 2699/595/2653 2700/595/2654 2750/595/2704
f 2699/595/2653 2750/595/2704 2749/595/2703
f 2700/595/2654 2701/595/2655 2751/595/2705
f 2700/595/2654 2751/595/2705 2750/595/2704
f 2701/595/2655 2702/595/2656 2752/595/2706
f 2701/595/2655 2752/595/2706 2751/595/2705
f 2702/595/2656 2703/595/2657 2753/595/2707
f 2702/595/2656 2753/595/2707 2752/595/2706
f 2703/595/2657 2704/595/2658 2754/595/2708
f 2703/595/2657 2754/595/2708 2753/595/2707
f 2704/595/2658 2705/595/2659 2755/595/2709
f 2704/595/2658 2755/595/2709 2754/595/2708
f 2705/595/2659 2706/595/2660 2756/595/2710
f 2705/595/2659 2756/595/2710 2755/595/2709
f 2706/595/2660 2707/595/2661 2757/595/2711
f 2706/595/2660 2757/595/2711 2756/595/2710
f 2707/595/2661 2708/595/2662 2758/595/2712
f 2707/595/2661 2758/595/2712 2757/595/2711
f 2708/595/2662 2709/595/2663 2759/595/2713
f 2708/595/2662 2759/595/2713 2758/595/2712
f 2709/595/2663 2710/595/2664 2760/595/2714
f 2709/595/2663 2760/595/2714 2759/595/2713
f 2710/595/2664 2711/595/2665 2761/595/2715
f 2710/595/2664 2761/595/2715 2760/595/2714
f 2711/595/2665 2712/595/2666 2762/595/2716
f 2711/595/2665 2762/595/2716 2761/595/2715
f 2712/595/2666 2713/595/2667 2763/595/2717
f 2712/595/2666 2763/595/2717 2762/595/2716
f 2713/595/2667 2714/595/2668 2764/595/2718
f 2713/595/2667 2764/595/2718 2763/595/2717
f 2714/595/2668 2715/595/2669 2765/595/2719
f 2714/595/2668 2765/595/2719 2764/595/2718
f 2715/595/2669 2716/595/2670 2766/595/2720
f 2715/595/2669 2766/595/2720 2765/595/2719
f 2718/595/2672 2717/595/2671 2767/595/2721
f 2718/595/2672 2767/595/2721 2768/595/2722
f 2717/595/2671 2719/595/2673 2769/595/2723
f 2717/595/2671 2769/595/2723 2767/595/2721
f 2719/595/2673 2720/595/2674 2770/595/2724
f 2719/595/2673 2770/595/2724 2769/595/2723
f 2720/595/2674 2721/595/2675 2771/595/2725
f 2720/595/2674 2771/595/2725 2770/595/2724
f 2721/595/2675 2722/595/2676 2772/595/2726
f 2721/595/2675 2772/595/2726 2771/595/2725
f 2722/595/2676 2723/595/2677 2773/595/2727
f 2722/595/2676 2773/595/2727 2772/595/2726
f 2723/595/2677 2724/595/2678 2774/595/2728
f 2723/595/2677 2774/595/2728 2773/595/2727
f 2724/595/2678 2725/595/2679 2775/595/2729
f 2724/595/2678 2775/595/2729 2774/595/2728
f 2725/595/2679 2726/595/2680 2776/595/2730
f 2725/595/2679 2776/595/2730 2775/595/2729
f 2726/595/2680 2727/595/2681 2777/595/2731
f 2726/595/2680 2777/595/2731 2776/595/2730
f 2727/595/2681 2728/595/2682 2778/595/2732
f 2727/595/2681 2778/595/2732 2777/595/2731
f 2728/595/2682 2729/595/2683 2779/595/2733
f 2728/595/2682 2779/595/2733 2778/595/2732
f 2729/595/2683 2730/595/2684 2780/595/2734
f 2729/595/2683 2780/595/2734 2779/595/2733
f 2730/595/2684 2731/595/2685 2781/595/2735
f 2730/595/2684 2781/595/2735 2780/595/2734
f 2731/595/2685 2732/595/2686 2782/595/2736
f 2731/595/2685 2782/595/2736 2781/595/2735
f 2732/595/2686 2733/595/2687 2783/595/2737
f 2732/595/2686 2783/595/2737 2782/595/2736
f 2733/595/2687 2734/595/2688 2784/595/2738
f 2733/595/2687 2784/595/2738 2783/595/2737
f 2734/595/2688 2735/595/2689 2785/595/2739
f 2734/595/2688 2785/595/2739 2784/595/2738
f 2735/595/2689 2736/595/2690 2786/595/2373
f 2735/595/2689 2786/595/2373 2785/595/2739
f 2736/595/2690 2737/595/2691 2787/595/2740
f 2736/595/2690 2787/595/2740 2786/595/2373
f 2737/595/2691 2738/595/2692 2788/595/2741
f 2737/595/2691 2788/595/2741 2787/595/2740
f 2738/595/2692 2739/595/2693 2789/595/2742
f 2738/595/2692 2789/595/2742 2788/595/2741
f 2739/595/2693 2740/595/2694 2790/595/2743
f 2739/595/2693 2790/595/2743 2789/595/2742
f 2740/595/2694 2741/595/2695 2791/595/2744
f 2740/595/2694 2791/595/2744 2790/595/2743
f 2741/595/2695 2742/595/2696 2792/595/2745
f 2741/595/2695 2792/595/2745 2791/595/2744
f 2742/595/2696 2743/595/2697 2793/595/2746
f 2742/595/2696 2793/595/2746 2792/595/2745
f 2743/595/2697 2744/595/2698 2794/595/2747
f 2743/595/2697 2794/595/2747 2793/595/2746
f 2744/595/2698 2745/595/2699 2795/595/2748
f 2744/595/2698 2795/595/2748 2794/595/2747
f 2745/595/2699 2746/595/2700 2796/595/2749
f 2745/595/2699 2796/595/2749 2795/595/2748
f 2746/595/2700 2747/595/2701 2797/595/2750
f 2746/595/2700 2797/595/2750 2796/595/2749
f 2747/595/2701 2748/595/2702 2798/595/2751
f 2747/595/2701 2798/595/2751 2797/595/2750
f 2748/595/2702 2749/595/2703 2799/595/2752
f 2748/595/2702 2799/595/2752 2798/595/2751
f 2749/595/2703 2750/595/2704 2800/595/2753
f 2749/595/2703 2800/595/2753 2799/595/2752
f 2750/595/2704 2751/595/2705 2801/595/2754
f 2750/595/2704 2801/595/2754 2800/595/2753
f 2751/595/2705 2752/595/2706 2802/595/2755
f 2751/595/2705 2802/595/2755 2801/595/2754
f 2752/595/2706 2753/595/2707 2803/595/2756
f 2752/595/2706 2803/595/2756 2802/595/2755
f 2753/595/2707 2754/595/2708 2804/595/2757
f 2753/595/2707 2804/595/2757 2803/595/2756
f 2754/595/2708 2755/595/2709 2805/595/2758
f 2754/595/2708 2805/595/2758 2804/595/2757
f 2755/595/2709 2756/595/2710 2806/595/2759
f 2755/595/2709 2806/595/2759 2805/595/2758
f 2756/595/2710 2757/595/2711 2807/595/2760
f 2756/595/2710 2807/595/2760 2806/595/2759
f 2757/595/2711 2758/595/2712 2808/595/2761
f 2757/595/2711 2808/595/2761 2807/595/2760
f 2758/595/2712 2759/595/2713 2809/595/2762
f 2758/595/2712 2809/595/2762 2808/595/2761
f 2759/595/2713 2760/595/2714 2810/595/2763
f 2759/595/2713 2810/595/2763 2809/595/2762
f 2760/595/2714 2761/595/2715 2811/595/2764
f 2760/595/2714 2811/595/2764 2810/595/2763
f 2761/595/2715 2762/595/2716 2812/595/2765
f 2761/595/2715 2812/595/2765 2811/595/2764
f 2762/595/2716 2763/595/2717 2813/595/2766
f 2762/595/2716 2813/595/2766 2812/595/2765
f 2763/595/2717 2764/595/2718 2814/595/2767
f 2763/595/2717 2814/595/2767 2813/595/2766
f 2764/595/2718 2765/595/2719 2815/595/2768
f 2764/595/2718 2815/595/2768 2814/595/2767
f 2765/595/2719 2766/595/2720 2816/595/2769
f 2765/595/2719 2816/595/2769 2815/595/2768
f 2768/595/2722 2767/595/2721 2817/595/2770
f 2768/595/2722 2817/595/2770 2818/595/2771
f 2767/595/2721 2769/595/2723 2819/595/2772
f 2767/595/2721 2819/595/2772 2817/595/2770
f 2769/595/2723 2770/595/2724 2820/595/2773
f 2769/595/2723 2820/595/2773 2819/595/2772
f 2770/595/2724 2771/595/2725 2821/595/2774
f 2770/595/2724 2821/595/2774 2820/595/2773
f 2771/595/2725 2772/595/2726 2822/595/2775
f 2771/595/2725 2822/595/2775 2821/595/2774
f 2772/595/2726 2773/595/2727 2823/595/2776
f 2772/595/2726 2823/595/2776 2822/595/2775
f 2773/595/2727 2774/595/2728 2824/595/2777
f 2773/595/2727 2824/595/2777 2823/595/2776
f 2774/595/2728 2775/595/2729 2825/595/2778
f 2774/595/2728 2825/595/2778 2824/595/2777
f 2775/595/2729 2776/595/2730 2826/595/2779
f 2775/595/2729 2826/595/2779 2825/595/2778
f 2776/595/2730 2777/595/2731 2827/595/2780
f 2776/595/2730 2827/595/2780 2826/595/2779
f 2777/595/2731 2778/595/2732 2828/595/2781
f 2777/595/2731 2828/595/2781 2827/595/2780
f 2778/595/2732 2779/595/2733 2829/595/2782
f 2778/595/2732 2829/595/2782 2828/595/2781
f 2779/595/2733 2780/595/2734 2830/595/2783
f 2779/595/2733 2830/595/2783 2829/595/2782
f 2780/595/2734 2781/595/2735 2831/595/2784
f 2780/595/2734 2831/595/2784 2830/595/2783
f 2781/595/2735 2782/595/2736 2832/595/2785
f 2781/595/2735 2832/595/2785 2831/595/2784
f 2782/595/2736 2783/595/2737 2833/595/2786
f 2782/595/2736 2833/595/2786 2832/595/2785
f 2783/595/2737 2784/595/2738 2834/595/2787
f 2783/595/2737 2834/595/2787 2833/595/2786
f 2784/595/2738 2785/595/2739 2835/595/1
f 2784/595/2738 2835/595/1 2834/595/2787
f 2785/595/2739 2786/595/2373 2836/595/2419
f 2785/595/2739 2836/595/2419 2835/595/1
f 2786/595/2373 2787/595/2740 2837/595/2788
f 2786/595/2373 2837/595/2788 2836/595/2419
f 2787/595/2740 2788/595/2741 2838/595/2789
f 2787/595/2740 2838/595/2789 2837/595/2788
f 2788/595/2741 2789/595/2742 2839/595/2790
f 2788/595/2741 2839/595/2790 2838/595/2789
f 2789/595/2742 2790/595/2743 2840/595/2791
f 2789/595/2742 2840/595/2791 2839/595/2790
f 2790/595/2743 2791/595/2744 2841/595/2792
f 2790/595/2743 2841/595/2792 2840/595/2791
f 2791/595/2744 2792/595/2745 2842/595/2412
f 2791/595/2744 2842/595/2412 2841/595/2792
f 2792/595/2745 2793/595/2746 2843/595/2411
f 2792/595/2745 2843/595/2411 2842/595/2412
f 2793/595/2746 2794/595/2747 2844/595/2410
f 2793/595/2746 2844/595/2410 2843/595/2411
f 2794/595/2747 2795/595/2748 2845/595/2793
f 2794/595/2747 2845/595/2793 2844/595/2410
f 2795/595/2748 2796/595/2749 2846/595/2794
f 2795/595/2748 2846/595/2794 2845/595/2793
f 2796/595/2749 2797/595/2750 2847/595/2795
f 2796/595/2749 2847/595/2795 2846/595/2794
f 2797/595/2750 2798/595/2751 2848/595/2796
f 2797/595/2750 2848/595/2796 2847/595/2795
f 2798/595/2751 2799/595/2752 2849/595/2797
f 2798/595/2751 2849/595/2797 2848/595/2796
f 2799/595/2752 2800/595/2753 2850/595/2798
f 2799/595/2752 2850/595/2798 2849/595/2797
f 2800/595/2753 2801/595/2754 2851/595/2799
f 2800/595/2753 2851/595/2799 2850/595/2798
f 2801/595/2754 2802/595/2755 2852/595/2800
f 2801/595/2754 2852/595/2800 2851/595/2799
f 2802/595/2755 2803/595/2756 2853/595/2801
f 2802/595/2755 2853/595/2801 2852/595/2800
f 2803/595/2756 2804/595/2757 2854/595/2802
f 2803/595/2756 2854/595/2802 2853/595/2801
f 2804/595/2757 2805/595/2758 2855/595/2803
f 2804/595/2757 2855/595/2803 2854/595/2802
f 2805/595/2758 2806/595/2759 2856/595/2804
f 2805/595/2758 2856/595/2804 2855/595/2803
f 2806/595/2759 2807/595/2760 2857/595/2805
f 2806/595/2759 2857/595/2805 2856/595/2804
f 2807/595/2760 2808/595/2761 2858/595/2806
f 2807/595/2760 2858/595/2806 2857/595/2805
f 2808/595/2761 2809/595/2762 2859/595/2807
f 2808/595/2761 2859/595/2807 2858/595/2806
f 2809/595/2762 2810/595/2763 2860/595/2808
f 2809/595/2762 2860/595/2808 2859/595/2807
f 2810/595/2763 2811/595/2764 2861/595/2809
f 2810/595/2763 2861/595/2809 2860/595/2808
f 2811/595/2764 2812/595/2765 2862/595/2810
f 2811/595/2764 2862/595/2810 2861/595/2809
f 2812/595/2765 2813/595/2766 2863/595/2811
f 2812/595/2765 2863/595/2811 2862/595/2810
f 2813/595/2766 2814/595/2767 2864/595/2812
f 2813/595/2766 2864/595/2812 2863/595/2811
f 2814/595/2767 2815/595/2768 2865/595/2813
f 2814/595/2767 2865/595/2813 2864/595/2812
f 2815/595/2768 2816/595/2769 2866/595/2814
f 2815/595/2768 2866/595/2814 2865/595/2813
f 2818/595/2771 2817/595/2770 2867/595/2815
f 2818/595/2771 2867/595/2815 2868/595/2816
f 2817/595/2770 2819/595/2772 2869/595/2817
f 2817/595/2770 2869/595/2817 2867/595/2815
f 2819/595/2772 2820/595/2773 2870/595/2818
f 2819/595/2772 2870/595/2818 2869/595/2817
f 2820/595/2773 2821/595/2774 2871/595/2819
f 2820/595/2773 2871/595/2819 2870/595/2818
f 2821/595/2774 2822/595/2775 2872/595/2820
f 2821/595/2774 2872/595/2820 2871/595/2819
f 2822/595/2775 2823/595/2776 2873/595/2821
f 2822/595/2775 2873/595/2821 2872/595/2820
f 2823/595/2776 2824/595/2777 2874/595/2822
f 2823/595/2776 2874/595/2822 2873/595/2821
f 2824/595/2777 2825/595/2778 2875/595/2823
f 2824/595/2777 2875/595/2823 2874/595/2822
f 2825/595/2778 2826/595/2779 2876/595/2824
f 2825/595/2778 2876/595/2824 2875/595/2823
f 2826/595/2779 2827/595/2780 2877/595/2825
f 2826/595/2779 2877/595/2825 2876/595/2824
f 2827/595/2780 2828/595/2781 2878/595/2826
f 2827/595/2780 2878/595/2826 2877/595/2825
f 2828/595/2781 2829/595/2782 2879/595/2827
f 2828/595/2781 2879/595/2827 2878/595/2826
f 2829/595/2782 2830/595/2783 2880/595/2828
f 2829/595/2782 2880/595/2828 2879/595/2827
f 2830/595/2783 2831/595/2784 2881/595/2829
f 2830/595/2783 2881/595/2829 2880/595/2828
f 2831/595/2784 2832/595/2785 2882/595/2830
f 2831/595/2784 2882/595/2830 2881/595/2829
f 2832/595/2785 2833/595/2786 2883/595/2831
f 2832/595/2785 2883/595/2831 2882/595/2830
f 2833/595/2786 2834/595/2787 2884/595/2464
f 2833/595/2786 2884/595/2464 2883/595/2831
f 2834/595/2787 2835/595/1 2885/595/2465
f 2834/595/2787 2885/595/2465 2884/595/2464
f 2835/595/1 2836/595/2419 2886/595/2832
f 2835/595/1 2886/595/2832 2885/595/2465
f 2836/595/2419 2837/595/2788 2887/595/2833
f 2836/595/2419 2887/595/2833 2886/595/2832
f 2837/595/2788 2838/595/2789 2888/595/2834
f 2837/595/2788 2888/595/2834 2887/595/2833
f 2838/595/2789 2839/595/2790 2889/595/2835
f 2838/595/2789 2889/595/2835 2888/595/2834
f 2839/595/2790 2840/595/2791 2890/595/2836
f 2839/595/2790 2890/595/2836 2889/595/2835
f 2840/595/2791 2841/595/2792 2891/595/2837
f 2840/595/2791 2891/595/2837 2890/595/2836
f 2841/595/2792 2842/595/2412 2892/595/2838
f 2841/595/2792 2892/595/2838 2891/595/2837
f 2842/595/2412 2843/595/2411 2893/595/2364
f 2842/595/2412 2893/595/2364 2892/595/2838
f 2843/595/2411 2844/595/2410 2894/595/2839
f 2843/595/2411 2894/595/2839 2893/595/2364
f 2844/595/2410 2845/595/2793 2895/595/2840
f 2844/595/2410 2895/595/2840 2894/595/2839
f 2845/595/2793 2846/595/2794 2896/595/2841
f 2845/595/2793 2896/595/2841 2895/595/2840
f 2846/595/2794 2847/595/2795 2897/595/2842
f 2846/595/2794 2897/595/2842 2896/595/2841
f 2847/595/2795 2848/595/2796 2898/595/2843
f 2847/595/2795 2898/595/2843 2897/595/2842
f 2848/595/2796 2849/595/2797 2899/595/2844
f 2848/595/2796 2899/595/2844 2898/595/2843
f 2849/595/2797 2850/595/2798 2900/595/2845
f 2849/595/2797 2900/595/2845 2899/595/2844
f 2850/595/2798 2851/595/2799 2901/595/2846
f 2850/595/2798 2901/595/2846 2900/595/2845
f 2851/595/2799 2852/595/2800 2902/595/2847
f 2851/595/2799 2902/595/2847 2901/595/2846
f 2852/595/2800 2853/595/2801 2903/595/2848
f 2852/595/2800 2903/595/2848 2902/595/2847
f 2853/595/2801 2854/595/2802 2904/595/2849
f 2853/595/2801 2904/595/2849 2903/595/2848
f 2854/595/2802 2855/595/2803 2905/595/2850
f 2854/595/2802 2905/595/2850 2904/595/2849
f 2855/595/2803 2856/595/2804 2906/595/2851
f 2855/595/2803 2906/595/2851 2905/595/2850
f 2856/595/2804 2857/595/2805 2907/595/2852
f 2856/595/2804 2907/595/2852 2906/595/2851
f 2857/595/2805 2858/595/2806 2908/595/2853
f 2857/595/2805 2908/595/2853 2907/595/2852
f 2858/595/2806 2859/595/2807 2909/595/2854
f 2858/595/2806 2909/595/2854 2908/595/2853
f 2859/595/2807 2860/595/2808 2910/595/2855
f 2859/595/2807 2910/595/2855 2909/595/2854
f 2860/595/2808 2861/595/2809 2911/595/2856
f 2860/595/2808 2911/595/2856 2910/595/2855
f 2861/595/2809 2862/595/2810 2912/595/2857
f 2861/595/2809 2912/595/2857 2911/595/2856
f 2862/595/2810 2863/595/2811 2913/595/2858
f 2862/595/2810 2913/595/2858 2912/595/2857
f 2863/595/2811 2864/595/2812 2914/595/2859
f 2863/595/2811 2914/595/2859 2913/595/2858
f 2864/595/2812 2865/595/2813 2915/595/2860
f 2864/595/2812 2915/595/2860 2914/595/2859
f 2865/595/2813 2866/595/2814 2916/595/2861
f 2865/595/2813 2916/595/2861 2915/595/2860
f 2868/595/2816 2867/595/2815 2917/595/2862
f 2868/595/2816 2917/595/2862 2918/595/2863
f 2867/595/2815 2869/595/2817 2919/595/2864
f 2867/595/2815 2919/595/2864 2917/595/2862
f 2869/595/2817 2870/595/2818 2920/595/2865
f 2869/595/2817 2920/595/2865 2919/595/2864
f 2870/595/2818 2871/595/2819 2921/595/2866
f 2870/595/2818 2921/595/2866 2920/595/2865
f 2871/595/2819 2872/595/2820 2922/595/2867
f 2871/595/2819 2922/595/2867 2921/595/2866
f 2872/595/2820 2873/595/2821 2923/595/2868
f 2872/595/2820 2923/595/2868 2922/595/2867
f 2873/595/2821 2874/595/2822 2924/595/2869
f 2873/595/2821 2924/595/2869 2923/595/2868
f 2874/595/2822 2875/595/2823 2925/595/2870
f 2874/595/2822 2925/595/2870 2924/595/2869
f 2875/595/2823 2876/595/2824 2926/595/2871
f 2875/595/2823 2926/595/2871 2925/595/2870
f 2876/595/2824 2877/595/2825 2927/595/2872
f 2876/595/2824 2927/595/2872 2926/595/2871
f 2877/595/2825 2878/595/2826 2928/595/2873
f 2877/595/2825 2928/595/2873 2927/595/2872
f 2878/595/2826 2879/595/2827 2929/595/2874
f 2878/595/2826 2929/595/2874 2928/595/2873
f 2879/595/2827 2880/595/2828 2930/595/2875
f 2879/595/2827 2930/595/2875 2929/595/2874
f 2880/595/2828 2881/595/2829 2931/595/2876
f 2880/595/2828 2931/595/2876 2930/595/2875
f 2881/595/2829 2882/595/2830 2932/595/2877
f 2881/595/2829 2932/595/2877 2931/595/2876
f 2882/595/2830 2883/595/2831 2933/595/2878
f 2882/595/2830 2933/595/2878 2932/595/2877
f 2883/595/2831 2884/595/2464 2934/595/2879
f 2883/595/2831 2934/595/2879 2933/595/2878
f 2884/595/2464 2885/595/2465 2935/595/2880
f 2884/595/2464 2935/595/2880 2934/595/2879
f 2885/595/2465 2886/595/2832 2936/595/1
f 2885/595/2465 2936/595/1 2935/595/2880
f 2886/595/2832 2887/595/2833 2937/595/2881
f 2886/595/2832 2937/595/2881 2936/595/1
f 2887/595/2833 2888/595/2834 2938/595/2882
f 2887/595/2833 2938/595/2882 2937/595/2881
f 2888/595/2834 2889/595/2835 2939/595/2883
f 2888/595/2834 2939/595/2883 2938/595/2882
f 2889/595/2835 2890/595/2836 2940/595/2884
f 2889/595/2835 2940/595/2884 2939/595/2883
f 2890/595/2836 2891/595/2837 2941/595/2885
f 2890/595/2836 2941/595/2885 2940/595/2884
f 2891/595/2837 2892/595/2838 2942/595/2886
f 2891/595/2837 2942/595/2886 2941/595/2885
f 2892/595/2838 2893/595/2364 2943/595/2887
f 2892/595/2838 2943/595/2887 2942/595/2886
f 2893/595/2364 2894/595/2839 2944/595/2888
f 2893/595/2364 2944/595/2888 2943/595/2887
f 2894/595/2839 2895/595/2840 2945/595/2889
f 2894/595/2839 2945/595/2889 2944/595/2888
f 2895/595/2840 2896/595/2841 2946/595/2890
f 2895/595/2840 2946/595/2890 2945/595/2889
f 2896/595/2841 2897/595/2842 2947/595/2891
f 2896/595/2841 2947/595/2891 2946/595/2890
f 2897/595/2842 2898/595/2843 2948/595/2892
f 2897/595/2842 2948/595/2892 2947/595/2891
f 2898/595/2843 2899/595/2844 2949/595/2893
f 2898/595/2843 2949/595/2893 2948/595/2892
f 2899/595/2844 2900/595/2845 2950/595/2894
f 2899/595/2844 2950/595/2894 2949/595/2893
f 2900/595/2845 2901/595/2846 2951/595/2895
f 2900/595/2845 2951/595/2895 2950/595/2894
f 2901/595/2846 2902/595/2847 2952/595/2896
f 2901/595/2846 2952/595/2896 2951/595/2895
f 2902/595/2847 2903/595/2848 2953/595/2897
f 2902/595/2847 2953/595/2897 2952/595/2896
f 2903/595/2848 2904/595/2849 2954/595/2898
f 2903/595/2848 2954/595/2898 2953/595/2897
f 2904/595/2849 2905/595/2850 2955/595/2899
f 2904/595/2849 2955/595/2899 2954/595/2898
f 2905/595/2850 2906/595/2851 2956/595/2900
f 2905/595/2850 2956/595/2900 2955/595/2899
f 2906/595/2851 2907/595/2852 2957/595/2901
f 2906/595/2851 2957/595/2901 2956/595/2900
f 2907/595/2852 2908/595/2853 2958/595/2902
f 2907/595/2852 2958/595/2902 2957/595/2901
f 2908/595/2853 2909/595/2854 2959/595/2903
f 2908/595/2853 2959/595/2903 2958/595/2902
f 2909/595/2854 2910/595/2855 2960/595/2904
f 2909/595/2854 2960/595/2904 2959/595/2903
f 2910/595/2855 2911/595/2856 2961/595/2905
f 2910/595/2855 2961/595/2905 2960/595/2904
f 2911/595/2856 2912/595/2857 2962/595/2906
f 2911/595/2856 2962/595/2906 2961/595/2905
f 2912/595/2857 2913/595/2858 2963/595/2907
f 2912/595/2857 2963/595/2907 2962/595/2906
f 2913/595/2858 2914/595/2859 2964/595/2908
f 2913/595/2858 2964/595/2908 2963/595/2907
f 2914/595/2859 2915/595/2860 2965/595/2909
f 2914/595/2859 2965/595/2909 2964/595/2908
f 2915/595/2860 2916/595/2861 2966/595/2910
f 2915/595/2860 2966/595/2910 2965/595/2909
f 2918/595/2863 2917/595/2862 2967/595/2911
f 2918/595/2863 2967/595/2911 2968/595/2912
f 2917/595/2862 2919/595/2864 2969/595/2913
f 2917/595/2862 2969/595/2913 2967/595/2911
f 2919/595/2864 2920/595/2865 2970/595/2914
f 2919/595/2864 2970/595/2914 2969/595/2913
f 2920/595/2865 2921/595/2866 2971/595/2915
f 2920/595/2865 2971/595/2915 2970/595/2914
f 2921/595/2866 2922/595/2867 2972/595/2916
f 2921/595/2866 2972/595/2916 2971/595/2915
f 2922/595/2867 2923/595/2868 2973/595/2917
f 2922/595/2867 2973/595/2917 2972/595/2916
f 2923/595/2868 2924/595/2869 2974/595/2918
f 2923/595/2868 2974/595/2918 2973/595/2917
f 2924/595/2869 2925/595/2870 2975/595/2919
f 2924/595/2869 2975/595/2919 2974/595/2918
f 2925/595/2870 2926/595/2871 2976/595/2920
f 2925/595/2870 2976/595/2920 2975/595/2919
f 2926/595/2871 2927/595/2872 2977/595/2921
f 2926/595/2871 2977/595/2921 2976/595/2920
f 2927/595/2872 2928/595/2873 2978/595/2922
f 2927/595/2872 2978/595/2922 2977/595/2921
f 2928/595/2873 2929/595/2874 2979/595/2923
f 2928/595/2873 2979/595/2923 2978/595/2922
f 2929/595/2874 2930/595/2875 2980/595/2924
f 2929/595/2874 2980/595/2924 2979/595/2923
f 2930/595/2875 2931/595/2876 2981/595/2925
f 2930/595/2875 2981/595/2925 2980/595/2924
f 2931/595/2876 2932/595/2877 2982/595/2926
f 2931/595/2876 2982/595/2926 2981/595/2925
f 2932/595/2877 2933/595/2878 2983/595/2927
f 2932/595/2877 2983/595/2927 2982/595/2926
f 2933/595/2878 2934/595/2879 2984/595/2928
f 2933/595/2878 2984/595/2928 2983/595/2927
f 2934/595/2879 2935/595/2880 2985/595/2929
f 2934/595/2879 2985/595/2929 2984/595/2928
f 2935/595/2880 2936/595/1 2986/595/2930
f 2935/595/2880 2986/595/2930 2985/595/2929
f 2936/595/1 2937/595/2881 2987/595/2931
f 2936/595/1 2987/595/2931 2986/595/2930
f 2937/595/2881 2938/595/2882 2988/595/2932
f 2937/595/2881 2988/595/2932 2987/595/2931
f 2938/595/2882 2939/595/2883 2989/595/2933
f 2938/595/2882 2989/595/2933 2988/595/2932
f 2939/595/2883 2940/595/2884 2990/595/2934
f 2939/595/2883 2990/595/2934 2989/595/2933
f 2940/595/2884 2941/595/2885 2991/595/2935
f 2940/595/2884 2991/595/2935 2990/595/2934
f 2941/595/2885 2942/595/2886 2992/595/2936
f 2941/595/2885 2992/595/2936 2991/595/2935
f 2942/595/2886 2943/595/2887 2993/595/2937
f 2942/595/2886 2993/595/2937 2992/595/2936
f 2943/595/2887 2944/595/2888 2994/595/2938
f 2943/595/2887 2994/595/2938 2993/595/2937
f 2944/595/2888 2945/595/2889 2995/595/2939
f 2944/595/2888 2995/595/2939 2994/595/2938
f 2945/595/2889 2946/595/2890 2996/595/2940
f 2945/595/2889 2996/595/2940 2995/595/2939
f 2946/595/2890 2947/595/2891 2997/595/2941
f 2946/595/2890 2997/595/2941 2996/595/2940
f 2947/595/2891 2948/595/2892 2998/595/2942
f 2947/595/2891 2998/595/2942 2997/595/2941
f 2948/595/2892 2949/595/2893 2999/595/2943
f 2948/595/2892 2999/595/2943 2998/595/2942
f 2949/595/2893 2950/595/2894 3000/595/2944
f 2949/595/2893 3000/595/2944 2999/595/2943
f 2950/595/2894 2951/595/2895 3001/595/2945
f 2950/595/2894 3001/595/2945 3000/595/2944
f 2951/595/2895 2952/595/2896 3002/595/2946
f 2951/595/2895 3002/595/2946 3001/595/2945
f 2952/595/2896 2953/595/2897 3003/595/2947
f 2952/595/2896 3003/595/2947 3002/595/2946
f 2953/595/2897 2954/595/2898 3004/595/2948
f 2953/595/2897 3004/595/2948 3003/595/2947
f 2954/595/2898 2955/595/2899 3005/595/2949
f 2954/595/2898 3005/595/2949 3004/595/2948
f 2955/595/2899 2956/595/2900 3006/595/2950
f 2955/595/2899 3006/595/2950 3005/595/2949
f 2956/595/2900 2957/595/2901 3007/595/2951
f 2956/595/2900 3007/595/2951 3006/595/2950
f 2957/595/2901 2958/595/2902 3008/595/2952
f 2957/595/2901 3008/595/2952 3007/595/2951
f 2958/595/2902 2959/595/2903 3009/595/2953
f 2958/595/2902 3009/595/2953 3008/595/2952
f 2959/595/2903 2960/595/2904 3010/595/2954
f 2959/595/2903 3010/595/2954 3009/595/2953
f 2960/595/2904 2961/595/2905 3011/595/2955
f 2960/595/2904 3011/595/2955 3010/595/2954
f 2961/595/2905 2962/595/2906 3012/595/2956
f 2961/595/2905 3012/595/2956 3011/595/2955
f 2962/595/2906 2963/595/2907 3013/595/2957
f 2962/595/2906 3013/595/2957 3012/595/2956
f 2963/595/2907 2964/595/2908 3014/595/2958
f 2963/595/2907 3014/595/2958 3013/595/2957
f 2964/595/2908 2965/595/2909 3015/595/2959
f 2964/595/2908 3015/595/2959 3014/595/2958
f 2965/595/2909 2966/595/2910 3016/595/2960
f 2965/595/2909 3016/595/2960 3015/595/2959
f 2968/595/2912 2967/595/2911 3017/595/2961
f 2968/595/2912 3017/595/2961 3018/595/2962
f 2967/595/2911 2969/595/2913 3019/595/2963
f 2967/595/2911 3019/595/2963 3017/595/2961
f 2969/595/2913 2970/595/2914 3020/595/2964
f 2969/595/2913 3020/595/2964 3019/595/2963
f 2970/595/2914 2971/595/2915 3021/595/2965
f 2970/595/2914 3021/595/2965 3020/595/2964
f 2971/595/2915 2972/595/2916 3022/595/2966
f 2971/595/2915 3022/595/2966 3021/595/2965
f 2972/595/2916 2973/595/2917 3023/595/2967
f 2972/595/2916 3023/595/2967 3022/595/2966
f 2973/595/2917 2974/595/2918 3024/595/2968
f 2973/595/2917 3024/595/2968 3023/595/2967
f 2974/595/2918 2975/595/2919 3025/595/2969
f 2974/595/2918 3025/595/2969 3024/595/2968
f 2975/595/2919 2976/595/2920 3026/595/2970
f 2975/595/2919 3026/595/2970 3025/595/2969
f 2976/595/2920 2977/595/2921 3027/595/2971
f 2976/595/2920 3027/595/2971 3026/595/2970
f 2977/595/2921 2978/595/2922 3028/595/2972
f 2977/595/2921 3028/595/2972 3027/595/2971
f 2978/595/2922 2979/595/2923 3029/595/2973
f 2978/595/2922 3029/595/2973 3028/595/2972
f 2979/595/2923 2980/595/2924 3030/595/2974
f 2979/595/2923 3030/595/2974 3029/595/2973
f 2980/595/2924 2981/595/2925 3031/595/2975
f 2980/595/2924 3031/595/2975 3030/595/2974
f 2981/595/2925 2982/595/2926 3032/595/2976
f 2981/595/2925 3032/595/2976 3031/595/2975
f 2982/595/2926 2983/595/2927 3033/595/2977
f 2982/595/2926 3033/595/2977 3032/595/2976
f 2983/595/2927 2984/595/2928 3034/595/2978
f 2983/595/2927 3034/595/2978 3033/595/2977
f 2984/595/2928 2985/595/2929 3035/595/2979
f 2984/595/2928 3035/595/2979 3034/595/2978
f 2985/595/2929 2986/595/2930 3036/595/2980
f 2985/595/2929 3036/595/2980 3035/595/2979
f 2986/595/2930 2987/595/2931 3037/595/2981
f 2986/595/2930 3037/595/2981 3036/595/2980
f 2987/595/2931 2988/595/2932 3038/595/2982
f 2987/595/2931 3038/595/2982 3037/595/2981
f 2988/595/2932 2989/595/2933 3039/595/2983
f 2988/595/2932 3039/595/2983 3038/595/2982
f 2989/595/2933 2990/595/2934 3040/595/2984
f 2989/595/2933 3040/595/2984 3039/595/2983
f 2990/595/2934 2991/595/2935 3041/595/2985
f 2990/595/2934 3041/595/2985 3040/595/2984
f 2991/595/2935 2992/595/2936 3042/595/2986
f 2991/595/2935 3042/595/2986 3041/595/2985
f 2992/595/2936 2993/595/2937 3043/595/2987
f 2992/595/2936 3043/595/2987 3042/595/2986
f 2993/595/2937 2994/595/2938 3044/595/2988
f 2993/595/2937 3044/595/2988 3043/595/2987
f 2994/595/2938 2995/595/2939 3045/595/2989
f 2994/595/2938 3045/595/2989 3044/595/2988
f 2995/595/2939 2996/595/2940 3046/595/2990
f 2995/595/2939 3046/595/2990 3045/595/2989
f 2996/595/2940 2997/595/2941 3047/595/2991
f 2996/595/2940 3047/595/2991 3046/595/2990
f 2997/595/2941 2998/595/2942 3048/595/2992
f 2997/595/2941 3048/595/2992 3047/595/2991
f 2998/595/2942 2999/595/2943 3049/595/2993
f 2998/595/2942 3049/595/2993 3048/595/2992
f 2999/595/2943 3000/595/2944 3050/595/2994
f 2999/595/2943 3050/595/2994 3049/595/2993
f 3000/595/2944 3001/595/2945 3051/595/2995
f 3000/595/2944 3051/595/2995 3050/595/2994
f 3001/595/2945 3002/595/2946 3052/595/2996
f 3001/595/2945 3052/595/2996 3051/595/2995
f 3002/595/2946 3003/595/2947 3053/595/2997
f 3002/595/2946 3053/595/2997 3052/595/2996
f 3003/595/2947 3004/595/2948 3054/595/2998
f 3003/595/2947 3054/595/2998 3053/595/2997
f 3004/595/2948 3005/595/2949 3055/595/2999
f 3004/595/2948 3055/595/2999 3054/595/2998
f 3005/595/2949 3006/595/2950 3056/595/3000
f 3005/595/2949 3056/595/3000 3055/595/2999
f 3006/595/2950 3007/595/2951 3057/595/3001
f 3006/595/2950 3057/595/3001 3056/595/3000
f 3007/595/2951 3008/595/2952 3058/595/3002
f 3007/595/2951 3058/595/3002 3057/595/3001
f 3008/595/2952 3009/595/2953 3059/595/3003
f 3008/595/2952 3059/595/3003 3058/595/3002
f 3009/595/2953 3010/595/2954 3060/595/3004
f 3009/595/2953 3060/595/3004 3059/595/3003
f 3010/595/2954 3011/595/2955 3061/595/3005
f 3010/595/2954 3061/595/3005 3060/595/3004
f 3011/595/2955 3012/595/2956 3062/595/3006
f 3011/595/2955 3062/595/3006 3061/595/3005
f 3012/595/2956 3013/595/2957 3063/595/3007
f 3012/595/2956 3063/595/3007 3062/595/3006
f 3013/595/2957 3014/595/2958 3064/595/3008
f 3013/595/2957 3064/595/3008 3063/595/3007
f 3014/595/2958 3015/595/2959 3065/595/3009
f 3014/595/2958 3065/595/3009 3064/595/3008
f 3015/595/2959 3016/595/2960 3066/595/3010
f 3015/595/2959 3066/595/3010 3065/595/3009
f 3018/595/2962 3017/595/2961 3067/595/3011
f 3018/595/2962 3067/595/3011 3068/595/3012
f 3017/595/2961 3019/595/2963 3069/595/3013
f 3017/595/2961 3069/595/3013 3067/595/3011
f 3019/595/2963 3020/595/2964 3070/595/3014
f 3019/595/2963 3070/595/3014 3069/595/3013
f 3020/595/2964 3021/595/2965 3071/595/3015
f 3020/595/2964 3071/595/3015 3070/595/3014
f 3021/595/2965 3022/595/2966 3072/595/3016
f 3021/595/2965 3072/595/3016 3071/595/3015
f 3022/595/2966 3023/595/2967 3073/595/3017
f 3022/595/2966 3073/595/3017 3072/595/3016
f 3023/595/2967 3024/595/2968 3074/595/3018
f 3023/595/2967 3074/595/3018 3073/595/3017
f 3024/595/2968 3025/595/2969 3075/595/3019
f 3024/595/2968 3075/595/3019 3074/595/3018
f 3025/595/2969 3026/595/2970 3076/595/3020
f 3025/595/2969 3076/595/3020 3075/595/3019
f 3026/595/2970 3027/595/2971 3077/595/3021
f 3026/595/2970 3077/595/3021 3076/595/3020
f 3027/595/2971 3028/595/2972 3078/595/3022
f 3027/595/2971 3078/595/3022 3077/595/3021
f 3028/595/2972 3029/595/2973 3079/595/3023
f 3028/595/2972 3079/595/3023 3078/595/3022
f 3029/595/2973 3030/595/2974 3080/595/3024
f 3029/595/2973 3080/595/3024 3079/595/3023
f 3030/595/2974 3031/595/2975 3081/595/3025
f 3030/595/2974 3081/595/3025 3080/595/3024
f 3031/595/2975 3032/595/2976 3082/595/3026
f 3031/595/2975 3082/595/3026 3081/595/3025
f 3032/595/2976 3033/595/2977 3083/595/3027
f 3032/595/2976 3083/595/3027 3082/595/3026
f 3033/595/2977 3034/595/2978 3084/595/3028
f 3033/595/2977 3084/595/3028 3083/595/3027
f 3034/595/2978 3035/595/2979 3085/595/3029
f 3034/595/2978 3085/595/3029 3084/595/3028
f 3035/595/2979 3036/595/2980 3086/595/3030
f 3035/595/2979 3086/595/3030 3085/595/3029
f 3036/595/2980 3037/595/2981 3087/595/3031
f 3036/595/2980 3087/595/3031 3086/595/3030
f 3037/595/2981 3038/595/2982 3088/595/3032
f 3037/595/2981 3088/595/3032 3087/595/3031
f 3038/595/2982 3039/595/2983 3089/595/3033
f 3038/595/2982 3089/595/3033 3088/595/3032
f 3039/595/2983 3040/595/2984 3090/595/3034
f 3039/595/2983 3090/595/3034 3089/595/3033
f 3040/595/2984 3041/595/2985 3091/595/3035
f 3040/595/2984 3091/595/3035 3090/595/3034
f 3041/595/2985 3042/595/2986 3092/595/3036
f 3041/595/2985 3092/595/3036 3091/595/3035
f 3042/595/2986 3043/595/2987 3093/595/3037
f 3042/595/2986 3093/595/3037 3092/595/3036
f 3043/595/2987 3044/595/2988 3094/595/3038
f 3043/595/2987 3094/595/3038 3093/595/3037
f 3044/595/2988 3045/595/2989 3095/595/3039
f 3044/595/2988 3095/595/3039 3094/595/3038
f 3045/595/2989 3046/595/2990 3096/595/3040
f 3045/595/2989 3096/595/3040 3095/595/3039
f 3046/595/2990 3047/595/2991 3097/595/3041
f 3046/595/2990 3097/595/3041 3096/595/3040
f 3047/595/2991 3048/595/2992 3098/595/3042
f 3047/595/2991 3098/595/3042 3097/595/3041
f 3048/595/2992 3049/595/2993 3099/595/3043
f 3048/595/2992 3099/595/3043 3098/595/3042
f 3049/595/2993 3050/595/2994 3100/595/3044
f 3049/595/2993 3100/595/3044 3099/595/3043
f 3050/595/2994 3051/595/2995 3101/595/3045
f 3050/595/2994 3101/595/3045 3100/595/3044
f 3051/595/2995 3052/595/2996 3102/595/3046
f 3051/595/2995 3102/595/3046 3101/595/3045
f 3052/595/2996 3053/595/2997 3103/595/3047
f 3052/595/2996 3103/595/3047 3102/595/3046
f 3053/595/2997 3054/595/2998 3104/595/3048
f 3053/595/2997 3104/595/3048 3103/595/3047
f 3054/595/2998 3055/595/2999 3105/595/3049
f 3054/595/2998 3105/595/3049 3104/595/3048
f 3055/595/2999 3056/595/3000 3106/595/3050
f 3055/595/2999 3106/595/3050 3105/595/3049
f 3056/595/3000 3057/595/3001 3107/595/3051
f 3056/595/3000 3107/595/3051 3106/595/3050
f 3057/595/3001 3058/595/3002 3108/595/3052
f 3057/595/3001 3108/595/3052 3107/595/3051
f 3058/595/3002 3059/595/3003 3109/595/3053
f 3058/595/3002 3109/595/3053 3108/595/3052
f 3059/595/3003 3060/595/3004 3110/595/3054
f 3059/595/3003 3110/595/3054 3109/595/3053
f 3060/595/3004 3061/595/3005 3111/595/3055
f 3060/595/3004 3111/595/3055 3110/595/3054
f 3061/595/3005 3062/595/3006 3112/595/3056
f 3061/595/3005 3112/595/3056 3111/595/3055
f 3062/595/3006 3063/595/3007 3113/595/3057
f 3062/595/3006 3113/595/3057 3112/595/3056
f 3063/595/3007 3064/595/3008 3114/595/3058
f 3063/595/3007 3114/595/3058 3113/595/3057
f 3064/595/3008 3065/595/3009 3115/595/3059
f 3064/595/3008 3115/595/3059 3114/595/3058
f 3065/595/3009 3066/595/3010 3116/595/3060
f 3065/595/3009 3116/595/3060 3115/595/3059
f 3068/595/3012 3067/595/3011 3117/595/3061
f 3068/595/3012 3117/595/3061 3118/595/3062
f 3067/595/3011 3069/595/3013 3119/595/3063
f 3067/595/3011 3119/595/3063 3117/595/3061
f 3069/595/3013 3070/595/3014 3120/595/3064
f 3069/595/3013 3120/595/3064 3119/595/3063
f 3070/595/3014 3071/595/3015 3121/595/3065
f 3070/595/3014 3121/595/3065 3120/595/3064
f 3071/595/3015 3072/595/3016 3122/595/3066
f 3071/595/3015 3122/595/3066 3121/595/3065
f 3072/595/3016 3073/595/3017 3123/595/3067
f 3072/595/3016 3123/595/3067 3122/595/3066
f 3073/595/3017 3074/595/3018 3124/595/3068
f 3073/595/3017 3124/595/3068 3123/595/3067
f 3074/595/3018 3075/595/3019 3125/595/3069
f 3074/595/3018 3125/595/3069 3124/595/3068
f 3075/595/3019 3076/595/3020 3126/595/3070
f 3075/595/3019 3126/595/3070 3125/595/3069
f 3076/595/3020 3077/595/3021 3127/595/3071
f 3076/595/3020 3127/595/3071 3126/595/3070
f 3077/595/3021 3078/595/3022 3128/595/3072
f 3077/595/3021 3128/595/3072 3127/595/3071
f 3078/595/3022 3079/595/3023 3129/595/3073
f 3078/595/3022 3129/595/3073 3128/595/3072
f 3079/595/3023 3080/595/3024 3130/595/3074
f 3079/595/3023 3130/595/3074 3129/595/3073
f 3080/595/3024 3081/595/3025 3131/595/3075
f 3080/595/3024 3131/595/3075 3130/595/3074
f 3081/595/3025 3082/595/3026 3132/595/3076
f 3081/595/3025 3132/595/3076 3131/595/3075
f 3082/595/3026 3083/595/3027 3133/595/3077
f 3082/595/3026 3133/595/3077 3132/595/3076
f 3083/595/3027 3084/595/3028 3134/595/3078
f 3083/595/3027 3134/595/3078 3133/595/3077
f 3084/595/3028 3085/595/3029 3135/595/3079
f 3084/595/3028 3135/595/3079 3134/595/3078
f 3085/595/3029 3086/595/3030 3136/595/3080
f 3085/595/3029 3136/595/3080 3135/595/3079
f 3086/595/3030 3087/595/3031 3137/595/3081
f 3086/595/3030 3137/595/3081 3136/595/3080
f 3087/595/3031 3088/595/3032 3138/595/3082
f 3087/595/3031 3138/595/3082 3137/595/3081
f 3088/595/3032 3089/595/3033 3139/595/3083
f 3088/595/3032 3139/595/3083 3138/595/3082
f 3089/595/3033 3090/595/3034 3140/595/3084
f 3089/595/3033 3140/595/3084 3139/595/3083
f 3090/595/3034 3091/595/3035 3141/595/3085
f 3090/595/3034 3141/595/3085 3140/595/3084
f 3091/595/3035 3092/595/3036 3142/595/3086
f 3091/595/3035 3142/595/3086 3141/595/3085
f 3092/595/3036 3093/595/3037 3143/595/3087
f 3092/595/3036 3143/595/3087 3142/595/3086
f 3093/595/3037 3094/595/3038 3144/595/3088
f 3093/595/3037 3144/595/3088 3143/595/3087
f 3094/595/3038 3095/595/3039 3145/595/3089
f 3094/595/3038 3145/595/3089 3144/595/3088
f 3095/595/3039 3096/595/3040 3146/595/3090
f 3095/595/3039 3146/595/3090 3145/595/3089
f 3096/595/3040 3097/595/3041 3147/595/3091
f 3096/595/3040 3147/595/3091 3146/595/3090
f 3097/595/3041 3098/595/3042 3148/595/3092
f 3097/595/3041 3148/595/3092 3147/595/3091
f 3098/595/3042 3099/595/3043 3149/595/3093
f 3098/595/3042 3149/595/3093 3148/595/3092
f 3099/595/3043 3100/595/3044 3150/595/3094
f 3099/595/3043 3150/595/3094 3149/595/3093
f 3100/595/3044 3101/595/3045 3151/595/3095
f 3100/595/3044 3151/595/3095 3150/595/3094
f 3101/595/3045 3102/595/3046 3152/595/3096
f 3101/595/3045 3152/595/3096 3151/595/3095
f 3102/595/3046 3103/595/3047 3153/595/3097
f 3102/595/3046 3153/595/3097 3152/595/3096
f 3103/595/3047 3104/595/3048 3154/595/3098
f 3103/595/3047 3154/595/3098 3153/595/3097
f 3104/595/3048 3105/595/3049 3155/595/3099
f 3104/595/3048 3155/595/3099 3154/595/3098
f 3105/595/3049 3106/595/3050 3156/595/3100
f 3105/595/3049 3156/595/3100 3155/595/3099
f 3106/595/3050 3107/595/3051 3157/595/3101
f 3106/595/3050 3157/595/3101 3156/595/3100
f 3107/595/3051 3108/595/3052 3158/595/3102
f 3107/595/3051 3158/595/3102 3157/595/3101
f 3108/595/3052 3109/595/3053 3159/595/3103
f 3108/595/3052 3159/595/3103 3158/595/3102
f 3109/595/3053 3110/595/3054 3160/595/3104
f 3109/595/3053 3160/595/3104 3159/595/3103
f 3110/595/3054 3111/595/3055 3161/595/3105
f 3110/595/3054 3161/595/3105 3160/595/3104
f 3111/595/3055 3112/595/3056 3162/595/3106
f 3111/595/3055 3162/595/3106 3161/595/3105
f 3112/595/3056 3113/595/3057 3163/595/3107
f 3112/595/3056 3163/595/3107 3162/595/3106
f 3113/595/3057 3114/595/3058 3164/595/3108
f 3113/595/3057 3164/595/3108 3163/595/3107
f 3114/595/3058 3115/595/3059 3165/595/3109
f 3114/595/3058 3165/595/3109 3164/595/3108
f 3115/595/3059 3116/595/3060 3166/595/3110
f 3115/595/3059 3166/595/3110 3165/595/3109
f 3118/595/3062 3117/595/3061 3167/595/3111
f 3118/595/3062 3167/595/3111 3168/595/3112
f 3117/595/3061 3119/595/3063 3169/595/3113
f 3117/595/3061 3169/595/3113 3167/595/3111
f 3119/595/3063 3120/595/3064 3170/595/3114
f 3119/595/3063 3170/595/3114 3169/595/3113
f 3120/595/3064 3121/595/3065 3171/595/3115
f 3120/595/3064 3171/595/3115 3170/595/3114
f 3121/595/3065 3122/595/3066 3172/595/3116
f 3121/595/3065 3172/595/3116 3171/595/3115
f 3122/595/3066 3123/595/3067 3173/595/3117
f 3122/595/3066 3173/595/3117 3172/595/3116
f 3123/595/3067 3124/595/3068 3174/595/3118
f 3123/595/3067 3174/595/3118 3173/595/3117
f 3124/595/3068 3125/595/3069 3175/595/3119
f 3124/595/3068 3175/595/3119 3174/595/3118
f 3125/595/3069 3126/595/3070 3176/595/3120
f 3125/595/3069 3176/595/3120 3175/595/3119
f 3126/595/3070 3127/595/3071 3177/595/3121
f 3126/595/3070 3177/595/3121 3176/595/3120
f 3127/595/3071 3128/595/3072 3178/595/3122
f 3127/595/3071 3178/595/3122 3177/595/3121
f 3128/595/3072 3129/595/3073 3179/595/3123
f 3128/595/3072 3179/595/3123 3178/595/3122
f 3129/595/3073 3130/595/3074 3180/595/3124
f 3129/595/3073 3180/595/3124 3179/595/3123
f 3130/595/3074 3131/595/3075 3181/595/3125
f 3130/595/3074 3181/595/3125 3180/595/3124
f 3131/595/3075 3132/595/3076 3182/595/3126
f 3131/595/3075 3182/595/3126 3181/595/3125
f 3132/595/3076 3133/595/3077 3183/595/3127
f 3132/595/3076 3183/595/3127 3182/595/3126
f 3133/595/3077 3134/595/3078 3184/595/3128
f 3133/595/3077 3184/595/3128 3183/595/3127
f 3134/595/3078 3135/595/3079 3185/595/3129
f 3134/595/3078 3185/595/3129 3184/595/3128
f 3135/595/3079 3136/595/3080 3186/595/3130
f 3135/595/3079 3186/595/3130 3185/595/3129
f 3136/595/3080 3137/595/3081 3187/595/3131
f 3136/595/3080 3187/595/3131 3186/595/3130
f 3137/595/3081 3138/595/3082 3188/595/3132
f 3137/595/3081 3188/595/3132 3187/595/3131
f 3138/595/3082 3139/595/3083 3189/595/3133
f 3138/595/3082 3189/595/3133 3188/595/3132
f 3139/595/3083 3140/595/3084 3190/595/3134
f 3139/595/3083 3190/595/3134 3189/595/3133
f 3140/595/3084 3141/595/3085 3191/595/3135
f 3140/595/3084 3191/595/3135 3190/595/3134
f 3141/595/3085 3142/595/3086 3192/595/3136
f 3141/595/3085 3192/595/3136 3191/595/3135
f 3142/595/3086 3143/595/3087 3193/595/3137
f 3142/595/3086 3193/595/3137 3192/595/3136
f 3143/595/3087 3144/595/3088 3194/595/3138
f 3143/595/3087 3194/595/3138 3193/595/3137
f 3144/595/3088 3145/595/3089 3195/595/3139
f 3144/595/3088 3195/595/3139 3194/595/3138
f 3145/595/3089 3146/595/3090 3196/595/3140
f 3145/595/3089 3196/595/3140 3195/595/3139
f 3146/595/3090 3147/595/3091 3197/595/3141
f 3146/595/3090 3197/595/3141 3196/595/3140
f 3147/595/3091 3148/595/3092 3198/595/3142
f 3147/595/3091 3198/595/3142 3197/595/3141
f 3148/595/3092 3149/595/3093 3199/595/3143
f 3148/595/3092 3199/595/3143 3198/595/3142
f 3149/595/3093 3150/595/3094 3200/595/3144
f 3149/595/3093 3200/595/3144 3199/595/3143
f 3150/595/3094 3151/595/3095 3201/595/3145
f 3150/595/3094 3201/595/3145 3200/595/3144
f 3151/595/3095 3152/595/3096 3202/595/3146
f 3151/595/3095 3202/595/3146 3201/595/3145
f 3152/595/3096 3153/595/3097 3203/595/3147
f 3152/595/3096 3203/595/3147 3202/595/3146
f 3153/595/3097 3154/595/3098 3204/595/3148
f 3153/595/3097 3204/595/3148 3203/595/3147
f 3154/595/3098 3155/595/3099 3205/595/3149
f 3154/595/3098 3205/595/3149 3204/595/3148
f 3155/595/3099 3156/595/3100 3206/595/3150
f 3155/595/3099 3206/595/3150 3205/595/3149
f 3156/595/3100 3157/595/3101 3207/595/3151
f 3156/595/3100 3207/595/3151 3206/595/3150
f 3157/595/3101 3158/595/3102 3208/595/3152
f 3157/595/3101 3208/595/3152 3207/595/3151
f 3158/595/3102 3159/595/3103 3209/595/3153
f 3158/595/3102 3209/595/3153 3208/595/3152
f 3159/595/3103 3160/595/3104 3210/595/3154
f 3159/595/3103 3210/595/3154 3209/595/3153
f 3160/595/3104 3161/595/3105 3211/595/3155
f 3160/595/3104 3211/595/3155 3210/595/3154
f 3161/595/3105 3162/595/3106 3212/595/3156
f 3161/595/3105 3212/595/3156 3211/595/3155
f 3162/595/3106 3163/595/3107 3213/595/3157
f 3162/595/3106 3213/595/3157 3212/595/3156
f 3163/595/3107 3164/595/3108 3214/595/3158
f 3163/595/3107 3214/595/3158 3213/595/3157
f 3164/595/3108 3165/595/3109 3215/595/3159
f 3164/595/3108 3215/595/3159 3214/595/3158
f 3165/595/3109 3166/595/3110 3216/595/3160
f 3165/595/3109 3216/595/3160 3215/595/3159
f 3168/595/3112 3167/595/3111 3217/595/3161
f 3168/595/3112 3217/595/3161 3218/595/3162
f 3167/595/3111 3169/595/3113 3219/595/3163
f 3167/595/3111 3219/595/3163 3217/595/3161
f 3169/595/3113 3170/595/3114 3220/595/3164
f 3169/595/3113 3220/595/3164 3219/595/3163
f 3170/595/3114 3171/595/3115 3221/595/3165
f 3170/595/3114 3221/595/3165 3220/595/3164
f 3171/595/3115 3172/595/3116 3222/595/3166
f 3171/595/3115 3222/595/3166 3221/595/3165
f 3172/595/3116 3173/595/3117 3223/595/3167
f 3172/595/3116 3223/595/3167 3222/595/3166
f 3173/595/3117 3174/595/3118 3224/595/3168
f 3173/595/3117 3224/595/3168 3223/595/3167
f 3174/595/3118 3175/595/3119 3225/595/3169
f 3174/595/3118 3225/595/3169 3224/595/3168
f 3175/595/3119 3176/595/3120 3226/595/3170
f 3175/595/3119 3226/595/3170 3225/595/3169
f 3176/595/3120 3177/595/3121 3227/595/3171
f 3176/595/3120 3227/595/3171 3226/595/3170
f 3177/595/3121 3178/595/3122 3228/595/3172
f 3177/595/3121 3228/595/3172 3227/595/3171
f 3178/595/3122 3179/595/3123 3229/595/3173
f 3178/595/3122 3229/595/3173 3228/595/3172
f 3179/595/3123 3180/595/3124 3230/595/3174
f 3179/595/3123 3230/595/3174 3229/595/3173
f 3180/595/3124 3181/595/3125 3231/595/3175
f 3180/595/3124 3231/595/3175 3230/595/3174
f 3181/595/3125 3182/595/3126 3232/595/3176
f 3181/595/3125 3232/595/3176 3231/595/3175
f 3182/595/3126 3183/595/3127 3233/595/3177
f 3182/595/3126 3233/595/3177 3232/595/3176
f 3183/595/3127 3184/595/3128 3234/595/3178
f 3183/595/3127 3234/595/3178 3233/595/3177
f 3184/595/3128 3185/595/3129 3235/595/3179
f 3184/595/3128 3235/595/3179 3234/595/3178
f 3185/595/3129 3186/595/3130 3236/595/3180
f 3185/595/3129 3236/595/3180 3235/595/3179
f 3186/595/3130 3187/595/3131 3237/595/3181
f 3186/595/3130 3237/595/3181 3236/595/3180
f 3187/595/3131 3188/595/3132 3238/595/3182
f 3187/595/3131 3238/595/3182 3237/595/3181
f 3188/595/3132 3189/595/3133 3239/595/3183
f 3188/595/3132 3239/595/3183 3238/595/3182
f 3189/595/3133 3190/595/3134 3240/595/3184
f 3189/595/3133 3240/595/3184 3239/595/3183
f 3190/595/3134 3191/595/3135 3241/595/3185
f 3190/595/3134 3241/595/3185 3240/595/3184
f 3191/595/3135 3192/595/3136 3242/595/3186
f 3191/595/3135 3242/595/3186 3241/595/3185
f 3192/595/3136 3193/595/3137 3243/595/3187
f 3192/595/3136 3243/595/3187 3242/595/3186
f 3193/595/3137 3194/595/3138 3244/595/3188
f 3193/595/3137 3244/595/3188 3243/595/3187
f 3194/595/3138 3195/595/3139 3245/595/3189
f 3194/595/3138 3245/595/3189 3244/595/3188
f 3195/595/3139 3196/595/3140 3246/595/3190
f 3195/595/3139 3246/595/3190 3245/595/3189
f 3196/595/3140 3197/595/3141 3247/595/3191
f 3196/595/3140 3247/595/3191 3246/595/3190
f 3197/595/3141 3198/595/3142 3248/595/3192
f 3197/595/3141 3248/595/3192 3247/595/3191
f 3198/595/3142 3199/595/3143 3249/595/3193
f 3198/595/3142 3249/595/3193 3248/595/3192
f 3199/595/3143 3200/595/3144 3250/595/3194
f 3199/595/3143 3250/595/3194 3249/595/3193
f 3200/595/3144 3201/595/3145 3251/595/3195
f 3200/595/3144 3251/595/3195 3250/595/3194
f 3201/595/3145 3202/595/3146 3252/595/3196
f 3201/595/3145 3252/595/3196 3251/595/3195
f 3202/595/3146 3203/595/3147 3253/595/3197
f 3202/595/3146 3253/595/3197 3252/595/3196
f 3203/595/3147 3204/595/3148 3254/595/3198
f 3203/595/3147 3254/595/3198 3253/595/3197
f 3204/595/3148 3205/595/3149 3255/595/3199
f 3204/595/3148 3255/595/3199 3254/595/3198
f 3205/595/3149 3206/595/3150 3256/595/3200
f 3205/595/3149 3256/595/3200 3255/595/3199
f 3206/595/3150 3207/595/3151 3257/595/3201
f 3206/595/3150 3257/595/3201 3256/595/3200
f 3207/595/3151 3208/595/3152 3258/595/3202
f 3207/595/3151 3258/595/3202 3257/595/3201
f 3208/595/3152 3209/595/3153 3259/595/3203
f 3208/595/3152 3259/595/3203 3258/595/3202
f 3209/595/3153 3210/595/3154 3260/595/3204
f 3209/595/3153 3260/595/3204 3259/595/3203
f 3210/595/3154 3211/595/3155 3261/595/3205
f 3210/595/3154 3261/595/3205 3260/595/3204
f 3211/595/3155 3212/595/3156 3262/595/3206
f 3211/595/3155 3262/595/3206 3261/595/3205
f 3212/595/3156 3213/595/3157 3263/595/3207
f 3212/595/3156 3263/595/3207 3262/595/3206
f 3213/595/3157 3214/595/3158 3264/595/3208
f 3213/595/3157 3264/595/3208 3263/595/3207
f 3214/595/3158 3215/595/3159 3265/595/3209
f 3214/595/3158 3265/595/3209 3264/595/3208
f 3215/595/3159 3216/595/3160 3266/595/3210
f 3215/595/3159 3266/595/3210 3265/595/3209
f 3218/595/3162 3217/595/3161 3267/595/3211
f 3218/595/3162 3267/595/3211 3268/595/3212
f 3217/595/3161 3219/595/3163 3269/595/3213
f 3217/595/3161 3269/595/3213 3267/595/3211
f 3219/595/3163 3220/595/3164 3270/595/3214
f 3219/595/3163 3270/595/3214 3269/595/3213
f 3220/595/3164 3221/595/3165 3271/595/3215
f 3220/595/3164 3271/595/3215 3270/595/3214
f 3221/595/3165 3222/595/3166 3272/595/3216
f 3221/595/3165 3272/595/3216 3271/595/3215
f 3222/595/3166 3223/595/3167 3273/595/3217
f 3222/595/3166 3273/595/3217 3272/595/3216
f 3223/595/3167 3224/595/3168 3274/595/3218
f 3223/595/3167 3274/595/3218 3273/595/3217
f 3224/595/3168 3225/595/3169 3275/595/3219
f 3224/595/3168 3275/595/3219 3274/595/3218
f 3225/595/3169 3226/595/3170 3276/595/3220
f 3225/595/3169 3276/595/3220 3275/595/3219
f 3226/595/3170 3227/595/3171 3277/595/3221
f 3226/595/3170 3277/595/3221 3276/595/3220
f 3227/595/3171 3228/595/3172 3278/595/3222
f 3227/595/3171 3278/595/3222 3277/595/3221
f 3228/595/3172 3229/595/3173 3279/595/3223
f 3228/595/3172 3279/595/3223 3278/595/3222
f 3229/595/3173 3230/595/3174 3280/595/3224
f 3229/595/3173 3280/595/3224 3279/595/3223
f 3230/595/3174 3231/595/3175 3281/595/3225
f 3230/595/3174 3281/595/3225 3280/595/3224
f 3231/595/3175 3232/595/3176 3282/595/3226
f 3231/595/3175 3282/595/3226 3281/595/3225
f 3232/595/3176 3233/595/3177 3283/595/3227
f 3232/595/3176 3283/595/3227 3282/595/3226
f 3233/595/3177 3234/595/3178 3284/595/3228
f 3233/595/3177 3284/595/3228 3283/595/3227
f 3234/595/3178 3235/595/3179 3285/595/3229
f 3234/595/3178 3285/595/3229 3284/595/3228
f 3235/595/3179 3236/595/3180 3286/595/3230
f 3235/595/3179 3286/595/3230 3285/595/3229
f 3236/595/3180 3237/595/3181 3287/595/3231
f 3236/595/3180 3287/595/3231 3286/595/3230
f 3237/595/3181 3238/595/3182 3288/595/3232
f 3237/595/3181 3288/595/3232 3287/595/3231
f 3238/595/3182 3239/595/3183 3289/595/3233
f 3238/595/3182 3289/595/3233 3288/595/3232
f 3239/595/3183 3240/595/3184 3290/595/3234
f 3239/595/3183 3290/595/3234 3289/595/3233
f 3240/595/3184 3241/595/3185 3291/595/3235
f 3240/595/3184 3291/595/3235 3290/595/3234
f 3241/595/3185 3242/595/3186 3292/595/3236
f 3241/595/3185 3292/595/3236 3291/595/3235
f 3242/595/3186 3243/595/3187 3293/595/3237
f 3242/595/3186 3293/595/3237 3292/595/3236
f 3243/595/3187 3244/595/3188 3294/595/3238
f 3243/595/3187 3294/595/3238 3293/595/3237
f 3244/595/3188 3245/595/3189 3295/595/3239
f 3244/595/3188 3295/595/3239 3294/595/3238
f 3245/595/3189 3246/595/3190 3296/595/3240
f 3245/595/3189 3296/595/3240 3295/595/3239
f 3246/595/3190 3247/595/3191 3297/595/3241
f 3246/595/3190 3297/595/3241 3296/595/3240
f 3247/595/3191 3248/595/3192 3298/595/3242
f 3247/595/3191 3298/595/3242 3297/595/3241
f 3248/595/3192 3249/595/3193 3299/595/3243
f 3248/595/3192 3299/595/3243 3298/595/3242
f 3249/595/3193 3250/595/3194 3300/595/3244
f 3249/595/3193 3300/595/3244 3299/595/3243
f 3250/595/3194 3251/595/3195 3301/595/3245
f 3250/595/3194 3301/595/3245 3300/595/3244
f 3251/595/3195 3252/595/3196 3302/595/3246
f 3251/595/3195 3302/595/3246 3301/595/3245
f 3252/595/3196 3253/595/3197 3303/595/3247
f 3252/595/3196 3303/595/3247 3302/595/3246
f 3253/595/3197 3254/595/3198 3304/595/3248
f 3253/595/3197 3304/595/3248 3303/595/3247
f 3254/595/3198 3255/595/3199 3305/595/3249
f 3254/595/3198 3305/595/3249 3304/595/3248
f 3255/595/3199 3256/595/3200 3306/595/3250
f 3255/595/3199 3306/595/3250 3305/595/3249
f 3256/595/3200 3257/595/3201 3307/595/3251
f 3256/595/3200 3307/595/3251 3306/595/3250
f 3257/595/3201 3258/595/3202 3308/595/3252
f 3257/595/3201 3308/595/3252 3307/595/3251
f 3258/595/3202 3259/595/3203 3309/595/3253
f 3258/595/3202 3309/595/3253 3308/595/3252
f 3259/595/3203 3260/595/3204 3310/595/3254
f 3259/595/3203 3310/595/3254 3309/595/3253
f 3260/595/3204 3261/595/3205 3311/595/3255
f 3260/595/3204 3311/595/3255 3310/595/3254
f 3261/595/3205 3262/595/3206 3312/595/3256
f 3261/595/3205 3312/595/3256 3311/595/3255
f 3262/595/3206 3263/595/3207 3313/595/3257
f 3262/595/3206 3313/595/3257 3312/595/3256
f 3263/595/3207 3264/595/3208 3314/595/3258
f 3263/595/3207 3314/595/3258 3313/595/3257
f 3264/595/3208 3265/595/3209 3315/595/3259
f 3264/595/3208 3315/595/3259 3314/595/3258
f 3265/595/3209 3266/595/3210 3316/595/3260
f 3265/595/3209 3316/595/3260 3315/595/3259
f 3268/595/3212 3267/595/3211 3317/595/3261
f 3268/595/3212 3317/595/3261 3318/595/3262
f 3267/595/3211 3269/595/3213 3319/595/3263
f 3267/595/3211 3319/595/3263 3317/595/3261
f 3269/595/3213 3270/595/3214 3320/595/3264
f 3269/595/3213 3320/595/3264 3319/595/3263
f 3270/595/3214 3271/595/3215 3321/595/3265
f 3270/595/3214 3321/595/3265 3320/595/3264
f 3271/595/3215 3272/595/3216 3322/595/3266
f 3271/595/3215 3322/595/3266 3321/595/3265
f 3272/595/3216 3273/595/3217 3323/595/3267
f 3272/595/3216 3323/595/3267 3322/595/3266
f 3273/595/3217 3274/595/3218 3324/595/3268
f 3273/595/3217 3324/595/3268 3323/595/3267
f 3274/595/3218 3275/595/3219 3325/595/3269
f 3274/595/3218 3325/595/3269 3324/595/3268
f 3275/595/3219 3276/595/3220 3326/595/3270
f 3275/595/3219 3326/595/3270 3325/595/3269
f 3276/595/3220 3277/595/3221 3327/595/3271
f 3276/595/3220 3327/595/3271 3326/595/3270
f 3277/595/3221 3278/595/3222 3328/595/3272
f 3277/595/3221 3328/595/3272 3327/595/3271
f 3278/595/3222 3279/595/3223 3329/595/3273
f 3278/595/3222 3329/595/3273 3328/595/3272
f 3279/595/3223 3280/595/3224 3330/595/3274
f 3279/595/3223 3330/595/3274 3329/595/3273
f 3280/595/3224 3281/595/3225 3331/595/3275
f 3280/595/3224 3331/595/3275 3330/595/3274
f 3281/595/3225 3282/595/3226 3332/595/3276
f 3281/595/3225 3332/595/3276 3331/595/3275
f 3282/595/3226 3283/595/3227 3333/595/3277
f 3282/595/3226 3333/595/3277 3332/595/3276
f 3283/595/3227 3284/595/3228 3334/595/3278
f 3283/595/3227 3334/595/3278 3333/595/3277
f 3284/595/3228 3285/595/3229 3335/595/3279
f 3284/595/3228 3335/595/3279 3334/595/3278
f 3285/595/3229 3286/595/3230 3336/595/3280
f 3285/595/3229 3336/595/3280 3335/595/3279
f 3286/595/3230 3287/595/3231 3337/595/3281
f 3286/595/3230 3337/595/3281 3336/595/3280
f 3287/595/3231 3288/595/3232 3338/595/3282
f 3287/595/3231 3338/595/3282 3337/595/3281
f 3288/595/3232 3289/595/3233 3339/595/3283
f 3288/595/3232 3339/595/3283 3338/595/3282
f 3289/595/3233 3290/595/3234 3340/595/3284
f 3289/595/3233 3340/595/3284 3339/595/3283
f 3290/595/3234 3291/595/3235 3341/595/3285
f 3290/595/3234 3341/595/3285 3340/595/3284
f 3291/595/3235 3292/595/3236 3342/595/3286
f 3291/595/3235 3342/595/3286 3341/595/3285
f 3292/595/3236 3293/595/3237 3343/595/3287
f 3292/595/3236 3343/595/3287 3342/595/3286
f 3293/595/3237 3294/595/3238 3344/595/3288
f 3293/595/3237 3344/595/3288 3343/595/3287
f 3294/595/3238 3295/595/3239 3345/595/3289
f 3294/595/3238 3345/595/3289 3344/595/3288
f 3295/595/3239 3296/595/3240 3346/595/3290
f 3295/595/3239 3346/595/3290 3345/595/3289
f 3296/595/3240 3297/595/3241 3347/595/3291
f 3296/595/3240 3347/595/3291 3346/595/3290
f 3297/595/3241 3298/595/3242 3348/595/3292
f 3297/595/3241 3348/595/3292 3347/595/3291
f 3298/595/3242 3299/595/3243 3349/595/3293
f 3298/595/3242 3349/595/3293 3348/595/3292
f 3299/595/3243 3300/595/3244 3350/595/3294
f 3299/595/3243 3350/595/3294 3349/595/3293
f 3300/595/3244 3301/595/3245 3351/595/3295
f 3300/595/3244 3351/595/3295 3350/595/3294
f 3301/595/3245 3302/595/3246 3352/595/3296
f 3301/595/3245 3352/595/3296 3351/595/3295
f 3302/595/3246 3303/595/3247 3353/595/3297
f 3302/595/3246 3353/595/3297 3352/595/3296
f 3303/595/3247 3304/595/3248 3354/595/3298
f 3303/595/3247 3354/595/3298 3353/595/3297
f 3304/595/3248 3305/595/3249 3355/595/3299
f 3304/595/3248 3355/595/3299 3354/595/3298
f 3305/595/3249 3306/595/3250 3356/595/3300
f 3305/595/3249 3356/595/3300 3355/595/3299
f 3306/595/3250 3307/595/3251 3357/595/3301
f 3306/595/3250 3357/595/3301 3356/595/3300
f 3307/595/3251 3308/595/3252 3358/595/3302
f 3307/595/3251 3358/595/3302 3357/595/3301
f 3308/595/3252 3309/595/3253 3359/595/3303
f 3308/595/3252 3359/595/3303 3358/595/3302
f 3309/595/3253 3310/595/3254 3360/595/3304
f 3309/595/3253 3360/595/3304 3359/595/3303
f 3310/595/3254 3311/595/3255 3361/595/3305
f 3310/595/3254 3361/595/3305 3360/595/3304
f 3311/595/3255 3312/595/3256 3362/595/3306
f 3311/595/3255 3362/595/3306 3361/595/3305
f 3312/595/3256 3313/595/3257 3363/595/3307
f 3312/595/3256 3363/595/3307 3362/595/3306
f 3313/595/3257 3314/595/3258 3364/595/3308
f 3313/595/3257 3364/595/3308 3363/595/3307
f 3314/595/3258 3315/595/3259 3365/595/3309
f 3314/595/3258 3365/595/3309 3364/595/3308
f 3315/595/3259 3316/595/3260 3366/595/3310
f 3315/595/3259 3366/595/3310 3365/595/3309
f 3318/595/3262 3317/595/3261 3367/595/3311
f 3318/595/3262 3367/595/3311 3368/595/3312
f 3317/595/3261 3319/595/3263 3369/595/3313
f 3317/595/3261 3369/595/3313 3367/595/3311
f 3319/595/3263 3320/595/3264 3370/595/3314
f 3319/595/3263 3370/595/3314 3369/595/3313
f 3320/595/3264 3321/595/3265 3371/595/3315
f 3320/595/3264 3371/595/3315 3370/595/3314
f 3321/595/3265 3322/595/3266 3372/595/3316
f 3321/595/3265 3372/595/3316 3371/595/3315
f 3322/595/3266 3323/595/3267 3373/595/3317
f 3322/595/3266 3373/595/3317 3372/595/3316
f 3323/595/3267 3324/595/3268 3374/595/3318
f 3323/595/3267 3374/595/3318 3373/595/3317
f 3324/595/3268 3325/595/3269 3375/595/3319
f 3324/595/3268 3375/595/3319 3374/595/3318
f 3325/595/3269 3326/595/3270 3376/595/3320
f 3325/595/3269 3376/595/3320 3375/595/3319
f 3326/595/3270 3327/595/3271 3377/595/3321
f 3326/595/3270 3377/595/3321 3376/595/3320
f 3327/595/3271 3328/595/3272 3378/595/3322
f 3327/595/3271 3378/595/3322 3377/595/3321
f 3328/595/3272 3329/595/3273 3379/595/3323
f 3328/595/3272 3379/595/3323 3378/595/3322
f 3329/595/3273 3330/595/3274 3380/595/3324
f 3329/595/3273 3380/595/3324 3379/595/3323
f 3330/595/3274 3331/595/3275 3381/595/3325
f 3330/595/3274 3381/595/3325 3380/595/3324
f 3331/595/3275 3332/595/3276 3382/595/3326
f 3331/595/3275 3382/595/3326 3381/595/3325
f 3332/595/3276 3333/595/3277 3383/595/3327
f 3332/595/3276 3383/595/3327 3382/595/3326
f 3333/595/3277 3334/595/3278 3384/595/3328
f 3333/595/3277 3384/595/3328 3383/595/3327
f 3334/595/3278 3335/595/3279 3385/595/3329
f 3334/595/3278 3385/595/3329 3384/595/3328
f 3335/595/3279 3336/595/3280 3386/595/3330
f 3335/595/3279 3386/595/3330 3385/595/3329
f 3336/595/3280 3337/595/3281 3387/595/3331
f 3336/595/3280 3387/595/3331 3386/595/3330
f 3337/595/3281 3338/595/3282 3388/595/3332
f 3337/595/3281 3388/595/3332 3387/595/3331
f 3338/595/3282 3339/595/3283 3389/595/1571
f 3338/595/3282 3389/595/1571 3388/595/3332
f 3339/595/3283 3340/595/3284 3390/595/3333
f 3339/595/3283 3390/595/3333 3389/595/1571
f 3340/595/3284 3341/595/3285 3391/595/3334
f 3340/595/3284 3391/595/3334 3390/595/3333
f 3341/595/3285 3342/595/3286 3392/595/3335
f 3341/595/3285 3392/595/3335 3391/595/3334
f 3342/595/3286 3343/595/3287 3393/595/1575
f 3342/595/3286 3393/595/1575 3392/595/3335
f 3343/595/3287 3344/595/3288 3394/595/1576
f 3343/595/3287 3394/595/1576 3393/595/1575
f 3344/595/3288 3345/595/3289 3395/595/3336
f 3344/595/3288 3395/595/3336 3394/595/1576
f 3345/595/3289 3346/595/3290 3396/595/3337
f 3345/595/3289 3396/595/3337 3395/595/3336
f 3346/595/3290 3347/595/3291 3397/595/3338
f 3346/595/3290 3397/595/3338 3396/595/3337
f 3347/595/3291 3348/595/3292 3398/595/3339
f 3347/595/3291 3398/595/3339 3397/595/3338
f 3348/595/3292 3349/595/3293 3399/595/3340
f 3348/595/3292 3399/595/3340 3398/595/3339
f 3349/595/3293 3350/595/3294 3400/595/3341
f 3349/595/3293 3400/595/3341 3399/595/3340
f 3350/595/3294 3351/595/3295 3401/595/3342
f 3350/595/3294 3401/595/3342 3400/595/3341
f 3351/595/3295 3352/595/3296 3402/595/3343
f 3351/595/3295 3402/595/3343 3401/595/3342
f 3352/595/3296 3353/595/3297 3403/595/3344
f 3352/595/3296 3403/595/3344 3402/595/3343
f 3353/595/3297 3354/595/3298 3404/595/3345
f 3353/595/3297 3404/595/3345 3403/595/3344
f 3354/595/3298 3355/595/3299 3405/595/3346
f 3354/595/3298 3405/595/3346 3404/595/3345
f 3355/595/3299 3356/595/3300 3406/595/3347
f 3355/595/3299 3406/595/3347 3405/595/3346
f 3356/595/3300 3357/595/3301 3407/595/3348
f 3356/595/3300 3407/595/3348 3406/595/3347
f 3357/595/3301 3358/595/3302 3408/595/3349
f 3357/595/3301 3408/595/3349 3407/595/3348
f 3358/595/3302 3359/595/3303 3409/595/3350
f 3358/595/3302 3409/595/3350 3408/595/3349
f 3359/595/3303 3360/595/3304 3410/595/3351
f 3359/595/3303 3410/595/3351 3409/595/3350
f 3360/595/3304 3361/595/3305 3411/595/3352
f 3360/595/3304 3411/595/3352 3410/595/3351
f 3361/595/3305 3362/595/3306 3412/595/3353
f 3361/595/3305 3412/595/3353 3411/595/3352
f 3362/595/3306 3363/595/3307 3413/595/3354
f 3362/595/3306 3413/595/3354 3412/595/3353
f 3363/595/3307 3364/595/3308 3414/595/3355
f 3363/595/3307 3414/595/3355 3413/595/3354
f 3364/595/3308 3365/595/3309 3415/595/3356
f 3364/595/3308 3415/595/3356 3414/595/3355
f 3365/595/3309 3366/595/3310 3416/595/3357
f 3365/595/3309 3416/595/3357 3415/595/3356
f 3368/595/3312 3367/595/3311 3417/595/3358
f 3368/595/3312 3417/595/3358 3418/595/3359
f 3367/595/3311 3369/595/3313 3419/595/3360
f 3367/595/3311 3419/595/3360 3417/595/3358
f 3369/595/3313 3370/595/3314 3420/595/3361
f 3369/595/3313 3420/595/3361 3419/595/3360
f 3370/595/3314 3371/595/3315 3421/595/3362
f 3370/595/3314 3421/595/3362 3420/595/3361
f 3371/595/3315 3372/595/3316 3422/595/3363
f 3371/595/3315 3422/595/3363 3421/595/3362
f 3372/595/3316 3373/595/3317 3423/595/3364
f 3372/595/3316 3423/595/3364 3422/595/3363
f 3373/595/3317 3374/595/3318 3424/595/3365
f 3373/595/3317 3424/595/3365 3423/595/3364
f 3374/595/3318 3375/595/3319 3425/595/3366
f 3374/595/3318 3425/595/3366 3424/595/3365
f 3375/595/3319 3376/595/3320 3426/595/3367
f 3375/595/3319 3426/595/3367 3425/595/3366
f 3376/595/3320 3377/595/3321 3427/595/3368
f 3376/595/3320 3427/595/3368 3426/595/3367
f 3377/595/3321 3378/595/3322 3428/595/3369
f 3377/595/3321 3428/595/3369 3427/595/3368
f 3378/595/3322 3379/595/3323 3429/595/3370
f 3378/595/3322 3429/595/3370 3428/595/3369
f 3379/595/3323 3380/595/3324 3430/595/3371
f 3379/595/3323 3430/595/3371 3429/595/3370
f 3380/595/3324 3381/595/3325 3431/595/3372
f 3380/595/3324 3431/595/3372 3430/595/3371
f 3381/595/3325 3382/595/3326 3432/595/3373
f 3381/595/3325 3432/595/3373 3431/595/3372
f 3382/595/3326 3383/595/3327 3433/595/3374
f 3382/595/3326 3433/595/3374 3432/595/3373
f 3383/595/3327 3384/595/3328 3434/595/3375
f 3383/595/3327 3434/595/3375 3433/595/3374
f 3384/595/3328 3385/595/3329 3435/595/3376
f 3384/595/3328 3435/595/3376 3434/595/3375
f 3385/595/3329 3386/595/3330 3436/595/3377
f 3385/595/3329 3436/595/3377 3435/595/3376
f 3386/595/3330 3387/595/3331 3437/595/3378
f 3386/595/3330 3437/595/3378 3436/595/3377
f 3387/595/3331 3388/595/3332 3438/595/1620
f 3387/595/3331 3438/595/1620 3437/595/3378
f 3388/595/3332 3389/595/1571 3439/595/1621
f 3388/595/3332 3439/595/1621 3438/595/1620
f 3389/595/1571 3390/595/3333 3440/595/1622
f 3389/595/1571 3440/595/1622 3439/595/1621
f 3390/595/3333 3391/595/3334 3441/595/1623
f 3390/595/3333 3441/595/1623 3440/595/1622
f 3391/595/3334 3392/595/3335 3442/595/1624
f 3391/595/3334 3442/595/1624 3441/595/1623
f 3392/595/3335 3393/595/1575 3443/595/3379
f 3392/595/3335 3443/595/3379 3442/595/1624
f 3393/595/1575 3394/595/1576 3444/595/1626
f 3393/595/1575 3444/595/1626 3443/595/3379
f 3394/595/1576 3395/595/3336 3445/595/3380
f 3394/595/1576 3445/595/3380 3444/595/1626
f 3395/595/3336 3396/595/3337 3446/595/3196
f 3395/595/3336 3446/595/3196 3445/595/3380
f 3396/595/3337 3397/595/3338 3447/595/3195
f 3396/595/3337 3447/595/3195 3446/595/3196
f 3397/595/3338 3398/595/3339 3448/595/3381
f 3397/595/3338 3448/595/3381 3447/595/3195
f 3398/595/3339 3399/595/3340 3449/595/3382
f 3398/595/3339 3449/595/3382 3448/595/3381
f 3399/595/3340 3400/595/3341 3450/595/3383
f 3399/595/3340 3450/595/3383 3449/595/3382
f 3400/595/3341 3401/595/3342 3451/595/3384
f 3400/595/3341 3451/595/3384 3450/595/3383
f 3401/595/3342 3402/595/3343 3452/595/3385
f 3401/595/3342 3452/595/3385 3451/595/3384
f 3402/595/3343 3403/595/3344 3453/595/3386
f 3402/595/3343 3453/595/3386 3452/595/3385
f 3403/595/3344 3404/595/3345 3454/595/3387
f 3403/595/3344 3454/595/3387 3453/595/3386
f 3404/595/3345 3405/595/3346 3455/595/3388
f 3404/595/3345 3455/595/3388 3454/595/3387
f 3405/595/3346 3406/595/3347 3456/595/3389
f 3405/595/3346 3456/595/3389 3455/595/3388
f 3406/595/3347 3407/595/3348 3457/595/3390
f 3406/595/3347 3457/595/3390 3456/595/3389
f 3407/595/3348 3408/595/3349 3458/595/3391
f 3407/595/3348 3458/595/3391 3457/595/3390
f 3408/595/3349 3409/595/3350 3459/595/3392
f 3408/595/3349 3459/595/3392 3458/595/3391
f 3409/595/3350 3410/595/3351 3460/595/3393
f 3409/595/3350 3460/595/3393 3459/595/3392
f 3410/595/3351 3411/595/3352 3461/595/3394
f 3410/595/3351 3461/595/3394 3460/595/3393
f 3411/595/3352 3412/595/3353 3462/595/3395
f 3411/595/3352 3462/595/3395 3461/595/3394
f 3412/595/3353 3413/595/3354 3463/595/3396
f 3412/595/3353 3463/595/3396 3462/595/3395
f 3413/595/3354 3414/595/3355 3464/595/3397
f 3413/595/3354 3464/595/3397 3463/595/3396
f 3414/595/3355 3415/595/3356 3465/595/3398
f 3414/595/3355 3465/595/3398 3464/595/3397
f 3415/595/3356 3416/595/3357 3466/595/3399
f 3415/595/3356 3466/595/3399 3465/595/3398
f 3418/595/3359 3417/595/3358 3467/595/3400
f 3418/595/3359 3467/595/3400 3468/595/3401
f 3417/595/3358 3419/595/3360 3469/595/3402
f 3417/595/3358 3469/595/3402 3467/595/3400
f 3419/595/3360 3420/595/3361 3470/595/3403
f 3419/595/3360 3470/595/3403 3469/595/3402
f 3420/595/3361 3421/595/3362 3471/595/3404
f 3420/595/3361 3471/595/3404 3470/595/3403
f 3421/595/3362 3422/595/3363 3472/595/3405
f 3421/595/3362 3472/595/3405 3471/595/3404
f 3422/595/3363 3423/595/3364 3473/595/3406
f 3422/595/3363 3473/595/3406 3472/595/3405
f 3423/595/3364 3424/595/3365 3474/595/3407
f 3423/595/3364 3474/595/3407 3473/595/3406
f 3424/595/3365 3425/595/3366 3475/595/3408
f 3424/595/3365 3475/595/3408 3474/595/3407
f 3425/595/3366 3426/595/3367 3476/595/3409
f 3425/595/3366 3476/595/3409 3475/595/3408
f 3426/595/3367 3427/595/3368 3477/595/3410
f 3426/595/3367 3477/595/3410 3476/595/3409
f 3427/595/3368 3428/595/3369 3478/595/3411
f 3427/595/3368 3478/595/3411 3477/595/3410
f 3428/595/3369 3429/595/3370 3479/595/3412
f 3428/595/3369 3479/595/3412 3478/595/3411
f 3429/595/3370 3430/595/3371 3480/595/3413
f 3429/595/3370 3480/595/3413 3479/595/3412
f 3430/595/3371 3431/595/3372 3481/595/3414
f 3430/595/3371 3481/595/3414 3480/595/3413
f 3431/595/3372 3432/595/3373 3482/595/3415
f 3431/595/3372 3482/595/3415 3481/595/3414
f 3432/595/3373 3433/595/3374 3483/595/3416
f 3432/595/3373 3483/595/3416 3482/595/3415
f 3433/595/3374 3434/595/3375 3484/595/3417
f 3433/595/3374 3484/595/3417 3483/595/3416
f 3434/595/3375 3435/595/3376 3485/595/3418
f 3434/595/3375 3485/595/3418 3484/595/3417
f 3435/595/3376 3436/595/3377 3486/595/3419
f 3435/595/3376 3486/595/3419 3485/595/3418
f 3436/595/3377 3437/595/3378 3487/595/3420
f 3436/595/3377 3487/595/3420 3486/595/3419
f 3437/595/3378 3438/595/1620 3488/595/1669
f 3437/595/3378 3488/595/1669 3487/595/3420
f 3438/595/1620 3439/595/1621 3489/595/1670
f 3438/595/1620 3489/595/1670 3488/595/1669
f 3439/595/1621 3440/595/1622 3490/595/1671
f 3439/595/1621 3490/595/1671 3489/595/1670
f 3440/595/1622 3441/595/1623 3491/595/1672
f 3440/595/1622 3491/595/1672 3490/595/1671
f 3441/595/1623 3442/595/1624 3492/595/3421
f 3441/595/1623 3492/595/3421 3491/595/1672
f 3442/595/1624 3443/595/3379 3493/595/1674
f 3442/595/1624 3493/595/1674 3492/595/3421
f 3443/595/3379 3444/595/1626 3494/595/1675
f 3443/595/3379 3494/595/1675 3493/595/1674
f 3444/595/1626 3445/595/3380 3495/595/3422
f 3444/595/1626 3495/595/3422 3494/595/1675
f 3445/595/3380 3446/595/3196 3496/595/3423
f 3445/595/3380 3496/595/3423 3495/595/3422
f 3446/595/3196 3447/595/3195 3497/595/3424
f 3446/595/3196 3497/595/3424 3496/595/3423
f 3447/595/3195 3448/595/3381 3498/595/3425
f 3447/595/3195 3498/595/3425 3497/595/3424
f 3448/595/3381 3449/595/3382 3499/595/3426
f 3448/595/3381 3499/595/3426 3498/595/3425
f 3449/595/3382 3450/595/3383 3500/595/3427
f 3449/595/3382 3500/595/3427 3499/595/3426
f 3450/595/3383 3451/595/3384 3501/595/3428
f 3450/595/3383 3501/595/3428 3500/595/3427
f 3451/595/3384 3452/595/3385 3502/595/3429
f 3451/595/3384 3502/595/3429 3501/595/3428
f 3452/595/3385 3453/595/3386 3503/595/3430
f 3452/595/3385 3503/595/3430 3502/595/3429
f 3453/595/3386 3454/595/3387 3504/595/3431
f 3453/595/3386 3504/595/3431 3503/595/3430
f 3454/595/3387 3455/595/3388 3505/595/3432
f 3454/595/3387 3505/595/3432 3504/595/3431
f 3455/595/3388 3456/595/3389 3506/595/3433
f 3455/595/3388 3506/595/3433 3505/595/3432
f 3456/595/3389 3457/595/3390 3507/595/3434
f 3456/595/3389 3507/595/3434 3506/595/3433
f 3457/595/3390 3458/595/3391 3508/595/3435
f 3457/595/3390 3508/595/3435 3507/595/3434
f 3458/595/3391 3459/595/3392 3509/595/3436
f 3458/595/3391 3509/595/3436 3508/595/3435
f 3459/595/3392 3460/595/3393 3510/595/3437
f 3459/595/3392 3510/595/3437 3509/595/3436
f 3460/595/3393 3461/595/3394 3511/595/3438
f 3460/595/3393 3511/595/3438 3510/595/3437
f 3461/595/3394 3462/595/3395 3512/595/3439
f 3461/595/3394 3512/595/3439 3511/595/3438
f 3462/595/3395 3463/595/3396 3513/595/3440
f 3462/595/3395 3513/595/3440 3512/595/3439
f 3463/595/3396 3464/595/3397 3514/595/3441
f 3463/595/3396 3514/595/3441 3513/595/3440
f 3464/595/3397 3465/595/3398 3515/595/3442
f 3464/595/3397 3515/595/3442 3514/595/3441
f 3465/595/3398 3466/595/3399 3516/595/3443
f 3465/595/3398 3516/595/3443 3515/595/3442
f 3468/595/3401 3467/595/3400 3517/595/3444
f 3468/595/3401 3517/595/3444 3518/595/3445
f 3467/595/3400 3469/595/3402 3519/595/3446
f 3467/595/3400 3519/595/3446 3517/595/3444
f 3469/595/3402 3470/595/3403 3520/595/3447
f 3469/595/3402 3520/595/3447 3519/595/3446
f 3470/595/3403 3471/595/3404 3521/595/3448
f 3470/595/3403 3521/595/3448 3520/595/3447
f 3471/595/3404 3472/595/3405 3522/595/3449
f 3471/595/3404 3522/595/3449 3521/595/3448
f 3472/595/3405 3473/595/3406 3523/595/3450
f 3472/595/3405 3523/595/3450 3522/595/3449
f 3473/595/3406 3474/595/3407 3524/595/3451
f 3473/595/3406 3524/595/3451 3523/595/3450
f 3474/595/3407 3475/595/3408 3525/595/3452
f 3474/595/3407 3525/595/3452 3524/595/3451
f 3475/595/3408 3476/595/3409 3526/595/3453
f 3475/595/3408 3526/595/3453 3525/595/3452
f 3476/595/3409 3477/595/3410 3527/595/3454
f 3476/595/3409 3527/595/3454 3526/595/3453
f 3477/595/3410 3478/595/3411 3528/595/3455
f 3477/595/3410 3528/595/3455 3527/595/3454
f 3478/595/3411 3479/595/3412 3529/595/3456
f 3478/595/3411 3529/595/3456 3528/595/3455
f 3479/595/3412 3480/595/3413 3530/595/3457
f 3479/595/3412 3530/595/3457 3529/595/3456
f 3480/595/3413 3481/595/3414 3531/595/3458
f 3480/595/3413 3531/595/3458 3530/595/3457
f 3481/595/3414 3482/595/3415 3532/595/3459
f 3481/595/3414 3532/595/3459 3531/595/3458
f 3482/595/3415 3483/595/3416 3533/595/3460
f 3482/595/3415 3533/595/3460 3532/595/3459
f 3483/595/3416 3484/595/3417 3534/595/3461
f 3483/595/3416 3534/595/3461 3533/595/3460
f 3484/595/3417 3485/595/3418 3535/595/3462
f 3484/595/3417 3535/595/3462 3534/595/3461
f 3485/595/3418 3486/595/3419 3536/595/3463
f 3485/595/3418 3536/595/3463 3535/595/3462
f 3486/595/3419 3487/595/3420 3537/595/3464
f 3486/595/3419 3537/595/3464 3536/595/3463
f 3487/595/3420 3488/595/1669 3538/595/3465
f 3487/595/3420 3538/595/3465 3537/595/3464
f 3488/595/1669 3489/595/1670 3539/595/3466
f 3488/595/1669 3539/595/3466 3538/595/3465
f 3489/595/1670 3490/595/1671 3540/595/3467
f 3489/595/1670 3540/595/3467 3539/595/3466
f 3490/595/1671 3491/595/1672 3541/595/3468
f 3490/595/1671 3541/595/3468 3540/595/3467
f 3491/595/1672 3492/595/3421 3542/595/3469
f 3491/595/1672 3542/595/3469 3541/595/3468
f 3492/595/3421 3493/595/1674 3543/595/3470
f 3492/595/3421 3543/595/3470 3542/595/3469
f 3493/595/1674 3494/595/1675 3544/595/3471
f 3493/595/1674 3544/595/3471 3543/595/3470
f 3494/595/1675 3495/595/3422 3545/595/3472
f 3494/595/1675 3545/595/3472 3544/595/3471
f 3495/595/3422 3496/595/3423 3546/595/3473
f 3495/595/3422 3546/595/3473 3545/595/3472
f 3496/595/3423 3497/595/3424 3547/595/3474
f 3496/595/3423 3547/595/3474 3546/595/3473
f 3497/595/3424 3498/595/3425 3548/595/3475
f 3497/595/3424 3548/595/3475 3547/595/3474
f 3498/595/3425 3499/595/3426 3549/595/3476
f 3498/595/3425 3549/595/3476 3548/595/3475
f 3499/595/3426 3500/595/3427 3550/595/3477
f 3499/595/3426 3550/595/3477 3549/595/3476
f 3500/595/3427 3501/595/3428 3551/595/3478
f 3500/595/3427 3551/595/3478 3550/595/3477
f 3501/595/3428 3502/595/3429 3552/595/3479
f 3501/595/3428 3552/595/3479 3551/595/3478
f 3502/595/3429 3503/595/3430 3553/595/3480
f 3502/595/3429 3553/595/3480 3552/595/3479
f 3503/595/3430 3504/595/3431 3554/595/3481
f 3503/595/3430 3554/595/3481 3553/595/3480
f 3504/595/3431 3505/595/3432 3555/595/3482
f 3504/595/3431 3555/595/3482 3554/595/3481
f 3505/595/3432 3506/595/3433 3556/595/3483
f 3505/595/3432 3556/595/3483 3555/595/3482
f 3506/595/3433 3507/595/3434 3557/595/3484
f 3506/595/3433 3557/595/3484 3556/595/3483
f 3507/595/3434 3508/595/3435 3558/595/3485
f 3507/595/3434 3558/595/3485 3557/595/3484
f 3508/595/3435 3509/595/3436 3559/595/3486
f 3508/595/3435 3559/595/3486 3558/595/3485
f 3509/595/3436 3510/595/3437 3560/595/3487
f 3509/595/3436 3560/595/3487 3559/595/3486
f 3510/595/3437 3511/595/3438 3561/595/3488
f 3510/595/3437 3561/595/3488 3560/595/3487
f 3511/595/3438 3512/595/3439 3562/595/3489
f 3511/595/3438 3562/595/3489 3561/595/3488
f 3512/595/3439 3513/595/3440 3563/595/3490
f 3512/595/3439 3563/595/3490 3562/595/3489
f 3513/595/3440 3514/595/3441 3564/595/3491
f 3513/595/3440 3564/595/3491 3563/595/3490
f 3514/595/3441 3515/595/3442 3565/595/3492
f 3514/595/3441 3565/595/3492 3564/595/3491
f 3515/595/3442 3516/595/3443 3566/595/3493
f 3515/595/3442 3566/595/3493 3565/595/3492
f 3518/595/3445 3517/595/3444 3567/595/3494
f 3518/595/3445 3567/595/3494 3568/595/3495
f 3517/595/3444 3519/595/3446 3569/595/3496
f 3517/595/3444 3569/595/3496 3567/595/3494
f 3519/595/3446 3520/595/3447 3570/595/3497
f 3519/595/3446 3570/595/3497 3569/595/3496
f 3520/595/3447 3521/595/3448 3571/595/3498
f 3520/595/3447 3571/595/3498 3570/595/3497
f 3521/595/3448 3522/595/3449 3572/595/3499
f 3521/595/3448 3572/595/3499 3571/595/3498
f 3522/595/3449 3523/595/3450 3573/595/3500
f 3522/595/3449 3573/595/3500 3572/595/3499
f 3523/595/3450 3524/595/3451 3574/595/3501
f 3523/595/3450 3574/595/3501 3573/595/3500
f 3524/595/3451 3525/595/3452 3575/595/3502
f 3524/595/3451 3575/595/3502 3574/595/3501
f 3525/595/3452 3526/595/3453 3576/595/3503
f 3525/595/3452 3576/595/3503 3575/595/3502
f 3526/595/3453 3527/595/3454 3577/595/3504
f 3526/595/3453 3577/595/3504 3576/595/3503
f 3527/595/3454 3528/595/3455 3578/595/3505
f 3527/595/3454 3578/595/3505 3577/595/3504
f 3528/595/3455 3529/595/3456 3579/595/3506
f 3528/595/3455 3579/595/3506 3578/595/3505
f 3529/595/3456 3530/595/3457 3580/595/3507
f 3529/595/3456 3580/595/3507 3579/595/3506
f 3530/595/3457 3531/595/3458 3581/595/3508
f 3530/595/3457 3581/595/3508 3580/595/3507
f 3531/595/3458 3532/595/3459 3582/595/3509
f 3531/595/3458 3582/595/3509 3581/595/3508
f 3532/595/3459 3533/595/3460 3583/595/3510
f 3532/595/3459 3583/595/3510 3582/595/3509
f 3533/595/3460 3534/595/3461 3584/595/3511
f 3533/595/3460 3584/595/3511 3583/595/3510
f 3534/595/3461 3535/595/3462 3585/595/3512
f 3534/595/3461 3585/595/3512 3584/595/3511
f 3535/595/3462 3536/595/3463 3586/595/3513
f 3535/595/3462 3586/595/3513 3585/595/3512
f 3536/595/3463 3537/595/3464 3587/595/3514
f 3536/595/3463 3587/595/3514 3586/595/3513
f 3537/595/3464 3538/595/3465 3588/595/3515
f 3537/595/3464 3588/595/3515 3587/595/3514
f 3538/595/3465 3539/595/3466 3589/595/3516
f 3538/595/3465 3589/595/3516 3588/595/3515
f 3539/595/3466 3540/595/3467 3590/595/3517
f 3539/595/3466 3590/595/3517 3589/595/3516
f 3540/595/3467 3541/595/3468 3591/595/3518
f 3540/595/3467 3591/595/3518 3590/595/3517
f 3541/595/3468 3542/595/3469 3592/595/3519
f 3541/595/3468 3592/595/3519 3591/595/3518
f 3542/595/3469 3543/595/3470 3593/595/3520
f 3542/595/3469 3593/595/3520 3592/595/3519
f 3543/595/3470 3544/595/3471 3594/595/3521
f 3543/595/3470 3594/595/3521 3593/595/3520
f 3544/595/3471 3545/595/3472 3595/595/3522
f 3544/595/3471 3595/595/3522 3594/595/3521
f 3545/595/3472 3546/595/3473 3596/595/3523
f 3545/595/3472 3596/595/3523 3595/595/3522
f 3546/595/3473 3547/595/3474 3597/595/3524
f 3546/595/3473 3597/595/3524 3596/595/3523
f 3547/595/3474 3548/595/3475 3598/595/3525
f 3547/595/3474 3598/595/3525 3597/595/3524
f 3548/595/3475 3549/595/3476 3599/595/3526
f 3548/595/3475 3599/595/3526 3598/595/3525
f 3549/595/3476 3550/595/3477 3600/595/3527
f 3549/595/3476 3600/595/3527 3599/595/3526
f 3550/595/3477 3551/595/3478 3601/595/3528
f 3550/595/3477 3601/595/3528 3600/595/3527
f 3551/595/3478 3552/595/3479 3602/595/3529
f 3551/595/3478 3602/595/3529 3601/595/3528
f 3552/595/3479 3553/595/3480 3603/595/3530
f 3552/595/3479 3603/595/3530 3602/595/3529
f 3553/595/3480 3554/595/3481 3604/595/3531
f 3553/595/3480 3604/595/3531 3603/595/3530
f 3554/595/3481 3555/595/3482 3605/595/3532
f 3554/595/3481 3605/595/3532 3604/595/3531
f 3555/595/3482 3556/595/3483 3606/595/3533
f 3555/595/3482 3606/595/3533 3605/595/3532
f 3556/595/3483 3557/595/3484 3607/595/3534
f 3556/595/3483 3607/595/3534 3606/595/3533
f 3557/595/3484 3558/595/3485 3608/595/3535
f 3557/595/3484 3608/595/3535 3607/595/3534
f 3558/595/3485 3559/595/3486 3609/595/3536
f 3558/595/3485 3609/595/3536 3608/595/3535
f 3559/595/3486 3560/595/3487 3610/595/3537
f 3559/595/3486 3610/595/3537 3609/595/3536
f 3560/595/3487 3561/595/3488 3611/595/3538
f 3560/595/3487 3611/595/3538 3610/595/3537
f 3561/595/3488 3562/595/3489 3612/595/3539
f 3561/595/3488 3612/595/3539 3611/595/3538
f 3562/595/3489 3563/595/3490 3613/595/3540
f 3562/595/3489 3613/595/3540 3612/595/3539
f 3563/595/3490 3564/595/3491 3614/595/3541
f 3563/595/3490 3614/595/3541 3613/595/3540
f 3564/595/3491 3565/595/3492 3615/595/3542
f 3564/595/3491 3615/595/3542 3614/595/3541
f 3565/595/3492 3566/595/3493 3616/595/3543
f 3565/595/3492 3616/595/3543 3615/595/3542
f 3617/595/1086 3618/595/1086 1215/595/1190
f 1215/595/1190 3618/595/1086 1216/595/1191
f 3618/595/1086 3619/595/1086 1216/595/1191
f 1216/595/1191 3619/595/1086 1266/595/1241
f 3619/595/1086 3620/595/1086 1266/595/1241
f 1266/595/1241 3620/595/1086 1316/595/1291
f 3620/595/1086 3621/595/1086 1316/595/1291
f 1316/595/1291 3621/595/1086 1366/595/1341
f 3621/595/1086 3622/595/1086 1366/595/1341
f 1366/595/1341 3622/595/1086 1416/595/1391
f 3622/595/1086 3623/595/1086 1416/595/1391
f 1416/595/1391 3623/595/1086 1466/595/1440
f 3623/595/1086 3624/595/1086 1466/595/1440
f 1466/595/1440 3624/595/1086 1516/595/1490
f 3624/595/1086 3625/595/1086 1516/595/1490
f 1516/595/1490 3625/595/1086 1566/595/1540
f 3625/595/1086 3626/595/1086 1566/595/1540
f 1566/595/1540 3626/595/1086 1616/595/1590
f 3626/595/1086 3627/595/1086 1616/595/1590
f 1616/595/1590 3627/595/1086 1666/595/1640
f 3627/595/1086 3628/595/1086 1666/595/1640
f 1666/595/1640 3628/595/1086 1716/595/1689
f 3628/595/1086 3629/595/1086 1716/595/1689
f 1716/595/1689 3629/595/1086 1766/595/1739
f 3629/595/1086 3630/595/1086 1766/595/1739
f 1766/595/1739 3630/595/1086 1816/595/1787
f 3630/595/1086 3631/595/1086 1816/595/1787
f 1816/595/1787 3631/595/1086 1866/595/1836
f 3631/595/1086 3632/595/1086 1866/595/1836
f 1866/595/1836 3632/595/1086 1916/595/1885
f 3632/595/1086 3633/595/1086 1916/595/1885
f 1916/595/1885 3633/595/1086 1966/595/1935
f 3633/595/1086 3634/595/1086 1966/595/1935
f 1966/595/1935 3634/595/1086 2016/595/1985
f 3634/595/1086 3635/595/1086 2016/595/1985
f 2016/595/1985 3635/595/1086 2066/595/2033
f 3635/595/1086 3636/595/1086 2066/595/2033
f 2066/595/2033 3636/595/1086 2116/595/2081
f 3636/595/1086 3637/595/1086 2116/595/2081
f 2116/595/2081 3637/595/1086 2166/595/2131
f 3637/595/1086 3638/595/1086 2166/595/2131
f 2166/595/2131 3638/595/1086 2216/595/2181
f 3638/595/1086 3639/595/1086 2216/595/2181
f 2216/595/2181 3639/595/1086 2266/595/2230
f 3639/595/1086 3640/595/1086 2266/595/2230
f 2266/595/2230 3640/595/1086 2316/595/2280
f 3640/595/1086 3641/595/1086 2316/595/2280
f 2316/595/2280 3641/595/1086 2366/595/2330
f 3641/595/1086 3642/595/1086 2366/595/2330
f 2366/595/2330 3642/595/1086 2416/595/2379
f 3642/595/1086 3643/595/1086 2416/595/2379
f 2416/595/2379 3643/595/1086 2466/595/2425
f 3643/595/1086 3644/595/1086 2466/595/2425
f 2466/595/2425 3644/595/1086 2516/595/2472
f 3644/595/1086 3645/595/1086 2516/595/2472
f 2516/595/2472 3645/595/1086 2566/595/2522
f 3645/595/1086 3646/595/1086 2566/595/2522
f 2566/595/2522 3646/595/1086 2616/595/2571
f 3646/595/1086 3647/595/1086 2616/595/2571
f 2616/595/2571 3647/595/1086 2666/595/2620
f 3647/595/1086 3648/595/1086 2666/595/2620
f 2666/595/2620 3648/595/1086 2716/595/2670
f 3648/595/1086 3649/595/1086 2716/595/2670
f 2716/595/2670 3649/595/1086 2766/595/2720
f 3649/595/1086 3650/595/1086 2766/595/2720
f 2766/595/2720 3650/595/1086 2816/595/2769
f 3650/595/1086 3651/595/1086 2816/595/2769
f 2816/595/2769 3651/595/1086 2866/595/2814
f 3651/595/1086 3652/595/1086 2866/595/2814
f 2866/595/2814 3652/595/1086 2916/595/2861
f 3652/595/1086 3653/595/1086 2916/595/2861
f 2916/595/2861 3653/595/1086 2966/595/2910
f 3653/595/1086 3654/595/1086 2966/595/2910
f 2966/595/2910 3654/595/1086 3016/595/2960
f 3654/595/1086 3655/595/1086 3016/595/2960
f 3016/595/2960 3655/595/1086 3066/595/3010
f 3655/595/1086 3656/595/1086 3066/595/3010
f 3066/595/3010 3656/595/1086 3116/595/3060
f 3656/595/1086 3657/595/1086 3116/595/3060
f 3116/595/3060 3657/595/1086 3166/595/3110
f 3657/595/1086 3658/595/1086 3166/595/3110
f 3166/595/3110 3658/595/1086 3216/595/3160
f 3658/595/1086 3659/595/1086 3216/595/3160
f 3216/595/3160 3659/595/1086 3266/595/3210
f 3659/595/1086 3660/595/1086 3266/595/3210
f 3266/595/3210 3660/595/1086 3316/595/3260
f 3660/595/1086 3661/595/1086 3316/595/3260
f 3316/595/3260 3661/595/1086 3366/595/3310
f 3661/595/1086 3662/595/1086 3366/595/3310
f 3366/595/3310 3662/595/1086 3416/595/3357
f 3662/595/1086 3663/595/1086 3416/595/3357
f 3416/595/3357 3663/595/1086 3466/595/3399
f 3663/595/1086 3664/595/1086 3466/595/3399
f 3466/595/3399 3664/595/1086 3516/595/3443
f 3664/595/1086 3665/595/1086 3516/595/3443
f 3516/595/3443 3665/595/1086 3566/595/3493
f 3665/595/1086 3666/595/1086 3566/595/3493
f 3566/595/3493 3666/595/1086 3616/595/3543
