# Blender 5.0.1
# www.blender.org
mtllib cornell_box.mtl
o floor
v -1.000000 -1.000000 1.000000
v 1.000000 -1.000000 1.000000
v 1.000000 -1.000000 -1.000000
v -1.000000 -1.000000 -1.000000
vn -0.0000 1.0000 -0.0000
s 0
usemtl white
f 2//1 4//1 1//1
f 2//1 3//1 4//1
o ceiling
v -1.000000 1.000000 1.000000
v -1.000000 1.000000 -1.000000
v 1.000000 1.000000 -1.000000
v 1.000000 1.000000 1.000000
vn -0.0000 -1.0000 -0.0000
s 0
usemtl white
f 6//2 8//2 5//2
f 6//2 7//2 8//2
o back_wall
v -1.000000 -1.000000 -1.000000
v 1.000000 -1.000000 -1.000000
v 1.000000 1.000000 -1.000000
v -1.000000 1.000000 -1.000000
vn -0.0000 -0.0000 1.0000
s 0
usemtl white
f 10//3 12//3 9//3
f 10//3 11//3 12//3
o left_wall
v -1.000000 -1.000000 1.000000
v -1.000000 -1.000000 -1.000000
v -1.000000 1.000000 -1.000000
v -1.000000 1.000000 1.000000
vn 1.0000 -0.0000 -0.0000
s 0
usemtl red
f 14//4 16//4 13//4
f 14//4 15//4 16//4
o right_wall
v 1.000000 -1.000000 1.000000
v 1.000000 1.000000 1.000000
v 1.000000 1.000000 -1.000000
v 1.000000 -1.000000 -1.000000
vn -1.0000 -0.0000 -0.0000
s 0
usemtl green
f 18//5 20//5 17//5
f 18//5 19//5 20//5
o light
v -0.300000 0.999000 0.300000
v 0.300000 0.999000 0.300000
v 0.300000 0.999000 -0.300000
v -0.300000 0.999000 -0.300000
vn -0.0000 -1.0000 -0.0000
s 0
usemtl light
f 23//6 21//6 24//6
f 23//6 22//6 21//6
o tall_box
v 0.160989 -1.000000 -0.253694
v 0.160989 -0.400000 -0.253694
v 0.253694 -1.000000 -0.539011
v 0.253694 -0.400000 -0.539011
v 0.446306 -1.000000 -0.160989
v 0.446306 -0.400000 -0.160989
v 0.539011 -1.000000 -0.446306
v 0.539011 -0.400000 -0.446306
v 0.249280 -1.000000 -0.525424
v 0.244865 -1.000000 -0.511838
v 0.240450 -1.000000 -0.498251
v 0.236036 -1.000000 -0.484665
v 0.231621 -1.000000 -0.471078
v 0.227207 -1.000000 -0.457492
v 0.222792 -1.000000 -0.443905
v 0.218378 -1.000000 -0.430319
v 0.213963 -1.000000 -0.416732
v 0.209549 -1.000000 -0.403146
v 0.205134 -1.000000 -0.389559
v 0.200720 -1.000000 -0.375973
v 0.196305 -1.000000 -0.362386
v 0.191891 -1.000000 -0.348800
v 0.187476 -1.000000 -0.335213
v 0.183062 -1.000000 -0.321627
v 0.178647 -1.000000 -0.308040
v 0.174233 -1.000000 -0.294454
v 0.169818 -1.000000 -0.280867
v 0.165403 -1.000000 -0.267281
v 0.160989 -0.971429 -0.253694
v 0.160989 -0.942857 -0.253694
v 0.160989 -0.914286 -0.253694
v 0.160989 -0.885714 -0.253694
v 0.160989 -0.857143 -0.253694
v 0.160989 -0.828571 -0.253694
v 0.160989 -0.800000 -0.253694
v 0.160989 -0.771429 -0.253694
v 0.160989 -0.742857 -0.253694
v 0.160989 -0.714286 -0.253694
v 0.160989 -0.685714 -0.253694
v 0.160989 -0.657143 -0.253694
v 0.160989 -0.628571 -0.253694
v 0.160989 -0.600000 -0.253694
v 0.160989 -0.571429 -0.253694
v 0.160989 -0.542857 -0.253694
v 0.160989 -0.514286 -0.253694
v 0.160989 -0.485714 -0.253694
v 0.160989 -0.457143 -0.253694
v 0.160989 -0.428571 -0.253694
v 0.165403 -0.400000 -0.267281
v 0.169818 -0.400000 -0.280867
v 0.174233 -0.400000 -0.294454
v 0.178647 -0.400000 -0.308040
v 0.183062 -0.400000 -0.321627
v 0.187476 -0.400000 -0.335213
v 0.191891 -0.400000 -0.348800
v 0.196305 -0.400000 -0.362386
v 0.200720 -0.400000 -0.375973
v 0.205134 -0.400000 -0.389559
v 0.209549 -0.400000 -0.403146
v 0.213963 -0.400000 -0.416732
v 0.218378 -0.400000 -0.430319
v 0.222792 -0.400000 -0.443905
v 0.227207 -0.400000 -0.457492
v 0.231621 -0.400000 -0.471078
v 0.236036 -0.400000 -0.484665
v 0.240450 -0.400000 -0.498251
v 0.244865 -0.400000 -0.511838
v 0.249280 -0.400000 -0.525424
v 0.253694 -0.428571 -0.539011
v 0.253694 -0.457143 -0.539011
v 0.253694 -0.485714 -0.539011
v 0.253694 -0.514286 -0.539011
v 0.253694 -0.542857 -0.539011
v 0.253694 -0.571429 -0.539011
v 0.253694 -0.600000 -0.539011
v 0.253694 -0.628571 -0.539011
v 0.253694 -0.657143 -0.539011
v 0.253694 -0.685714 -0.539011
v 0.253694 -0.714286 -0.539011
v 0.253694 -0.742857 -0.539011
v 0.253694 -0.771429 -0.539011
v 0.253694 -0.800000 -0.539011
v 0.253694 -0.828571 -0.539011
v 0.253694 -0.857143 -0.539011
v 0.253694 -0.885714 -0.539011
v 0.253694 -0.914286 -0.539011
v 0.253694 -0.942857 -0.539011
v 0.253694 -0.971429 -0.539011
v 0.525424 -1.000000 -0.450720
v 0.511838 -1.000000 -0.455135
v 0.498251 -1.000000 -0.459550
v 0.484665 -1.000000 -0.463964
v 0.471078 -1.000000 -0.468379
v 0.457492 -1.000000 -0.472793
v 0.443905 -1.000000 -0.477208
v 0.430319 -1.000000 -0.481622
v 0.416732 -1.000000 -0.486037
v 0.403146 -1.000000 -0.490451
v 0.389559 -1.000000 -0.494866
v 0.375973 -1.000000 -0.499280
v 0.362386 -1.000000 -0.503695
v 0.348800 -1.000000 -0.508109
v 0.335213 -1.000000 -0.512524
v 0.321627 -1.000000 -0.516938
v 0.308040 -1.000000 -0.521353
v 0.294454 -1.000000 -0.525767
v 0.280867 -1.000000 -0.530182
v 0.267281 -1.000000 -0.534597
v 0.267281 -0.400000 -0.534597
v 0.280867 -0.400000 -0.530182
v 0.294454 -0.400000 -0.525767
v 0.308040 -0.400000 -0.521353
v 0.321627 -0.400000 -0.516938
v 0.335213 -0.400000 -0.512524
v 0.348800 -0.400000 -0.508109
v 0.362386 -0.400000 -0.503695
v 0.375973 -0.400000 -0.499280
v 0.389559 -0.400000 -0.494866
v 0.403146 -0.400000 -0.490451
v 0.416732 -0.400000 -0.486037
v 0.430319 -0.400000 -0.481622
v 0.443905 -0.400000 -0.477208
v 0.457492 -0.400000 -0.472793
v 0.471078 -0.400000 -0.468379
v 0.484665 -0.400000 -0.463964
v 0.498251 -0.400000 -0.459550
v 0.511838 -0.400000 -0.455135
v 0.525424 -0.400000 -0.450720
v 0.539011 -0.428571 -0.446306
v 0.539011 -0.457143 -0.446306
v 0.539011 -0.485714 -0.446306
v 0.539011 -0.514286 -0.446306
v 0.539011 -0.542857 -0.446306
v 0.539011 -0.571429 -0.446306
v 0.539011 -0.600000 -0.446306
v 0.539011 -0.628571 -0.446306
v 0.539011 -0.657143 -0.446306
v 0.539011 -0.685714 -0.446306
v 0.539011 -0.714286 -0.446306
v 0.539011 -0.742857 -0.446306
v 0.539011 -0.771429 -0.446306
v 0.539011 -0.800000 -0.446306
v 0.539011 -0.828571 -0.446306
v 0.539011 -0.857143 -0.446306
v 0.539011 -0.885714 -0.446306
v 0.539011 -0.914286 -0.446306
v 0.539011 -0.942857 -0.446306
v 0.539011 -0.971429 -0.446306
v 0.450720 -1.000000 -0.174575
v 0.455135 -1.000000 -0.188162
v 0.459550 -1.000000 -0.201749
v 0.463964 -1.000000 -0.215335
v 0.468379 -1.000000 -0.228922
v 0.472793 -1.000000 -0.242508
v 0.477208 -1.000000 -0.256095
v 0.481622 -1.000000 -0.269681
v 0.486037 -1.000000 -0.283268
v 0.490451 -1.000000 -0.296854
v 0.494866 -1.000000 -0.310441
v 0.499280 -1.000000 -0.324027
v 0.503695 -1.000000 -0.337614
v 0.508109 -1.000000 -0.351200
v 0.512524 -1.000000 -0.364787
v 0.516938 -1.000000 -0.378373
v 0.521353 -1.000000 -0.391960
v 0.525767 -1.000000 -0.405546
v 0.530182 -1.000000 -0.419133
v 0.534597 -1.000000 -0.432719
v 0.534597 -0.400000 -0.432719
v 0.530182 -0.400000 -0.419133
v 0.525767 -0.400000 -0.405546
v 0.521353 -0.400000 -0.391960
v 0.516938 -0.400000 -0.378373
v 0.512524 -0.400000 -0.364787
v 0.508109 -0.400000 -0.351200
v 0.503695 -0.400000 -0.337614
v 0.499280 -0.400000 -0.324027
v 0.494866 -0.400000 -0.310441
v 0.490451 -0.400000 -0.296854
v 0.486037 -0.400000 -0.283268
v 0.481622 -0.400000 -0.269681
v 0.477208 -0.400000 -0.256095
v 0.472793 -0.400000 -0.242508
v 0.468379 -0.400000 -0.228922
v 0.463964 -0.400000 -0.215335
v 0.459550 -0.400000 -0.201749
v 0.455135 -0.400000 -0.188162
v 0.450720 -0.400000 -0.174575
v 0.446306 -0.428571 -0.160989
v 0.446306 -0.457143 -0.160989
v 0.446306 -0.485714 -0.160989
v 0.446306 -0.514286 -0.160989
v 0.446306 -0.542857 -0.160989
v 0.446306 -0.571429 -0.160989
v 0.446306 -0.600000 -0.160989
v 0.446306 -0.628571 -0.160989
v 0.446306 -0.657143 -0.160989
v 0.446306 -0.685714 -0.160989
v 0.446306 -0.714286 -0.160989
v 0.446306 -0.742857 -0.160989
v 0.446306 -0.771429 -0.160989
v 0.446306 -0.800000 -0.160989
v 0.446306 -0.828571 -0.160989
v 0.446306 -0.857143 -0.160989
v 0.446306 -0.885714 -0.160989
v 0.446306 -0.914286 -0.160989
v 0.446306 -0.942857 -0.160989
v 0.446306 -0.971429 -0.160989
v 0.174575 -1.000000 -0.249280
v 0.188162 -1.000000 -0.244865
v 0.201749 -1.000000 -0.240450
v 0.215335 -1.000000 -0.236036
v 0.228922 -1.000000 -0.231621
v 0.242508 -1.000000 -0.227207
v 0.256095 -1.000000 -0.222792
v 0.269681 -1.000000 -0.218378
v 0.283268 -1.000000 -0.213963
v 0.296854 -1.000000 -0.209549
v 0.310441 -1.000000 -0.205134
v 0.324027 -1.000000 -0.200720
v 0.337614 -1.000000 -0.196305
v 0.351200 -1.000000 -0.191891
v 0.364787 -1.000000 -0.187476
v 0.378373 -1.000000 -0.183062
v 0.391960 -1.000000 -0.178647
v 0.405546 -1.000000 -0.174233
v 0.419133 -1.000000 -0.169818
v 0.432719 -1.000000 -0.165403
v 0.432719 -0.400000 -0.165403
v 0.419133 -0.400000 -0.169818
v 0.405546 -0.400000 -0.174233
v 0.391960 -0.400000 -0.178647
v 0.378373 -0.400000 -0.183062
v 0.364787 -0.400000 -0.187476
v 0.351200 -0.400000 -0.191891
v 0.337614 -0.400000 -0.196305
v 0.324027 -0.400000 -0.200720
v 0.310441 -0.400000 -0.205134
v 0.296854 -0.400000 -0.209549
v 0.283268 -0.400000 -0.213963
v 0.269681 -0.400000 -0.218378
v 0.256095 -0.400000 -0.222792
v 0.242508 -0.400000 -0.227207
v 0.228922 -0.400000 -0.231621
v 0.215335 -0.400000 -0.236036
v 0.201749 -0.400000 -0.240450
v 0.188162 -0.400000 -0.244865
v 0.174575 -0.400000 -0.249280
v 0.521010 -0.400000 -0.437134
v 0.516595 -0.400000 -0.423547
v 0.512181 -0.400000 -0.409961
v 0.507766 -0.400000 -0.396374
v 0.503352 -0.400000 -0.382788
v 0.498937 -0.400000 -0.369201
v 0.494523 -0.400000 -0.355615
v 0.490108 -0.400000 -0.342028
v 0.485694 -0.400000 -0.328442
v 0.481279 -0.400000 -0.314855
v 0.476865 -0.400000 -0.301269
v 0.472450 -0.400000 -0.287682
v 0.468036 -0.400000 -0.274096
v 0.463621 -0.400000 -0.260509
v 0.459207 -0.400000 -0.246923
v 0.454792 -0.400000 -0.233336
v 0.450378 -0.400000 -0.219750
v 0.445963 -0.400000 -0.206163
v 0.441548 -0.400000 -0.192577
v 0.437134 -0.400000 -0.178990
v 0.507423 -0.400000 -0.441548
v 0.503009 -0.400000 -0.427962
v 0.498594 -0.400000 -0.414375
v 0.494180 -0.400000 -0.400789
v 0.489765 -0.400000 -0.387202
v 0.485351 -0.400000 -0.373616
v 0.480936 -0.400000 -0.360029
v 0.476522 -0.400000 -0.346443
v 0.472107 -0.400000 -0.332856
v 0.467693 -0.400000 -0.319270
v 0.463278 -0.400000 -0.305683
v 0.458864 -0.400000 -0.292097
v 0.454449 -0.400000 -0.278510
v 0.450035 -0.400000 -0.264924
v 0.445620 -0.400000 -0.251337
v 0.441206 -0.400000 -0.237751
v 0.436791 -0.400000 -0.224164
v 0.432376 -0.400000 -0.210578
v 0.427962 -0.400000 -0.196991
v 0.423547 -0.400000 -0.183405
v 0.493837 -0.400000 -0.445963
v 0.489422 -0.400000 -0.432376
v 0.485008 -0.400000 -0.418790
v 0.480593 -0.400000 -0.405203
v 0.476179 -0.400000 -0.391617
v 0.471764 -0.400000 -0.378030
v 0.467350 -0.400000 -0.364444
v 0.462935 -0.400000 -0.350857
v 0.458521 -0.400000 -0.337271
v 0.454106 -0.400000 -0.323684
v 0.449692 -0.400000 -0.310098
v 0.445277 -0.400000 -0.296511
v 0.440863 -0.400000 -0.282925
v 0.436448 -0.400000 -0.269338
v 0.432034 -0.400000 -0.255752
v 0.427619 -0.400000 -0.242165
v 0.423204 -0.400000 -0.228579
v 0.418790 -0.400000 -0.214992
v 0.414375 -0.400000 -0.201406
v 0.409961 -0.400000 -0.187819
v 0.480250 -0.400000 -0.450378
v 0.475836 -0.400000 -0.436791
v 0.471421 -0.400000 -0.423204
v 0.467007 -0.400000 -0.409618
v 0.462592 -0.400000 -0.396031
v 0.458178 -0.400000 -0.382445
v 0.453763 -0.400000 -0.368858
v 0.449349 -0.400000 -0.355272
v 0.444934 -0.400000 -0.341685
v 0.440520 -0.400000 -0.328099
v 0.436105 -0.400000 -0.314512
v 0.431691 -0.400000 -0.300926
v 0.427276 -0.400000 -0.287339
v 0.422862 -0.400000 -0.273753
v 0.418447 -0.400000 -0.260166
v 0.414032 -0.400000 -0.246580
v 0.409618 -0.400000 -0.232993
v 0.405203 -0.400000 -0.219407
v 0.400789 -0.400000 -0.205820
v 0.396374 -0.400000 -0.192234
v 0.466664 -0.400000 -0.454792
v 0.462249 -0.400000 -0.441206
v 0.457835 -0.400000 -0.427619
v 0.453420 -0.400000 -0.414032
v 0.449006 -0.400000 -0.400446
v 0.444591 -0.400000 -0.386859
v 0.440177 -0.400000 -0.373273
v 0.435762 -0.400000 -0.359686
v 0.431348 -0.400000 -0.346100
v 0.426933 -0.400000 -0.332513
v 0.422519 -0.400000 -0.318927
v 0.418104 -0.400000 -0.305340
v 0.413690 -0.400000 -0.291754
v 0.409275 -0.400000 -0.278167
v 0.404860 -0.400000 -0.264581
v 0.400446 -0.400000 -0.250994
v 0.396031 -0.400000 -0.237408
v 0.391617 -0.400000 -0.223821
v 0.387202 -0.400000 -0.210235
v 0.382788 -0.400000 -0.196648
v 0.453077 -0.400000 -0.459207
v 0.448663 -0.400000 -0.445620
v 0.444248 -0.400000 -0.432034
v 0.439834 -0.400000 -0.418447
v 0.435419 -0.400000 -0.404860
v 0.431005 -0.400000 -0.391274
v 0.426590 -0.400000 -0.377687
v 0.422176 -0.400000 -0.364101
v 0.417761 -0.400000 -0.350514
v 0.413347 -0.400000 -0.336928
v 0.408932 -0.400000 -0.323341
v 0.404518 -0.400000 -0.309755
v 0.400103 -0.400000 -0.296168
v 0.395688 -0.400000 -0.282582
v 0.391274 -0.400000 -0.268995
v 0.386859 -0.400000 -0.255409
v 0.382445 -0.400000 -0.241822
v 0.378030 -0.400000 -0.228236
v 0.373616 -0.400000 -0.214649
v 0.369201 -0.400000 -0.201063
v 0.439491 -0.400000 -0.463621
v 0.435076 -0.400000 -0.450035
v 0.430662 -0.400000 -0.436448
v 0.426247 -0.400000 -0.422862
v 0.421833 -0.400000 -0.409275
v 0.417418 -0.400000 -0.395689
v 0.413004 -0.400000 -0.382102
v 0.408589 -0.400000 -0.368515
v 0.404175 -0.400000 -0.354929
v 0.399760 -0.400000 -0.341342
v 0.395346 -0.400000 -0.327756
v 0.390931 -0.400000 -0.314169
v 0.386517 -0.400000 -0.300583
v 0.382102 -0.400000 -0.286996
v 0.377687 -0.400000 -0.273410
v 0.373273 -0.400000 -0.259823
v 0.368858 -0.400000 -0.246237
v 0.364444 -0.400000 -0.232650
v 0.360029 -0.400000 -0.219064
v 0.355615 -0.400000 -0.205477
v 0.425904 -0.400000 -0.468036
v 0.421490 -0.400000 -0.454449
v 0.417075 -0.400000 -0.440863
v 0.412661 -0.400000 -0.427276
v 0.408246 -0.400000 -0.413690
v 0.403832 -0.400000 -0.400103
v 0.399417 -0.400000 -0.386517
v 0.395003 -0.400000 -0.372930
v 0.390588 -0.400000 -0.359343
v 0.386174 -0.400000 -0.345757
v 0.381759 -0.400000 -0.332170
v 0.377344 -0.400000 -0.318584
v 0.372930 -0.400000 -0.304997
v 0.368515 -0.400000 -0.291411
v 0.364101 -0.400000 -0.277824
v 0.359686 -0.400000 -0.264238
v 0.355272 -0.400000 -0.250651
v 0.350857 -0.400000 -0.237065
v 0.346443 -0.400000 -0.223478
v 0.342028 -0.400000 -0.209892
v 0.412318 -0.400000 -0.472450
v 0.407903 -0.400000 -0.458864
v 0.403489 -0.400000 -0.445277
v 0.399074 -0.400000 -0.431691
v 0.394660 -0.400000 -0.418104
v 0.390245 -0.400000 -0.404518
v 0.385831 -0.400000 -0.390931
v 0.381416 -0.400000 -0.377345
v 0.377002 -0.400000 -0.363758
v 0.372587 -0.400000 -0.350171
v 0.368173 -0.400000 -0.336585
v 0.363758 -0.400000 -0.322998
v 0.359343 -0.400000 -0.309412
v 0.354929 -0.400000 -0.295825
v 0.350514 -0.400000 -0.282239
v 0.346100 -0.400000 -0.268652
v 0.341685 -0.400000 -0.255066
v 0.337271 -0.400000 -0.241479
v 0.332856 -0.400000 -0.227893
v 0.328442 -0.400000 -0.214306
v 0.398731 -0.400000 -0.476865
v 0.394317 -0.400000 -0.463278
v 0.389902 -0.400000 -0.449692
v 0.385488 -0.400000 -0.436105
v 0.381073 -0.400000 -0.422519
v 0.376659 -0.400000 -0.408932
v 0.372244 -0.400000 -0.395346
v 0.367830 -0.400000 -0.381759
v 0.363415 -0.400000 -0.368173
v 0.359001 -0.400000 -0.354586
v 0.354586 -0.400000 -0.340999
v 0.350171 -0.400000 -0.327413
v 0.345757 -0.400000 -0.313826
v 0.341342 -0.400000 -0.300240
v 0.336928 -0.400000 -0.286653
v 0.332513 -0.400000 -0.273067
v 0.328099 -0.400000 -0.259480
v 0.323684 -0.400000 -0.245894
v 0.319270 -0.400000 -0.232307
v 0.314855 -0.400000 -0.218721
v 0.385145 -0.400000 -0.481279
v 0.380730 -0.400000 -0.467693
v 0.376316 -0.400000 -0.454106
v 0.371901 -0.400000 -0.440520
v 0.367487 -0.400000 -0.426933
v 0.363072 -0.400000 -0.413347
v 0.358658 -0.400000 -0.399760
v 0.354243 -0.400000 -0.386174
v 0.349829 -0.400000 -0.372587
v 0.345414 -0.400000 -0.359001
v 0.340999 -0.400000 -0.345414
v 0.336585 -0.400000 -0.331827
v 0.332170 -0.400000 -0.318241
v 0.327756 -0.400000 -0.304654
v 0.323341 -0.400000 -0.291068
v 0.318927 -0.400000 -0.277481
v 0.314512 -0.400000 -0.263895
v 0.310098 -0.400000 -0.250308
v 0.305683 -0.400000 -0.236722
v 0.301269 -0.400000 -0.223135
v 0.371558 -0.400000 -0.485694
v 0.367144 -0.400000 -0.472107
v 0.362729 -0.400000 -0.458521
v 0.358315 -0.400000 -0.444934
v 0.353900 -0.400000 -0.431348
v 0.349486 -0.400000 -0.417761
v 0.345071 -0.400000 -0.404175
v 0.340657 -0.400000 -0.390588
v 0.336242 -0.400000 -0.377002
v 0.331827 -0.400000 -0.363415
v 0.327413 -0.400000 -0.349829
v 0.322998 -0.400000 -0.336242
v 0.318584 -0.400000 -0.322655
v 0.314169 -0.400000 -0.309069
v 0.309755 -0.400000 -0.295482
v 0.305340 -0.400000 -0.281896
v 0.300926 -0.400000 -0.268309
v 0.296511 -0.400000 -0.254723
v 0.292097 -0.400000 -0.241136
v 0.287682 -0.400000 -0.227550
v 0.357972 -0.400000 -0.490108
v 0.353557 -0.400000 -0.476522
v 0.349143 -0.400000 -0.462935
v 0.344728 -0.400000 -0.449349
v 0.340314 -0.400000 -0.435762
v 0.335899 -0.400000 -0.422176
v 0.331485 -0.400000 -0.408589
v 0.327070 -0.400000 -0.395003
v 0.322655 -0.400000 -0.381416
v 0.318241 -0.400000 -0.367830
v 0.313826 -0.400000 -0.354243
v 0.309412 -0.400000 -0.340657
v 0.304997 -0.400000 -0.327070
v 0.300583 -0.400000 -0.313483
v 0.296168 -0.400000 -0.299897
v 0.291754 -0.400000 -0.286310
v 0.287339 -0.400000 -0.272724
v 0.282925 -0.400000 -0.259137
v 0.278510 -0.400000 -0.245551
v 0.274096 -0.400000 -0.231964
v 0.344385 -0.400000 -0.494523
v 0.339971 -0.400000 -0.480936
v 0.335556 -0.400000 -0.467350
v 0.331142 -0.400000 -0.453763
v 0.326727 -0.400000 -0.440177
v 0.322313 -0.400000 -0.426590
v 0.317898 -0.400000 -0.413004
v 0.313483 -0.400000 -0.399417
v 0.309069 -0.400000 -0.385831
v 0.304654 -0.400000 -0.372244
v 0.300240 -0.400000 -0.358658
v 0.295825 -0.400000 -0.345071
v 0.291411 -0.400000 -0.331485
v 0.286996 -0.400000 -0.317898
v 0.282582 -0.400000 -0.304311
v 0.278167 -0.400000 -0.290725
v 0.273753 -0.400000 -0.277138
v 0.269338 -0.400000 -0.263552
v 0.264924 -0.400000 -0.249965
v 0.260509 -0.400000 -0.236379
v 0.330799 -0.400000 -0.498937
v 0.326384 -0.400000 -0.485351
v 0.321970 -0.400000 -0.471764
v 0.317555 -0.400000 -0.458178
v 0.313141 -0.400000 -0.444591
v 0.308726 -0.400000 -0.431005
v 0.304311 -0.400000 -0.417418
v 0.299897 -0.400000 -0.403832
v 0.295482 -0.400000 -0.390245
v 0.291068 -0.400000 -0.376659
v 0.286653 -0.400000 -0.363072
v 0.282239 -0.400000 -0.349486
v 0.277824 -0.400000 -0.335899
v 0.273410 -0.400000 -0.322313
v 0.268995 -0.400000 -0.308726
v 0.264581 -0.400000 -0.295139
v 0.260166 -0.400000 -0.281553
v 0.255752 -0.400000 -0.267966
v 0.251337 -0.400000 -0.254380
v 0.246923 -0.400000 -0.240793
v 0.317212 -0.400000 -0.503352
v 0.312798 -0.400000 -0.489765
v 0.308383 -0.400000 -0.476179
v 0.303969 -0.400000 -0.462592
v 0.299554 -0.400000 -0.449006
v 0.295139 -0.400000 -0.435419
v 0.290725 -0.400000 -0.421833
v 0.286310 -0.400000 -0.408246
v 0.281896 -0.400000 -0.394660
v 0.277481 -0.400000 -0.381073
v 0.273067 -0.400000 -0.367487
v 0.268652 -0.400000 -0.353900
v 0.264238 -0.400000 -0.340314
v 0.259823 -0.400000 -0.326727
v 0.255409 -0.400000 -0.313141
v 0.250994 -0.400000 -0.299554
v 0.246580 -0.400000 -0.285967
v 0.242165 -0.400000 -0.272381
v 0.237751 -0.400000 -0.258794
v 0.233336 -0.400000 -0.245208
v 0.303626 -0.400000 -0.507766
v 0.299211 -0.400000 -0.494180
v 0.294797 -0.400000 -0.480593
v 0.290382 -0.400000 -0.467007
v 0.285967 -0.400000 -0.453420
v 0.281553 -0.400000 -0.439834
v 0.277138 -0.400000 -0.426247
v 0.272724 -0.400000 -0.412661
v 0.268309 -0.400000 -0.399074
v 0.263895 -0.400000 -0.385488
v 0.259480 -0.400000 -0.371901
v 0.255066 -0.400000 -0.358315
v 0.250651 -0.400000 -0.344728
v 0.246237 -0.400000 -0.331142
v 0.241822 -0.400000 -0.317555
v 0.237408 -0.400000 -0.303969
v 0.232993 -0.400000 -0.290382
v 0.228579 -0.400000 -0.276796
v 0.224164 -0.400000 -0.263209
v 0.219750 -0.400000 -0.249622
v 0.290039 -0.400000 -0.512181
v 0.285625 -0.400000 -0.498594
v 0.281210 -0.400000 -0.485008
v 0.276796 -0.400000 -0.471421
v 0.272381 -0.400000 -0.457835
v 0.267966 -0.400000 -0.444248
v 0.263552 -0.400000 -0.430662
v 0.259137 -0.400000 -0.417075
v 0.254723 -0.400000 -0.403489
v 0.250308 -0.400000 -0.389902
v 0.245894 -0.400000 -0.376316
v 0.241479 -0.400000 -0.362729
v 0.237065 -0.400000 -0.349143
v 0.232650 -0.400000 -0.335556
v 0.228236 -0.400000 -0.321970
v 0.223821 -0.400000 -0.308383
v 0.219407 -0.400000 -0.294797
v 0.214992 -0.400000 -0.281210
v 0.210578 -0.400000 -0.267624
v 0.206163 -0.400000 -0.254037
v 0.276453 -0.400000 -0.516595
v 0.272038 -0.400000 -0.503009
v 0.267624 -0.400000 -0.489422
v 0.263209 -0.400000 -0.475836
v 0.258794 -0.400000 -0.462249
v 0.254380 -0.400000 -0.448663
v 0.249965 -0.400000 -0.435076
v 0.245551 -0.400000 -0.421490
v 0.241136 -0.400000 -0.407903
v 0.236722 -0.400000 -0.394317
v 0.232307 -0.400000 -0.380730
v 0.227893 -0.400000 -0.367144
v 0.223478 -0.400000 -0.353557
v 0.219064 -0.400000 -0.339971
v 0.214649 -0.400000 -0.326384
v 0.210235 -0.400000 -0.312798
v 0.205820 -0.400000 -0.299211
v 0.201406 -0.400000 -0.285625
v 0.196991 -0.400000 -0.272038
v 0.192577 -0.400000 -0.258452
v 0.262866 -0.400000 -0.521010
v 0.258452 -0.400000 -0.507423
v 0.254037 -0.400000 -0.493837
v 0.249622 -0.400000 -0.480250
v 0.245208 -0.400000 -0.466664
v 0.240793 -0.400000 -0.453077
v 0.236379 -0.400000 -0.439491
v 0.231964 -0.400000 -0.425904
v 0.227550 -0.400000 -0.412318
v 0.223135 -0.400000 -0.398731
v 0.218721 -0.400000 -0.385145
v 0.214306 -0.400000 -0.371558
v 0.209892 -0.400000 -0.357972
v 0.205477 -0.400000 -0.344385
v 0.201063 -0.400000 -0.330799
v 0.196648 -0.400000 -0.317212
v 0.192234 -0.400000 -0.303626
v 0.187819 -0.400000 -0.290039
v 0.183405 -0.400000 -0.276453
v 0.178990 -0.400000 -0.262866
v 0.262866 -1.000000 -0.521010
v 0.258452 -1.000000 -0.507423
v 0.254037 -1.000000 -0.493837
v 0.249622 -1.000000 -0.480250
v 0.245208 -1.000000 -0.466664
v 0.240793 -1.000000 -0.453077
v 0.236379 -1.000000 -0.439491
v 0.231964 -1.000000 -0.425904
v 0.227550 -1.000000 -0.412318
v 0.223135 -1.000000 -0.398731
v 0.218721 -1.000000 -0.385145
v 0.214306 -1.000000 -0.371558
v 0.209892 -1.000000 -0.357972
v 0.205477 -1.000000 -0.344385
v 0.201063 -1.000000 -0.330799
v 0.196648 -1.000000 -0.317212
v 0.192234 -1.000000 -0.303626
v 0.187819 -1.000000 -0.290039
v 0.183405 -1.000000 -0.276453
v 0.178990 -1.000000 -0.262866
v 0.276453 -1.000000 -0.516595
v 0.272038 -1.000000 -0.503009
v 0.267624 -1.000000 -0.489422
v 0.263209 -1.000000 -0.475836
v 0.258794 -1.000000 -0.462249
v 0.254380 -1.000000 -0.448663
v 0.249965 -1.000000 -0.435076
v 0.245551 -1.000000 -0.421490
v 0.241136 -1.000000 -0.407903
v 0.236722 -1.000000 -0.394317
v 0.232307 -1.000000 -0.380730
v 0.227893 -1.000000 -0.367144
v 0.223478 -1.000000 -0.353557
v 0.219064 -1.000000 -0.339971
v 0.214649 -1.000000 -0.326384
v 0.210235 -1.000000 -0.312798
v 0.205820 -1.000000 -0.299211
v 0.201406 -1.000000 -0.285625
v 0.196991 -1.000000 -0.272038
v 0.192577 -1.000000 -0.258452
v 0.290039 -1.000000 -0.512181
v 0.285625 -1.000000 -0.498594
v 0.281210 -1.000000 -0.485008
v 0.276796 -1.000000 -0.471421
v 0.272381 -1.000000 -0.457835
v 0.267966 -1.000000 -0.444248
v 0.263552 -1.000000 -0.430662
v 0.259137 -1.000000 -0.417075
v 0.254723 -1.000000 -0.403489
v 0.250308 -1.000000 -0.389902
v 0.245894 -1.000000 -0.376316
v 0.241479 -1.000000 -0.362729
v 0.237065 -1.000000 -0.349143
v 0.232650 -1.000000 -0.335556
v 0.228236 -1.000000 -0.321970
v 0.223821 -1.000000 -0.308383
v 0.219407 -1.000000 -0.294797
v 0.214992 -1.000000 -0.281210
v 0.210578 -1.000000 -0.267624
v 0.206163 -1.000000 -0.254037
v 0.303626 -1.000000 -0.507766
v 0.299211 -1.000000 -0.494180
v 0.294797 -1.000000 -0.480593
v 0.290382 -1.000000 -0.467007
v 0.285967 -1.000000 -0.453420
v 0.281553 -1.000000 -0.439834
v 0.277138 -1.000000 -0.426247
v 0.272724 -1.000000 -0.412661
v 0.268309 -1.000000 -0.399074
v 0.263895 -1.000000 -0.385488
v 0.259480 -1.000000 -0.371901
v 0.255066 -1.000000 -0.358315
v 0.250651 -1.000000 -0.344728
v 0.246237 -1.000000 -0.331142
v 0.241822 -1.000000 -0.317555
v 0.237408 -1.000000 -0.303969
v 0.232993 -1.000000 -0.290382
v 0.228579 -1.000000 -0.276796
v 0.224164 -1.000000 -0.263209
v 0.219750 -1.000000 -0.249622
v 0.317212 -1.000000 -0.503352
v 0.312798 -1.000000 -0.489765
v 0.308383 -1.000000 -0.476179
v 0.303969 -1.000000 -0.462592
v 0.299554 -1.000000 -0.449006
v 0.295139 -1.000000 -0.435419
v 0.290725 -1.000000 -0.421833
v 0.286310 -1.000000 -0.408246
v 0.281896 -1.000000 -0.394660
v 0.277481 -1.000000 -0.381073
v 0.273067 -1.000000 -0.367487
v 0.268652 -1.000000 -0.353900
v 0.264238 -1.000000 -0.340314
v 0.259823 -1.000000 -0.326727
v 0.255409 -1.000000 -0.313141
v 0.250994 -1.000000 -0.299554
v 0.246580 -1.000000 -0.285967
v 0.242165 -1.000000 -0.272381
v 0.237751 -1.000000 -0.258794
v 0.233336 -1.000000 -0.245208
v 0.330799 -1.000000 -0.498937
v 0.326384 -1.000000 -0.485351
v 0.321970 -1.000000 -0.471764
v 0.317555 -1.000000 -0.458178
v 0.313141 -1.000000 -0.444591
v 0.308726 -1.000000 -0.431005
v 0.304311 -1.000000 -0.417418
v 0.299897 -1.000000 -0.403832
v 0.295482 -1.000000 -0.390245
v 0.291068 -1.000000 -0.376659
v 0.286653 -1.000000 -0.363072
v 0.282239 -1.000000 -0.349486
v 0.277824 -1.000000 -0.335899
v 0.273410 -1.000000 -0.322313
v 0.268995 -1.000000 -0.308726
v 0.264581 -1.000000 -0.295139
v 0.260166 -1.000000 -0.281553
v 0.255752 -1.000000 -0.267966
v 0.251337 -1.000000 -0.254380
v 0.246923 -1.000000 -0.240793
v 0.344385 -1.000000 -0.494523
v 0.339971 -1.000000 -0.480936
v 0.335556 -1.000000 -0.467350
v 0.331142 -1.000000 -0.453763
v 0.326727 -1.000000 -0.440177
v 0.322313 -1.000000 -0.426590
v 0.317898 -1.000000 -0.413004
v 0.313483 -1.000000 -0.399417
v 0.309069 -1.000000 -0.385831
v 0.304654 -1.000000 -0.372244
v 0.300240 -1.000000 -0.358658
v 0.295825 -1.000000 -0.345071
v 0.291411 -1.000000 -0.331485
v 0.286996 -1.000000 -0.317898
v 0.282582 -1.000000 -0.304311
v 0.278167 -1.000000 -0.290725
v 0.273753 -1.000000 -0.277138
v 0.269338 -1.000000 -0.263552
v 0.264924 -1.000000 -0.249965
v 0.260509 -1.000000 -0.236379
v 0.357972 -1.000000 -0.490108
v 0.353557 -1.000000 -0.476522
v 0.349143 -1.000000 -0.462935
v 0.344728 -1.000000 -0.449349
v 0.340314 -1.000000 -0.435762
v 0.335899 -1.000000 -0.422176
v 0.331485 -1.000000 -0.408589
v 0.327070 -1.000000 -0.395003
v 0.322655 -1.000000 -0.381416
v 0.318241 -1.000000 -0.367830
v 0.313826 -1.000000 -0.354243
v 0.309412 -1.000000 -0.340657
v 0.304997 -1.000000 -0.327070
v 0.300583 -1.000000 -0.313483
v 0.296168 -1.000000 -0.299897
v 0.291754 -1.000000 -0.286310
v 0.287339 -1.000000 -0.272724
v 0.282925 -1.000000 -0.259137
v 0.278510 -1.000000 -0.245551
v 0.274096 -1.000000 -0.231964
v 0.371558 -1.000000 -0.485694
v 0.367144 -1.000000 -0.472107
v 0.362729 -1.000000 -0.458521
v 0.358315 -1.000000 -0.444934
v 0.353900 -1.000000 -0.431348
v 0.349486 -1.000000 -0.417761
v 0.345071 -1.000000 -0.404175
v 0.340657 -1.000000 -0.390588
v 0.336242 -1.000000 -0.377002
v 0.331827 -1.000000 -0.363415
v 0.327413 -1.000000 -0.349829
v 0.322998 -1.000000 -0.336242
v 0.318584 -1.000000 -0.322655
v 0.314169 -1.000000 -0.309069
v 0.309755 -1.000000 -0.295482
v 0.305340 -1.000000 -0.281896
v 0.300926 -1.000000 -0.268309
v 0.296511 -1.000000 -0.254723
v 0.292097 -1.000000 -0.241136
v 0.287682 -1.000000 -0.227550
v 0.385145 -1.000000 -0.481279
v 0.380730 -1.000000 -0.467693
v 0.376316 -1.000000 -0.454106
v 0.371901 -1.000000 -0.440520
v 0.367487 -1.000000 -0.426933
v 0.363072 -1.000000 -0.413347
v 0.358658 -1.000000 -0.399760
v 0.354243 -1.000000 -0.386174
v 0.349829 -1.000000 -0.372587
v 0.345414 -1.000000 -0.359001
v 0.340999 -1.000000 -0.345414
v 0.336585 -1.000000 -0.331827
v 0.332170 -1.000000 -0.318241
v 0.327756 -1.000000 -0.304654
v 0.323341 -1.000000 -0.291068
v 0.318927 -1.000000 -0.277481
v 0.314512 -1.000000 -0.263895
v 0.310098 -1.000000 -0.250308
v 0.305683 -1.000000 -0.236722
v 0.301269 -1.000000 -0.223135
v 0.398731 -1.000000 -0.476865
v 0.394317 -1.000000 -0.463278
v 0.389902 -1.000000 -0.449692
v 0.385488 -1.000000 -0.436105
v 0.381073 -1.000000 -0.422519
v 0.376659 -1.000000 -0.408932
v 0.372244 -1.000000 -0.395346
v 0.367830 -1.000000 -0.381759
v 0.363415 -1.000000 -0.368173
v 0.359001 -1.000000 -0.354586
v 0.354586 -1.000000 -0.340999
v 0.350171 -1.000000 -0.327413
v 0.345757 -1.000000 -0.313826
v 0.341342 -1.000000 -0.300240
v 0.336928 -1.000000 -0.286653
v 0.332513 -1.000000 -0.273067
v 0.328099 -1.000000 -0.259480
v 0.323684 -1.000000 -0.245894
v 0.319270 -1.000000 -0.232307
v 0.314855 -1.000000 -0.218721
v 0.412318 -1.000000 -0.472450
v 0.407903 -1.000000 -0.458864
v 0.403489 -1.000000 -0.445277
v 0.399074 -1.000000 -0.431691
v 0.394660 -1.000000 -0.418104
v 0.390245 -1.000000 -0.404518
v 0.385831 -1.000000 -0.390931
v 0.381416 -1.000000 -0.377345
v 0.377002 -1.000000 -0.363758
v 0.372587 -1.000000 -0.350171
v 0.368173 -1.000000 -0.336585
v 0.363758 -1.000000 -0.322998
v 0.359343 -1.000000 -0.309412
v 0.354929 -1.000000 -0.295825
v 0.350514 -1.000000 -0.282239
v 0.346100 -1.000000 -0.268652
v 0.341685 -1.000000 -0.255066
v 0.337271 -1.000000 -0.241479
v 0.332856 -1.000000 -0.227893
v 0.328442 -1.000000 -0.214306
v 0.425904 -1.000000 -0.468036
v 0.421490 -1.000000 -0.454449
v 0.417075 -1.000000 -0.440863
v 0.412661 -1.000000 -0.427276
v 0.408246 -1.000000 -0.413690
v 0.403832 -1.000000 -0.400103
v 0.399417 -1.000000 -0.386517
v 0.395003 -1.000000 -0.372930
v 0.390588 -1.000000 -0.359343
v 0.386174 -1.000000 -0.345757
v 0.381759 -1.000000 -0.332170
v 0.377345 -1.000000 -0.318584
v 0.372930 -1.000000 -0.304997
v 0.368515 -1.000000 -0.291411
v 0.364101 -1.000000 -0.277824
v 0.359686 -1.000000 -0.264238
v 0.355272 -1.000000 -0.250651
v 0.350857 -1.000000 -0.237065
v 0.346443 -1.000000 -0.223478
v 0.342028 -1.000000 -0.209892
v 0.439491 -1.000000 -0.463621
v 0.435076 -1.000000 -0.450035
v 0.430662 -1.000000 -0.436448
v 0.426247 -1.000000 -0.422862
v 0.421833 -1.000000 -0.409275
v 0.417418 -1.000000 -0.395689
v 0.413004 -1.000000 -0.382102
v 0.408589 -1.000000 -0.368515
v 0.404175 -1.000000 -0.354929
v 0.399760 -1.000000 -0.341342
v 0.395346 -1.000000 -0.327756
v 0.390931 -1.000000 -0.314169
v 0.386517 -1.000000 -0.300583
v 0.382102 -1.000000 -0.286996
v 0.377687 -1.000000 -0.273410
v 0.373273 -1.000000 -0.259823
v 0.368858 -1.000000 -0.246237
v 0.364444 -1.000000 -0.232650
v 0.360029 -1.000000 -0.219064
v 0.355615 -1.000000 -0.205477
v 0.453077 -1.000000 -0.459207
v 0.448663 -1.000000 -0.445620
v 0.444248 -1.000000 -0.432034
v 0.439834 -1.000000 -0.418447
v 0.435419 -1.000000 -0.404860
v 0.431005 -1.000000 -0.391274
v 0.426590 -1.000000 -0.377687
v 0.422176 -1.000000 -0.364101
v 0.417761 -1.000000 -0.350514
v 0.413347 -1.000000 -0.336928
v 0.408932 -1.000000 -0.323341
v 0.404518 -1.000000 -0.309755
v 0.400103 -1.000000 -0.296168
v 0.395689 -1.000000 -0.282582
v 0.391274 -1.000000 -0.268995
v 0.386859 -1.000000 -0.255409
v 0.382445 -1.000000 -0.241822
v 0.378030 -1.000000 -0.228236
v 0.373616 -1.000000 -0.214649
v 0.369201 -1.000000 -0.201063
v 0.466664 -1.000000 -0.454792
v 0.462249 -1.000000 -0.441206
v 0.457835 -1.000000 -0.427619
v 0.453420 -1.000000 -0.414032
v 0.449006 -1.000000 -0.400446
v 0.444591 -1.000000 -0.386859
v 0.440177 -1.000000 -0.373273
v 0.435762 -1.000000 -0.359686
v 0.431348 -1.000000 -0.346100
v 0.426933 -1.000000 -0.332513
v 0.422519 -1.000000 -0.318927
v 0.418104 -1.000000 -0.305340
v 0.413690 -1.000000 -0.291754
v 0.409275 -1.000000 -0.278167
v 0.404860 -1.000000 -0.264581
v 0.400446 -1.000000 -0.250994
v 0.396031 -1.000000 -0.237408
v 0.391617 -1.000000 -0.223821
v 0.387202 -1.000000 -0.210235
v 0.382788 -1.000000 -0.196648
v 0.480250 -1.000000 -0.450378
v 0.475836 -1.000000 -0.436791
v 0.471421 -1.000000 -0.423204
v 0.467007 -1.000000 -0.409618
v 0.462592 -1.000000 -0.396031
v 0.458178 -1.000000 -0.382445
v 0.453763 -1.000000 -0.368858
v 0.449349 -1.000000 -0.355272
v 0.444934 -1.000000 -0.341685
v 0.440520 -1.000000 -0.328099
v 0.436105 -1.000000 -0.314512
v 0.431691 -1.000000 -0.300926
v 0.427276 -1.000000 -0.287339
v 0.422862 -1.000000 -0.273753
v 0.418447 -1.000000 -0.260166
v 0.414032 -1.000000 -0.246580
v 0.409618 -1.000000 -0.232993
v 0.405203 -1.000000 -0.219407
v 0.400789 -1.000000 -0.205820
v 0.396374 -1.000000 -0.192234
v 0.493837 -1.000000 -0.445963
v 0.489422 -1.000000 -0.432376
v 0.485008 -1.000000 -0.418790
v 0.480593 -1.000000 -0.405203
v 0.476179 -1.000000 -0.391617
v 0.471764 -1.000000 -0.378030
v 0.467350 -1.000000 -0.364444
v 0.462935 -1.000000 -0.350857
v 0.458521 -1.000000 -0.337271
v 0.454106 -1.000000 -0.323684
v 0.449692 -1.000000 -0.310098
v 0.445277 -1.000000 -0.296511
v 0.440863 -1.000000 -0.282925
v 0.436448 -1.000000 -0.269338
v 0.432034 -1.000000 -0.255752
v 0.427619 -1.000000 -0.242165
v 0.423204 -1.000000 -0.228579
v 0.418790 -1.000000 -0.214992
v 0.414375 -1.000000 -0.201406
v 0.409961 -1.000000 -0.187819
v 0.507423 -1.000000 -0.441548
v 0.503009 -1.000000 -0.427962
v 0.498594 -1.000000 -0.414375
v 0.494180 -1.000000 -0.400789
v 0.489765 -1.000000 -0.387202
v 0.485351 -1.000000 -0.373616
v 0.480936 -1.000000 -0.360029
v 0.476522 -1.000000 -0.346443
v 0.472107 -1.000000 -0.332856
v 0.467693 -1.000000 -0.319270
v 0.463278 -1.000000 -0.305683
v 0.458864 -1.000000 -0.292097
v 0.454449 -1.000000 -0.278510
v 0.450035 -1.000000 -0.264924
v 0.445620 -1.000000 -0.251337
v 0.441206 -1.000000 -0.237751
v 0.436791 -1.000000 -0.224164
v 0.432376 -1.000000 -0.210578
v 0.427962 -1.000000 -0.196991
v 0.423547 -1.000000 -0.183405
v 0.521010 -1.000000 -0.437134
v 0.516595 -1.000000 -0.423547
v 0.512181 -1.000000 -0.409961
v 0.507766 -1.000000 -0.396374
v 0.503352 -1.000000 -0.382788
v 0.498937 -1.000000 -0.369201
v 0.494523 -1.000000 -0.355615
v 0.490108 -1.000000 -0.342028
v 0.485694 -1.000000 -0.328442
v 0.481279 -1.000000 -0.314855
v 0.476865 -1.000000 -0.301269
v 0.472450 -1.000000 -0.287682
v 0.468036 -1.000000 -0.274096
v 0.463621 -1.000000 -0.260509
v 0.459207 -1.000000 -0.246923
v 0.454792 -1.000000 -0.233336
v 0.450378 -1.000000 -0.219750
v 0.445963 -1.000000 -0.206163
v 0.441548 -1.000000 -0.192577
v 0.437134 -1.000000 -0.178990
v 0.432719 -0.971429 -0.165403
v 0.419133 -0.971429 -0.169818
v 0.405546 -0.971429 -0.174233
v 0.391960 -0.971429 -0.178647
v 0.378373 -0.971429 -0.183062
v 0.364787 -0.971429 -0.187476
v 0.351200 -0.971429 -0.191891
v 0.337614 -0.971429 -0.196305
v 0.324027 -0.971429 -0.200720
v 0.310441 -0.971429 -0.205134
v 0.296854 -0.971429 -0.209549
v 0.283268 -0.971429 -0.213963
v 0.269681 -0.971429 -0.218378
v 0.256095 -0.971429 -0.222792
v 0.242508 -0.971429 -0.227207
v 0.228922 -0.971429 -0.231621
v 0.215335 -0.971429 -0.236036
v 0.201749 -0.971429 -0.240450
v 0.188162 -0.971429 -0.244865
v 0.174575 -0.971429 -0.249280
v 0.432719 -0.942857 -0.165403
v 0.419133 -0.942857 -0.169818
v 0.405546 -0.942857 -0.174233
v 0.391960 -0.942857 -0.178647
v 0.378373 -0.942857 -0.183062
v 0.364787 -0.942857 -0.187476
v 0.351200 -0.942857 -0.191891
v 0.337614 -0.942857 -0.196305
v 0.324027 -0.942857 -0.200720
v 0.310441 -0.942857 -0.205134
v 0.296854 -0.942857 -0.209549
v 0.283268 -0.942857 -0.213963
v 0.269681 -0.942857 -0.218378
v 0.256095 -0.942857 -0.222792
v 0.242508 -0.942857 -0.227207
v 0.228922 -0.942857 -0.231621
v 0.215335 -0.942857 -0.236036
v 0.201749 -0.942857 -0.240450
v 0.188162 -0.942857 -0.244865
v 0.174575 -0.942857 -0.249280
v 0.432719 -0.914286 -0.165403
v 0.419133 -0.914286 -0.169818
v 0.405546 -0.914286 -0.174233
v 0.391960 -0.914286 -0.178647
v 0.378373 -0.914286 -0.183062
v 0.364787 -0.914286 -0.187476
v 0.351200 -0.914286 -0.191891
v 0.337614 -0.914286 -0.196305
v 0.324027 -0.914286 -0.200720
v 0.310441 -0.914286 -0.205134
v 0.296854 -0.914286 -0.209549
v 0.283268 -0.914286 -0.213963
v 0.269681 -0.914286 -0.218378
v 0.256095 -0.914286 -0.222792
v 0.242508 -0.914286 -0.227207
v 0.228922 -0.914286 -0.231621
v 0.215335 -0.914286 -0.236036
v 0.201749 -0.914286 -0.240450
v 0.188162 -0.914286 -0.244865
v 0.174575 -0.914286 -0.249280
v 0.432719 -0.885714 -0.165403
v 0.419133 -0.885714 -0.169818
v 0.405546 -0.885714 -0.174233
v 0.391960 -0.885714 -0.178647
v 0.378373 -0.885714 -0.183062
v 0.364787 -0.885714 -0.187476
v 0.351200 -0.885714 -0.191891
v 0.337614 -0.885714 -0.196305
v 0.324027 -0.885714 -0.200720
v 0.310441 -0.885714 -0.205134
v 0.296854 -0.885714 -0.209549
v 0.283268 -0.885714 -0.213963
v 0.269681 -0.885714 -0.218378
v 0.256095 -0.885714 -0.222792
v 0.242508 -0.885714 -0.227207
v 0.228922 -0.885714 -0.231621
v 0.215335 -0.885714 -0.236036
v 0.201749 -0.885714 -0.240450
v 0.188162 -0.885714 -0.244865
v 0.174575 -0.885714 -0.249280
v 0.432719 -0.857143 -0.165403
v 0.419133 -0.857143 -0.169818
v 0.405546 -0.857143 -0.174233
v 0.391960 -0.857143 -0.178647
v 0.378373 -0.857143 -0.183062
v 0.364787 -0.857143 -0.187476
v 0.351200 -0.857143 -0.191891
v 0.337614 -0.857143 -0.196305
v 0.324027 -0.857143 -0.200720
v 0.310441 -0.857143 -0.205134
v 0.296854 -0.857143 -0.209549
v 0.283268 -0.857143 -0.213963
v 0.269681 -0.857143 -0.218378
v 0.256095 -0.857143 -0.222792
v 0.242508 -0.857143 -0.227207
v 0.228922 -0.857143 -0.231621
v 0.215335 -0.857143 -0.236036
v 0.201749 -0.857143 -0.240450
v 0.188162 -0.857143 -0.244865
v 0.174575 -0.857143 -0.249280
v 0.432719 -0.828571 -0.165403
v 0.419133 -0.828571 -0.169818
v 0.405546 -0.828571 -0.174233
v 0.391960 -0.828571 -0.178647
v 0.378373 -0.828571 -0.183062
v 0.364787 -0.828571 -0.187476
v 0.351200 -0.828571 -0.191891
v 0.337614 -0.828571 -0.196305
v 0.324027 -0.828571 -0.200720
v 0.310441 -0.828571 -0.205134
v 0.296854 -0.828571 -0.209549
v 0.283268 -0.828571 -0.213963
v 0.269681 -0.828571 -0.218378
v 0.256095 -0.828571 -0.222792
v 0.242508 -0.828571 -0.227207
v 0.228922 -0.828571 -0.231621
v 0.215335 -0.828571 -0.236036
v 0.201749 -0.828571 -0.240450
v 0.188162 -0.828571 -0.244865
v 0.174575 -0.828571 -0.249280
v 0.432719 -0.800000 -0.165403
v 0.419133 -0.800000 -0.169818
v 0.405546 -0.800000 -0.174233
v 0.391960 -0.800000 -0.178647
v 0.378373 -0.800000 -0.183062
v 0.364787 -0.800000 -0.187476
v 0.351200 -0.800000 -0.191891
v 0.337614 -0.800000 -0.196305
v 0.324027 -0.800000 -0.200720
v 0.310441 -0.800000 -0.205134
v 0.296854 -0.800000 -0.209549
v 0.283268 -0.800000 -0.213963
v 0.269681 -0.800000 -0.218378
v 0.256095 -0.800000 -0.222792
v 0.242508 -0.800000 -0.227207
v 0.228922 -0.800000 -0.231621
v 0.215335 -0.800000 -0.236036
v 0.201749 -0.800000 -0.240450
v 0.188162 -0.800000 -0.244865
v 0.174575 -0.800000 -0.249280
v 0.432719 -0.771429 -0.165403
v 0.419133 -0.771429 -0.169818
v 0.405546 -0.771429 -0.174233
v 0.391960 -0.771429 -0.178647
v 0.378373 -0.771429 -0.183062
v 0.364787 -0.771429 -0.187476
v 0.351200 -0.771429 -0.191891
v 0.337614 -0.771429 -0.196305
v 0.324027 -0.771429 -0.200720
v 0.310441 -0.771429 -0.205134
v 0.296854 -0.771429 -0.209549
v 0.283268 -0.771429 -0.213963
v 0.269681 -0.771429 -0.218378
v 0.256095 -0.771429 -0.222792
v 0.242508 -0.771429 -0.227207
v 0.228922 -0.771429 -0.231621
v 0.215335 -0.771429 -0.236036
v 0.201749 -0.771429 -0.240450
v 0.188162 -0.771429 -0.244865
v 0.174575 -0.771429 -0.249280
v 0.432719 -0.742857 -0.165403
v 0.419133 -0.742857 -0.169818
v 0.405546 -0.742857 -0.174233
v 0.391960 -0.742857 -0.178647
v 0.378373 -0.742857 -0.183062
v 0.364787 -0.742857 -0.187476
v 0.351200 -0.742857 -0.191891
v 0.337614 -0.742857 -0.196305
v 0.324027 -0.742857 -0.200720
v 0.310441 -0.742857 -0.205134
v 0.296854 -0.742857 -0.209549
v 0.283268 -0.742857 -0.213963
v 0.269681 -0.742857 -0.218378
v 0.256095 -0.742857 -0.222792
v 0.242508 -0.742857 -0.227207
v 0.228922 -0.742857 -0.231621
v 0.215335 -0.742857 -0.236036
v 0.201749 -0.742857 -0.240450
v 0.188162 -0.742857 -0.244865
v 0.174575 -0.742857 -0.249280
v 0.432719 -0.714286 -0.165403
v 0.419133 -0.714286 -0.169818
v 0.405546 -0.714286 -0.174233
v 0.391960 -0.714286 -0.178647
v 0.378373 -0.714286 -0.183062
v 0.364787 -0.714286 -0.187476
v 0.351200 -0.714286 -0.191891
v 0.337614 -0.714286 -0.196305
v 0.324027 -0.714286 -0.200720
v 0.310441 -0.714286 -0.205134
v 0.296854 -0.714286 -0.209549
v 0.283268 -0.714286 -0.213963
v 0.269681 -0.714286 -0.218378
v 0.256095 -0.714286 -0.222792
v 0.242508 -0.714286 -0.227207
v 0.228922 -0.714286 -0.231621
v 0.215335 -0.714286 -0.236036
v 0.201749 -0.714286 -0.240450
v 0.188162 -0.714286 -0.244865
v 0.174575 -0.714286 -0.249280
v 0.432719 -0.685714 -0.165403
v 0.419133 -0.685714 -0.169818
v 0.405546 -0.685714 -0.174233
v 0.391960 -0.685714 -0.178647
v 0.378373 -0.685714 -0.183062
v 0.364787 -0.685714 -0.187476
v 0.351200 -0.685714 -0.191891
v 0.337614 -0.685714 -0.196305
v 0.324027 -0.685714 -0.200720
v 0.310441 -0.685714 -0.205134
v 0.296854 -0.685714 -0.209549
v 0.283268 -0.685714 -0.213963
v 0.269681 -0.685714 -0.218378
v 0.256095 -0.685714 -0.222792
v 0.242508 -0.685714 -0.227207
v 0.228922 -0.685714 -0.231621
v 0.215335 -0.685714 -0.236036
v 0.201749 -0.685714 -0.240450
v 0.188162 -0.685714 -0.244865
v 0.174575 -0.685714 -0.249280
v 0.432719 -0.657143 -0.165403
v 0.419133 -0.657143 -0.169818
v 0.405546 -0.657143 -0.174233
v 0.391960 -0.657143 -0.178647
v 0.378373 -0.657143 -0.183062
v 0.364787 -0.657143 -0.187476
v 0.351200 -0.657143 -0.191891
v 0.337614 -0.657143 -0.196305
v 0.324027 -0.657143 -0.200720
v 0.310441 -0.657143 -0.205134
v 0.296854 -0.657143 -0.209549
v 0.283268 -0.657143 -0.213963
v 0.269681 -0.657143 -0.218378
v 0.256095 -0.657143 -0.222792
v 0.242508 -0.657143 -0.227207
v 0.228922 -0.657143 -0.231621
v 0.215335 -0.657143 -0.236036
v 0.201749 -0.657143 -0.240450
v 0.188162 -0.657143 -0.244865
v 0.174575 -0.657143 -0.249280
v 0.432719 -0.628571 -0.165403
v 0.419133 -0.628571 -0.169818
v 0.405546 -0.628571 -0.174233
v 0.391960 -0.628571 -0.178647
v 0.378373 -0.628571 -0.183062
v 0.364787 -0.628571 -0.187476
v 0.351200 -0.628571 -0.191891
v 0.337614 -0.628571 -0.196305
v 0.324027 -0.628571 -0.200720
v 0.310441 -0.628571 -0.205134
v 0.296854 -0.628571 -0.209549
v 0.283268 -0.628571 -0.213963
v 0.269681 -0.628571 -0.218378
v 0.256095 -0.628571 -0.222792
v 0.242508 -0.628571 -0.227207
v 0.228922 -0.628571 -0.231621
v 0.215335 -0.628571 -0.236036
v 0.201749 -0.628571 -0.240450
v 0.188162 -0.628571 -0.244865
v 0.174575 -0.628571 -0.249280
v 0.432719 -0.600000 -0.165403
v 0.419133 -0.600000 -0.169818
v 0.405546 -0.600000 -0.174233
v 0.391960 -0.600000 -0.178647
v 0.378373 -0.600000 -0.183062
v 0.364787 -0.600000 -0.187476
v 0.351200 -0.600000 -0.191891
v 0.337614 -0.600000 -0.196305
v 0.324027 -0.600000 -0.200720
v 0.310441 -0.600000 -0.205134
v 0.296854 -0.600000 -0.209549
v 0.283268 -0.600000 -0.213963
v 0.269681 -0.600000 -0.218378
v 0.256095 -0.600000 -0.222792
v 0.242508 -0.600000 -0.227207
v 0.228922 -0.600000 -0.231621
v 0.215335 -0.600000 -0.236036
v 0.201749 -0.600000 -0.240450
v 0.188162 -0.600000 -0.244865
v 0.174575 -0.600000 -0.249280
v 0.432719 -0.571429 -0.165403
v 0.419133 -0.571429 -0.169818
v 0.405546 -0.571429 -0.174233
v 0.391960 -0.571429 -0.178647
v 0.378373 -0.571429 -0.183062
v 0.364787 -0.571429 -0.187476
v 0.351200 -0.571429 -0.191891
v 0.337614 -0.571429 -0.196305
v 0.324027 -0.571429 -0.200720
v 0.310441 -0.571429 -0.205134
v 0.296854 -0.571429 -0.209549
v 0.283268 -0.571429 -0.213963
v 0.269681 -0.571429 -0.218378
v 0.256095 -0.571429 -0.222792
v 0.242508 -0.571429 -0.227207
v 0.228922 -0.571429 -0.231621
v 0.215335 -0.571429 -0.236036
v 0.201749 -0.571429 -0.240450
v 0.188162 -0.571429 -0.244865
v 0.174575 -0.571429 -0.249280
v 0.432719 -0.542857 -0.165403
v 0.419133 -0.542857 -0.169818
v 0.405546 -0.542857 -0.174233
v 0.391960 -0.542857 -0.178647
v 0.378373 -0.542857 -0.183062
v 0.364787 -0.542857 -0.187476
v 0.351200 -0.542857 -0.191891
v 0.337614 -0.542857 -0.196305
v 0.324027 -0.542857 -0.200720
v 0.310441 -0.542857 -0.205134
v 0.296854 -0.542857 -0.209549
v 0.283268 -0.542857 -0.213963
v 0.269681 -0.542857 -0.218378
v 0.256095 -0.542857 -0.222792
v 0.242508 -0.542857 -0.227207
v 0.228922 -0.542857 -0.231621
v 0.215335 -0.542857 -0.236036
v 0.201749 -0.542857 -0.240450
v 0.188162 -0.542857 -0.244865
v 0.174575 -0.542857 -0.249280
v 0.432719 -0.514286 -0.165403
v 0.419133 -0.514286 -0.169818
v 0.405546 -0.514286 -0.174233
v 0.391960 -0.514286 -0.178647
v 0.378373 -0.514286 -0.183062
v 0.364787 -0.514286 -0.187476
v 0.351200 -0.514286 -0.191891
v 0.337614 -0.514286 -0.196305
v 0.324027 -0.514286 -0.200720
v 0.310441 -0.514286 -0.205134
v 0.296854 -0.514286 -0.209549
v 0.283268 -0.514286 -0.213963
v 0.269681 -0.514286 -0.218378
v 0.256095 -0.514286 -0.222792
v 0.242508 -0.514286 -0.227207
v 0.228922 -0.514286 -0.231621
v 0.215335 -0.514286 -0.236036
v 0.201749 -0.514286 -0.240450
v 0.188162 -0.514286 -0.244865
v 0.174575 -0.514286 -0.249280
v 0.432719 -0.485714 -0.165403
v 0.419133 -0.485714 -0.169818
v 0.405546 -0.485714 -0.174233
v 0.391960 -0.485714 -0.178647
v 0.378373 -0.485714 -0.183062
v 0.364787 -0.485714 -0.187476
v 0.351200 -0.485714 -0.191891
v 0.337614 -0.485714 -0.196305
v 0.324027 -0.485714 -0.200720
v 0.310441 -0.485714 -0.205134
v 0.296854 -0.485714 -0.209549
v 0.283268 -0.485714 -0.213963
v 0.269681 -0.485714 -0.218378
v 0.256095 -0.485714 -0.222792
v 0.242508 -0.485714 -0.227207
v 0.228922 -0.485714 -0.231621
v 0.215335 -0.485714 -0.236036
v 0.201749 -0.485714 -0.240450
v 0.188162 -0.485714 -0.244865
v 0.174575 -0.485714 -0.249280
v 0.432719 -0.457143 -0.165403
v 0.419133 -0.457143 -0.169818
v 0.405546 -0.457143 -0.174233
v 0.391960 -0.457143 -0.178647
v 0.378373 -0.457143 -0.183062
v 0.364787 -0.457143 -0.187476
v 0.351200 -0.457143 -0.191891
v 0.337614 -0.457143 -0.196305
v 0.324027 -0.457143 -0.200720
v 0.310441 -0.457143 -0.205134
v 0.296854 -0.457143 -0.209549
v 0.283268 -0.457143 -0.213963
v 0.269681 -0.457143 -0.218378
v 0.256095 -0.457143 -0.222792
v 0.242508 -0.457143 -0.227207
v 0.228922 -0.457143 -0.231621
v 0.215335 -0.457143 -0.236036
v 0.201749 -0.457143 -0.240450
v 0.188162 -0.457143 -0.244865
v 0.174575 -0.457143 -0.249280
v 0.432719 -0.428571 -0.165403
v 0.419133 -0.428571 -0.169818
v 0.405546 -0.428571 -0.174233
v 0.391960 -0.428571 -0.178647
v 0.378373 -0.428571 -0.183062
v 0.364787 -0.428571 -0.187476
v 0.351200 -0.428571 -0.191891
v 0.337614 -0.428571 -0.196305
v 0.324027 -0.428571 -0.200720
v 0.310441 -0.428571 -0.205134
v 0.296854 -0.428571 -0.209549
v 0.283268 -0.428571 -0.213963
v 0.269681 -0.428571 -0.218378
v 0.256095 -0.428571 -0.222792
v 0.242508 -0.428571 -0.227207
v 0.228922 -0.428571 -0.231621
v 0.215335 -0.428571 -0.236036
v 0.201749 -0.428571 -0.240450
v 0.188162 -0.428571 -0.244865
v 0.174575 -0.428571 -0.249280
v 0.534597 -0.971429 -0.432719
v 0.530182 -0.971429 -0.419133
v 0.525767 -0.971429 -0.405546
v 0.521353 -0.971429 -0.391960
v 0.516938 -0.971429 -0.378373
v 0.512524 -0.971429 -0.364787
v 0.508109 -0.971429 -0.351200
v 0.503695 -0.971429 -0.337614
v 0.499280 -0.971429 -0.324027
v 0.494866 -0.971429 -0.310441
v 0.490451 -0.971429 -0.296854
v 0.486037 -0.971429 -0.283268
v 0.481622 -0.971429 -0.269681
v 0.477208 -0.971429 -0.256095
v 0.472793 -0.971429 -0.242508
v 0.468379 -0.971429 -0.228922
v 0.463964 -0.971429 -0.215335
v 0.459550 -0.971429 -0.201749
v 0.455135 -0.971429 -0.188162
v 0.450720 -0.971429 -0.174575
v 0.534597 -0.942857 -0.432719
v 0.530182 -0.942857 -0.419133
v 0.525767 -0.942857 -0.405546
v 0.521353 -0.942857 -0.391960
v 0.516938 -0.942857 -0.378373
v 0.512524 -0.942857 -0.364787
v 0.508109 -0.942857 -0.351200
v 0.503695 -0.942857 -0.337614
v 0.499280 -0.942857 -0.324027
v 0.494866 -0.942857 -0.310441
v 0.490451 -0.942857 -0.296854
v 0.486037 -0.942857 -0.283268
v 0.481622 -0.942857 -0.269681
v 0.477208 -0.942857 -0.256095
v 0.472793 -0.942857 -0.242508
v 0.468379 -0.942857 -0.228922
v 0.463964 -0.942857 -0.215335
v 0.459550 -0.942857 -0.201749
v 0.455135 -0.942857 -0.188162
v 0.450720 -0.942857 -0.174575
v 0.534597 -0.914286 -0.432719
v 0.530182 -0.914286 -0.419133
v 0.525767 -0.914286 -0.405546
v 0.521353 -0.914286 -0.391960
v 0.516938 -0.914286 -0.378373
v 0.512524 -0.914286 -0.364787
v 0.508109 -0.914286 -0.351200
v 0.503695 -0.914286 -0.337614
v 0.499280 -0.914286 -0.324027
v 0.494866 -0.914286 -0.310441
v 0.490451 -0.914286 -0.296854
v 0.486037 -0.914286 -0.283268
v 0.481622 -0.914286 -0.269681
v 0.477208 -0.914286 -0.256095
v 0.472793 -0.914286 -0.242508
v 0.468379 -0.914286 -0.228922
v 0.463964 -0.914286 -0.215335
v 0.459550 -0.914286 -0.201749
v 0.455135 -0.914286 -0.188162
v 0.450720 -0.914286 -0.174575
v 0.534597 -0.885714 -0.432719
v 0.530182 -0.885714 -0.419133
v 0.525767 -0.885714 -0.405546
v 0.521353 -0.885714 -0.391960
v 0.516938 -0.885714 -0.378373
v 0.512524 -0.885714 -0.364787
v 0.508109 -0.885714 -0.351200
v 0.503695 -0.885714 -0.337614
v 0.499280 -0.885714 -0.324027
v 0.494866 -0.885714 -0.310441
v 0.490451 -0.885714 -0.296854
v 0.486037 -0.885714 -0.283268
v 0.481622 -0.885714 -0.269681
v 0.477208 -0.885714 -0.256095
v 0.472793 -0.885714 -0.242508
v 0.468379 -0.885714 -0.228922
v 0.463964 -0.885714 -0.215335
v 0.459550 -0.885714 -0.201749
v 0.455135 -0.885714 -0.188162
v 0.450720 -0.885714 -0.174575
v 0.534597 -0.857143 -0.432719
v 0.530182 -0.857143 -0.419133
v 0.525767 -0.857143 -0.405546
v 0.521353 -0.857143 -0.391960
v 0.516938 -0.857143 -0.378373
v 0.512524 -0.857143 -0.364787
v 0.508109 -0.857143 -0.351200
v 0.503695 -0.857143 -0.337614
v 0.499280 -0.857143 -0.324027
v 0.494866 -0.857143 -0.310441
v 0.490451 -0.857143 -0.296854
v 0.486037 -0.857143 -0.283268
v 0.481622 -0.857143 -0.269681
v 0.477208 -0.857143 -0.256095
v 0.472793 -0.857143 -0.242508
v 0.468379 -0.857143 -0.228922
v 0.463964 -0.857143 -0.215335
v 0.459550 -0.857143 -0.201749
v 0.455135 -0.857143 -0.188162
v 0.450720 -0.857143 -0.174575
v 0.534597 -0.828571 -0.432719
v 0.530182 -0.828571 -0.419133
v 0.525767 -0.828571 -0.405546
v 0.521353 -0.828571 -0.391960
v 0.516938 -0.828571 -0.378373
v 0.512524 -0.828571 -0.364787
v 0.508109 -0.828571 -0.351200
v 0.503695 -0.828571 -0.337614
v 0.499280 -0.828571 -0.324027
v 0.494866 -0.828571 -0.310441
v 0.490451 -0.828571 -0.296854
v 0.486037 -0.828571 -0.283268
v 0.481622 -0.828571 -0.269681
v 0.477208 -0.828571 -0.256095
v 0.472793 -0.828571 -0.242508
v 0.468379 -0.828571 -0.228922
v 0.463964 -0.828571 -0.215335
v 0.459550 -0.828571 -0.201749
v 0.455135 -0.828571 -0.188162
v 0.450720 -0.828571 -0.174575
v 0.534597 -0.800000 -0.432719
v 0.530182 -0.800000 -0.419133
v 0.525767 -0.800000 -0.405546
v 0.521353 -0.800000 -0.391960
v 0.516938 -0.800000 -0.378373
v 0.512524 -0.800000 -0.364787
v 0.508109 -0.800000 -0.351200
v 0.503695 -0.800000 -0.337614
v 0.499280 -0.800000 -0.324027
v 0.494866 -0.800000 -0.310441
v 0.490451 -0.800000 -0.296854
v 0.486037 -0.800000 -0.283268
v 0.481622 -0.800000 -0.269681
v 0.477208 -0.800000 -0.256095
v 0.472793 -0.800000 -0.242508
v 0.468379 -0.800000 -0.228922
v 0.463964 -0.800000 -0.215335
v 0.459550 -0.800000 -0.201749
v 0.455135 -0.800000 -0.188162
v 0.450720 -0.800000 -0.174575
v 0.534597 -0.771429 -0.432719
v 0.530182 -0.771429 -0.419133
v 0.525767 -0.771429 -0.405546
v 0.521353 -0.771429 -0.391960
v 0.516938 -0.771429 -0.378373
v 0.512524 -0.771429 -0.364787
v 0.508109 -0.771429 -0.351200
v 0.503695 -0.771429 -0.337614
v 0.499280 -0.771429 -0.324027
v 0.494866 -0.771429 -0.310441
v 0.490451 -0.771429 -0.296854
v 0.486037 -0.771429 -0.283268
v 0.481622 -0.771429 -0.269681
v 0.477208 -0.771429 -0.256095
v 0.472793 -0.771429 -0.242508
v 0.468379 -0.771429 -0.228922
v 0.463964 -0.771429 -0.215335
v 0.459550 -0.771429 -0.201749
v 0.455135 -0.771429 -0.188162
v 0.450720 -0.771429 -0.174575
v 0.534597 -0.742857 -0.432719
v 0.530182 -0.742857 -0.419133
v 0.525767 -0.742857 -0.405546
v 0.521353 -0.742857 -0.391960
v 0.516938 -0.742857 -0.378373
v 0.512524 -0.742857 -0.364787
v 0.508109 -0.742857 -0.351200
v 0.503695 -0.742857 -0.337614
v 0.499280 -0.742857 -0.324027
v 0.494866 -0.742857 -0.310441
v 0.490451 -0.742857 -0.296854
v 0.486037 -0.742857 -0.283268
v 0.481622 -0.742857 -0.269681
v 0.477208 -0.742857 -0.256095
v 0.472793 -0.742857 -0.242508
v 0.468379 -0.742857 -0.228922
v 0.463964 -0.742857 -0.215335
v 0.459550 -0.742857 -0.201749
v 0.455135 -0.742857 -0.188162
v 0.450720 -0.742857 -0.174575
v 0.534597 -0.714286 -0.432719
v 0.530182 -0.714286 -0.419133
v 0.525767 -0.714286 -0.405546
v 0.521353 -0.714286 -0.391960
v 0.516938 -0.714286 -0.378373
v 0.512524 -0.714286 -0.364787
v 0.508109 -0.714286 -0.351200
v 0.503695 -0.714286 -0.337614
v 0.499280 -0.714286 -0.324027
v 0.494866 -0.714286 -0.310441
v 0.490451 -0.714286 -0.296854
v 0.486037 -0.714286 -0.283268
v 0.481622 -0.714286 -0.269681
v 0.477208 -0.714286 -0.256095
v 0.472793 -0.714286 -0.242508
v 0.468379 -0.714286 -0.228922
v 0.463964 -0.714286 -0.215335
v 0.459550 -0.714286 -0.201749
v 0.455135 -0.714286 -0.188162
v 0.450720 -0.714286 -0.174575
v 0.534597 -0.685714 -0.432719
v 0.530182 -0.685714 -0.419133
v 0.525767 -0.685714 -0.405546
v 0.521353 -0.685714 -0.391960
v 0.516938 -0.685714 -0.378373
v 0.512524 -0.685714 -0.364787
v 0.508109 -0.685714 -0.351200
v 0.503695 -0.685714 -0.337614
v 0.499280 -0.685714 -0.324027
v 0.494866 -0.685714 -0.310441
v 0.490451 -0.685714 -0.296854
v 0.486037 -0.685714 -0.283268
v 0.481622 -0.685714 -0.269681
v 0.477208 -0.685714 -0.256095
v 0.472793 -0.685714 -0.242508
v 0.468379 -0.685714 -0.228922
v 0.463964 -0.685714 -0.215335
v 0.459550 -0.685714 -0.201749
v 0.455135 -0.685714 -0.188162
v 0.450720 -0.685714 -0.174575
v 0.534597 -0.657143 -0.432719
v 0.530182 -0.657143 -0.419133
v 0.525767 -0.657143 -0.405546
v 0.521353 -0.657143 -0.391960
v 0.516938 -0.657143 -0.378373
v 0.512524 -0.657143 -0.364787
v 0.508109 -0.657143 -0.351200
v 0.503695 -0.657143 -0.337614
v 0.499280 -0.657143 -0.324027
v 0.494866 -0.657143 -0.310441
v 0.490451 -0.657143 -0.296854
v 0.486037 -0.657143 -0.283268
v 0.481622 -0.657143 -0.269681
v 0.477208 -0.657143 -0.256095
v 0.472793 -0.657143 -0.242508
v 0.468379 -0.657143 -0.228922
v 0.463964 -0.657143 -0.215335
v 0.459550 -0.657143 -0.201749
v 0.455135 -0.657143 -0.188162
v 0.450720 -0.657143 -0.174575
v 0.534597 -0.628571 -0.432719
v 0.530182 -0.628571 -0.419133
v 0.525767 -0.628571 -0.405546
v 0.521353 -0.628571 -0.391960
v 0.516938 -0.628571 -0.378373
v 0.512524 -0.628571 -0.364787
v 0.508109 -0.628571 -0.351200
v 0.503695 -0.628571 -0.337614
v 0.499280 -0.628571 -0.324027
v 0.494866 -0.628571 -0.310441
v 0.490451 -0.628571 -0.296854
v 0.486037 -0.628571 -0.283268
v 0.481622 -0.628571 -0.269681
v 0.477208 -0.628571 -0.256095
v 0.472793 -0.628571 -0.242508
v 0.468379 -0.628571 -0.228922
v 0.463964 -0.628571 -0.215335
v 0.459550 -0.628571 -0.201749
v 0.455135 -0.628571 -0.188162
v 0.450720 -0.628571 -0.174575
v 0.534597 -0.600000 -0.432719
v 0.530182 -0.600000 -0.419133
v 0.525767 -0.600000 -0.405546
v 0.521353 -0.600000 -0.391960
v 0.516938 -0.600000 -0.378373
v 0.512524 -0.600000 -0.364787
v 0.508109 -0.600000 -0.351200
v 0.503695 -0.600000 -0.337614
v 0.499280 -0.600000 -0.324027
v 0.494866 -0.600000 -0.310441
v 0.490451 -0.600000 -0.296854
v 0.486037 -0.600000 -0.283268
v 0.481622 -0.600000 -0.269681
v 0.477208 -0.600000 -0.256095
v 0.472793 -0.600000 -0.242508
v 0.468379 -0.600000 -0.228922
v 0.463964 -0.600000 -0.215335
v 0.459550 -0.600000 -0.201749
v 0.455135 -0.600000 -0.188162
v 0.450720 -0.600000 -0.174575
v 0.534597 -0.571429 -0.432719
v 0.530182 -0.571429 -0.419133
v 0.525767 -0.571429 -0.405546
v 0.521353 -0.571429 -0.391960
v 0.516938 -0.571429 -0.378373
v 0.512524 -0.571429 -0.364787
v 0.508109 -0.571429 -0.351200
v 0.503695 -0.571429 -0.337614
v 0.499280 -0.571429 -0.324027
v 0.494866 -0.571429 -0.310441
v 0.490451 -0.571429 -0.296854
v 0.486037 -0.571429 -0.283268
v 0.481622 -0.571429 -0.269681
v 0.477208 -0.571429 -0.256095
v 0.472793 -0.571429 -0.242508
v 0.468379 -0.571429 -0.228922
v 0.463964 -0.571429 -0.215335
v 0.459550 -0.571429 -0.201749
v 0.455135 -0.571429 -0.188162
v 0.450720 -0.571429 -0.174575
v 0.534597 -0.542857 -0.432719
v 0.530182 -0.542857 -0.419133
v 0.525767 -0.542857 -0.405546
v 0.521353 -0.542857 -0.391960
v 0.516938 -0.542857 -0.378373
v 0.512524 -0.542857 -0.364787
v 0.508109 -0.542857 -0.351200
v 0.503695 -0.542857 -0.337614
v 0.499280 -0.542857 -0.324027
v 0.494866 -0.542857 -0.310441
v 0.490451 -0.542857 -0.296854
v 0.486037 -0.542857 -0.283268
v 0.481622 -0.542857 -0.269681
v 0.477208 -0.542857 -0.256095
v 0.472793 -0.542857 -0.242508
v 0.468379 -0.542857 -0.228922
v 0.463964 -0.542857 -0.215335
v 0.459550 -0.542857 -0.201749
v 0.455135 -0.542857 -0.188162
v 0.450720 -0.542857 -0.174575
v 0.534597 -0.514286 -0.432719
v 0.530182 -0.514286 -0.419133
v 0.525767 -0.514286 -0.405546
v 0.521353 -0.514286 -0.391960
v 0.516938 -0.514286 -0.378373
v 0.512524 -0.514286 -0.364787
v 0.508109 -0.514286 -0.351200
v 0.503695 -0.514286 -0.337614
v 0.499280 -0.514286 -0.324027
v 0.494866 -0.514286 -0.310441
v 0.490451 -0.514286 -0.296854
v 0.486037 -0.514286 -0.283268
v 0.481622 -0.514286 -0.269681
v 0.477208 -0.514286 -0.256095
v 0.472793 -0.514286 -0.242508
v 0.468379 -0.514286 -0.228922
v 0.463964 -0.514286 -0.215335
v 0.459550 -0.514286 -0.201749
v 0.455135 -0.514286 -0.188162
v 0.450720 -0.514286 -0.174575
v 0.534597 -0.485714 -0.432719
v 0.530182 -0.485714 -0.419133
v 0.525767 -0.485714 -0.405546
v 0.521353 -0.485714 -0.391960
v 0.516938 -0.485714 -0.378373
v 0.512524 -0.485714 -0.364787
v 0.508109 -0.485714 -0.351200
v 0.503695 -0.485714 -0.337614
v 0.499280 -0.485714 -0.324027
v 0.494866 -0.485714 -0.310441
v 0.490451 -0.485714 -0.296854
v 0.486037 -0.485714 -0.283268
v 0.481622 -0.485714 -0.269681
v 0.477208 -0.485714 -0.256095
v 0.472793 -0.485714 -0.242508
v 0.468379 -0.485714 -0.228922
v 0.463964 -0.485714 -0.215335
v 0.459550 -0.485714 -0.201749
v 0.455135 -0.485714 -0.188162
v 0.450720 -0.485714 -0.174575
v 0.534597 -0.457143 -0.432719
v 0.530182 -0.457143 -0.419133
v 0.525767 -0.457143 -0.405546
v 0.521353 -0.457143 -0.391960
v 0.516938 -0.457143 -0.378373
v 0.512524 -0.457143 -0.364787
v 0.508109 -0.457143 -0.351200
v 0.503695 -0.457143 -0.337614
v 0.499280 -0.457143 -0.324027
v 0.494866 -0.457143 -0.310441
v 0.490451 -0.457143 -0.296854
v 0.486037 -0.457143 -0.283268
v 0.481622 -0.457143 -0.269681
v 0.477208 -0.457143 -0.256095
v 0.472793 -0.457143 -0.242508
v 0.468379 -0.457143 -0.228922
v 0.463964 -0.457143 -0.215335
v 0.459550 -0.457143 -0.201749
v 0.455135 -0.457143 -0.188162
v 0.450720 -0.457143 -0.174575
v 0.534597 -0.428571 -0.432719
v 0.530182 -0.428571 -0.419133
v 0.525767 -0.428571 -0.405546
v 0.521353 -0.428571 -0.391960
v 0.516938 -0.428571 -0.378373
v 0.512524 -0.428571 -0.364787
v 0.508109 -0.428571 -0.351200
v 0.503695 -0.428571 -0.337614
v 0.499280 -0.428571 -0.324027
v 0.494866 -0.428571 -0.310441
v 0.490451 -0.428571 -0.296854
v 0.486037 -0.428571 -0.283268
v 0.481622 -0.428571 -0.269681
v 0.477208 -0.428571 -0.256095
v 0.472793 -0.428571 -0.242508
v 0.468379 -0.428571 -0.228922
v 0.463964 -0.428571 -0.215335
v 0.459550 -0.428571 -0.201749
v 0.455135 -0.428571 -0.188162
v 0.450720 -0.428571 -0.174575
v 0.267281 -0.971429 -0.534597
v 0.280867 -0.971429 -0.530182
v 0.294454 -0.971429 -0.525767
v 0.308040 -0.971429 -0.521353
v 0.321627 -0.971429 -0.516938
v 0.335213 -0.971429 -0.512524
v 0.348800 -0.971429 -0.508109
v 0.362386 -0.971429 -0.503695
v 0.375973 -0.971429 -0.499280
v 0.389559 -0.971429 -0.494866
v 0.403146 -0.971429 -0.490451
v 0.416732 -0.971429 -0.486037
v 0.430319 -0.971429 -0.481622
v 0.443905 -0.971429 -0.477208
v 0.457492 -0.971429 -0.472793
v 0.471078 -0.971429 -0.468379
v 0.484665 -0.971429 -0.463964
v 0.498251 -0.971429 -0.459550
v 0.511838 -0.971429 -0.455135
v 0.525424 -0.971429 -0.450720
v 0.267281 -0.942857 -0.534597
v 0.280867 -0.942857 -0.530182
v 0.294454 -0.942857 -0.525767
v 0.308040 -0.942857 -0.521353
v 0.321627 -0.942857 -0.516938
v 0.335213 -0.942857 -0.512524
v 0.348800 -0.942857 -0.508109
v 0.362386 -0.942857 -0.503695
v 0.375973 -0.942857 -0.499280
v 0.389559 -0.942857 -0.494866
v 0.403146 -0.942857 -0.490451
v 0.416732 -0.942857 -0.486037
v 0.430319 -0.942857 -0.481622
v 0.443905 -0.942857 -0.477208
v 0.457492 -0.942857 -0.472793
v 0.471078 -0.942857 -0.468379
v 0.484665 -0.942857 -0.463964
v 0.498251 -0.942857 -0.459550
v 0.511838 -0.942857 -0.455135
v 0.525424 -0.942857 -0.450720
v 0.267281 -0.914286 -0.534597
v 0.280867 -0.914286 -0.530182
v 0.294454 -0.914286 -0.525767
v 0.308040 -0.914286 -0.521353
v 0.321627 -0.914286 -0.516938
v 0.335213 -0.914286 -0.512524
v 0.348800 -0.914286 -0.508109
v 0.362386 -0.914286 -0.503695
v 0.375973 -0.914286 -0.499280
v 0.389559 -0.914286 -0.494866
v 0.403146 -0.914286 -0.490451
v 0.416732 -0.914286 -0.486037
v 0.430319 -0.914286 -0.481622
v 0.443905 -0.914286 -0.477208
v 0.457492 -0.914286 -0.472793
v 0.471078 -0.914286 -0.468379
v 0.484665 -0.914286 -0.463964
v 0.498251 -0.914286 -0.459550
v 0.511838 -0.914286 -0.455135
v 0.525424 -0.914286 -0.450720
v 0.267281 -0.885714 -0.534597
v 0.280867 -0.885714 -0.530182
v 0.294454 -0.885714 -0.525767
v 0.308040 -0.885714 -0.521353
v 0.321627 -0.885714 -0.516938
v 0.335213 -0.885714 -0.512524
v 0.348800 -0.885714 -0.508109
v 0.362386 -0.885714 -0.503695
v 0.375973 -0.885714 -0.499280
v 0.389559 -0.885714 -0.494866
v 0.403146 -0.885714 -0.490451
v 0.416732 -0.885714 -0.486037
v 0.430319 -0.885714 -0.481622
v 0.443905 -0.885714 -0.477208
v 0.457492 -0.885714 -0.472793
v 0.471078 -0.885714 -0.468379
v 0.484665 -0.885714 -0.463964
v 0.498251 -0.885714 -0.459550
v 0.511838 -0.885714 -0.455135
v 0.525424 -0.885714 -0.450720
v 0.267281 -0.857143 -0.534597
v 0.280867 -0.857143 -0.530182
v 0.294454 -0.857143 -0.525767
v 0.308040 -0.857143 -0.521353
v 0.321627 -0.857143 -0.516938
v 0.335213 -0.857143 -0.512524
v 0.348800 -0.857143 -0.508109
v 0.362386 -0.857143 -0.503695
v 0.375973 -0.857143 -0.499280
v 0.389559 -0.857143 -0.494866
v 0.403146 -0.857143 -0.490451
v 0.416732 -0.857143 -0.486037
v 0.430319 -0.857143 -0.481622
v 0.443905 -0.857143 -0.477208
v 0.457492 -0.857143 -0.472793
v 0.471078 -0.857143 -0.468379
v 0.484665 -0.857143 -0.463964
v 0.498251 -0.857143 -0.459550
v 0.511838 -0.857143 -0.455135
v 0.525424 -0.857143 -0.450720
v 0.267281 -0.828571 -0.534597
v 0.280867 -0.828571 -0.530182
v 0.294454 -0.828571 -0.525767
v 0.308040 -0.828571 -0.521353
v 0.321627 -0.828571 -0.516938
v 0.335213 -0.828571 -0.512524
v 0.348800 -0.828571 -0.508109
v 0.362386 -0.828571 -0.503695
v 0.375973 -0.828571 -0.499280
v 0.389559 -0.828571 -0.494866
v 0.403146 -0.828571 -0.490451
v 0.416732 -0.828571 -0.486037
v 0.430319 -0.828571 -0.481622
v 0.443905 -0.828571 -0.477208
v 0.457492 -0.828571 -0.472793
v 0.471078 -0.828571 -0.468379
v 0.484665 -0.828571 -0.463964
v 0.498251 -0.828571 -0.459550
v 0.511838 -0.828571 -0.455135
v 0.525424 -0.828571 -0.450720
v 0.267281 -0.800000 -0.534597
v 0.280867 -0.800000 -0.530182
v 0.294454 -0.800000 -0.525767
v 0.308040 -0.800000 -0.521353
v 0.321627 -0.800000 -0.516938
v 0.335213 -0.800000 -0.512524
v 0.348800 -0.800000 -0.508109
v 0.362386 -0.800000 -0.503695
v 0.375973 -0.800000 -0.499280
v 0.389559 -0.800000 -0.494866
v 0.403146 -0.800000 -0.490451
v 0.416732 -0.800000 -0.486037
v 0.430319 -0.800000 -0.481622
v 0.443905 -0.800000 -0.477208
v 0.457492 -0.800000 -0.472793
v 0.471078 -0.800000 -0.468379
v 0.484665 -0.800000 -0.463964
v 0.498251 -0.800000 -0.459550
v 0.511838 -0.800000 -0.455135
v 0.525424 -0.800000 -0.450720
v 0.267281 -0.771429 -0.534597
v 0.280867 -0.771429 -0.530182
v 0.294454 -0.771429 -0.525767
v 0.308040 -0.771429 -0.521353
v 0.321627 -0.771429 -0.516938
v 0.335213 -0.771429 -0.512524
v 0.348800 -0.771429 -0.508109
v 0.362386 -0.771429 -0.503695
v 0.375973 -0.771429 -0.499280
v 0.389559 -0.771429 -0.494866
v 0.403146 -0.771429 -0.490451
v 0.416732 -0.771429 -0.486037
v 0.430319 -0.771429 -0.481622
v 0.443905 -0.771429 -0.477208
v 0.457492 -0.771429 -0.472793
v 0.471078 -0.771429 -0.468379
v 0.484665 -0.771429 -0.463964
v 0.498251 -0.771429 -0.459550
v 0.511838 -0.771429 -0.455135
v 0.525424 -0.771429 -0.450720
v 0.267281 -0.742857 -0.534597
v 0.280867 -0.742857 -0.530182
v 0.294454 -0.742857 -0.525767
v 0.308040 -0.742857 -0.521353
v 0.321627 -0.742857 -0.516938
v 0.335213 -0.742857 -0.512524
v 0.348800 -0.742857 -0.508109
v 0.362386 -0.742857 -0.503695
v 0.375973 -0.742857 -0.499280
v 0.389559 -0.742857 -0.494866
v 0.403146 -0.742857 -0.490451
v 0.416732 -0.742857 -0.486037
v 0.430319 -0.742857 -0.481622
v 0.443905 -0.742857 -0.477208
v 0.457492 -0.742857 -0.472793
v 0.471078 -0.742857 -0.468379
v 0.484665 -0.742857 -0.463964
v 0.498251 -0.742857 -0.459550
v 0.511838 -0.742857 -0.455135
v 0.525424 -0.742857 -0.450720
v 0.267281 -0.714286 -0.534597
v 0.280867 -0.714286 -0.530182
v 0.294454 -0.714286 -0.525767
v 0.308040 -0.714286 -0.521353
v 0.321627 -0.714286 -0.516938
v 0.335213 -0.714286 -0.512524
v 0.348800 -0.714286 -0.508109
v 0.362386 -0.714286 -0.503695
v 0.375973 -0.714286 -0.499280
v 0.389559 -0.714286 -0.494866
v 0.403146 -0.714286 -0.490451
v 0.416732 -0.714286 -0.486037
v 0.430319 -0.714286 -0.481622
v 0.443905 -0.714286 -0.477208
v 0.457492 -0.714286 -0.472793
v 0.471078 -0.714286 -0.468379
v 0.484665 -0.714286 -0.463964
v 0.498251 -0.714286 -0.459550
v 0.511838 -0.714286 -0.455135
v 0.525424 -0.714286 -0.450720
v 0.267281 -0.685714 -0.534597
v 0.280867 -0.685714 -0.530182
v 0.294454 -0.685714 -0.525767
v 0.308040 -0.685714 -0.521353
v 0.321627 -0.685714 -0.516938
v 0.335213 -0.685714 -0.512524
v 0.348800 -0.685714 -0.508109
v 0.362386 -0.685714 -0.503695
v 0.375973 -0.685714 -0.499280
v 0.389559 -0.685714 -0.494866
v 0.403146 -0.685714 -0.490451
v 0.416732 -0.685714 -0.486037
v 0.430319 -0.685714 -0.481622
v 0.443905 -0.685714 -0.477208
v 0.457492 -0.685714 -0.472793
v 0.471078 -0.685714 -0.468379
v 0.484665 -0.685714 -0.463964
v 0.498251 -0.685714 -0.459550
v 0.511838 -0.685714 -0.455135
v 0.525424 -0.685714 -0.450720
v 0.267281 -0.657143 -0.534597
v 0.280867 -0.657143 -0.530182
v 0.294454 -0.657143 -0.525767
v 0.308040 -0.657143 -0.521353
v 0.321627 -0.657143 -0.516938
v 0.335213 -0.657143 -0.512524
v 0.348800 -0.657143 -0.508109
v 0.362386 -0.657143 -0.503695
v 0.375973 -0.657143 -0.499280
v 0.389559 -0.657143 -0.494866
v 0.403146 -0.657143 -0.490451
v 0.416732 -0.657143 -0.486037
v 0.430319 -0.657143 -0.481622
v 0.443905 -0.657143 -0.477208
v 0.457492 -0.657143 -0.472793
v 0.471078 -0.657143 -0.468379
v 0.484665 -0.657143 -0.463964
v 0.498251 -0.657143 -0.459550
v 0.511838 -0.657143 -0.455135
v 0.525424 -0.657143 -0.450720
v 0.267281 -0.628571 -0.534597
v 0.280867 -0.628571 -0.530182
v 0.294454 -0.628571 -0.525767
v 0.308040 -0.628571 -0.521353
v 0.321627 -0.628571 -0.516938
v 0.335213 -0.628571 -0.512524
v 0.348800 -0.628571 -0.508109
v 0.362386 -0.628571 -0.503695
v 0.375973 -0.628571 -0.499280
v 0.389559 -0.628571 -0.494866
v 0.403146 -0.628571 -0.490451
v 0.416732 -0.628571 -0.486037
v 0.430319 -0.628571 -0.481622
v 0.443905 -0.628571 -0.477208
v 0.457492 -0.628571 -0.472793
v 0.471078 -0.628571 -0.468379
v 0.484665 -0.628571 -0.463964
v 0.498251 -0.628571 -0.459550
v 0.511838 -0.628571 -0.455135
v 0.525424 -0.628571 -0.450720
v 0.267281 -0.600000 -0.534597
v 0.280867 -0.600000 -0.530182
v 0.294454 -0.600000 -0.525767
v 0.308040 -0.600000 -0.521353
v 0.321627 -0.600000 -0.516938
v 0.335213 -0.600000 -0.512524
v 0.348800 -0.600000 -0.508109
v 0.362386 -0.600000 -0.503695
v 0.375973 -0.600000 -0.499280
v 0.389559 -0.600000 -0.494866
v 0.403146 -0.600000 -0.490451
v 0.416732 -0.600000 -0.486037
v 0.430319 -0.600000 -0.481622
v 0.443905 -0.600000 -0.477208
v 0.457492 -0.600000 -0.472793
v 0.471078 -0.600000 -0.468379
v 0.484665 -0.600000 -0.463964
v 0.498251 -0.600000 -0.459550
v 0.511838 -0.600000 -0.455135
v 0.525424 -0.600000 -0.450720
v 0.267281 -0.571429 -0.534597
v 0.280867 -0.571429 -0.530182
v 0.294454 -0.571429 -0.525767
v 0.308040 -0.571429 -0.521353
v 0.321627 -0.571429 -0.516938
v 0.335213 -0.571429 -0.512524
v 0.348800 -0.571429 -0.508109
v 0.362386 -0.571429 -0.503695
v 0.375973 -0.571429 -0.499280
v 0.389559 -0.571429 -0.494866
v 0.403146 -0.571429 -0.490451
v 0.416732 -0.571429 -0.486037
v 0.430319 -0.571429 -0.481622
v 0.443905 -0.571429 -0.477208
v 0.457492 -0.571429 -0.472793
v 0.471078 -0.571429 -0.468379
v 0.484665 -0.571429 -0.463964
v 0.498251 -0.571429 -0.459550
v 0.511838 -0.571429 -0.455135
v 0.525424 -0.571429 -0.450720
v 0.267281 -0.542857 -0.534597
v 0.280867 -0.542857 -0.530182
v 0.294454 -0.542857 -0.525767
v 0.308040 -0.542857 -0.521353
v 0.321627 -0.542857 -0.516938
v 0.335213 -0.542857 -0.512524
v 0.348800 -0.542857 -0.508109
v 0.362386 -0.542857 -0.503695
v 0.375973 -0.542857 -0.499280
v 0.389559 -0.542857 -0.494866
v 0.403146 -0.542857 -0.490451
v 0.416732 -0.542857 -0.486037
v 0.430319 -0.542857 -0.481622
v 0.443905 -0.542857 -0.477208
v 0.457492 -0.542857 -0.472793
v 0.471078 -0.542857 -0.468379
v 0.484665 -0.542857 -0.463964
v 0.498251 -0.542857 -0.459550
v 0.511838 -0.542857 -0.455135
v 0.525424 -0.542857 -0.450720
v 0.267281 -0.514286 -0.534597
v 0.280867 -0.514286 -0.530182
v 0.294454 -0.514286 -0.525767
v 0.308040 -0.514286 -0.521353
v 0.321627 -0.514286 -0.516938
v 0.335213 -0.514286 -0.512524
v 0.348800 -0.514286 -0.508109
v 0.362386 -0.514286 -0.503695
v 0.375973 -0.514286 -0.499280
v 0.389559 -0.514286 -0.494866
v 0.403146 -0.514286 -0.490451
v 0.416732 -0.514286 -0.486037
v 0.430319 -0.514286 -0.481622
v 0.443905 -0.514286 -0.477208
v 0.457492 -0.514286 -0.472793
v 0.471078 -0.514286 -0.468379
v 0.484665 -0.514286 -0.463964
v 0.498251 -0.514286 -0.459550
v 0.511838 -0.514286 -0.455135
v 0.525424 -0.514286 -0.450720
v 0.267281 -0.485714 -0.534597
v 0.280867 -0.485714 -0.530182
v 0.294454 -0.485714 -0.525767
v 0.308040 -0.485714 -0.521353
v 0.321627 -0.485714 -0.516938
v 0.335213 -0.485714 -0.512524
v 0.348800 -0.485714 -0.508109
v 0.362386 -0.485714 -0.503695
v 0.375973 -0.485714 -0.499280
v 0.389559 -0.485714 -0.494866
v 0.403146 -0.485714 -0.490451
v 0.416732 -0.485714 -0.486037
v 0.430319 -0.485714 -0.481622
v 0.443905 -0.485714 -0.477208
v 0.457492 -0.485714 -0.472793
v 0.471078 -0.485714 -0.468379
v 0.484665 -0.485714 -0.463964
v 0.498251 -0.485714 -0.459550
v 0.511838 -0.485714 -0.455135
v 0.525424 -0.485714 -0.450720
v 0.267281 -0.457143 -0.534597
v 0.280867 -0.457143 -0.530182
v 0.294454 -0.457143 -0.525767
v 0.308040 -0.457143 -0.521353
v 0.321627 -0.457143 -0.516938
v 0.335213 -0.457143 -0.512524
v 0.348800 -0.457143 -0.508109
v 0.362386 -0.457143 -0.503695
v 0.375973 -0.457143 -0.499280
v 0.389559 -0.457143 -0.494866
v 0.403146 -0.457143 -0.490451
v 0.416732 -0.457143 -0.486037
v 0.430319 -0.457143 -0.481622
v 0.443905 -0.457143 -0.477208
v 0.457492 -0.457143 -0.472793
v 0.471078 -0.457143 -0.468379
v 0.484665 -0.457143 -0.463964
v 0.498251 -0.457143 -0.459550
v 0.511838 -0.457143 -0.455135
v 0.525424 -0.457143 -0.450720
v 0.267281 -0.428571 -0.534597
v 0.280867 -0.428571 -0.530182
v 0.294454 -0.428571 -0.525767
v 0.308040 -0.428571 -0.521353
v 0.321627 -0.428571 -0.516938
v 0.335213 -0.428571 -0.512524
v 0.348800 -0.428571 -0.508109
v 0.362386 -0.428571 -0.503695
v 0.375973 -0.428571 -0.499280
v 0.389559 -0.428571 -0.494866
v 0.403146 -0.428571 -0.490451
v 0.416732 -0.428571 -0.486037
v 0.430319 -0.428571 -0.481622
v 0.443905 -0.428571 -0.477208
v 0.457492 -0.428571 -0.472793
v 0.471078 -0.428571 -0.468379
v 0.484665 -0.428571 -0.463964
v 0.498251 -0.428571 -0.459550
v 0.511838 -0.428571 -0.455135
v 0.525424 -0.428571 -0.450720
v 0.165403 -0.971429 -0.267281
v 0.169818 -0.971429 -0.280867
v 0.174233 -0.971429 -0.294454
v 0.178647 -0.971429 -0.308040
v 0.183062 -0.971429 -0.321627
v 0.187476 -0.971429 -0.335213
v 0.191891 -0.971429 -0.348800
v 0.196305 -0.971429 -0.362386
v 0.200720 -0.971429 -0.375973
v 0.205134 -0.971429 -0.389559
v 0.209549 -0.971429 -0.403146
v 0.213963 -0.971429 -0.416732
v 0.218378 -0.971429 -0.430319
v 0.222792 -0.971429 -0.443905
v 0.227207 -0.971429 -0.457492
v 0.231621 -0.971429 -0.471078
v 0.236036 -0.971429 -0.484665
v 0.240450 -0.971429 -0.498251
v 0.244865 -0.971429 -0.511838
v 0.249280 -0.971429 -0.525424
v 0.165403 -0.942857 -0.267281
v 0.169818 -0.942857 -0.280867
v 0.174233 -0.942857 -0.294454
v 0.178647 -0.942857 -0.308040
v 0.183062 -0.942857 -0.321627
v 0.187476 -0.942857 -0.335213
v 0.191891 -0.942857 -0.348800
v 0.196305 -0.942857 -0.362386
v 0.200720 -0.942857 -0.375973
v 0.205134 -0.942857 -0.389559
v 0.209549 -0.942857 -0.403146
v 0.213963 -0.942857 -0.416732
v 0.218378 -0.942857 -0.430319
v 0.222792 -0.942857 -0.443905
v 0.227207 -0.942857 -0.457492
v 0.231621 -0.942857 -0.471078
v 0.236036 -0.942857 -0.484665
v 0.240450 -0.942857 -0.498251
v 0.244865 -0.942857 -0.511838
v 0.249280 -0.942857 -0.525424
v 0.165403 -0.914286 -0.267281
v 0.169818 -0.914286 -0.280867
v 0.174233 -0.914286 -0.294454
v 0.178647 -0.914286 -0.308040
v 0.183062 -0.914286 -0.321627
v 0.187476 -0.914286 -0.335213
v 0.191891 -0.914286 -0.348800
v 0.196305 -0.914286 -0.362386
v 0.200720 -0.914286 -0.375973
v 0.205134 -0.914286 -0.389559
v 0.209549 -0.914286 -0.403146
v 0.213963 -0.914286 -0.416732
v 0.218378 -0.914286 -0.430319
v 0.222792 -0.914286 -0.443905
v 0.227207 -0.914286 -0.457492
v 0.231621 -0.914286 -0.471078
v 0.236036 -0.914286 -0.484665
v 0.240450 -0.914286 -0.498251
v 0.244865 -0.914286 -0.511838
v 0.249280 -0.914286 -0.525424
v 0.165403 -0.885714 -0.267281
v 0.169818 -0.885714 -0.280867
v 0.174233 -0.885714 -0.294454
v 0.178647 -0.885714 -0.308040
v 0.183062 -0.885714 -0.321627
v 0.187476 -0.885714 -0.335213
v 0.191891 -0.885714 -0.348800
v 0.196305 -0.885714 -0.362386
v 0.200720 -0.885714 -0.375973
v 0.205134 -0.885714 -0.389559
v 0.209549 -0.885714 -0.403146
v 0.213963 -0.885714 -0.416732
v 0.218378 -0.885714 -0.430319
v 0.222792 -0.885714 -0.443905
v 0.227207 -0.885714 -0.457492
v 0.231621 -0.885714 -0.471078
v 0.236036 -0.885714 -0.484665
v 0.240450 -0.885714 -0.498251
v 0.244865 -0.885714 -0.511838
v 0.249280 -0.885714 -0.525424
v 0.165403 -0.857143 -0.267281
v 0.169818 -0.857143 -0.280867
v 0.174233 -0.857143 -0.294454
v 0.178647 -0.857143 -0.308040
v 0.183062 -0.857143 -0.321627
v 0.187476 -0.857143 -0.335213
v 0.191891 -0.857143 -0.348800
v 0.196305 -0.857143 -0.362386
v 0.200720 -0.857143 -0.375973
v 0.205134 -0.857143 -0.389559
v 0.209549 -0.857143 -0.403146
v 0.213963 -0.857143 -0.416732
v 0.218378 -0.857143 -0.430319
v 0.222792 -0.857143 -0.443905
v 0.227207 -0.857143 -0.457492
v 0.231621 -0.857143 -0.471078
v 0.236036 -0.857143 -0.484665
v 0.240450 -0.857143 -0.498251
v 0.244865 -0.857143 -0.511838
v 0.249280 -0.857143 -0.525424
v 0.165403 -0.828571 -0.267281
v 0.169818 -0.828571 -0.280867
v 0.174233 -0.828571 -0.294454
v 0.178647 -0.828571 -0.308040
v 0.183062 -0.828571 -0.321627
v 0.187476 -0.828571 -0.335213
v 0.191891 -0.828571 -0.348800
v 0.196305 -0.828571 -0.362386
v 0.200720 -0.828571 -0.375973
v 0.205134 -0.828571 -0.389559
v 0.209549 -0.828571 -0.403146
v 0.213963 -0.828571 -0.416732
v 0.218378 -0.828571 -0.430319
v 0.222792 -0.828571 -0.443905
v 0.227207 -0.828571 -0.457492
v 0.231621 -0.828571 -0.471078
v 0.236036 -0.828571 -0.484665
v 0.240450 -0.828571 -0.498251
v 0.244865 -0.828571 -0.511838
v 0.249280 -0.828571 -0.525424
v 0.165403 -0.800000 -0.267281
v 0.169818 -0.800000 -0.280867
v 0.174233 -0.800000 -0.294454
v 0.178647 -0.800000 -0.308040
v 0.183062 -0.800000 -0.321627
v 0.187476 -0.800000 -0.335213
v 0.191891 -0.800000 -0.348800
v 0.196305 -0.800000 -0.362386
v 0.200720 -0.800000 -0.375973
v 0.205134 -0.800000 -0.389559
v 0.209549 -0.800000 -0.403146
v 0.213963 -0.800000 -0.416732
v 0.218378 -0.800000 -0.430319
v 0.222792 -0.800000 -0.443905
v 0.227207 -0.800000 -0.457492
v 0.231621 -0.800000 -0.471078
v 0.236036 -0.800000 -0.484665
v 0.240450 -0.800000 -0.498251
v 0.244865 -0.800000 -0.511838
v 0.249280 -0.800000 -0.525424
v 0.165403 -0.771429 -0.267281
v 0.169818 -0.771429 -0.280867
v 0.174233 -0.771429 -0.294454
v 0.178647 -0.771429 -0.308040
v 0.183062 -0.771429 -0.321627
v 0.187476 -0.771429 -0.335213
v 0.191891 -0.771429 -0.348800
v 0.196305 -0.771429 -0.362386
v 0.200720 -0.771429 -0.375973
v 0.205134 -0.771429 -0.389559
v 0.209549 -0.771429 -0.403146
v 0.213963 -0.771429 -0.416732
v 0.218378 -0.771429 -0.430319
v 0.222792 -0.771429 -0.443905
v 0.227207 -0.771429 -0.457492
v 0.231621 -0.771429 -0.471078
v 0.236036 -0.771429 -0.484665
v 0.240450 -0.771429 -0.498251
v 0.244865 -0.771429 -0.511838
v 0.249280 -0.771429 -0.525424
v 0.165403 -0.742857 -0.267281
v 0.169818 -0.742857 -0.280867
v 0.174233 -0.742857 -0.294454
v 0.178647 -0.742857 -0.308040
v 0.183062 -0.742857 -0.321627
v 0.187476 -0.742857 -0.335213
v 0.191891 -0.742857 -0.348800
v 0.196305 -0.742857 -0.362386
v 0.200720 -0.742857 -0.375973
v 0.205134 -0.742857 -0.389559
v 0.209549 -0.742857 -0.403146
v 0.213963 -0.742857 -0.416732
v 0.218378 -0.742857 -0.430319
v 0.222792 -0.742857 -0.443905
v 0.227207 -0.742857 -0.457492
v 0.231621 -0.742857 -0.471078
v 0.236036 -0.742857 -0.484665
v 0.240450 -0.742857 -0.498251
v 0.244865 -0.742857 -0.511838
v 0.249280 -0.742857 -0.525424
v 0.165403 -0.714286 -0.267281
v 0.169818 -0.714286 -0.280867
v 0.174233 -0.714286 -0.294454
v 0.178647 -0.714286 -0.308040
v 0.183062 -0.714286 -0.321627
v 0.187476 -0.714286 -0.335213
v 0.191891 -0.714286 -0.348800
v 0.196305 -0.714286 -0.362386
v 0.200720 -0.714286 -0.375973
v 0.205134 -0.714286 -0.389559
v 0.209549 -0.714286 -0.403146
v 0.213963 -0.714286 -0.416732
v 0.218378 -0.714286 -0.430319
v 0.222792 -0.714286 -0.443905
v 0.227207 -0.714286 -0.457492
v 0.231621 -0.714286 -0.471078
v 0.236036 -0.714286 -0.484665
v 0.240450 -0.714286 -0.498251
v 0.244865 -0.714286 -0.511838
v 0.249280 -0.714286 -0.525424
v 0.165403 -0.685714 -0.267281
v 0.169818 -0.685714 -0.280867
v 0.174233 -0.685714 -0.294454
v 0.178647 -0.685714 -0.308040
v 0.183062 -0.685714 -0.321627
v 0.187476 -0.685714 -0.335213
v 0.191891 -0.685714 -0.348800
v 0.196305 -0.685714 -0.362386
v 0.200720 -0.685714 -0.375973
v 0.205134 -0.685714 -0.389559
v 0.209549 -0.685714 -0.403146
v 0.213963 -0.685714 -0.416732
v 0.218378 -0.685714 -0.430319
v 0.222792 -0.685714 -0.443905
v 0.227207 -0.685714 -0.457492
v 0.231621 -0.685714 -0.471078
v 0.236036 -0.685714 -0.484665
v 0.240450 -0.685714 -0.498251
v 0.244865 -0.685714 -0.511838
v 0.249280 -0.685714 -0.525424
v 0.165403 -0.657143 -0.267281
v 0.169818 -0.657143 -0.280867
v 0.174233 -0.657143 -0.294454
v 0.178647 -0.657143 -0.308040
v 0.183062 -0.657143 -0.321627
v 0.187476 -0.657143 -0.335213
v 0.191891 -0.657143 -0.348800
v 0.196305 -0.657143 -0.362386
v 0.200720 -0.657143 -0.375973
v 0.205134 -0.657143 -0.389559
v 0.209549 -0.657143 -0.403146
v 0.213963 -0.657143 -0.416732
v 0.218378 -0.657143 -0.430319
v 0.222792 -0.657143 -0.443905
v 0.227207 -0.657143 -0.457492
v 0.231621 -0.657143 -0.471078
v 0.236036 -0.657143 -0.484665
v 0.240450 -0.657143 -0.498251
v 0.244865 -0.657143 -0.511838
v 0.249280 -0.657143 -0.525424
v 0.165403 -0.628571 -0.267281
v 0.169818 -0.628571 -0.280867
v 0.174233 -0.628571 -0.294454
v 0.178647 -0.628571 -0.308040
v 0.183062 -0.628571 -0.321627
v 0.187476 -0.628571 -0.335213
v 0.191891 -0.628571 -0.348800
v 0.196305 -0.628571 -0.362386
v 0.200720 -0.628571 -0.375973
v 0.205134 -0.628571 -0.389559
v 0.209549 -0.628571 -0.403146
v 0.213963 -0.628571 -0.416732
v 0.218378 -0.628571 -0.430319
v 0.222792 -0.628571 -0.443905
v 0.227207 -0.628571 -0.457492
v 0.231621 -0.628571 -0.471078
v 0.236036 -0.628571 -0.484665
v 0.240450 -0.628571 -0.498251
v 0.244865 -0.628571 -0.511838
v 0.249280 -0.628571 -0.525424
v 0.165403 -0.600000 -0.267281
v 0.169818 -0.600000 -0.280867
v 0.174233 -0.600000 -0.294454
v 0.178647 -0.600000 -0.308040
v 0.183062 -0.600000 -0.321627
v 0.187476 -0.600000 -0.335213
v 0.191891 -0.600000 -0.348800
v 0.196305 -0.600000 -0.362386
v 0.200720 -0.600000 -0.375973
v 0.205134 -0.600000 -0.389559
v 0.209549 -0.600000 -0.403146
v 0.213963 -0.600000 -0.416732
v 0.218378 -0.600000 -0.430319
v 0.222792 -0.600000 -0.443905
v 0.227207 -0.600000 -0.457492
v 0.231621 -0.600000 -0.471078
v 0.236036 -0.600000 -0.484665
v 0.240450 -0.600000 -0.498251
v 0.244865 -0.600000 -0.511838
v 0.249280 -0.600000 -0.525424
v 0.165403 -0.571429 -0.267281
v 0.169818 -0.571429 -0.280867
v 0.174233 -0.571429 -0.294454
v 0.178647 -0.571429 -0.308040
v 0.183062 -0.571429 -0.321627
v 0.187476 -0.571429 -0.335213
v 0.191891 -0.571429 -0.348800
v 0.196305 -0.571429 -0.362386
v 0.200720 -0.571429 -0.375973
v 0.205134 -0.571429 -0.389559
v 0.209549 -0.571429 -0.403146
v 0.213963 -0.571429 -0.416732
v 0.218378 -0.571429 -0.430319
v 0.222792 -0.571429 -0.443905
v 0.227207 -0.571429 -0.457492
v 0.231621 -0.571429 -0.471078
v 0.236036 -0.571429 -0.484665
v 0.240450 -0.571429 -0.498251
v 0.244865 -0.571429 -0.511838
v 0.249280 -0.571429 -0.525424
v 0.165403 -0.542857 -0.267281
v 0.169818 -0.542857 -0.280867
v 0.174233 -0.542857 -0.294454
v 0.178647 -0.542857 -0.308040
v 0.183062 -0.542857 -0.321627
v 0.187476 -0.542857 -0.335213
v 0.191891 -0.542857 -0.348800
v 0.196305 -0.542857 -0.362386
v 0.200720 -0.542857 -0.375973
v 0.205134 -0.542857 -0.389559
v 0.209549 -0.542857 -0.403146
v 0.213963 -0.542857 -0.416732
v 0.218378 -0.542857 -0.430319
v 0.222792 -0.542857 -0.443905
v 0.227207 -0.542857 -0.457492
v 0.231621 -0.542857 -0.471078
v 0.236036 -0.542857 -0.484665
v 0.240450 -0.542857 -0.498251
v 0.244865 -0.542857 -0.511838
v 0.249280 -0.542857 -0.525424
v 0.165403 -0.514286 -0.267281
v 0.169818 -0.514286 -0.280867
v 0.174233 -0.514286 -0.294454
v 0.178647 -0.514286 -0.308040
v 0.183062 -0.514286 -0.321627
v 0.187476 -0.514286 -0.335213
v 0.191891 -0.514286 -0.348800
v 0.196305 -0.514286 -0.362386
v 0.200720 -0.514286 -0.375973
v 0.205134 -0.514286 -0.389559
v 0.209549 -0.514286 -0.403146
v 0.213963 -0.514286 -0.416732
v 0.218378 -0.514286 -0.430319
v 0.222792 -0.514286 -0.443905
v 0.227207 -0.514286 -0.457492
v 0.231621 -0.514286 -0.471078
v 0.236036 -0.514286 -0.484665
v 0.240450 -0.514286 -0.498251
v 0.244865 -0.514286 -0.511838
v 0.249280 -0.514286 -0.525424
v 0.165403 -0.485714 -0.267281
v 0.169818 -0.485714 -0.280867
v 0.174233 -0.485714 -0.294454
v 0.178647 -0.485714 -0.308040
v 0.183062 -0.485714 -0.321627
v 0.187476 -0.485714 -0.335213
v 0.191891 -0.485714 -0.348800
v 0.196305 -0.485714 -0.362386
v 0.200720 -0.485714 -0.375973
v 0.205134 -0.485714 -0.389559
v 0.209549 -0.485714 -0.403146
v 0.213963 -0.485714 -0.416732
v 0.218378 -0.485714 -0.430319
v 0.222792 -0.485714 -0.443905
v 0.227207 -0.485714 -0.457492
v 0.231621 -0.485714 -0.471078
v 0.236036 -0.485714 -0.484665
v 0.240450 -0.485714 -0.498251
v 0.244865 -0.485714 -0.511838
v 0.249280 -0.485714 -0.525424
v 0.165403 -0.457143 -0.267281
v 0.169818 -0.457143 -0.280867
v 0.174233 -0.457143 -0.294454
v 0.178647 -0.457143 -0.308040
v 0.183062 -0.457143 -0.321627
v 0.187476 -0.457143 -0.335213
v 0.191891 -0.457143 -0.348800
v 0.196305 -0.457143 -0.362386
v 0.200720 -0.457143 -0.375973
v 0.205134 -0.457143 -0.389559
v 0.209549 -0.457143 -0.403146
v 0.213963 -0.457143 -0.416732
v 0.218378 -0.457143 -0.430319
v 0.222792 -0.457143 -0.443905
v 0.227207 -0.457143 -0.457492
v 0.231621 -0.457143 -0.471078
v 0.236036 -0.457143 -0.484665
v 0.240450 -0.457143 -0.498251
v 0.244865 -0.457143 -0.511838
v 0.249280 -0.457143 -0.525424
v 0.165403 -0.428571 -0.267281
v 0.169818 -0.428571 -0.280867
v 0.174233 -0.428571 -0.294454
v 0.178647 -0.428571 -0.308040
v 0.183062 -0.428571 -0.321627
v 0.187476 -0.428571 -0.335213
v 0.191891 -0.428571 -0.348800
v 0.196305 -0.428571 -0.362386
v 0.200720 -0.428571 -0.375973
v 0.205134 -0.428571 -0.389559
v 0.209549 -0.428571 -0.403146
v 0.213963 -0.428571 -0.416732
v 0.218378 -0.428571 -0.430319
v 0.222792 -0.428571 -0.443905
v 0.227207 -0.428571 -0.457492
v 0.231621 -0.428571 -0.471078
v 0.236036 -0.428571 -0.484665
v 0.240450 -0.428571 -0.498251
v 0.244865 -0.428571 -0.511838
v 0.249280 -0.428571 -0.525424
vn -0.9511 -0.0000 -0.3090
vn 0.3090 -0.0000 -0.9511
vn 0.9511 -0.0000 0.3090
vn -0.3090 -0.0000 0.9511
vn -0.0000 -1.0000 -0.0000
vn -0.0000 1.0000 -0.0000
vt 0.625000 0.238095
vt 0.613095 0.250000
vt 0.613095 0.238095
vt 0.625000 0.488095
vt 0.613095 0.500000
vt 0.613095 0.488095
vt 0.625000 0.738095
vt 0.613095 0.750000
vt 0.613095 0.738095
vt 0.625000 0.988095
vt 0.613095 1.000000
vt 0.613095 0.988095
vt 0.375000 0.738095
vt 0.363095 0.750000
vt 0.363095 0.738095
vt 0.875000 0.738095
vt 0.863095 0.750000
vt 0.863095 0.738095
vt 0.636905 0.738095
vt 0.625000 0.750000
vt 0.648809 0.738095
vt 0.636905 0.750000
vt 0.660714 0.750000
vt 0.648809 0.750000
vt 0.660714 0.738095
vt 0.672619 0.750000
vt 0.672619 0.738095
vt 0.684524 0.750000
vt 0.684524 0.738095
vt 0.696429 0.750000
vt 0.696429 0.738095
vt 0.708333 0.750000
vt 0.708333 0.738095
vt 0.720238 0.750000
vt 0.720238 0.738095
vt 0.732143 0.750000
vt 0.744048 0.738095
vt 0.732143 0.738095
vt 0.755952 0.738095
vt 0.744048 0.750000
vt 0.767857 0.738095
vt 0.755952 0.750000
vt 0.779762 0.738095
vt 0.767857 0.750000
vt 0.791667 0.738095
vt 0.779762 0.750000
vt 0.803571 0.738095
vt 0.791667 0.750000
vt 0.815476 0.738095
vt 0.803571 0.750000
vt 0.827381 0.750000
vt 0.815476 0.750000
vt 0.827381 0.738095
vt 0.839286 0.750000
vt 0.839286 0.738095
vt 0.851190 0.750000
vt 0.851190 0.738095
vt 0.636905 0.500000
vt 0.625000 0.511905
vt 0.625000 0.500000
vt 0.636905 0.511905
vt 0.625000 0.523810
vt 0.636905 0.523810
vt 0.625000 0.535714
vt 0.636905 0.535714
vt 0.625000 0.547619
vt 0.636905 0.559524
vt 0.625000 0.559524
vt 0.636905 0.571429
vt 0.625000 0.571429
vt 0.636905 0.583333
vt 0.625000 0.583333
vt 0.636905 0.595238
vt 0.625000 0.595238
vt 0.636905 0.607143
vt 0.625000 0.607143
vt 0.636905 0.619048
vt 0.625000 0.619048
vt 0.625000 0.630952
vt 0.636905 0.630952
vt 0.625000 0.642857
vt 0.636905 0.642857
vt 0.625000 0.654762
vt 0.636905 0.654762
vt 0.625000 0.666667
vt 0.636905 0.666667
vt 0.625000 0.678571
vt 0.636905 0.678571
vt 0.625000 0.690476
vt 0.636905 0.690476
vt 0.625000 0.702381
vt 0.636905 0.702381
vt 0.625000 0.714286
vt 0.636905 0.714286
vt 0.625000 0.726190
vt 0.648809 0.500000
vt 0.648809 0.511905
vt 0.648809 0.523810
vt 0.648809 0.535714
vt 0.636905 0.547619
vt 0.648809 0.547619
vt 0.648809 0.559524
vt 0.648809 0.571429
vt 0.648809 0.583333
vt 0.648809 0.595238
vt 0.648809 0.607143
vt 0.648809 0.619048
vt 0.648809 0.630952
vt 0.648809 0.642857
vt 0.648809 0.654762
vt 0.648809 0.666667
vt 0.648809 0.678571
vt 0.648809 0.690476
vt 0.648810 0.702381
vt 0.648809 0.726190
vt 0.636905 0.726190
vt 0.660714 0.500000
vt 0.660714 0.511905
vt 0.660714 0.523810
vt 0.660714 0.535714
vt 0.660714 0.547619
vt 0.660714 0.559524
vt 0.660714 0.583333
vt 0.660714 0.595238
vt 0.660714 0.607143
vt 0.660714 0.619048
vt 0.660714 0.630952
vt 0.660714 0.642857
vt 0.660714 0.654762
vt 0.660714 0.666667
vt 0.660714 0.678571
vt 0.660714 0.690476
vt 0.660714 0.702381
vt 0.648810 0.714286
vt 0.660714 0.726190
vt 0.672619 0.500000
vt 0.672619 0.511905
vt 0.672619 0.523810
vt 0.672619 0.535714
vt 0.672619 0.547619
vt 0.672619 0.571429
vt 0.660714 0.571429
vt 0.672619 0.583333
vt 0.672619 0.595238
vt 0.672619 0.607143
vt 0.672619 0.619048
vt 0.672619 0.630952
vt 0.672619 0.642857
vt 0.672619 0.654762
vt 0.672619 0.666667
vt 0.672619 0.678571
vt 0.672619 0.702381
vt 0.672619 0.714286
vt 0.660714 0.714286
vt 0.672619 0.726190
vt 0.684524 0.500000
vt 0.684524 0.511905
vt 0.684524 0.523810
vt 0.684524 0.535714
vt 0.684524 0.547619
vt 0.672619 0.559524
vt 0.684524 0.559524
vt 0.684524 0.583333
vt 0.684524 0.595238
vt 0.684524 0.607143
vt 0.684524 0.630952
vt 0.684524 0.642857
vt 0.684524 0.654762
vt 0.684524 0.666667
vt 0.684524 0.678571
vt 0.672619 0.690476
vt 0.684524 0.702381
vt 0.684524 0.714286
vt 0.684524 0.726190
vt 0.696429 0.500000
vt 0.696429 0.511905
vt 0.696429 0.523810
vt 0.696429 0.535714
vt 0.696428 0.547619
vt 0.696428 0.559524
vt 0.684524 0.571429
vt 0.696428 0.583333
vt 0.696428 0.595238
vt 0.696428 0.607143
vt 0.684524 0.619048
vt 0.696429 0.619048
vt 0.696429 0.630952
vt 0.696429 0.642857
vt 0.696429 0.654762
vt 0.696429 0.666667
vt 0.696429 0.678571
vt 0.684524 0.690476
vt 0.696429 0.702381
vt 0.696429 0.714286
vt 0.696429 0.726190
vt 0.708333 0.500000
vt 0.708333 0.511905
vt 0.708333 0.523810
vt 0.708333 0.535714
vt 0.708333 0.547619
vt 0.708333 0.559524
vt 0.696428 0.571429
vt 0.708333 0.583333
vt 0.708333 0.595238
vt 0.708333 0.607143
vt 0.708333 0.619048
vt 0.708333 0.630952
vt 0.708333 0.642857
vt 0.708333 0.654762
vt 0.708333 0.666667
vt 0.708333 0.678571
vt 0.696428 0.690476
vt 0.708333 0.702381
vt 0.708333 0.714286
vt 0.708333 0.726190
vt 0.720238 0.500000
vt 0.720238 0.511905
vt 0.720238 0.523810
vt 0.720238 0.535714
vt 0.720238 0.547619
vt 0.720238 0.559524
vt 0.708333 0.571429
vt 0.720238 0.583333
vt 0.720238 0.595238
vt 0.720238 0.607143
vt 0.720238 0.630952
vt 0.720238 0.642857
vt 0.720238 0.654762
vt 0.720238 0.666667
vt 0.720238 0.678571
vt 0.708333 0.690476
vt 0.720238 0.702381
vt 0.720238 0.714286
vt 0.720238 0.726190
vt 0.732143 0.500000
vt 0.732143 0.511905
vt 0.732143 0.523810
vt 0.732143 0.535714
vt 0.732143 0.547619
vt 0.732143 0.559524
vt 0.720238 0.571429
vt 0.732143 0.583333
vt 0.732143 0.595238
vt 0.732143 0.607143
vt 0.720238 0.619048
vt 0.732143 0.630952
vt 0.732143 0.642857
vt 0.732143 0.654762
vt 0.732143 0.666667
vt 0.732143 0.690476
vt 0.720238 0.690476
vt 0.732143 0.702381
vt 0.732143 0.714286
vt 0.732143 0.726190
vt 0.744048 0.500000
vt 0.744048 0.511905
vt 0.744048 0.523810
vt 0.744048 0.535714
vt 0.744048 0.547619
vt 0.744048 0.559524
vt 0.732143 0.571429
vt 0.744048 0.583333
vt 0.744048 0.595238
vt 0.744048 0.607143
vt 0.732143 0.619048
vt 0.744048 0.619048
vt 0.744048 0.630952
vt 0.744048 0.642857
vt 0.744048 0.654762
vt 0.744048 0.666667
vt 0.732143 0.678571
vt 0.744048 0.678571
vt 0.744048 0.690476
vt 0.744048 0.702381
vt 0.744048 0.714286
vt 0.755952 0.500000
vt 0.755952 0.511905
vt 0.755952 0.523810
vt 0.755952 0.535714
vt 0.755952 0.547619
vt 0.755952 0.559524
vt 0.744048 0.571429
vt 0.755952 0.583333
vt 0.755952 0.595238
vt 0.755952 0.607143
vt 0.755952 0.619048
vt 0.755952 0.630952
vt 0.755952 0.642857
vt 0.755952 0.666667
vt 0.755952 0.678571
vt 0.755952 0.690476
vt 0.755952 0.702381
vt 0.755952 0.714286
vt 0.744048 0.726190
vt 0.767857 0.500000
vt 0.767857 0.511905
vt 0.767857 0.523810
vt 0.767857 0.535714
vt 0.767857 0.547619
vt 0.767857 0.559524
vt 0.755952 0.571429
vt 0.767857 0.571429
vt 0.767857 0.583333
vt 0.767857 0.595238
vt 0.767857 0.607143
vt 0.767857 0.619048
vt 0.767857 0.630952
vt 0.767857 0.642857
vt 0.755952 0.654762
vt 0.767857 0.654762
vt 0.767857 0.666667
vt 0.767857 0.678571
vt 0.767857 0.690476
vt 0.767857 0.702381
vt 0.767857 0.714286
vt 0.755952 0.726190
vt 0.779762 0.500000
vt 0.779762 0.511905
vt 0.779762 0.535714
vt 0.779762 0.547619
vt 0.779762 0.559524
vt 0.779762 0.583333
vt 0.779762 0.595238
vt 0.779762 0.607143
vt 0.779762 0.619048
vt 0.779762 0.630952
vt 0.779762 0.642857
vt 0.779762 0.666667
vt 0.779762 0.678571
vt 0.779762 0.702381
vt 0.779762 0.714286
vt 0.779762 0.726190
vt 0.767857 0.726190
vt 0.791667 0.500000
vt 0.791667 0.511905
vt 0.779762 0.523810
vt 0.791667 0.523810
vt 0.791667 0.535714
vt 0.791667 0.547619
vt 0.791667 0.559524
vt 0.779762 0.571429
vt 0.791667 0.583333
vt 0.791667 0.595238
vt 0.791667 0.607143
vt 0.791667 0.619048
vt 0.791667 0.630952
vt 0.791667 0.642857
vt 0.791667 0.654762
vt 0.779762 0.654762
vt 0.791667 0.666667
vt 0.791667 0.678571
vt 0.779762 0.690476
vt 0.791667 0.702381
vt 0.791667 0.714286
vt 0.803571 0.500000
vt 0.803571 0.511905
vt 0.803571 0.523810
vt 0.803571 0.535714
vt 0.803571 0.547619
vt 0.803571 0.559524
vt 0.791667 0.571429
vt 0.803571 0.571429
vt 0.803571 0.583333
vt 0.803571 0.595238
vt 0.803571 0.607143
vt 0.803571 0.630952
vt 0.803571 0.642857
vt 0.803571 0.654762
vt 0.803571 0.678571
vt 0.791667 0.690476
vt 0.803571 0.690476
vt 0.803571 0.702381
vt 0.803571 0.714286
vt 0.791667 0.726190
vt 0.815476 0.511905
vt 0.815476 0.523810
vt 0.815476 0.535714
vt 0.815476 0.547619
vt 0.815476 0.559524
vt 0.815476 0.571429
vt 0.815476 0.595238
vt 0.815476 0.607143
vt 0.815476 0.619048
vt 0.803571 0.619048
vt 0.815476 0.630952
vt 0.815476 0.642857
vt 0.815476 0.654762
vt 0.803571 0.666667
vt 0.815476 0.678571
vt 0.815476 0.690476
vt 0.815476 0.702381
vt 0.815476 0.714286
vt 0.803571 0.726190
vt 0.815476 0.500000
vt 0.827381 0.511905
vt 0.827381 0.523810
vt 0.827381 0.535714
vt 0.827381 0.547619
vt 0.827381 0.559524
vt 0.827381 0.571429
vt 0.815476 0.583333
vt 0.827381 0.595238
vt 0.827381 0.607143
vt 0.827381 0.619048
vt 0.827381 0.630952
vt 0.827381 0.642857
vt 0.827381 0.654762
vt 0.815476 0.666667
vt 0.827381 0.678571
vt 0.827381 0.690476
vt 0.827381 0.702381
vt 0.827381 0.714286
vt 0.815476 0.726190
vt 0.839286 0.500000
vt 0.827381 0.500000
vt 0.839286 0.511905
vt 0.839286 0.523810
vt 0.839286 0.535714
vt 0.839286 0.547619
vt 0.839286 0.559524
vt 0.839286 0.571429
vt 0.827381 0.583333
vt 0.839286 0.583333
vt 0.839286 0.607143
vt 0.839286 0.619048
vt 0.839286 0.630952
vt 0.839286 0.642857
vt 0.839286 0.654762
vt 0.827381 0.666667
vt 0.839286 0.666667
vt 0.839286 0.690476
vt 0.839286 0.702381
vt 0.839286 0.714286
vt 0.827381 0.726190
vt 0.851190 0.500000
vt 0.851190 0.511905
vt 0.851190 0.523810
vt 0.851190 0.535714
vt 0.851190 0.547619
vt 0.851190 0.559524
vt 0.851190 0.571429
vt 0.851190 0.583333
vt 0.839286 0.595238
vt 0.851190 0.607143
vt 0.851190 0.619048
vt 0.851190 0.630952
vt 0.851190 0.642857
vt 0.851190 0.654762
vt 0.851190 0.666667
vt 0.839286 0.678571
vt 0.851191 0.690476
vt 0.851191 0.702381
vt 0.851190 0.714286
vt 0.839286 0.726190
vt 0.863095 0.500000
vt 0.863095 0.511905
vt 0.863095 0.523810
vt 0.863095 0.535714
vt 0.863095 0.547619
vt 0.863095 0.559524
vt 0.863095 0.571429
vt 0.863095 0.583333
vt 0.851190 0.595238
vt 0.863095 0.607143
vt 0.863095 0.619048
vt 0.863095 0.630952
vt 0.863095 0.642857
vt 0.863095 0.654762
vt 0.863095 0.666667
vt 0.851191 0.678571
vt 0.863095 0.690476
vt 0.863095 0.702381
vt 0.863095 0.714286
vt 0.851190 0.726190
vt 0.875000 0.500000
vt 0.875000 0.511905
vt 0.875000 0.523810
vt 0.875000 0.535714
vt 0.875000 0.547619
vt 0.875000 0.559524
vt 0.875000 0.571429
vt 0.875000 0.583333
vt 0.863095 0.595238
vt 0.875000 0.595238
vt 0.875000 0.607143
vt 0.875000 0.619048
vt 0.875000 0.630953
vt 0.875000 0.642857
vt 0.875000 0.654762
vt 0.875000 0.666667
vt 0.863095 0.678571
vt 0.875000 0.678572
vt 0.875000 0.690476
vt 0.875000 0.702381
vt 0.875000 0.714286
vt 0.863095 0.726190
vt 0.875000 0.726191
vt 0.136905 0.738095
vt 0.125000 0.750000
vt 0.125000 0.738095
vt 0.148810 0.738095
vt 0.136905 0.750000
vt 0.160714 0.738095
vt 0.148810 0.750000
vt 0.172619 0.738095
vt 0.160714 0.750000
vt 0.184524 0.738095
vt 0.172619 0.750000
vt 0.196429 0.738095
vt 0.184524 0.750000
vt 0.208333 0.738095
vt 0.196429 0.750000
vt 0.220238 0.738095
vt 0.208333 0.750000
vt 0.232143 0.738095
vt 0.220238 0.750000
vt 0.244048 0.750000
vt 0.232143 0.750000
vt 0.244048 0.738095
vt 0.255952 0.750000
vt 0.255952 0.738095
vt 0.267857 0.750000
vt 0.267857 0.738095
vt 0.279762 0.750000
vt 0.279762 0.738095
vt 0.291667 0.750000
vt 0.291667 0.738095
vt 0.303571 0.750000
vt 0.303571 0.738095
vt 0.315476 0.750000
vt 0.315476 0.738095
vt 0.327381 0.750000
vt 0.327381 0.738095
vt 0.339286 0.750000
vt 0.339286 0.738095
vt 0.351190 0.750000
vt 0.351190 0.738095
vt 0.136905 0.500000
vt 0.125000 0.511905
vt 0.125000 0.500000
vt 0.136905 0.511905
vt 0.125000 0.523810
vt 0.136905 0.523810
vt 0.125000 0.535714
vt 0.136905 0.535714
vt 0.125000 0.547619
vt 0.136905 0.547619
vt 0.125000 0.559524
vt 0.136905 0.559524
vt 0.125000 0.571429
vt 0.136905 0.571429
vt 0.125000 0.583333
vt 0.136905 0.583333
vt 0.125000 0.595238
vt 0.136905 0.595238
vt 0.125000 0.607143
vt 0.136905 0.607143
vt 0.125000 0.619048
vt 0.136905 0.619048
vt 0.125000 0.630952
vt 0.136905 0.630952
vt 0.125000 0.642857
vt 0.136905 0.642857
vt 0.125000 0.654762
vt 0.136905 0.654762
vt 0.125000 0.666667
vt 0.136905 0.666667
vt 0.125000 0.678571
vt 0.136905 0.678571
vt 0.125000 0.690476
vt 0.136905 0.690476
vt 0.125000 0.702381
vt 0.136905 0.702381
vt 0.125000 0.714286
vt 0.136905 0.714286
vt 0.125000 0.726190
vt 0.136905 0.726190
vt 0.148810 0.511905
vt 0.148810 0.523810
vt 0.148810 0.535714
vt 0.148810 0.547619
vt 0.148810 0.559524
vt 0.148810 0.571429
vt 0.148810 0.583333
vt 0.148810 0.595238
vt 0.148810 0.607143
vt 0.148810 0.619048
vt 0.148810 0.630952
vt 0.148810 0.642857
vt 0.148810 0.654762
vt 0.148810 0.666667
vt 0.148810 0.678571
vt 0.148810 0.690476
vt 0.148810 0.702381
vt 0.148810 0.714286
vt 0.148810 0.726190
vt 0.160714 0.500000
vt 0.148810 0.500000
vt 0.160714 0.511905
vt 0.160714 0.523810
vt 0.160714 0.535714
vt 0.160714 0.547619
vt 0.160714 0.559524
vt 0.160714 0.571429
vt 0.160714 0.583333
vt 0.160714 0.595238
vt 0.160714 0.607143
vt 0.160714 0.619048
vt 0.160714 0.630952
vt 0.160714 0.654762
vt 0.160714 0.666667
vt 0.160714 0.678571
vt 0.160714 0.690476
vt 0.160714 0.702381
vt 0.160714 0.714286
vt 0.160714 0.726190
vt 0.172619 0.500000
vt 0.172619 0.511905
vt 0.172619 0.523810
vt 0.172619 0.535714
vt 0.172619 0.547619
vt 0.172619 0.559524
vt 0.172619 0.571429
vt 0.172619 0.583333
vt 0.172619 0.595238
vt 0.172619 0.607143
vt 0.172619 0.619048
vt 0.172619 0.630952
vt 0.160714 0.642857
vt 0.172619 0.642857
vt 0.172619 0.654762
vt 0.172619 0.666667
vt 0.172619 0.690476
vt 0.172619 0.702381
vt 0.172619 0.714286
vt 0.172619 0.726190
vt 0.184524 0.511905
vt 0.184524 0.523810
vt 0.184524 0.535714
vt 0.184524 0.547619
vt 0.184524 0.559524
vt 0.184524 0.571429
vt 0.184524 0.583333
vt 0.184524 0.595238
vt 0.184524 0.607143
vt 0.184524 0.619048
vt 0.184524 0.630952
vt 0.184524 0.642857
vt 0.184524 0.654762
vt 0.184524 0.666667
vt 0.172619 0.678571
vt 0.184524 0.678571
vt 0.184524 0.690476
vt 0.184524 0.702381
vt 0.184524 0.726190
vt 0.184524 0.500000
vt 0.196429 0.511905
vt 0.196429 0.523810
vt 0.196429 0.535714
vt 0.196429 0.547619
vt 0.196429 0.559524
vt 0.196429 0.571429
vt 0.196429 0.583333
vt 0.196429 0.595238
vt 0.196429 0.607143
vt 0.196429 0.630952
vt 0.196429 0.642857
vt 0.196429 0.654762
vt 0.196429 0.666667
vt 0.196429 0.678571
vt 0.196429 0.690476
vt 0.196429 0.702381
vt 0.184524 0.714286
vt 0.196429 0.714286
vt 0.196429 0.500000
vt 0.208333 0.511905
vt 0.208333 0.523810
vt 0.208333 0.535714
vt 0.208333 0.547619
vt 0.208333 0.559524
vt 0.208333 0.571429
vt 0.208333 0.583333
vt 0.208333 0.595238
vt 0.208333 0.607143
vt 0.196429 0.619048
vt 0.208333 0.630952
vt 0.208333 0.642857
vt 0.208333 0.654762
vt 0.208333 0.666667
vt 0.208333 0.678571
vt 0.208333 0.690476
vt 0.208333 0.702381
vt 0.208333 0.714286
vt 0.196429 0.726190
vt 0.208333 0.500000
vt 0.220238 0.511905
vt 0.220238 0.523810
vt 0.220238 0.535714
vt 0.220238 0.547619
vt 0.220238 0.559524
vt 0.220238 0.571429
vt 0.220238 0.583333
vt 0.220238 0.595238
vt 0.220238 0.607143
vt 0.208333 0.619048
vt 0.220238 0.619048
vt 0.220238 0.630952
vt 0.220238 0.642857
vt 0.220238 0.654762
vt 0.220238 0.666667
vt 0.220238 0.678571
vt 0.220238 0.690476
vt 0.220238 0.702381
vt 0.220238 0.714286
vt 0.208333 0.726190
vt 0.220238 0.500000
vt 0.232143 0.511905
vt 0.232143 0.523810
vt 0.232143 0.535714
vt 0.232143 0.547619
vt 0.232143 0.559524
vt 0.232143 0.571429
vt 0.232143 0.583333
vt 0.232143 0.595238
vt 0.232143 0.619048
vt 0.232143 0.630952
vt 0.232143 0.642857
vt 0.232143 0.654762
vt 0.232143 0.666667
vt 0.232143 0.678571
vt 0.232143 0.690476
vt 0.232143 0.702381
vt 0.232143 0.726190
vt 0.220238 0.726190
vt 0.232143 0.500000
vt 0.244048 0.511905
vt 0.244048 0.523810
vt 0.244048 0.535714
vt 0.244048 0.547619
vt 0.244048 0.559524
vt 0.244048 0.571429
vt 0.244048 0.583333
vt 0.244048 0.595238
vt 0.244048 0.607143
vt 0.232143 0.607143
vt 0.244048 0.619048
vt 0.244048 0.630952
vt 0.244048 0.642857
vt 0.244048 0.654762
vt 0.244048 0.678571
vt 0.244048 0.690476
vt 0.244048 0.702381
vt 0.232143 0.714286
vt 0.244048 0.726190
vt 0.244048 0.500000
vt 0.255952 0.511905
vt 0.255952 0.523810
vt 0.255952 0.535714
vt 0.255952 0.547619
vt 0.255952 0.559524
vt 0.255952 0.571429
vt 0.255952 0.583333
vt 0.255952 0.595238
vt 0.255952 0.607143
vt 0.255952 0.619048
vt 0.255952 0.630952
vt 0.255952 0.642857
vt 0.255952 0.654762
vt 0.244048 0.666667
vt 0.255952 0.678571
vt 0.255952 0.690476
vt 0.255952 0.702381
vt 0.255952 0.714286
vt 0.244048 0.714286
vt 0.255952 0.726190
vt 0.255952 0.500000
vt 0.267857 0.511905
vt 0.267857 0.523810
vt 0.267857 0.535714
vt 0.267857 0.547619
vt 0.267857 0.559524
vt 0.267857 0.571429
vt 0.267857 0.583333
vt 0.267857 0.595238
vt 0.267857 0.607143
vt 0.267857 0.619048
vt 0.267857 0.630952
vt 0.267857 0.642857
vt 0.267857 0.654762
vt 0.267857 0.666667
vt 0.255952 0.666667
vt 0.267857 0.678571
vt 0.267857 0.690476
vt 0.267857 0.702381
vt 0.267857 0.714286
vt 0.267857 0.726190
vt 0.279762 0.500000
vt 0.267857 0.500000
vt 0.279762 0.511905
vt 0.279762 0.523810
vt 0.279762 0.535714
vt 0.279762 0.547619
vt 0.279762 0.559524
vt 0.279762 0.571429
vt 0.279762 0.583333
vt 0.279762 0.595238
vt 0.279762 0.619048
vt 0.279762 0.630952
vt 0.279762 0.642857
vt 0.279762 0.654762
vt 0.279762 0.666667
vt 0.279762 0.678571
vt 0.279762 0.690476
vt 0.279762 0.702381
vt 0.279762 0.714286
vt 0.279762 0.726190
vt 0.291667 0.500000
vt 0.291667 0.511905
vt 0.291667 0.523810
vt 0.291667 0.535714
vt 0.291667 0.547619
vt 0.291667 0.559524
vt 0.291667 0.571429
vt 0.291667 0.583333
vt 0.291667 0.595238
vt 0.279762 0.607143
vt 0.291667 0.607143
vt 0.291667 0.619048
vt 0.291667 0.642857
vt 0.291667 0.654762
vt 0.291667 0.666667
vt 0.291667 0.678571
vt 0.291667 0.690476
vt 0.291667 0.702381
vt 0.291667 0.714286
vt 0.291667 0.726190
vt 0.303571 0.500000
vt 0.303571 0.511905
vt 0.303571 0.523810
vt 0.303571 0.535714
vt 0.303571 0.547619
vt 0.303571 0.559524
vt 0.303571 0.571429
vt 0.303571 0.583333
vt 0.303571 0.607143
vt 0.303571 0.619048
vt 0.303571 0.630952
vt 0.291667 0.630952
vt 0.303571 0.642857
vt 0.303571 0.654762
vt 0.303571 0.678571
vt 0.303571 0.690476
vt 0.303571 0.702381
vt 0.303571 0.714286
vt 0.303571 0.726190
vt 0.315476 0.500000
vt 0.315476 0.511905
vt 0.315476 0.523810
vt 0.315476 0.535714
vt 0.315476 0.547619
vt 0.315476 0.559524
vt 0.315476 0.571429
vt 0.315476 0.583333
vt 0.303571 0.595238
vt 0.315476 0.595238
vt 0.315476 0.607143
vt 0.315476 0.619048
vt 0.315476 0.630952
vt 0.315476 0.642857
vt 0.315476 0.654762
vt 0.303571 0.666667
vt 0.315476 0.666667
vt 0.315476 0.678571
vt 0.315476 0.702381
vt 0.315476 0.714286
vt 0.315476 0.726190
vt 0.327381 0.500000
vt 0.327381 0.511905
vt 0.327381 0.523810
vt 0.327381 0.535714
vt 0.327381 0.547619
vt 0.327381 0.559524
vt 0.327381 0.571429
vt 0.327381 0.583333
vt 0.327381 0.595238
vt 0.327381 0.607143
vt 0.327381 0.619048
vt 0.327381 0.630952
vt 0.327381 0.642857
vt 0.327381 0.654762
vt 0.327381 0.666667
vt 0.327381 0.678571
vt 0.315476 0.690476
vt 0.327381 0.690476
vt 0.327381 0.714286
vt 0.327381 0.726190
vt 0.339286 0.500000
vt 0.339286 0.511905
vt 0.339286 0.523810
vt 0.339286 0.535714
vt 0.339286 0.547619
vt 0.339286 0.559524
vt 0.339286 0.571429
vt 0.339286 0.583333
vt 0.339286 0.595238
vt 0.339286 0.607143
vt 0.339286 0.619048
vt 0.339286 0.630952
vt 0.339286 0.642857
vt 0.339286 0.654762
vt 0.339286 0.666667
vt 0.339286 0.678571
vt 0.339286 0.690476
vt 0.327381 0.702381
vt 0.339286 0.702381
vt 0.339286 0.726190
vt 0.351190 0.500000
vt 0.351190 0.511905
vt 0.351190 0.523810
vt 0.351190 0.535714
vt 0.351190 0.547619
vt 0.351190 0.559524
vt 0.351190 0.571429
vt 0.351190 0.583333
vt 0.351190 0.595238
vt 0.351190 0.607143
vt 0.351190 0.619048
vt 0.351190 0.630952
vt 0.351190 0.642857
vt 0.351190 0.654762
vt 0.351190 0.666667
vt 0.351190 0.678571
vt 0.351190 0.690476
vt 0.351190 0.702381
vt 0.339286 0.714286
vt 0.351190 0.714286
vt 0.351190 0.726190
vt 0.363095 0.500000
vt 0.363095 0.511905
vt 0.363095 0.523810
vt 0.363095 0.535714
vt 0.363095 0.547619
vt 0.363095 0.559524
vt 0.363095 0.571429
vt 0.363095 0.583333
vt 0.363095 0.595238
vt 0.363095 0.607143
vt 0.363095 0.619048
vt 0.363095 0.630952
vt 0.363095 0.642857
vt 0.363095 0.654762
vt 0.363095 0.666667
vt 0.363095 0.678571
vt 0.363095 0.690476
vt 0.363095 0.702381
vt 0.363095 0.714286
vt 0.363095 0.726190
vt 0.375000 0.500000
vt 0.375000 0.511905
vt 0.375000 0.523810
vt 0.375000 0.535714
vt 0.375000 0.547619
vt 0.375000 0.559524
vt 0.375000 0.571429
vt 0.375000 0.583333
vt 0.375000 0.595238
vt 0.375000 0.607143
vt 0.375000 0.619048
vt 0.375000 0.630953
vt 0.375000 0.642857
vt 0.375000 0.654762
vt 0.375000 0.666667
vt 0.375000 0.678572
vt 0.375000 0.690476
vt 0.375000 0.702381
vt 0.375000 0.714286
vt 0.375000 0.726191
vt 0.386905 0.988095
vt 0.375000 1.000000
vt 0.375000 0.988095
vt 0.398810 0.988095
vt 0.386905 1.000000
vt 0.410714 0.988095
vt 0.398810 1.000000
vt 0.422619 0.988095
vt 0.410714 1.000000
vt 0.434524 0.988095
vt 0.422619 1.000000
vt 0.446429 0.988095
vt 0.434524 1.000000
vt 0.458333 1.000000
vt 0.446429 1.000000
vt 0.458333 0.988095
vt 0.470238 1.000000
vt 0.482143 0.988095
vt 0.470238 0.988095
vt 0.494048 0.988095
vt 0.482143 1.000000
vt 0.505952 0.988095
vt 0.494048 1.000000
vt 0.517857 1.000000
vt 0.505952 1.000000
vt 0.517857 0.988095
vt 0.529762 1.000000
vt 0.529762 0.988095
vt 0.541667 1.000000
vt 0.541667 0.988095
vt 0.553571 1.000000
vt 0.553571 0.988095
vt 0.565476 1.000000
vt 0.565476 0.988095
vt 0.577381 1.000000
vt 0.577381 0.988095
vt 0.589286 1.000000
vt 0.589286 0.988095
vt 0.601190 1.000000
vt 0.601190 0.988095
vt 0.386905 0.750000
vt 0.375000 0.761905
vt 0.375000 0.750000
vt 0.386905 0.773810
vt 0.375000 0.773809
vt 0.386905 0.785714
vt 0.375000 0.785714
vt 0.386905 0.797619
vt 0.375000 0.797619
vt 0.386905 0.809524
vt 0.375000 0.809524
vt 0.386905 0.821429
vt 0.375000 0.821429
vt 0.386905 0.833333
vt 0.375000 0.833333
vt 0.386905 0.845238
vt 0.375000 0.845238
vt 0.386905 0.857143
vt 0.375000 0.857143
vt 0.386905 0.869048
vt 0.375000 0.869048
vt 0.386905 0.880952
vt 0.375000 0.880952
vt 0.386905 0.892857
vt 0.375000 0.892857
vt 0.386905 0.904762
vt 0.375000 0.904762
vt 0.386905 0.916667
vt 0.375000 0.916667
vt 0.386905 0.928572
vt 0.375000 0.928571
vt 0.386905 0.940476
vt 0.375000 0.940476
vt 0.386905 0.952381
vt 0.375000 0.952381
vt 0.386905 0.964286
vt 0.375000 0.964286
vt 0.386905 0.976190
vt 0.375000 0.976190
vt 0.398809 0.750000
vt 0.386905 0.761905
vt 0.398809 0.761905
vt 0.398809 0.773810
vt 0.398810 0.785714
vt 0.398810 0.797619
vt 0.398810 0.809524
vt 0.398810 0.821429
vt 0.398810 0.833333
vt 0.398810 0.845238
vt 0.398810 0.857143
vt 0.398810 0.869048
vt 0.398810 0.880952
vt 0.398810 0.892857
vt 0.398810 0.904762
vt 0.398810 0.916667
vt 0.398810 0.928572
vt 0.398810 0.940476
vt 0.398810 0.952381
vt 0.398810 0.964286
vt 0.410714 0.750000
vt 0.410714 0.761905
vt 0.410714 0.773810
vt 0.410714 0.785714
vt 0.410714 0.797619
vt 0.410714 0.809524
vt 0.410714 0.821429
vt 0.410714 0.833333
vt 0.410714 0.845238
vt 0.410714 0.857143
vt 0.410714 0.869048
vt 0.410714 0.880952
vt 0.410714 0.892857
vt 0.410714 0.904762
vt 0.410714 0.916667
vt 0.410714 0.928572
vt 0.410714 0.940476
vt 0.410714 0.952381
vt 0.410714 0.964286
vt 0.398810 0.976190
vt 0.422619 0.750000
vt 0.422619 0.761905
vt 0.422619 0.773810
vt 0.422619 0.785714
vt 0.422619 0.797619
vt 0.422619 0.809524
vt 0.422619 0.821429
vt 0.422619 0.833333
vt 0.422619 0.845238
vt 0.422619 0.857143
vt 0.422619 0.869048
vt 0.422619 0.880952
vt 0.422619 0.892857
vt 0.422619 0.904762
vt 0.422619 0.916667
vt 0.422619 0.928572
vt 0.422619 0.940476
vt 0.422619 0.952381
vt 0.422619 0.964286
vt 0.410714 0.976190
vt 0.434524 0.750000
vt 0.434524 0.761905
vt 0.434524 0.773809
vt 0.434524 0.785714
vt 0.434524 0.797619
vt 0.434524 0.809524
vt 0.434524 0.821429
vt 0.434524 0.833333
vt 0.434524 0.845238
vt 0.434524 0.857143
vt 0.434524 0.869048
vt 0.434524 0.880952
vt 0.434524 0.892857
vt 0.434524 0.904762
vt 0.434524 0.916667
vt 0.434524 0.928572
vt 0.434524 0.940476
vt 0.434524 0.952381
vt 0.434524 0.964286
vt 0.422619 0.976190
vt 0.446429 0.750000
vt 0.446429 0.761905
vt 0.446429 0.773809
vt 0.446429 0.785714
vt 0.446429 0.797619
vt 0.446429 0.809524
vt 0.446429 0.821429
vt 0.446429 0.833333
vt 0.446429 0.845238
vt 0.446429 0.857143
vt 0.446429 0.869048
vt 0.446429 0.880952
vt 0.446429 0.892857
vt 0.446429 0.904762
vt 0.446429 0.916667
vt 0.446429 0.928572
vt 0.446429 0.940476
vt 0.446429 0.952381
vt 0.446429 0.964286
vt 0.434524 0.976190
vt 0.458333 0.750000
vt 0.458333 0.761905
vt 0.458333 0.773809
vt 0.458333 0.785714
vt 0.458333 0.797619
vt 0.458333 0.809524
vt 0.458333 0.821429
vt 0.458333 0.833333
vt 0.458333 0.845238
vt 0.458333 0.857143
vt 0.458333 0.869048
vt 0.458333 0.880952
vt 0.458333 0.892857
vt 0.458333 0.904762
vt 0.458333 0.916667
vt 0.458333 0.928572
vt 0.458333 0.940476
vt 0.458333 0.952381
vt 0.458333 0.964286
vt 0.446429 0.976190
vt 0.470238 0.750000
vt 0.470238 0.761905
vt 0.470238 0.773809
vt 0.470238 0.785714
vt 0.470238 0.797619
vt 0.470238 0.809524
vt 0.470238 0.821429
vt 0.470238 0.833333
vt 0.470238 0.845238
vt 0.470238 0.857143
vt 0.470238 0.869048
vt 0.470238 0.880952
vt 0.470238 0.892857
vt 0.470238 0.904762
vt 0.470238 0.916667
vt 0.470238 0.928572
vt 0.470238 0.940476
vt 0.470238 0.952381
vt 0.470238 0.964286
vt 0.458333 0.976190
vt 0.482143 0.750000
vt 0.482143 0.761905
vt 0.482143 0.773809
vt 0.482143 0.785714
vt 0.482143 0.797619
vt 0.482143 0.809524
vt 0.482143 0.821429
vt 0.482143 0.833333
vt 0.482143 0.845238
vt 0.482143 0.857143
vt 0.482143 0.869048
vt 0.482143 0.880952
vt 0.482143 0.892857
vt 0.482143 0.904762
vt 0.482143 0.916667
vt 0.482143 0.928572
vt 0.482143 0.940476
vt 0.482143 0.952381
vt 0.482143 0.964286
vt 0.470238 0.976190
vt 0.494048 0.750000
vt 0.494048 0.761905
vt 0.494048 0.773809
vt 0.494048 0.785714
vt 0.494048 0.797619
vt 0.494048 0.809524
vt 0.494048 0.821429
vt 0.494048 0.833333
vt 0.494048 0.845238
vt 0.494048 0.857143
vt 0.494048 0.869048
vt 0.494048 0.880952
vt 0.494048 0.892857
vt 0.494048 0.904762
vt 0.494048 0.916667
vt 0.494048 0.940476
vt 0.494048 0.952381
vt 0.494048 0.976190
vt 0.482143 0.976190
vt 0.505952 0.750000
vt 0.505952 0.761905
vt 0.505952 0.773810
vt 0.505952 0.785714
vt 0.505952 0.797619
vt 0.505952 0.809524
vt 0.505952 0.821429
vt 0.505952 0.833333
vt 0.505952 0.845238
vt 0.505952 0.857143
vt 0.505952 0.869048
vt 0.505952 0.880952
vt 0.505952 0.892857
vt 0.505952 0.904762
vt 0.505952 0.916667
vt 0.494048 0.928572
vt 0.505952 0.928572
vt 0.505952 0.940476
vt 0.505952 0.952381
vt 0.494048 0.964286
vt 0.505952 0.964286
vt 0.505952 0.976190
vt 0.517857 0.750000
vt 0.517857 0.761905
vt 0.517857 0.773810
vt 0.517857 0.785714
vt 0.517857 0.797619
vt 0.517857 0.809524
vt 0.517857 0.821429
vt 0.517857 0.833333
vt 0.517857 0.845238
vt 0.517857 0.857143
vt 0.517857 0.869048
vt 0.517857 0.880952
vt 0.517857 0.892857
vt 0.517857 0.904762
vt 0.517857 0.916667
vt 0.517857 0.940476
vt 0.517857 0.952381
vt 0.517857 0.976190
vt 0.529762 0.750000
vt 0.529762 0.761905
vt 0.529762 0.773810
vt 0.529762 0.785714
vt 0.529762 0.797619
vt 0.529762 0.809524
vt 0.529762 0.821429
vt 0.529762 0.833333
vt 0.529762 0.845238
vt 0.529762 0.857143
vt 0.529762 0.869048
vt 0.529762 0.880952
vt 0.529762 0.892857
vt 0.529762 0.904762
vt 0.529762 0.916667
vt 0.517857 0.928572
vt 0.529762 0.928572
vt 0.529762 0.940476
vt 0.529762 0.952381
vt 0.517857 0.964286
vt 0.529762 0.964286
vt 0.529762 0.976190
vt 0.541667 0.750000
vt 0.541667 0.761905
vt 0.541667 0.773810
vt 0.541667 0.785714
vt 0.541667 0.797619
vt 0.541667 0.809524
vt 0.541667 0.821429
vt 0.541667 0.833333
vt 0.541667 0.845238
vt 0.541667 0.857143
vt 0.541667 0.869048
vt 0.541667 0.880952
vt 0.541667 0.892857
vt 0.541667 0.904762
vt 0.541667 0.916667
vt 0.541667 0.928572
vt 0.541667 0.940476
vt 0.541667 0.952381
vt 0.541667 0.964286
vt 0.553571 0.750000
vt 0.553571 0.761905
vt 0.553571 0.773810
vt 0.553571 0.785714
vt 0.553571 0.797619
vt 0.553571 0.809524
vt 0.553571 0.821429
vt 0.553571 0.833333
vt 0.553571 0.845238
vt 0.553571 0.857143
vt 0.553571 0.869048
vt 0.553571 0.880952
vt 0.553571 0.892857
vt 0.553571 0.904762
vt 0.553571 0.916667
vt 0.553571 0.928572
vt 0.553571 0.940476
vt 0.553571 0.952381
vt 0.553571 0.964286
vt 0.541667 0.976190
vt 0.565476 0.750000
vt 0.565476 0.761905
vt 0.565476 0.773810
vt 0.565476 0.785714
vt 0.565476 0.797619
vt 0.565476 0.809524
vt 0.565476 0.821429
vt 0.565476 0.833333
vt 0.565476 0.845238
vt 0.565476 0.857143
vt 0.565476 0.869048
vt 0.565476 0.880952
vt 0.565476 0.892857
vt 0.565476 0.904762
vt 0.565476 0.916667
vt 0.565476 0.928572
vt 0.565476 0.940476
vt 0.565476 0.952381
vt 0.565476 0.964286
vt 0.553571 0.976190
vt 0.565476 0.976190
vt 0.577381 0.750000
vt 0.577381 0.761905
vt 0.577381 0.773810
vt 0.577381 0.785714
vt 0.577381 0.797619
vt 0.577381 0.809524
vt 0.577381 0.821429
vt 0.577381 0.833333
vt 0.577381 0.845238
vt 0.577381 0.857143
vt 0.577381 0.869048
vt 0.577381 0.880952
vt 0.577381 0.892857
vt 0.577381 0.904762
vt 0.577381 0.916667
vt 0.577381 0.928572
vt 0.577381 0.940476
vt 0.577381 0.952381
vt 0.577381 0.964286
vt 0.577381 0.976190
vt 0.589286 0.750000
vt 0.589286 0.761905
vt 0.589286 0.773810
vt 0.589286 0.785714
vt 0.589286 0.797619
vt 0.589286 0.809524
vt 0.589286 0.821429
vt 0.589286 0.833333
vt 0.589286 0.845238
vt 0.589286 0.857143
vt 0.589286 0.869048
vt 0.589286 0.880952
vt 0.589286 0.892857
vt 0.589286 0.904762
vt 0.589286 0.916667
vt 0.589286 0.928572
vt 0.589286 0.940476
vt 0.589286 0.952381
vt 0.589286 0.964286
vt 0.589286 0.976190
vt 0.601190 0.750000
vt 0.601190 0.761905
vt 0.601190 0.773810
vt 0.601190 0.785714
vt 0.601190 0.797619
vt 0.601190 0.809524
vt 0.601190 0.821429
vt 0.601190 0.833333
vt 0.601190 0.845238
vt 0.601190 0.857143
vt 0.601190 0.869048
vt 0.601190 0.880952
vt 0.601190 0.892857
vt 0.601190 0.904762
vt 0.601190 0.916667
vt 0.601190 0.928572
vt 0.601190 0.940476
vt 0.601190 0.952381
vt 0.601190 0.964286
vt 0.601190 0.976190
vt 0.613095 0.761905
vt 0.613095 0.773810
vt 0.613095 0.785714
vt 0.613095 0.797619
vt 0.613095 0.809524
vt 0.613095 0.821429
vt 0.613095 0.833333
vt 0.613095 0.845238
vt 0.613095 0.857143
vt 0.613095 0.869048
vt 0.613095 0.880952
vt 0.613095 0.892857
vt 0.613095 0.904762
vt 0.613095 0.916667
vt 0.613095 0.928572
vt 0.613095 0.940476
vt 0.613095 0.952381
vt 0.613095 0.964286
vt 0.613095 0.976190
vt 0.625000 0.761905
vt 0.625000 0.773810
vt 0.625000 0.785714
vt 0.625000 0.797619
vt 0.625000 0.809524
vt 0.625000 0.821429
vt 0.625000 0.833333
vt 0.625000 0.845238
vt 0.625000 0.857143
vt 0.625000 0.869048
vt 0.625000 0.880952
vt 0.625000 0.892857
vt 0.625000 0.904762
vt 0.625000 0.916667
vt 0.625000 0.928572
vt 0.625000 0.940476
vt 0.625000 0.952381
vt 0.625000 0.964286
vt 0.625000 0.976190
vt 0.386905 0.738095
vt 0.398809 0.738095
vt 0.410714 0.738095
vt 0.422619 0.738095
vt 0.434524 0.738095
vt 0.446429 0.738095
vt 0.458333 0.738095
vt 0.470238 0.738095
vt 0.482143 0.738095
vt 0.494048 0.738095
vt 0.505952 0.738095
vt 0.517857 0.738095
vt 0.529762 0.738095
vt 0.541667 0.738095
vt 0.553571 0.738095
vt 0.565476 0.738095
vt 0.577381 0.738095
vt 0.589286 0.738095
vt 0.601190 0.738095
vt 0.386905 0.500000
vt 0.386905 0.523810
vt 0.386905 0.535714
vt 0.386905 0.547619
vt 0.386905 0.559524
vt 0.386905 0.571429
vt 0.386905 0.583333
vt 0.386905 0.595238
vt 0.386905 0.607143
vt 0.386905 0.619048
vt 0.386905 0.630952
vt 0.386905 0.642857
vt 0.386905 0.654762
vt 0.386905 0.666667
vt 0.386905 0.678571
vt 0.386905 0.690476
vt 0.386905 0.702381
vt 0.386905 0.714286
vt 0.386905 0.726190
vt 0.398809 0.500000
vt 0.386905 0.511905
vt 0.398809 0.511905
vt 0.398809 0.523810
vt 0.398810 0.535714
vt 0.398810 0.547619
vt 0.398810 0.559524
vt 0.398810 0.571429
vt 0.398810 0.583333
vt 0.398810 0.595238
vt 0.398810 0.607143
vt 0.398810 0.619048
vt 0.398810 0.630952
vt 0.398810 0.642857
vt 0.398810 0.654762
vt 0.398810 0.666667
vt 0.398810 0.678571
vt 0.398810 0.690476
vt 0.398810 0.702381
vt 0.398810 0.714286
vt 0.398810 0.726190
vt 0.410714 0.500000
vt 0.410714 0.511905
vt 0.410714 0.523810
vt 0.410714 0.535714
vt 0.410714 0.547619
vt 0.410714 0.559524
vt 0.410714 0.571429
vt 0.410714 0.583333
vt 0.410714 0.595238
vt 0.410714 0.607143
vt 0.410714 0.619048
vt 0.410714 0.630952
vt 0.410714 0.642857
vt 0.410714 0.654762
vt 0.410714 0.666667
vt 0.410714 0.678571
vt 0.410714 0.690476
vt 0.410714 0.702381
vt 0.410714 0.714286
vt 0.410714 0.726190
vt 0.422619 0.500000
vt 0.422619 0.511905
vt 0.422619 0.523810
vt 0.422619 0.535714
vt 0.422619 0.547619
vt 0.422619 0.559524
vt 0.422619 0.571429
vt 0.422619 0.583333
vt 0.422619 0.595238
vt 0.422619 0.607143
vt 0.422619 0.619048
vt 0.422619 0.630952
vt 0.422619 0.642857
vt 0.422619 0.654762
vt 0.422619 0.666667
vt 0.422619 0.678571
vt 0.422619 0.690476
vt 0.422619 0.702381
vt 0.422619 0.714286
vt 0.422619 0.726190
vt 0.434524 0.500000
vt 0.434524 0.511905
vt 0.434524 0.523810
vt 0.434524 0.535714
vt 0.434524 0.547619
vt 0.434524 0.559524
vt 0.434524 0.571429
vt 0.434524 0.583333
vt 0.434524 0.595238
vt 0.434524 0.607143
vt 0.434524 0.619048
vt 0.434524 0.630952
vt 0.434524 0.642857
vt 0.434524 0.654762
vt 0.434524 0.666667
vt 0.434524 0.678571
vt 0.434524 0.690476
vt 0.434524 0.702381
vt 0.434524 0.714286
vt 0.434524 0.726190
vt 0.446429 0.500000
vt 0.446429 0.511905
vt 0.446429 0.523810
vt 0.446429 0.535714
vt 0.446429 0.547619
vt 0.446429 0.559524
vt 0.446429 0.571429
vt 0.446429 0.583333
vt 0.446429 0.595238
vt 0.446429 0.607143
vt 0.446429 0.619048
vt 0.446429 0.630952
vt 0.446429 0.642857
vt 0.446429 0.654762
vt 0.446429 0.666667
vt 0.446429 0.678571
vt 0.446429 0.690476
vt 0.446429 0.702381
vt 0.446429 0.714286
vt 0.446429 0.726190
vt 0.458333 0.500000
vt 0.458333 0.511905
vt 0.458333 0.523810
vt 0.458333 0.535714
vt 0.458333 0.547619
vt 0.458333 0.559524
vt 0.458333 0.571429
vt 0.458333 0.583333
vt 0.458333 0.595238
vt 0.458333 0.607143
vt 0.458333 0.619048
vt 0.458333 0.630952
vt 0.458333 0.642857
vt 0.458333 0.654762
vt 0.458333 0.666667
vt 0.458333 0.678571
vt 0.458333 0.690476
vt 0.458333 0.702381
vt 0.458333 0.714286
vt 0.458333 0.726190
vt 0.470238 0.500000
vt 0.470238 0.511905
vt 0.470238 0.523810
vt 0.470238 0.535714
vt 0.470238 0.547619
vt 0.470238 0.559524
vt 0.470238 0.571429
vt 0.470238 0.583333
vt 0.470238 0.595238
vt 0.470238 0.607143
vt 0.470238 0.619048
vt 0.470238 0.630952
vt 0.470238 0.642857
vt 0.470238 0.654762
vt 0.470238 0.666667
vt 0.470238 0.678571
vt 0.470238 0.690476
vt 0.470238 0.702381
vt 0.470238 0.714286
vt 0.470238 0.726190
vt 0.482143 0.500000
vt 0.482143 0.511905
vt 0.482143 0.523810
vt 0.482143 0.535714
vt 0.482143 0.547619
vt 0.482143 0.559524
vt 0.482143 0.571429
vt 0.482143 0.583333
vt 0.482143 0.595238
vt 0.482143 0.607143
vt 0.482143 0.619048
vt 0.482143 0.630952
vt 0.482143 0.642857
vt 0.482143 0.654762
vt 0.482143 0.666667
vt 0.482143 0.678571
vt 0.482143 0.690476
vt 0.482143 0.702381
vt 0.482143 0.714286
vt 0.482143 0.726190
vt 0.494048 0.500000
vt 0.494048 0.511905
vt 0.494048 0.523810
vt 0.494048 0.535714
vt 0.494048 0.547619
vt 0.494048 0.559524
vt 0.494048 0.571429
vt 0.494048 0.583333
vt 0.494048 0.595238
vt 0.494048 0.607143
vt 0.494048 0.619048
vt 0.494048 0.630952
vt 0.494048 0.642857
vt 0.494048 0.654762
vt 0.494048 0.666667
vt 0.494048 0.678571
vt 0.494048 0.690476
vt 0.494048 0.702381
vt 0.494048 0.714286
vt 0.494048 0.726190
vt 0.505952 0.500000
vt 0.505952 0.511905
vt 0.505952 0.523810
vt 0.505952 0.535714
vt 0.505952 0.547619
vt 0.505952 0.559524
vt 0.505952 0.571429
vt 0.505952 0.583333
vt 0.505952 0.595238
vt 0.505952 0.607143
vt 0.505952 0.619048
vt 0.505952 0.630952
vt 0.505952 0.642857
vt 0.505952 0.654762
vt 0.505952 0.666667
vt 0.505952 0.678571
vt 0.505952 0.690476
vt 0.505952 0.702381
vt 0.505952 0.714286
vt 0.505952 0.726190
vt 0.517857 0.500000
vt 0.517857 0.511905
vt 0.517857 0.523810
vt 0.517857 0.535714
vt 0.517857 0.547619
vt 0.517857 0.559524
vt 0.517857 0.571429
vt 0.517857 0.583333
vt 0.517857 0.595238
vt 0.517857 0.607143
vt 0.517857 0.619048
vt 0.517857 0.630952
vt 0.517857 0.642857
vt 0.517857 0.654762
vt 0.517857 0.666667
vt 0.517857 0.678571
vt 0.517857 0.690476
vt 0.517857 0.702381
vt 0.517857 0.714286
vt 0.517857 0.726190
vt 0.529762 0.500000
vt 0.529762 0.511905
vt 0.529762 0.523810
vt 0.529762 0.535714
vt 0.529762 0.547619
vt 0.529762 0.559524
vt 0.529762 0.571429
vt 0.529762 0.583333
vt 0.529762 0.595238
vt 0.529762 0.607143
vt 0.529762 0.619048
vt 0.529762 0.630952
vt 0.529762 0.642857
vt 0.529762 0.654762
vt 0.529762 0.666667
vt 0.529762 0.678571
vt 0.529762 0.690476
vt 0.529762 0.702381
vt 0.529762 0.714286
vt 0.529762 0.726190
vt 0.541667 0.500000
vt 0.541667 0.511905
vt 0.541667 0.523810
vt 0.541667 0.535714
vt 0.541667 0.547619
vt 0.541667 0.559524
vt 0.541667 0.571429
vt 0.541667 0.583333
vt 0.541667 0.595238
vt 0.541667 0.607143
vt 0.541667 0.619048
vt 0.541667 0.630952
vt 0.541667 0.642857
vt 0.541667 0.654762
vt 0.541667 0.666667
vt 0.541667 0.678571
vt 0.541667 0.690476
vt 0.541667 0.702381
vt 0.541667 0.714286
vt 0.541667 0.726190
vt 0.553571 0.500000
vt 0.553571 0.511905
vt 0.553571 0.523810
vt 0.553571 0.535714
vt 0.553571 0.547619
vt 0.553571 0.559524
vt 0.553571 0.571429
vt 0.553571 0.583333
vt 0.553571 0.595238
vt 0.553571 0.607143
vt 0.553571 0.619048
vt 0.553571 0.630952
vt 0.553571 0.642857
vt 0.553571 0.654762
vt 0.553571 0.666667
vt 0.553571 0.678571
vt 0.553571 0.690476
vt 0.553571 0.702381
vt 0.553571 0.714286
vt 0.553571 0.726190
vt 0.565476 0.500000
vt 0.565476 0.511905
vt 0.565476 0.523810
vt 0.565476 0.535714
vt 0.565476 0.547619
vt 0.565476 0.559524
vt 0.565476 0.571429
vt 0.565476 0.583333
vt 0.565476 0.595238
vt 0.565476 0.607143
vt 0.565476 0.619048
vt 0.565476 0.630952
vt 0.565476 0.642857
vt 0.565476 0.654762
vt 0.565476 0.666667
vt 0.565476 0.678571
vt 0.565476 0.690476
vt 0.565476 0.702381
vt 0.565476 0.714286
vt 0.565476 0.726190
vt 0.577381 0.500000
vt 0.577381 0.511905
vt 0.577381 0.523810
vt 0.577381 0.535714
vt 0.577381 0.547619
vt 0.577381 0.559524
vt 0.577381 0.571429
vt 0.577381 0.583333
vt 0.577381 0.595238
vt 0.577381 0.607143
vt 0.577381 0.619048
vt 0.577381 0.630952
vt 0.577381 0.642857
vt 0.577381 0.654762
vt 0.577381 0.666667
vt 0.577381 0.678571
vt 0.577381 0.690476
vt 0.577381 0.702381
vt 0.577381 0.714286
vt 0.577381 0.726190
vt 0.589286 0.500000
vt 0.589286 0.511905
vt 0.589286 0.523810
vt 0.589286 0.535714
vt 0.589286 0.547619
vt 0.589286 0.559524
vt 0.589286 0.571429
vt 0.589286 0.583333
vt 0.589286 0.595238
vt 0.589286 0.607143
vt 0.589286 0.619048
vt 0.589286 0.630952
vt 0.589286 0.642857
vt 0.589286 0.654762
vt 0.589286 0.666667
vt 0.589286 0.678571
vt 0.589286 0.690476
vt 0.589286 0.702381
vt 0.589286 0.714286
vt 0.589286 0.726190
vt 0.601190 0.500000
vt 0.601190 0.511905
vt 0.601190 0.523810
vt 0.601190 0.535714
vt 0.601190 0.547619
vt 0.601190 0.559524
vt 0.601190 0.571429
vt 0.601190 0.583333
vt 0.601190 0.595238
vt 0.601190 0.607143
vt 0.601190 0.619048
vt 0.601190 0.630952
vt 0.601190 0.642857
vt 0.601190 0.654762
vt 0.601190 0.666667
vt 0.601190 0.678571
vt 0.601190 0.690476
vt 0.601190 0.702381
vt 0.601190 0.714286
vt 0.601190 0.726190
vt 0.613095 0.511905
vt 0.613095 0.523810
vt 0.613095 0.535714
vt 0.613095 0.547619
vt 0.613095 0.559524
vt 0.613095 0.571429
vt 0.613095 0.583333
vt 0.613095 0.595238
vt 0.613095 0.607143
vt 0.613095 0.619048
vt 0.613095 0.630952
vt 0.613095 0.642857
vt 0.613095 0.654762
vt 0.613095 0.666667
vt 0.613095 0.678571
vt 0.613095 0.690476
vt 0.613095 0.702381
vt 0.613095 0.714286
vt 0.613095 0.726190
vt 0.386905 0.488095
vt 0.375000 0.488095
vt 0.398809 0.488095
vt 0.410714 0.488095
vt 0.422619 0.488095
vt 0.434524 0.488095
vt 0.446429 0.488095
vt 0.458333 0.488095
vt 0.470238 0.488095
vt 0.482143 0.488095
vt 0.494048 0.488095
vt 0.505952 0.488095
vt 0.517857 0.488095
vt 0.529762 0.488095
vt 0.541667 0.488095
vt 0.553571 0.488095
vt 0.565476 0.488095
vt 0.577381 0.488095
vt 0.589286 0.488095
vt 0.601190 0.488095
vt 0.386905 0.250000
vt 0.375000 0.261905
vt 0.375000 0.250000
vt 0.386905 0.273810
vt 0.375000 0.273810
vt 0.386905 0.285714
vt 0.375000 0.285714
vt 0.386905 0.297619
vt 0.375000 0.297619
vt 0.386905 0.309524
vt 0.375000 0.309524
vt 0.386905 0.321429
vt 0.375000 0.321429
vt 0.386905 0.333333
vt 0.375000 0.333333
vt 0.386905 0.345238
vt 0.375000 0.345238
vt 0.386905 0.357143
vt 0.375000 0.357143
vt 0.386905 0.369048
vt 0.375000 0.369048
vt 0.386905 0.380952
vt 0.375000 0.380952
vt 0.386905 0.392857
vt 0.375000 0.392857
vt 0.386905 0.404762
vt 0.375000 0.404762
vt 0.386905 0.416667
vt 0.375000 0.416667
vt 0.386905 0.428571
vt 0.375000 0.428571
vt 0.386905 0.440476
vt 0.375000 0.440476
vt 0.386905 0.452381
vt 0.375000 0.452381
vt 0.386905 0.464286
vt 0.375000 0.464286
vt 0.386905 0.476190
vt 0.375000 0.476190
vt 0.398809 0.250000
vt 0.386905 0.261905
vt 0.398809 0.261905
vt 0.398809 0.273810
vt 0.398810 0.285714
vt 0.398810 0.297619
vt 0.398810 0.309524
vt 0.398810 0.321429
vt 0.398810 0.333333
vt 0.398810 0.345238
vt 0.398810 0.357143
vt 0.398810 0.369048
vt 0.398810 0.380952
vt 0.398810 0.392857
vt 0.398810 0.404762
vt 0.398810 0.416667
vt 0.398810 0.428571
vt 0.398810 0.440476
vt 0.398810 0.452381
vt 0.398810 0.464286
vt 0.398810 0.476190
vt 0.410714 0.250000
vt 0.410714 0.261905
vt 0.410714 0.273810
vt 0.410714 0.285714
vt 0.410714 0.297619
vt 0.410714 0.309524
vt 0.410714 0.321429
vt 0.410714 0.333333
vt 0.410714 0.345238
vt 0.410714 0.357143
vt 0.410714 0.369048
vt 0.410714 0.380952
vt 0.410714 0.392857
vt 0.410714 0.404762
vt 0.410714 0.416667
vt 0.410714 0.428571
vt 0.410714 0.440476
vt 0.410714 0.452381
vt 0.410714 0.464286
vt 0.410714 0.476190
vt 0.422619 0.250000
vt 0.422619 0.261905
vt 0.422619 0.273810
vt 0.422619 0.285714
vt 0.422619 0.297619
vt 0.422619 0.309524
vt 0.422619 0.321429
vt 0.422619 0.333333
vt 0.422619 0.345238
vt 0.422619 0.357143
vt 0.422619 0.369048
vt 0.422619 0.380952
vt 0.422619 0.392857
vt 0.422619 0.404762
vt 0.422619 0.416667
vt 0.422619 0.428571
vt 0.422619 0.440476
vt 0.422619 0.452381
vt 0.422619 0.464286
vt 0.422619 0.476190
vt 0.434524 0.250000
vt 0.434524 0.261905
vt 0.434524 0.273810
vt 0.434524 0.285714
vt 0.434524 0.297619
vt 0.434524 0.309524
vt 0.434524 0.321429
vt 0.434524 0.333333
vt 0.434524 0.345238
vt 0.434524 0.357143
vt 0.434524 0.369048
vt 0.434524 0.380952
vt 0.434524 0.392857
vt 0.434524 0.404762
vt 0.434524 0.416667
vt 0.434524 0.428571
vt 0.434524 0.440476
vt 0.434524 0.452381
vt 0.434524 0.464286
vt 0.434524 0.476190
vt 0.446429 0.250000
vt 0.446429 0.261905
vt 0.446429 0.273810
vt 0.446429 0.285714
vt 0.446429 0.297619
vt 0.446429 0.309524
vt 0.446429 0.321429
vt 0.446429 0.333333
vt 0.446429 0.345238
vt 0.446429 0.357143
vt 0.446429 0.369048
vt 0.446429 0.380952
vt 0.446429 0.392857
vt 0.446429 0.404762
vt 0.446429 0.416667
vt 0.446429 0.428571
vt 0.446429 0.440476
vt 0.446429 0.452381
vt 0.446429 0.464286
vt 0.446429 0.476190
vt 0.458333 0.250000
vt 0.458333 0.261905
vt 0.458333 0.273810
vt 0.458333 0.285714
vt 0.458333 0.297619
vt 0.458333 0.309524
vt 0.458333 0.321429
vt 0.458333 0.333333
vt 0.458333 0.345238
vt 0.458333 0.357143
vt 0.458333 0.369048
vt 0.458333 0.380952
vt 0.458333 0.392857
vt 0.458333 0.404762
vt 0.458333 0.416667
vt 0.458333 0.428571
vt 0.458333 0.440476
vt 0.458333 0.452381
vt 0.458333 0.464286
vt 0.458333 0.476190
vt 0.470238 0.250000
vt 0.470238 0.261905
vt 0.470238 0.273810
vt 0.470238 0.285714
vt 0.470238 0.297619
vt 0.470238 0.309524
vt 0.470238 0.321429
vt 0.470238 0.333333
vt 0.470238 0.345238
vt 0.470238 0.357143
vt 0.470238 0.369048
vt 0.470238 0.380952
vt 0.470238 0.392857
vt 0.470238 0.404762
vt 0.470238 0.416667
vt 0.470238 0.428571
vt 0.470238 0.440476
vt 0.470238 0.452381
vt 0.470238 0.464286
vt 0.470238 0.476190
vt 0.482143 0.250000
vt 0.482143 0.261905
vt 0.482143 0.273810
vt 0.482143 0.285714
vt 0.482143 0.297619
vt 0.482143 0.309524
vt 0.482143 0.321429
vt 0.482143 0.333333
vt 0.482143 0.345238
vt 0.482143 0.357143
vt 0.482143 0.369048
vt 0.482143 0.380952
vt 0.482143 0.392857
vt 0.482143 0.404762
vt 0.482143 0.416667
vt 0.482143 0.428571
vt 0.482143 0.440476
vt 0.482143 0.452381
vt 0.482143 0.464286
vt 0.482143 0.476190
vt 0.494048 0.250000
vt 0.494048 0.261905
vt 0.494048 0.273810
vt 0.494048 0.285714
vt 0.494048 0.297619
vt 0.494048 0.309524
vt 0.494048 0.321429
vt 0.494048 0.333333
vt 0.494048 0.345238
vt 0.494048 0.357143
vt 0.494048 0.369048
vt 0.494048 0.380952
vt 0.494048 0.392857
vt 0.494048 0.404762
vt 0.494048 0.416667
vt 0.494048 0.428571
vt 0.494048 0.440476
vt 0.494048 0.452381
vt 0.494048 0.464286
vt 0.494048 0.476190
vt 0.505952 0.250000
vt 0.505952 0.261905
vt 0.505952 0.273810
vt 0.505952 0.285714
vt 0.505952 0.297619
vt 0.505952 0.309524
vt 0.505952 0.321429
vt 0.505952 0.333333
vt 0.505952 0.345238
vt 0.505952 0.357143
vt 0.505952 0.369048
vt 0.505952 0.380952
vt 0.505952 0.392857
vt 0.505952 0.404762
vt 0.505952 0.416667
vt 0.505952 0.428571
vt 0.505952 0.440476
vt 0.505952 0.452381
vt 0.505952 0.464286
vt 0.505952 0.476190
vt 0.517857 0.250000
vt 0.517857 0.261905
vt 0.517857 0.273810
vt 0.517857 0.285714
vt 0.517857 0.297619
vt 0.517857 0.309524
vt 0.517857 0.321429
vt 0.517857 0.333333
vt 0.517857 0.345238
vt 0.517857 0.357143
vt 0.517857 0.369048
vt 0.517857 0.380952
vt 0.517857 0.392857
vt 0.517857 0.404762
vt 0.517857 0.416667
vt 0.517857 0.428571
vt 0.517857 0.440476
vt 0.517857 0.452381
vt 0.517857 0.464286
vt 0.517857 0.476190
vt 0.529762 0.250000
vt 0.529762 0.261905
vt 0.529762 0.273810
vt 0.529762 0.285714
vt 0.529762 0.297619
vt 0.529762 0.309524
vt 0.529762 0.321429
vt 0.529762 0.333333
vt 0.529762 0.345238
vt 0.529762 0.357143
vt 0.529762 0.369048
vt 0.529762 0.380952
vt 0.529762 0.392857
vt 0.529762 0.404762
vt 0.529762 0.416667
vt 0.529762 0.428571
vt 0.529762 0.440476
vt 0.529762 0.452381
vt 0.529762 0.464286
vt 0.529762 0.476190
vt 0.541667 0.250000
vt 0.541667 0.261905
vt 0.541667 0.273810
vt 0.541667 0.285714
vt 0.541667 0.297619
vt 0.541667 0.309524
vt 0.541667 0.321429
vt 0.541667 0.333333
vt 0.541667 0.345238
vt 0.541667 0.357143
vt 0.541667 0.369048
vt 0.541667 0.380952
vt 0.541667 0.392857
vt 0.541667 0.404762
vt 0.541667 0.416667
vt 0.541667 0.428571
vt 0.541667 0.440476
vt 0.541667 0.452381
vt 0.541667 0.464286
vt 0.541667 0.476190
vt 0.553571 0.250000
vt 0.553571 0.261905
vt 0.553571 0.273810
vt 0.553571 0.285714
vt 0.553571 0.297619
vt 0.553571 0.309524
vt 0.553571 0.321429
vt 0.553571 0.333333
vt 0.553571 0.345238
vt 0.553571 0.357143
vt 0.553571 0.369048
vt 0.553571 0.380952
vt 0.553571 0.392857
vt 0.553571 0.404762
vt 0.553571 0.416667
vt 0.553571 0.428571
vt 0.553571 0.440476
vt 0.553571 0.452381
vt 0.553571 0.464286
vt 0.553571 0.476190
vt 0.565476 0.250000
vt 0.565476 0.261905
vt 0.565476 0.273810
vt 0.565476 0.285714
vt 0.565476 0.297619
vt 0.565476 0.309524
vt 0.565476 0.321429
vt 0.565476 0.333333
vt 0.565476 0.345238
vt 0.565476 0.357143
vt 0.565476 0.369048
vt 0.565476 0.380952
vt 0.565476 0.392857
vt 0.565476 0.404762
vt 0.565476 0.416667
vt 0.565476 0.428571
vt 0.565476 0.440476
vt 0.565476 0.452381
vt 0.565476 0.464286
vt 0.565476 0.476190
vt 0.577381 0.250000
vt 0.577381 0.261905
vt 0.577381 0.273810
vt 0.577381 0.285714
vt 0.577381 0.297619
vt 0.577381 0.309524
vt 0.577381 0.321429
vt 0.577381 0.333333
vt 0.577381 0.345238
vt 0.577381 0.357143
vt 0.577381 0.369048
vt 0.577381 0.380952
vt 0.577381 0.392857
vt 0.577381 0.404762
vt 0.577381 0.416667
vt 0.577381 0.428571
vt 0.577381 0.440476
vt 0.577381 0.452381
vt 0.577381 0.464286
vt 0.577381 0.476190
vt 0.589286 0.250000
vt 0.589286 0.261905
vt 0.589286 0.273810
vt 0.589286 0.285714
vt 0.589286 0.297619
vt 0.589286 0.309524
vt 0.589286 0.321429
vt 0.589286 0.333333
vt 0.589286 0.345238
vt 0.589286 0.357143
vt 0.589286 0.369048
vt 0.589286 0.380952
vt 0.589286 0.392857
vt 0.589286 0.404762
vt 0.589286 0.416667
vt 0.589286 0.428571
vt 0.589286 0.440476
vt 0.589286 0.452381
vt 0.589286 0.464286
vt 0.589286 0.476190
vt 0.601190 0.250000
vt 0.601190 0.261905
vt 0.601190 0.273810
vt 0.601190 0.285714
vt 0.601190 0.297619
vt 0.601190 0.309524
vt 0.601190 0.321429
vt 0.601190 0.333333
vt 0.601190 0.345238
vt 0.601190 0.357143
vt 0.601190 0.369048
vt 0.601190 0.380952
vt 0.601190 0.392857
vt 0.601190 0.404762
vt 0.601190 0.416667
vt 0.601190 0.428571
vt 0.601190 0.440476
vt 0.601190 0.452381
vt 0.601190 0.464286
vt 0.601190 0.476190
vt 0.613095 0.261905
vt 0.613095 0.273810
vt 0.613095 0.285714
vt 0.613095 0.297619
vt 0.613095 0.309524
vt 0.613095 0.321429
vt 0.613095 0.333333
vt 0.613095 0.345238
vt 0.613095 0.357143
vt 0.613095 0.369048
vt 0.613095 0.380952
vt 0.613095 0.392857
vt 0.613095 0.404762
vt 0.613095 0.416667
vt 0.613095 0.428571
vt 0.613095 0.440476
vt 0.613095 0.452381
vt 0.613095 0.464286
vt 0.613095 0.476190
vt 0.625000 0.250000
vt 0.625000 0.261905
vt 0.625000 0.273810
vt 0.625000 0.285714
vt 0.625000 0.297619
vt 0.625000 0.309524
vt 0.625000 0.321429
vt 0.625000 0.333333
vt 0.625000 0.345238
vt 0.625000 0.357143
vt 0.625000 0.369048
vt 0.625000 0.380952
vt 0.625000 0.392857
vt 0.625000 0.404762
vt 0.625000 0.416667
vt 0.625000 0.428571
vt 0.625000 0.440476
vt 0.625000 0.452381
vt 0.625000 0.464286
vt 0.625000 0.476190
vt 0.386905 0.238095
vt 0.375000 0.238095
vt 0.398809 0.238095
vt 0.410714 0.238095
vt 0.422619 0.238095
vt 0.434524 0.238095
vt 0.446429 0.238095
vt 0.458333 0.238095
vt 0.470238 0.238095
vt 0.482143 0.238095
vt 0.494048 0.238095
vt 0.505952 0.238095
vt 0.517857 0.238095
vt 0.529762 0.238095
vt 0.541667 0.238095
vt 0.553571 0.238095
vt 0.565476 0.238095
vt 0.577381 0.238095
vt 0.589286 0.238095
vt 0.601190 0.238095
vt 0.386905 0.000000
vt 0.375000 0.011905
vt 0.375000 0.000000
vt 0.386905 0.023810
vt 0.375000 0.023810
vt 0.386905 0.035714
vt 0.375000 0.035714
vt 0.386905 0.047619
vt 0.375000 0.047619
vt 0.386905 0.059524
vt 0.375000 0.059524
vt 0.386905 0.071429
vt 0.375000 0.071429
vt 0.386905 0.083333
vt 0.375000 0.083333
vt 0.386905 0.095238
vt 0.375000 0.095238
vt 0.386905 0.107143
vt 0.375000 0.107143
vt 0.386905 0.119048
vt 0.375000 0.119048
vt 0.386905 0.130952
vt 0.375000 0.130952
vt 0.386905 0.142857
vt 0.375000 0.142857
vt 0.386905 0.154762
vt 0.375000 0.154762
vt 0.386905 0.166667
vt 0.375000 0.166667
vt 0.386905 0.178571
vt 0.375000 0.178571
vt 0.386905 0.190476
vt 0.375000 0.190476
vt 0.386905 0.202381
vt 0.375000 0.202381
vt 0.386905 0.214286
vt 0.375000 0.214286
vt 0.386905 0.226190
vt 0.375000 0.226190
vt 0.398810 0.000000
vt 0.386905 0.011905
vt 0.398810 0.011905
vt 0.398809 0.023810
vt 0.398810 0.035714
vt 0.398810 0.047619
vt 0.398810 0.059524
vt 0.398810 0.071429
vt 0.398810 0.083333
vt 0.398810 0.095238
vt 0.398810 0.107143
vt 0.398810 0.119048
vt 0.398810 0.130952
vt 0.398810 0.142857
vt 0.398810 0.154762
vt 0.398810 0.166667
vt 0.398810 0.178571
vt 0.398810 0.190476
vt 0.398810 0.202381
vt 0.398810 0.214286
vt 0.398810 0.226190
vt 0.410714 0.000000
vt 0.410714 0.011905
vt 0.410714 0.023810
vt 0.410714 0.035714
vt 0.410714 0.047619
vt 0.410714 0.059524
vt 0.410714 0.071429
vt 0.410714 0.083333
vt 0.410714 0.095238
vt 0.410714 0.107143
vt 0.410714 0.119048
vt 0.410714 0.130952
vt 0.410714 0.142857
vt 0.410714 0.154762
vt 0.410714 0.166667
vt 0.410714 0.178571
vt 0.410714 0.190476
vt 0.410714 0.202381
vt 0.410714 0.214286
vt 0.410714 0.226190
vt 0.422619 0.000000
vt 0.422619 0.011905
vt 0.422619 0.023810
vt 0.422619 0.035714
vt 0.422619 0.047619
vt 0.422619 0.059524
vt 0.422619 0.071429
vt 0.422619 0.083333
vt 0.422619 0.095238
vt 0.422619 0.107143
vt 0.422619 0.119048
vt 0.422619 0.130952
vt 0.422619 0.142857
vt 0.422619 0.154762
vt 0.422619 0.166667
vt 0.422619 0.178571
vt 0.422619 0.190476
vt 0.422619 0.202381
vt 0.422619 0.214286
vt 0.422619 0.226190
vt 0.434524 0.000000
vt 0.434524 0.011905
vt 0.434524 0.023810
vt 0.434524 0.035714
vt 0.434524 0.047619
vt 0.434524 0.059524
vt 0.434524 0.071429
vt 0.434524 0.083333
vt 0.434524 0.095238
vt 0.434524 0.107143
vt 0.434524 0.119048
vt 0.434524 0.130952
vt 0.434524 0.142857
vt 0.434524 0.154762
vt 0.434524 0.166667
vt 0.434524 0.178571
vt 0.434524 0.190476
vt 0.434524 0.202381
vt 0.434524 0.214286
vt 0.434524 0.226190
vt 0.446429 0.000000
vt 0.446429 0.011905
vt 0.446429 0.023810
vt 0.446429 0.035714
vt 0.446429 0.047619
vt 0.446429 0.059524
vt 0.446429 0.071429
vt 0.446429 0.083333
vt 0.446429 0.095238
vt 0.446429 0.107143
vt 0.446429 0.119048
vt 0.446429 0.130952
vt 0.446429 0.142857
vt 0.446429 0.154762
vt 0.446429 0.166667
vt 0.446429 0.178571
vt 0.446429 0.190476
vt 0.446429 0.202381
vt 0.446429 0.214286
vt 0.446429 0.226190
vt 0.458333 0.000000
vt 0.458333 0.011905
vt 0.458333 0.023810
vt 0.458333 0.035714
vt 0.458333 0.047619
vt 0.458333 0.059524
vt 0.458333 0.071429
vt 0.458333 0.083333
vt 0.458333 0.095238
vt 0.458333 0.107143
vt 0.458333 0.119048
vt 0.458333 0.130952
vt 0.458333 0.142857
vt 0.458333 0.154762
vt 0.458333 0.166667
vt 0.458333 0.178571
vt 0.458333 0.190476
vt 0.458333 0.202381
vt 0.458333 0.214286
vt 0.458333 0.226190
vt 0.470238 0.000000
vt 0.470238 0.011905
vt 0.470238 0.023810
vt 0.470238 0.035714
vt 0.470238 0.047619
vt 0.470238 0.059524
vt 0.470238 0.071429
vt 0.470238 0.083333
vt 0.470238 0.095238
vt 0.470238 0.107143
vt 0.470238 0.119048
vt 0.470238 0.130952
vt 0.470238 0.142857
vt 0.470238 0.154762
vt 0.470238 0.166667
vt 0.470238 0.178571
vt 0.470238 0.190476
vt 0.470238 0.202381
vt 0.470238 0.214286
vt 0.470238 0.226190
vt 0.482143 0.000000
vt 0.482143 0.011905
vt 0.482143 0.023810
vt 0.482143 0.035714
vt 0.482143 0.047619
vt 0.482143 0.059524
vt 0.482143 0.071429
vt 0.482143 0.083333
vt 0.482143 0.095238
vt 0.482143 0.107143
vt 0.482143 0.119048
vt 0.482143 0.130952
vt 0.482143 0.142857
vt 0.482143 0.154762
vt 0.482143 0.166667
vt 0.482143 0.178571
vt 0.482143 0.190476
vt 0.482143 0.202381
vt 0.482143 0.214286
vt 0.482143 0.226190
vt 0.494048 0.000000
vt 0.494048 0.011905
vt 0.494048 0.023810
vt 0.494048 0.035714
vt 0.494048 0.047619
vt 0.494048 0.059524
vt 0.494048 0.071429
vt 0.494048 0.083333
vt 0.494048 0.095238
vt 0.494048 0.107143
vt 0.494048 0.119048
vt 0.494048 0.130952
vt 0.494048 0.142857
vt 0.494048 0.154762
vt 0.494048 0.166667
vt 0.494048 0.178571
vt 0.494048 0.190476
vt 0.494048 0.202381
vt 0.494048 0.214286
vt 0.494048 0.226190
vt 0.505952 0.000000
vt 0.505952 0.011905
vt 0.505952 0.023810
vt 0.505952 0.035714
vt 0.505952 0.047619
vt 0.505952 0.059524
vt 0.505952 0.071429
vt 0.505952 0.083333
vt 0.505952 0.095238
vt 0.505952 0.107143
vt 0.505952 0.119048
vt 0.505952 0.130952
vt 0.505952 0.142857
vt 0.505952 0.154762
vt 0.505952 0.166667
vt 0.505952 0.178571
vt 0.505952 0.190476
vt 0.505952 0.202381
vt 0.505952 0.214286
vt 0.505952 0.226190
vt 0.517857 0.000000
vt 0.517857 0.011905
vt 0.517857 0.023810
vt 0.517857 0.035714
vt 0.517857 0.047619
vt 0.517857 0.059524
vt 0.517857 0.071429
vt 0.517857 0.083333
vt 0.517857 0.095238
vt 0.517857 0.107143
vt 0.517857 0.119048
vt 0.517857 0.130952
vt 0.517857 0.142857
vt 0.517857 0.154762
vt 0.517857 0.166667
vt 0.517857 0.178571
vt 0.517857 0.190476
vt 0.517857 0.202381
vt 0.517857 0.214286
vt 0.517857 0.226190
vt 0.529762 0.000000
vt 0.529762 0.011905
vt 0.529762 0.023810
vt 0.529762 0.035714
vt 0.529762 0.047619
vt 0.529762 0.059524
vt 0.529762 0.071429
vt 0.529762 0.083333
vt 0.529762 0.095238
vt 0.529762 0.107143
vt 0.529762 0.119048
vt 0.529762 0.130952
vt 0.529762 0.142857
vt 0.529762 0.154762
vt 0.529762 0.166667
vt 0.529762 0.178571
vt 0.529762 0.190476
vt 0.529762 0.202381
vt 0.529762 0.214286
vt 0.529762 0.226190
vt 0.541667 0.000000
vt 0.541667 0.011905
vt 0.541667 0.023810
vt 0.541667 0.035714
vt 0.541667 0.047619
vt 0.541667 0.059524
vt 0.541667 0.071429
vt 0.541667 0.083333
vt 0.541667 0.095238
vt 0.541667 0.107143
vt 0.541667 0.119048
vt 0.541667 0.130952
vt 0.541667 0.142857
vt 0.541667 0.154762
vt 0.541667 0.166667
vt 0.541667 0.178571
vt 0.541667 0.190476
vt 0.541667 0.202381
vt 0.541667 0.214286
vt 0.541667 0.226190
vt 0.553571 0.000000
vt 0.553571 0.011905
vt 0.553571 0.023810
vt 0.553571 0.035714
vt 0.553571 0.047619
vt 0.553571 0.059524
vt 0.553571 0.071429
vt 0.553571 0.083333
vt 0.553571 0.095238
vt 0.553571 0.107143
vt 0.553571 0.119048
vt 0.553571 0.130952
vt 0.553571 0.142857
vt 0.553571 0.154762
vt 0.553571 0.166667
vt 0.553571 0.178571
vt 0.553571 0.190476
vt 0.553571 0.202381
vt 0.553571 0.214286
vt 0.553571 0.226190
vt 0.565476 0.000000
vt 0.565476 0.011905
vt 0.565476 0.023810
vt 0.565476 0.035714
vt 0.565476 0.047619
vt 0.565476 0.059524
vt 0.565476 0.071429
vt 0.565476 0.083333
vt 0.565476 0.095238
vt 0.565476 0.107143
vt 0.565476 0.119048
vt 0.565476 0.130952
vt 0.565476 0.142857
vt 0.565476 0.154762
vt 0.565476 0.166667
vt 0.565476 0.178571
vt 0.565476 0.190476
vt 0.565476 0.202381
vt 0.565476 0.214286
vt 0.565476 0.226190
vt 0.577381 0.000000
vt 0.577381 0.011905
vt 0.577381 0.023810
vt 0.577381 0.035714
vt 0.577381 0.047619
vt 0.577381 0.059524
vt 0.577381 0.071429
vt 0.577381 0.083333
vt 0.577381 0.095238
vt 0.577381 0.107143
vt 0.577381 0.119048
vt 0.577381 0.130952
vt 0.577381 0.142857
vt 0.577381 0.154762
vt 0.577381 0.166667
vt 0.577381 0.178571
vt 0.577381 0.190476
vt 0.577381 0.202381
vt 0.577381 0.214286
vt 0.577381 0.226190
vt 0.589286 0.000000
vt 0.589286 0.011905
vt 0.589286 0.023810
vt 0.589286 0.035714
vt 0.589286 0.047619
vt 0.589286 0.059524
vt 0.589286 0.071429
vt 0.589286 0.083333
vt 0.589286 0.095238
vt 0.589286 0.107143
vt 0.589286 0.119048
vt 0.589286 0.130952
vt 0.589286 0.142857
vt 0.589286 0.154762
vt 0.589286 0.166667
vt 0.589286 0.178571
vt 0.589286 0.190476
vt 0.589286 0.202381
vt 0.589286 0.214286
vt 0.589286 0.226190
vt 0.601190 0.000000
vt 0.601190 0.011905
vt 0.601190 0.023810
vt 0.601190 0.035714
vt 0.601190 0.047619
vt 0.601190 0.059524
vt 0.601190 0.071429
vt 0.601190 0.083333
vt 0.601190 0.095238
vt 0.601190 0.107143
vt 0.601190 0.119048
vt 0.601190 0.130952
vt 0.601190 0.142857
vt 0.601190 0.154762
vt 0.601190 0.166667
vt 0.601190 0.178571
vt 0.601190 0.190476
vt 0.601190 0.202381
vt 0.601190 0.214286
vt 0.601190 0.226190
vt 0.613095 0.000000
vt 0.613095 0.011905
vt 0.613095 0.023810
vt 0.613095 0.035714
vt 0.613095 0.047619
vt 0.613095 0.059524
vt 0.613095 0.071429
vt 0.613095 0.083333
vt 0.613095 0.095238
vt 0.613095 0.107143
vt 0.613095 0.119048
vt 0.613095 0.130952
vt 0.613095 0.142857
vt 0.613095 0.154762
vt 0.613095 0.166667
vt 0.613095 0.178571
vt 0.613095 0.190476
vt 0.613095 0.202381
vt 0.613095 0.214286
vt 0.613095 0.226190
vt 0.625000 0.000000
vt 0.625000 0.011905
vt 0.625000 0.023810
vt 0.625000 0.035714
vt 0.625000 0.047619
vt 0.625000 0.059524
vt 0.625000 0.071429
vt 0.625000 0.083333
vt 0.625000 0.095238
vt 0.625000 0.107143
vt 0.625000 0.119048
vt 0.625000 0.130952
vt 0.625000 0.142857
vt 0.625000 0.154762
vt 0.625000 0.166667
vt 0.625000 0.178571
vt 0.625000 0.190476
vt 0.625000 0.202381
vt 0.625000 0.214286
vt 0.625000 0.226190
vt 0.625000 1.000000
vt 0.875000 0.750000
s 0
usemtl white
f 92/1/7 93/2/7 2672/3/7
f 152/4/8 153/5/8 2272/6/8
f 212/7/9 213/8/9 1872/9/9
f 272/10/10 72/11/10 1472/12/10
f 173/13/11 252/14/11 1072/15/11
f 73/16/12 272/17/12 672/18/12
f 292/19/12 30/20/12 212/7/12
f 312/21/12 253/22/12 292/19/12
f 312/21/12 255/23/12 254/24/12
f 332/25/12 256/26/12 255/23/12
f 352/27/12 257/28/12 256/26/12
f 372/29/12 258/30/12 257/28/12
f 392/31/12 259/32/12 258/30/12
f 412/33/12 260/34/12 259/32/12
f 432/35/12 261/36/12 260/34/12
f 472/37/12 261/36/12 452/38/12
f 492/39/12 262/40/12 472/37/12
f 512/41/12 263/42/12 492/39/12
f 532/43/12 264/44/12 512/41/12
f 552/45/12 265/46/12 532/43/12
f 572/47/12 266/48/12 552/45/12
f 592/49/12 267/50/12 572/47/12
f 592/49/12 269/51/12 268/52/12
f 612/53/12 270/54/12 269/51/12
f 632/55/12 271/56/12 270/54/12
f 652/57/12 272/17/12 271/56/12
f 152/58/12 193/59/12 32/60/12
f 273/61/12 194/62/12 193/59/12
f 274/63/12 195/64/12 194/62/12
f 275/65/12 196/66/12 195/64/12
f 196/66/12 277/67/12 197/68/12
f 197/68/12 278/69/12 198/70/12
f 198/70/12 279/71/12 199/72/12
f 199/72/12 280/73/12 200/74/12
f 200/74/12 281/75/12 201/76/12
f 201/76/12 282/77/12 202/78/12
f 282/77/12 203/79/12 202/78/12
f 283/80/12 204/81/12 203/79/12
f 284/82/12 205/83/12 204/81/12
f 285/84/12 206/85/12 205/83/12
f 286/86/12 207/87/12 206/85/12
f 287/88/12 208/89/12 207/87/12
f 288/90/12 209/91/12 208/89/12
f 289/92/12 210/93/12 209/91/12
f 290/94/12 211/95/12 210/93/12
f 211/95/12 292/19/12 212/7/12
f 151/96/12 273/61/12 152/58/12
f 293/97/12 274/63/12 273/61/12
f 294/98/12 275/65/12 274/63/12
f 295/99/12 276/100/12 275/65/12
f 296/101/12 277/67/12 276/100/12
f 297/102/12 278/69/12 277/67/12
f 298/103/12 279/71/12 278/69/12
f 299/104/12 280/73/12 279/71/12
f 300/105/12 281/75/12 280/73/12
f 301/106/12 282/77/12 281/75/12
f 302/107/12 283/80/12 282/77/12
f 303/108/12 284/82/12 283/80/12
f 304/109/12 285/84/12 284/82/12
f 305/110/12 286/86/12 285/84/12
f 306/111/12 287/88/12 286/86/12
f 307/112/12 288/90/12 287/88/12
f 308/113/12 289/92/12 288/90/12
f 309/114/12 290/94/12 289/92/12
f 290/94/12 311/115/12 291/116/12
f 291/116/12 312/21/12 292/19/12
f 150/117/12 293/97/12 151/96/12
f 313/118/12 294/98/12 293/97/12
f 314/119/12 295/99/12 294/98/12
f 315/120/12 296/101/12 295/99/12
f 316/121/12 297/102/12 296/101/12
f 317/122/12 298/103/12 297/102/12
f 298/103/12 319/123/12 299/104/12
f 299/104/12 320/124/12 300/105/12
f 300/105/12 321/125/12 301/106/12
f 301/106/12 322/126/12 302/107/12
f 302/107/12 323/127/12 303/108/12
f 323/127/12 304/109/12 303/108/12
f 324/128/12 305/110/12 304/109/12
f 325/129/12 306/111/12 305/110/12
f 326/130/12 307/112/12 306/111/12
f 327/131/12 308/113/12 307/112/12
f 328/132/12 309/114/12 308/113/12
f 329/133/12 310/134/12 309/114/12
f 310/134/12 331/135/12 311/115/12
f 311/115/12 332/25/12 312/21/12
f 149/136/12 313/118/12 150/117/12
f 333/137/12 314/119/12 313/118/12
f 334/138/12 315/120/12 314/119/12
f 335/139/12 316/121/12 315/120/12
f 336/140/12 317/122/12 316/121/12
f 317/122/12 338/141/12 318/142/12
f 318/142/12 339/143/12 319/123/12
f 319/123/12 340/144/12 320/124/12
f 320/124/12 341/145/12 321/125/12
f 321/125/12 342/146/12 322/126/12
f 322/126/12 343/147/12 323/127/12
f 343/147/12 324/128/12 323/127/12
f 344/148/12 325/129/12 324/128/12
f 345/149/12 326/130/12 325/129/12
f 346/150/12 327/131/12 326/130/12
f 347/151/12 328/132/12 327/131/12
f 328/132/12 349/152/12 329/133/12
f 329/133/12 350/153/12 330/154/12
f 330/154/12 351/155/12 331/135/12
f 331/135/12 352/27/12 332/25/12
f 148/156/12 333/137/12 149/136/12
f 353/157/12 334/138/12 333/137/12
f 354/158/12 335/139/12 334/138/12
f 355/159/12 336/140/12 335/139/12
f 356/160/12 337/161/12 336/140/12
f 357/162/12 338/141/12 337/161/12
f 338/141/12 359/163/12 339/143/12
f 339/143/12 360/164/12 340/144/12
f 340/144/12 361/165/12 341/145/12
f 361/165/12 342/146/12 341/145/12
f 342/146/12 363/166/12 343/147/12
f 343/147/12 364/167/12 344/148/12
f 364/167/12 345/149/12 344/148/12
f 365/168/12 346/150/12 345/149/12
f 366/169/12 347/151/12 346/150/12
f 367/170/12 348/171/12 347/151/12
f 348/171/12 369/172/12 349/152/12
f 349/152/12 370/173/12 350/153/12
f 350/153/12 371/174/12 351/155/12
f 351/155/12 372/29/12 352/27/12
f 147/175/12 353/157/12 148/156/12
f 373/176/12 354/158/12 353/157/12
f 374/177/12 355/159/12 354/158/12
f 375/178/12 356/160/12 355/159/12
f 376/179/12 357/162/12 356/160/12
f 377/180/12 358/181/12 357/162/12
f 358/181/12 379/182/12 359/163/12
f 359/163/12 380/183/12 360/164/12
f 360/164/12 381/184/12 361/165/12
f 381/184/12 362/185/12 361/165/12
f 382/186/12 363/166/12 362/185/12
f 383/187/12 364/167/12 363/166/12
f 384/188/12 365/168/12 364/167/12
f 385/189/12 366/169/12 365/168/12
f 386/190/12 367/170/12 366/169/12
f 387/191/12 368/192/12 367/170/12
f 368/192/12 389/193/12 369/172/12
f 369/172/12 390/194/12 370/173/12
f 370/173/12 391/195/12 371/174/12
f 371/174/12 392/31/12 372/29/12
f 146/196/12 373/176/12 147/175/12
f 393/197/12 374/177/12 373/176/12
f 394/198/12 375/178/12 374/177/12
f 395/199/12 376/179/12 375/178/12
f 396/200/12 377/180/12 376/179/12
f 397/201/12 378/202/12 377/180/12
f 378/202/12 399/203/12 379/182/12
f 379/182/12 400/204/12 380/183/12
f 400/204/12 381/184/12 380/183/12
f 401/205/12 382/186/12 381/184/12
f 402/206/12 383/187/12 382/186/12
f 403/207/12 384/188/12 383/187/12
f 404/208/12 385/189/12 384/188/12
f 405/209/12 386/190/12 385/189/12
f 406/210/12 387/191/12 386/190/12
f 407/211/12 388/212/12 387/191/12
f 388/212/12 409/213/12 389/193/12
f 389/193/12 410/214/12 390/194/12
f 390/194/12 411/215/12 391/195/12
f 391/195/12 412/33/12 392/31/12
f 145/216/12 393/197/12 146/196/12
f 413/217/12 394/198/12 393/197/12
f 414/218/12 395/199/12 394/198/12
f 415/219/12 396/200/12 395/199/12
f 416/220/12 397/201/12 396/200/12
f 417/221/12 398/222/12 397/201/12
f 398/222/12 419/223/12 399/203/12
f 399/203/12 420/224/12 400/204/12
f 400/204/12 421/225/12 401/205/12
f 421/225/12 402/206/12 401/205/12
f 402/206/12 423/226/12 403/207/12
f 423/226/12 404/208/12 403/207/12
f 424/227/12 405/209/12 404/208/12
f 425/228/12 406/210/12 405/209/12
f 426/229/12 407/211/12 406/210/12
f 427/230/12 408/231/12 407/211/12
f 408/231/12 429/232/12 409/213/12
f 409/213/12 430/233/12 410/214/12
f 410/214/12 431/234/12 411/215/12
f 411/215/12 432/35/12 412/33/12
f 144/235/12 413/217/12 145/216/12
f 433/236/12 414/218/12 413/217/12
f 434/237/12 415/219/12 414/218/12
f 435/238/12 416/220/12 415/219/12
f 436/239/12 417/221/12 416/220/12
f 437/240/12 418/241/12 417/221/12
f 418/241/12 439/242/12 419/223/12
f 419/223/12 440/243/12 420/224/12
f 420/224/12 441/244/12 421/225/12
f 441/244/12 422/245/12 421/225/12
f 422/245/12 443/246/12 423/226/12
f 443/246/12 424/227/12 423/226/12
f 444/247/12 425/228/12 424/227/12
f 445/248/12 426/229/12 425/228/12
f 446/249/12 427/230/12 426/229/12
f 427/230/12 448/250/12 428/251/12
f 448/250/12 429/232/12 428/251/12
f 449/252/12 430/233/12 429/232/12
f 450/253/12 431/234/12 430/233/12
f 451/254/12 432/35/12 431/234/12
f 143/255/12 433/236/12 144/235/12
f 453/256/12 434/237/12 433/236/12
f 454/257/12 435/238/12 434/237/12
f 455/258/12 436/239/12 435/238/12
f 456/259/12 437/240/12 436/239/12
f 457/260/12 438/261/12 437/240/12
f 438/261/12 459/262/12 439/242/12
f 439/242/12 460/263/12 440/243/12
f 440/243/12 461/264/12 441/244/12
f 461/264/12 442/265/12 441/244/12
f 462/266/12 443/246/12 442/265/12
f 463/267/12 444/247/12 443/246/12
f 464/268/12 445/248/12 444/247/12
f 465/269/12 446/249/12 445/248/12
f 466/270/12 447/271/12 446/249/12
f 467/272/12 448/250/12 447/271/12
f 468/273/12 449/252/12 448/250/12
f 469/274/12 450/253/12 449/252/12
f 470/275/12 451/254/12 450/253/12
f 451/254/12 472/37/12 452/38/12
f 142/276/12 453/256/12 143/255/12
f 473/277/12 454/257/12 453/256/12
f 474/278/12 455/258/12 454/257/12
f 475/279/12 456/259/12 455/258/12
f 476/280/12 457/260/12 456/259/12
f 477/281/12 458/282/12 457/260/12
f 458/282/12 479/283/12 459/262/12
f 459/262/12 480/284/12 460/263/12
f 460/263/12 481/285/12 461/264/12
f 481/285/12 462/266/12 461/264/12
f 482/286/12 463/267/12 462/266/12
f 483/287/12 464/268/12 463/267/12
f 484/288/12 465/269/12 464/268/12
f 465/269/12 486/289/12 466/270/12
f 486/289/12 467/272/12 466/270/12
f 487/290/12 468/273/12 467/272/12
f 488/291/12 469/274/12 468/273/12
f 489/292/12 470/275/12 469/274/12
f 490/293/12 471/294/12 470/275/12
f 471/294/12 492/39/12 472/37/12
f 141/295/12 473/277/12 142/276/12
f 493/296/12 474/278/12 473/277/12
f 494/297/12 475/279/12 474/278/12
f 495/298/12 476/280/12 475/279/12
f 496/299/12 477/281/12 476/280/12
f 497/300/12 478/301/12 477/281/12
f 498/302/12 479/283/12 478/301/12
f 499/303/12 480/284/12 479/283/12
f 500/304/12 481/285/12 480/284/12
f 501/305/12 482/286/12 481/285/12
f 502/306/12 483/287/12 482/286/12
f 503/307/12 484/288/12 483/287/12
f 504/308/12 485/309/12 484/288/12
f 505/310/12 486/289/12 485/309/12
f 506/311/12 487/290/12 486/289/12
f 507/312/12 488/291/12 487/290/12
f 508/313/12 489/292/12 488/291/12
f 509/314/12 490/293/12 489/292/12
f 510/315/12 491/316/12 490/293/12
f 491/316/12 512/41/12 492/39/12
f 140/317/12 493/296/12 141/295/12
f 513/318/12 494/297/12 493/296/12
f 494/297/12 515/319/12 495/298/12
f 495/298/12 516/320/12 496/299/12
f 516/320/12 497/300/12 496/299/12
f 517/321/12 498/302/12 497/300/12
f 498/302/12 519/322/12 499/303/12
f 499/303/12 520/323/12 500/304/12
f 500/304/12 521/324/12 501/305/12
f 521/324/12 502/306/12 501/305/12
f 522/325/12 503/307/12 502/306/12
f 523/326/12 504/308/12 503/307/12
f 524/327/12 505/310/12 504/308/12
f 505/310/12 526/328/12 506/311/12
f 526/328/12 507/312/12 506/311/12
f 527/329/12 508/313/12 507/312/12
f 508/313/12 529/330/12 509/314/12
f 509/314/12 530/331/12 510/315/12
f 510/315/12 531/332/12 511/333/12
f 511/333/12 532/43/12 512/41/12
f 139/334/12 513/318/12 140/317/12
f 533/335/12 514/336/12 513/318/12
f 534/337/12 515/319/12 514/336/12
f 535/338/12 516/320/12 515/319/12
f 536/339/12 517/321/12 516/320/12
f 537/340/12 518/341/12 517/321/12
f 518/341/12 539/342/12 519/322/12
f 519/322/12 540/343/12 520/323/12
f 520/323/12 541/344/12 521/324/12
f 521/324/12 542/345/12 522/325/12
f 522/325/12 543/346/12 523/326/12
f 523/326/12 544/347/12 524/327/12
f 524/327/12 545/348/12 525/349/12
f 525/349/12 546/350/12 526/328/12
f 526/328/12 547/351/12 527/329/12
f 547/351/12 528/352/12 527/329/12
f 528/352/12 549/353/12 529/330/12
f 549/353/12 530/331/12 529/330/12
f 550/354/12 531/332/12 530/331/12
f 531/332/12 552/45/12 532/43/12
f 138/355/12 533/335/12 139/334/12
f 553/356/12 534/337/12 533/335/12
f 554/357/12 535/338/12 534/337/12
f 555/358/12 536/339/12 535/338/12
f 556/359/12 537/340/12 536/339/12
f 557/360/12 538/361/12 537/340/12
f 558/362/12 539/342/12 538/361/12
f 559/363/12 540/343/12 539/342/12
f 560/364/12 541/344/12 540/343/12
f 561/365/12 542/345/12 541/344/12
f 542/345/12 563/366/12 543/346/12
f 563/366/12 544/347/12 543/346/12
f 564/367/12 545/348/12 544/347/12
f 565/368/12 546/350/12 545/348/12
f 546/350/12 567/369/12 547/351/12
f 567/369/12 548/370/12 547/351/12
f 568/371/12 549/353/12 548/370/12
f 569/372/12 550/354/12 549/353/12
f 570/373/12 551/374/12 550/354/12
f 551/374/12 572/47/12 552/45/12
f 138/355/12 573/375/12 553/356/12
f 573/375/12 554/357/12 553/356/12
f 574/376/12 555/358/12 554/357/12
f 575/377/12 556/359/12 555/358/12
f 576/378/12 557/360/12 556/359/12
f 577/379/12 558/362/12 557/360/12
f 578/380/12 559/363/12 558/362/12
f 559/363/12 580/381/12 560/364/12
f 560/364/12 581/382/12 561/365/12
f 561/365/12 582/383/12 562/384/12
f 562/384/12 583/385/12 563/366/12
f 583/385/12 564/367/12 563/366/12
f 584/386/12 565/368/12 564/367/12
f 585/387/12 566/388/12 565/368/12
f 566/388/12 587/389/12 567/369/12
f 587/389/12 568/371/12 567/369/12
f 588/390/12 569/372/12 568/371/12
f 589/391/12 570/373/12 569/372/12
f 590/392/12 571/393/12 570/373/12
f 571/393/12 592/49/12 572/47/12
f 137/394/12 593/395/12 573/375/12
f 593/395/12 574/376/12 573/375/12
f 594/396/12 575/377/12 574/376/12
f 595/397/12 576/378/12 575/377/12
f 596/398/12 577/379/12 576/378/12
f 597/399/12 578/380/12 577/379/12
f 598/400/12 579/401/12 578/380/12
f 579/401/12 600/402/12 580/381/12
f 580/381/12 601/403/12 581/382/12
f 581/382/12 602/404/12 582/383/12
f 582/383/12 603/405/12 583/385/12
f 603/405/12 584/386/12 583/385/12
f 604/406/12 585/387/12 584/386/12
f 605/407/12 586/408/12 585/387/12
f 586/408/12 607/409/12 587/389/12
f 607/409/12 588/390/12 587/389/12
f 608/410/12 589/391/12 588/390/12
f 609/411/12 590/392/12 589/391/12
f 610/412/12 591/413/12 590/392/12
f 591/413/12 612/53/12 592/49/12
f 135/414/12 593/395/12 136/415/12
f 613/416/12 594/396/12 593/395/12
f 614/417/12 595/397/12 594/396/12
f 615/418/12 596/398/12 595/397/12
f 616/419/12 597/399/12 596/398/12
f 617/420/12 598/400/12 597/399/12
f 618/421/12 599/422/12 598/400/12
f 619/423/12 600/402/12 599/422/12
f 600/402/12 621/424/12 601/403/12
f 601/403/12 622/425/12 602/404/12
f 602/404/12 623/426/12 603/405/12
f 623/426/12 604/406/12 603/405/12
f 624/427/12 605/407/12 604/406/12
f 625/428/12 606/429/12 605/407/12
f 626/430/12 607/409/12 606/429/12
f 607/409/12 628/431/12 608/410/12
f 628/431/12 609/411/12 608/410/12
f 629/432/12 610/412/12 609/411/12
f 630/433/12 611/434/12 610/412/12
f 611/434/12 632/55/12 612/53/12
f 134/435/12 613/416/12 135/414/12
f 633/436/12 614/417/12 613/416/12
f 634/437/12 615/418/12 614/417/12
f 635/438/12 616/419/12 615/418/12
f 636/439/12 617/420/12 616/419/12
f 637/440/12 618/421/12 617/420/12
f 638/441/12 619/423/12 618/421/12
f 639/442/12 620/443/12 619/423/12
f 620/443/12 641/444/12 621/424/12
f 621/424/12 642/445/12 622/425/12
f 622/425/12 643/446/12 623/426/12
f 643/446/12 624/427/12 623/426/12
f 644/447/12 625/428/12 624/427/12
f 645/448/12 626/430/12 625/428/12
f 646/449/12 627/450/12 626/430/12
f 627/450/12 648/451/12 628/431/12
f 648/451/12 629/432/12 628/431/12
f 649/452/12 630/433/12 629/432/12
f 650/453/12 631/454/12 630/433/12
f 631/454/12 652/57/12 632/55/12
f 133/455/12 633/436/12 134/435/12
f 653/456/12 634/437/12 633/436/12
f 654/457/12 635/438/12 634/437/12
f 655/458/12 636/439/12 635/438/12
f 656/459/12 637/440/12 636/439/12
f 657/460/12 638/441/12 637/440/12
f 658/461/12 639/442/12 638/441/12
f 659/462/12 640/463/12 639/442/12
f 640/463/12 661/464/12 641/444/12
f 641/444/12 662/465/12 642/445/12
f 642/445/12 663/466/12 643/446/12
f 663/466/12 644/447/12 643/446/12
f 664/467/12 645/448/12 644/447/12
f 665/468/12 646/449/12 645/448/12
f 666/469/12 647/470/12 646/449/12
f 647/470/12 668/471/12 648/451/12
f 668/471/12 649/452/12 648/451/12
f 669/472/12 650/453/12 649/452/12
f 670/473/12 651/474/12 650/453/12
f 651/474/12 672/18/12 652/57/12
f 28/475/12 653/456/12 133/455/12
f 92/476/12 654/457/12 653/456/12
f 91/477/12 655/458/12 654/457/12
f 90/478/12 656/459/12 655/458/12
f 89/479/12 657/460/12 656/459/12
f 88/480/12 658/461/12 657/460/12
f 87/481/12 659/462/12 658/461/12
f 86/482/12 660/483/12 659/462/12
f 85/484/12 661/464/12 660/483/12
f 84/485/12 662/465/12 661/464/12
f 83/486/12 663/466/12 662/465/12
f 82/487/12 664/467/12 663/466/12
f 81/488/12 665/468/12 664/467/12
f 80/489/12 666/469/12 665/468/12
f 79/490/12 667/491/12 666/469/12
f 78/492/12 668/471/12 667/491/12
f 77/493/12 669/472/12 668/471/12
f 76/494/12 670/473/12 669/472/12
f 75/495/12 671/496/12 670/473/12
f 74/497/12 672/18/12 671/496/12
f 692/498/11 25/499/11 52/500/11
f 712/501/11 233/502/11 692/498/11
f 732/503/11 234/504/11 712/501/11
f 752/505/11 235/506/11 732/503/11
f 772/507/11 236/508/11 752/505/11
f 792/509/11 237/510/11 772/507/11
f 812/511/11 238/512/11 792/509/11
f 832/513/11 239/514/11 812/511/11
f 852/515/11 240/516/11 832/513/11
f 852/515/11 242/517/11 241/518/11
f 872/519/11 243/520/11 242/517/11
f 892/521/11 244/522/11 243/520/11
f 912/523/11 245/524/11 244/522/11
f 932/525/11 246/526/11 245/524/11
f 952/527/11 247/528/11 246/526/11
f 972/529/11 248/530/11 247/528/11
f 992/531/11 249/532/11 248/530/11
f 1012/533/11 250/534/11 249/532/11
f 1032/535/11 251/536/11 250/534/11
f 1052/537/11 252/14/11 251/536/11
f 132/538/11 33/539/11 27/540/11
f 673/541/11 34/542/11 33/539/11
f 674/543/11 35/544/11 34/542/11
f 675/545/11 36/546/11 35/544/11
f 676/547/11 37/548/11 36/546/11
f 677/549/11 38/550/11 37/548/11
f 678/551/11 39/552/11 38/550/11
f 679/553/11 40/554/11 39/552/11
f 680/555/11 41/556/11 40/554/11
f 681/557/11 42/558/11 41/556/11
f 682/559/11 43/560/11 42/558/11
f 683/561/11 44/562/11 43/560/11
f 684/563/11 45/564/11 44/562/11
f 685/565/11 46/566/11 45/564/11
f 686/567/11 47/568/11 46/566/11
f 687/569/11 48/570/11 47/568/11
f 688/571/11 49/572/11 48/570/11
f 689/573/11 50/574/11 49/572/11
f 690/575/11 51/576/11 50/574/11
f 691/577/11 52/500/11 51/576/11
f 132/538/11 693/578/11 673/541/11
f 673/541/11 694/579/11 674/543/11
f 674/543/11 695/580/11 675/545/11
f 675/545/11 696/581/11 676/547/11
f 676/547/11 697/582/11 677/549/11
f 677/549/11 698/583/11 678/551/11
f 678/551/11 699/584/11 679/553/11
f 679/553/11 700/585/11 680/555/11
f 680/555/11 701/586/11 681/557/11
f 681/557/11 702/587/11 682/559/11
f 682/559/11 703/588/11 683/561/11
f 683/561/11 704/589/11 684/563/11
f 684/563/11 705/590/11 685/565/11
f 705/590/11 686/567/11 685/565/11
f 706/591/11 687/569/11 686/567/11
f 707/592/11 688/571/11 687/569/11
f 708/593/11 689/573/11 688/571/11
f 709/594/11 690/575/11 689/573/11
f 710/595/11 691/577/11 690/575/11
f 711/596/11 692/498/11 691/577/11
f 130/597/11 693/578/11 131/598/11
f 713/599/11 694/579/11 693/578/11
f 714/600/11 695/580/11 694/579/11
f 715/601/11 696/581/11 695/580/11
f 716/602/11 697/582/11 696/581/11
f 717/603/11 698/583/11 697/582/11
f 718/604/11 699/584/11 698/583/11
f 719/605/11 700/585/11 699/584/11
f 720/606/11 701/586/11 700/585/11
f 721/607/11 702/587/11 701/586/11
f 722/608/11 703/588/11 702/587/11
f 723/609/11 704/589/11 703/588/11
f 704/589/11 725/610/11 705/590/11
f 705/590/11 726/611/11 706/591/11
f 706/591/11 727/612/11 707/592/11
f 707/592/11 728/613/11 708/593/11
f 728/613/11 709/594/11 708/593/11
f 729/614/11 710/595/11 709/594/11
f 730/615/11 711/596/11 710/595/11
f 731/616/11 712/501/11 711/596/11
f 129/617/11 713/599/11 130/597/11
f 733/618/11 714/600/11 713/599/11
f 734/619/11 715/601/11 714/600/11
f 735/620/11 716/602/11 715/601/11
f 736/621/11 717/603/11 716/602/11
f 737/622/11 718/604/11 717/603/11
f 738/623/11 719/605/11 718/604/11
f 739/624/11 720/606/11 719/605/11
f 740/625/11 721/607/11 720/606/11
f 741/626/11 722/608/11 721/607/11
f 742/627/11 723/609/11 722/608/11
f 743/628/11 724/629/11 723/609/11
f 744/630/11 725/610/11 724/629/11
f 745/631/11 726/611/11 725/610/11
f 746/632/11 727/612/11 726/611/11
f 727/612/11 748/633/11 728/613/11
f 728/613/11 749/634/11 729/614/11
f 729/614/11 750/635/11 730/615/11
f 730/615/11 751/636/11 731/616/11
f 751/636/11 732/503/11 731/616/11
f 129/617/11 753/637/11 733/618/11
f 753/637/11 734/619/11 733/618/11
f 754/638/11 735/620/11 734/619/11
f 755/639/11 736/621/11 735/620/11
f 756/640/11 737/622/11 736/621/11
f 757/641/11 738/623/11 737/622/11
f 758/642/11 739/624/11 738/623/11
f 759/643/11 740/625/11 739/624/11
f 760/644/11 741/626/11 740/625/11
f 761/645/11 742/627/11 741/626/11
f 762/646/11 743/628/11 742/627/11
f 763/647/11 744/630/11 743/628/11
f 764/648/11 745/631/11 744/630/11
f 765/649/11 746/632/11 745/631/11
f 766/650/11 747/651/11 746/632/11
f 767/652/11 748/633/11 747/651/11
f 768/653/11 749/634/11 748/633/11
f 769/654/11 750/635/11 749/634/11
f 750/635/11 771/655/11 751/636/11
f 751/636/11 772/507/11 752/505/11
f 128/656/11 773/657/11 753/637/11
f 753/637/11 774/658/11 754/638/11
f 754/638/11 775/659/11 755/639/11
f 755/639/11 776/660/11 756/640/11
f 756/640/11 777/661/11 757/641/11
f 757/641/11 778/662/11 758/642/11
f 758/642/11 779/663/11 759/643/11
f 779/663/11 760/644/11 759/643/11
f 780/664/11 761/645/11 760/644/11
f 781/665/11 762/646/11 761/645/11
f 762/646/11 783/666/11 763/647/11
f 783/666/11 764/648/11 763/647/11
f 784/667/11 765/649/11 764/648/11
f 785/668/11 766/650/11 765/649/11
f 786/669/11 767/652/11 766/650/11
f 787/670/11 768/653/11 767/652/11
f 788/671/11 769/654/11 768/653/11
f 789/672/11 770/673/11 769/654/11
f 790/674/11 771/655/11 770/673/11
f 771/655/11 792/509/11 772/507/11
f 127/675/11 793/676/11 773/657/11
f 773/657/11 794/677/11 774/658/11
f 774/658/11 795/678/11 775/659/11
f 795/678/11 776/660/11 775/659/11
f 796/679/11 777/661/11 776/660/11
f 797/680/11 778/662/11 777/661/11
f 798/681/11 779/663/11 778/662/11
f 799/682/11 780/664/11 779/663/11
f 800/683/11 781/665/11 780/664/11
f 801/684/11 782/685/11 781/665/11
f 782/685/11 803/686/11 783/666/11
f 783/666/11 804/687/11 784/667/11
f 784/667/11 805/688/11 785/668/11
f 785/668/11 806/689/11 786/669/11
f 806/689/11 787/670/11 786/669/11
f 807/690/11 788/671/11 787/670/11
f 808/691/11 789/672/11 788/671/11
f 809/692/11 790/674/11 789/672/11
f 810/693/11 791/694/11 790/674/11
f 791/694/11 812/511/11 792/509/11
f 126/695/11 813/696/11 793/676/11
f 793/676/11 814/697/11 794/677/11
f 794/677/11 815/698/11 795/678/11
f 795/678/11 816/699/11 796/679/11
f 796/679/11 817/700/11 797/680/11
f 817/700/11 798/681/11 797/680/11
f 818/701/11 799/682/11 798/681/11
f 819/702/11 800/683/11 799/682/11
f 820/703/11 801/684/11 800/683/11
f 821/704/11 802/705/11 801/684/11
f 822/706/11 803/686/11 802/705/11
f 823/707/11 804/687/11 803/686/11
f 824/708/11 805/688/11 804/687/11
f 825/709/11 806/689/11 805/688/11
f 826/710/11 807/690/11 806/689/11
f 827/711/11 808/691/11 807/690/11
f 828/712/11 809/692/11 808/691/11
f 829/713/11 810/693/11 809/692/11
f 830/714/11 811/715/11 810/693/11
f 811/715/11 832/513/11 812/511/11
f 125/716/11 833/717/11 813/696/11
f 813/696/11 834/718/11 814/697/11
f 814/697/11 835/719/11 815/698/11
f 815/698/11 836/720/11 816/699/11
f 816/699/11 837/721/11 817/700/11
f 817/700/11 838/722/11 818/701/11
f 818/701/11 839/723/11 819/702/11
f 819/702/11 840/724/11 820/703/11
f 840/724/11 821/704/11 820/703/11
f 821/704/11 842/725/11 822/706/11
f 822/706/11 843/726/11 823/707/11
f 823/707/11 844/727/11 824/708/11
f 824/708/11 845/728/11 825/709/11
f 845/728/11 826/710/11 825/709/11
f 846/729/11 827/711/11 826/710/11
f 847/730/11 828/712/11 827/711/11
f 848/731/11 829/713/11 828/712/11
f 849/732/11 830/714/11 829/713/11
f 830/714/11 851/733/11 831/734/11
f 831/734/11 852/515/11 832/513/11
f 124/735/11 853/736/11 833/717/11
f 833/717/11 854/737/11 834/718/11
f 834/718/11 855/738/11 835/719/11
f 835/719/11 856/739/11 836/720/11
f 836/720/11 857/740/11 837/721/11
f 837/721/11 858/741/11 838/722/11
f 838/722/11 859/742/11 839/723/11
f 839/723/11 860/743/11 840/724/11
f 840/724/11 861/744/11 841/745/11
f 841/745/11 862/746/11 842/725/11
f 842/725/11 863/747/11 843/726/11
f 843/726/11 864/748/11 844/727/11
f 844/727/11 865/749/11 845/728/11
f 865/749/11 846/729/11 845/728/11
f 846/729/11 867/750/11 847/730/11
f 847/730/11 868/751/11 848/731/11
f 868/751/11 849/732/11 848/731/11
f 869/752/11 850/753/11 849/732/11
f 850/753/11 871/754/11 851/733/11
f 851/733/11 872/519/11 852/515/11
f 123/755/11 873/756/11 853/736/11
f 853/736/11 874/757/11 854/737/11
f 854/737/11 875/758/11 855/738/11
f 855/738/11 876/759/11 856/739/11
f 856/739/11 877/760/11 857/740/11
f 857/740/11 878/761/11 858/741/11
f 858/741/11 879/762/11 859/742/11
f 859/742/11 880/763/11 860/743/11
f 860/743/11 881/764/11 861/744/11
f 861/744/11 882/765/11 862/746/11
f 862/746/11 883/766/11 863/747/11
f 863/747/11 884/767/11 864/748/11
f 864/748/11 885/768/11 865/749/11
f 885/768/11 866/769/11 865/749/11
f 866/769/11 887/770/11 867/750/11
f 867/750/11 888/771/11 868/751/11
f 868/751/11 889/772/11 869/752/11
f 869/752/11 890/773/11 870/774/11
f 870/774/11 891/775/11 871/754/11
f 891/775/11 872/519/11 871/754/11
f 122/776/11 893/777/11 873/756/11
f 873/756/11 894/778/11 874/757/11
f 874/757/11 895/779/11 875/758/11
f 875/758/11 896/780/11 876/759/11
f 876/759/11 897/781/11 877/760/11
f 877/760/11 898/782/11 878/761/11
f 878/761/11 899/783/11 879/762/11
f 879/762/11 900/784/11 880/763/11
f 880/763/11 901/785/11 881/764/11
f 881/764/11 902/786/11 882/765/11
f 882/765/11 903/787/11 883/766/11
f 883/766/11 904/788/11 884/767/11
f 884/767/11 905/789/11 885/768/11
f 885/768/11 906/790/11 886/791/11
f 886/791/11 907/792/11 887/770/11
f 887/770/11 908/793/11 888/771/11
f 888/771/11 909/794/11 889/772/11
f 889/772/11 910/795/11 890/773/11
f 890/773/11 911/796/11 891/775/11
f 891/775/11 912/523/11 892/521/11
f 120/797/11 893/777/11 121/798/11
f 913/799/11 894/778/11 893/777/11
f 914/800/11 895/779/11 894/778/11
f 915/801/11 896/780/11 895/779/11
f 916/802/11 897/781/11 896/780/11
f 917/803/11 898/782/11 897/781/11
f 918/804/11 899/783/11 898/782/11
f 919/805/11 900/784/11 899/783/11
f 920/806/11 901/785/11 900/784/11
f 901/785/11 922/807/11 902/786/11
f 902/786/11 923/808/11 903/787/11
f 903/787/11 924/809/11 904/788/11
f 904/788/11 925/810/11 905/789/11
f 905/789/11 926/811/11 906/790/11
f 906/790/11 927/812/11 907/792/11
f 907/792/11 928/813/11 908/793/11
f 908/793/11 929/814/11 909/794/11
f 909/794/11 930/815/11 910/795/11
f 910/795/11 931/816/11 911/796/11
f 911/796/11 932/525/11 912/523/11
f 119/817/11 913/799/11 120/797/11
f 933/818/11 914/800/11 913/799/11
f 934/819/11 915/801/11 914/800/11
f 935/820/11 916/802/11 915/801/11
f 936/821/11 917/803/11 916/802/11
f 937/822/11 918/804/11 917/803/11
f 938/823/11 919/805/11 918/804/11
f 939/824/11 920/806/11 919/805/11
f 940/825/11 921/826/11 920/806/11
f 941/827/11 922/807/11 921/826/11
f 942/828/11 923/808/11 922/807/11
f 923/808/11 944/829/11 924/809/11
f 924/809/11 945/830/11 925/810/11
f 925/810/11 946/831/11 926/811/11
f 926/811/11 947/832/11 927/812/11
f 927/812/11 948/833/11 928/813/11
f 928/813/11 949/834/11 929/814/11
f 929/814/11 950/835/11 930/815/11
f 930/815/11 951/836/11 931/816/11
f 951/836/11 932/525/11 931/816/11
f 118/837/11 933/818/11 119/817/11
f 953/838/11 934/819/11 933/818/11
f 954/839/11 935/820/11 934/819/11
f 955/840/11 936/821/11 935/820/11
f 956/841/11 937/822/11 936/821/11
f 957/842/11 938/823/11 937/822/11
f 958/843/11 939/824/11 938/823/11
f 959/844/11 940/825/11 939/824/11
f 940/825/11 961/845/11 941/827/11
f 941/827/11 962/846/11 942/828/11
f 942/828/11 963/847/11 943/848/11
f 943/848/11 964/849/11 944/829/11
f 964/849/11 945/830/11 944/829/11
f 965/850/11 946/831/11 945/830/11
f 946/831/11 967/851/11 947/832/11
f 947/832/11 968/852/11 948/833/11
f 948/833/11 969/853/11 949/834/11
f 949/834/11 970/854/11 950/835/11
f 950/835/11 971/855/11 951/836/11
f 971/855/11 952/527/11 951/836/11
f 117/856/11 953/838/11 118/837/11
f 973/857/11 954/839/11 953/838/11
f 974/858/11 955/840/11 954/839/11
f 975/859/11 956/841/11 955/840/11
f 976/860/11 957/842/11 956/841/11
f 977/861/11 958/843/11 957/842/11
f 978/862/11 959/844/11 958/843/11
f 979/863/11 960/864/11 959/844/11
f 980/865/11 961/845/11 960/864/11
f 981/866/11 962/846/11 961/845/11
f 982/867/11 963/847/11 962/846/11
f 983/868/11 964/849/11 963/847/11
f 984/869/11 965/850/11 964/849/11
f 985/870/11 966/871/11 965/850/11
f 986/872/11 967/851/11 966/871/11
f 987/873/11 968/852/11 967/851/11
f 968/852/11 989/874/11 969/853/11
f 969/853/11 990/875/11 970/854/11
f 970/854/11 991/876/11 971/855/11
f 991/876/11 972/529/11 971/855/11
f 116/877/11 973/857/11 117/856/11
f 993/878/11 974/858/11 973/857/11
f 994/879/11 975/859/11 974/858/11
f 995/880/11 976/860/11 975/859/11
f 996/881/11 977/861/11 976/860/11
f 997/882/11 978/862/11 977/861/11
f 998/883/11 979/863/11 978/862/11
f 999/884/11 980/865/11 979/863/11
f 1000/885/11 981/866/11 980/865/11
f 1001/886/11 982/867/11 981/866/11
f 1002/887/11 983/868/11 982/867/11
f 1003/888/11 984/869/11 983/868/11
f 1004/889/11 985/870/11 984/869/11
f 1005/890/11 986/872/11 985/870/11
f 1006/891/11 987/873/11 986/872/11
f 1007/892/11 988/893/11 987/873/11
f 1008/894/11 989/874/11 988/893/11
f 989/874/11 1010/895/11 990/875/11
f 990/875/11 1011/896/11 991/876/11
f 1011/896/11 992/531/11 991/876/11
f 115/897/11 993/878/11 116/877/11
f 1013/898/11 994/879/11 993/878/11
f 1014/899/11 995/880/11 994/879/11
f 1015/900/11 996/881/11 995/880/11
f 1016/901/11 997/882/11 996/881/11
f 1017/902/11 998/883/11 997/882/11
f 1018/903/11 999/884/11 998/883/11
f 1019/904/11 1000/885/11 999/884/11
f 1020/905/11 1001/886/11 1000/885/11
f 1021/906/11 1002/887/11 1001/886/11
f 1022/907/11 1003/888/11 1002/887/11
f 1023/908/11 1004/889/11 1003/888/11
f 1024/909/11 1005/890/11 1004/889/11
f 1025/910/11 1006/891/11 1005/890/11
f 1026/911/11 1007/892/11 1006/891/11
f 1027/912/11 1008/894/11 1007/892/11
f 1028/913/11 1009/914/11 1008/894/11
f 1029/915/11 1010/895/11 1009/914/11
f 1010/895/11 1031/916/11 1011/896/11
f 1011/896/11 1032/535/11 1012/533/11
f 114/917/11 1013/898/11 115/897/11
f 1033/918/11 1014/899/11 1013/898/11
f 1034/919/11 1015/900/11 1014/899/11
f 1035/920/11 1016/901/11 1015/900/11
f 1036/921/11 1017/902/11 1016/901/11
f 1037/922/11 1018/903/11 1017/902/11
f 1038/923/11 1019/904/11 1018/903/11
f 1039/924/11 1020/905/11 1019/904/11
f 1040/925/11 1021/906/11 1020/905/11
f 1041/926/11 1022/907/11 1021/906/11
f 1042/927/11 1023/908/11 1022/907/11
f 1043/928/11 1024/909/11 1023/908/11
f 1044/929/11 1025/910/11 1024/909/11
f 1045/930/11 1026/911/11 1025/910/11
f 1046/931/11 1027/912/11 1026/911/11
f 1047/932/11 1028/913/11 1027/912/11
f 1048/933/11 1029/915/11 1028/913/11
f 1049/934/11 1030/935/11 1029/915/11
f 1050/936/11 1031/916/11 1030/935/11
f 1051/937/11 1032/535/11 1031/916/11
f 113/938/11 1033/918/11 114/917/11
f 1053/939/11 1034/919/11 1033/918/11
f 1054/940/11 1035/920/11 1034/919/11
f 1055/941/11 1036/921/11 1035/920/11
f 1056/942/11 1037/922/11 1036/921/11
f 1057/943/11 1038/923/11 1037/922/11
f 1058/944/11 1039/924/11 1038/923/11
f 1059/945/11 1040/925/11 1039/924/11
f 1060/946/11 1041/926/11 1040/925/11
f 1061/947/11 1042/927/11 1041/926/11
f 1062/948/11 1043/928/11 1042/927/11
f 1063/949/11 1044/929/11 1043/928/11
f 1064/950/11 1045/930/11 1044/929/11
f 1065/951/11 1046/931/11 1045/930/11
f 1066/952/11 1047/932/11 1046/931/11
f 1067/953/11 1048/933/11 1047/932/11
f 1068/954/11 1049/934/11 1048/933/11
f 1069/955/11 1050/936/11 1049/934/11
f 1070/956/11 1051/937/11 1050/936/11
f 1071/957/11 1052/537/11 1051/937/11
f 31/958/11 1053/939/11 113/938/11
f 192/959/11 1054/940/11 1053/939/11
f 191/960/11 1055/941/11 1054/940/11
f 190/961/11 1056/942/11 1055/941/11
f 189/962/11 1057/943/11 1056/942/11
f 188/963/11 1058/944/11 1057/943/11
f 187/964/11 1059/945/11 1058/944/11
f 186/965/11 1060/946/11 1059/945/11
f 185/966/11 1061/947/11 1060/946/11
f 184/967/11 1062/948/11 1061/947/11
f 183/968/11 1063/949/11 1062/948/11
f 182/969/11 1064/950/11 1063/949/11
f 181/970/11 1065/951/11 1064/950/11
f 180/971/11 1066/952/11 1065/951/11
f 179/972/11 1067/953/11 1066/952/11
f 178/973/11 1068/954/11 1067/953/11
f 177/974/11 1069/955/11 1068/954/11
f 176/975/11 1070/956/11 1069/955/11
f 175/976/11 1071/957/11 1070/956/11
f 174/977/11 1072/15/11 1071/957/11
f 1092/978/10 25/979/10 233/980/10
f 1112/981/10 53/982/10 1092/978/10
f 1132/983/10 54/984/10 1112/981/10
f 1152/985/10 55/986/10 1132/983/10
f 1172/987/10 56/988/10 1152/985/10
f 1192/989/10 57/990/10 1172/987/10
f 1192/989/10 59/991/10 58/992/10
f 1212/993/10 60/994/10 59/991/10
f 1252/995/10 60/994/10 1232/996/10
f 1272/997/10 61/998/10 1252/995/10
f 1292/999/10 62/1000/10 1272/997/10
f 1292/999/10 64/1001/10 63/1002/10
f 1312/1003/10 65/1004/10 64/1001/10
f 1332/1005/10 66/1006/10 65/1004/10
f 1352/1007/10 67/1008/10 66/1006/10
f 1372/1009/10 68/1010/10 67/1008/10
f 1392/1011/10 69/1012/10 68/1010/10
f 1412/1013/10 70/1014/10 69/1012/10
f 1432/1015/10 71/1016/10 70/1014/10
f 1452/1017/10 72/11/10 71/1016/10
f 232/1018/10 252/1019/10 29/1020/10
f 252/1019/10 1074/1021/10 251/1022/10
f 251/1022/10 1075/1023/10 250/1024/10
f 250/1024/10 1076/1025/10 249/1026/10
f 249/1026/10 1077/1027/10 248/1028/10
f 248/1028/10 1078/1029/10 247/1030/10
f 247/1030/10 1079/1031/10 246/1032/10
f 246/1032/10 1080/1033/10 245/1034/10
f 245/1034/10 1081/1035/10 244/1036/10
f 244/1036/10 1082/1037/10 243/1038/10
f 243/1038/10 1083/1039/10 242/1040/10
f 242/1040/10 1084/1041/10 241/1042/10
f 241/1042/10 1085/1043/10 240/1044/10
f 240/1044/10 1086/1045/10 239/1046/10
f 239/1046/10 1087/1047/10 238/1048/10
f 238/1048/10 1088/1049/10 237/1050/10
f 237/1050/10 1089/1051/10 236/1052/10
f 236/1052/10 1090/1053/10 235/1054/10
f 235/1054/10 1091/1055/10 234/1056/10
f 234/1056/10 1092/978/10 233/980/10
f 231/1057/10 1073/1058/10 232/1018/10
f 1093/1059/10 1074/1021/10 1073/1058/10
f 1094/1060/10 1075/1023/10 1074/1021/10
f 1095/1061/10 1076/1025/10 1075/1023/10
f 1096/1062/10 1077/1027/10 1076/1025/10
f 1097/1063/10 1078/1029/10 1077/1027/10
f 1098/1064/10 1079/1031/10 1078/1029/10
f 1099/1065/10 1080/1033/10 1079/1031/10
f 1100/1066/10 1081/1035/10 1080/1033/10
f 1101/1067/10 1082/1037/10 1081/1035/10
f 1102/1068/10 1083/1039/10 1082/1037/10
f 1103/1069/10 1084/1041/10 1083/1039/10
f 1104/1070/10 1085/1043/10 1084/1041/10
f 1105/1071/10 1086/1045/10 1085/1043/10
f 1106/1072/10 1087/1047/10 1086/1045/10
f 1107/1073/10 1088/1049/10 1087/1047/10
f 1108/1074/10 1089/1051/10 1088/1049/10
f 1109/1075/10 1090/1053/10 1089/1051/10
f 1110/1076/10 1091/1055/10 1090/1053/10
f 1091/1055/10 1112/981/10 1092/978/10
f 230/1077/10 1093/1059/10 231/1057/10
f 1113/1078/10 1094/1060/10 1093/1059/10
f 1114/1079/10 1095/1061/10 1094/1060/10
f 1115/1080/10 1096/1062/10 1095/1061/10
f 1116/1081/10 1097/1063/10 1096/1062/10
f 1117/1082/10 1098/1064/10 1097/1063/10
f 1118/1083/10 1099/1065/10 1098/1064/10
f 1119/1084/10 1100/1066/10 1099/1065/10
f 1120/1085/10 1101/1067/10 1100/1066/10
f 1121/1086/10 1102/1068/10 1101/1067/10
f 1122/1087/10 1103/1069/10 1102/1068/10
f 1123/1088/10 1104/1070/10 1103/1069/10
f 1124/1089/10 1105/1071/10 1104/1070/10
f 1125/1090/10 1106/1072/10 1105/1071/10
f 1126/1091/10 1107/1073/10 1106/1072/10
f 1127/1092/10 1108/1074/10 1107/1073/10
f 1128/1093/10 1109/1075/10 1108/1074/10
f 1129/1094/10 1110/1076/10 1109/1075/10
f 1130/1095/10 1111/1096/10 1110/1076/10
f 1111/1096/10 1132/983/10 1112/981/10
f 229/1097/10 1113/1078/10 230/1077/10
f 1133/1098/10 1114/1079/10 1113/1078/10
f 1134/1099/10 1115/1080/10 1114/1079/10
f 1135/1100/10 1116/1081/10 1115/1080/10
f 1136/1101/10 1117/1082/10 1116/1081/10
f 1137/1102/10 1118/1083/10 1117/1082/10
f 1138/1103/10 1119/1084/10 1118/1083/10
f 1139/1104/10 1120/1085/10 1119/1084/10
f 1140/1105/10 1121/1086/10 1120/1085/10
f 1141/1106/10 1122/1087/10 1121/1086/10
f 1142/1107/10 1123/1088/10 1122/1087/10
f 1143/1108/10 1124/1089/10 1123/1088/10
f 1144/1109/10 1125/1090/10 1124/1089/10
f 1145/1110/10 1126/1091/10 1125/1090/10
f 1146/1111/10 1127/1092/10 1126/1091/10
f 1147/1112/10 1128/1093/10 1127/1092/10
f 1148/1113/10 1129/1094/10 1128/1093/10
f 1149/1114/10 1130/1095/10 1129/1094/10
f 1150/1115/10 1131/1116/10 1130/1095/10
f 1131/1116/10 1152/985/10 1132/983/10
f 228/1117/10 1133/1098/10 229/1097/10
f 1153/1118/10 1134/1099/10 1133/1098/10
f 1154/1119/10 1135/1100/10 1134/1099/10
f 1155/1120/10 1136/1101/10 1135/1100/10
f 1156/1121/10 1137/1102/10 1136/1101/10
f 1157/1122/10 1138/1103/10 1137/1102/10
f 1158/1123/10 1139/1104/10 1138/1103/10
f 1159/1124/10 1140/1105/10 1139/1104/10
f 1160/1125/10 1141/1106/10 1140/1105/10
f 1161/1126/10 1142/1107/10 1141/1106/10
f 1162/1127/10 1143/1108/10 1142/1107/10
f 1163/1128/10 1144/1109/10 1143/1108/10
f 1164/1129/10 1145/1110/10 1144/1109/10
f 1165/1130/10 1146/1111/10 1145/1110/10
f 1166/1131/10 1147/1112/10 1146/1111/10
f 1167/1132/10 1148/1113/10 1147/1112/10
f 1168/1133/10 1149/1114/10 1148/1113/10
f 1169/1134/10 1150/1115/10 1149/1114/10
f 1170/1135/10 1151/1136/10 1150/1115/10
f 1151/1136/10 1172/987/10 1152/985/10
f 227/1137/10 1153/1118/10 228/1117/10
f 1173/1138/10 1154/1119/10 1153/1118/10
f 1174/1139/10 1155/1120/10 1154/1119/10
f 1175/1140/10 1156/1121/10 1155/1120/10
f 1176/1141/10 1157/1122/10 1156/1121/10
f 1177/1142/10 1158/1123/10 1157/1122/10
f 1178/1143/10 1159/1124/10 1158/1123/10
f 1179/1144/10 1160/1125/10 1159/1124/10
f 1180/1145/10 1161/1126/10 1160/1125/10
f 1181/1146/10 1162/1127/10 1161/1126/10
f 1182/1147/10 1163/1128/10 1162/1127/10
f 1183/1148/10 1164/1129/10 1163/1128/10
f 1184/1149/10 1165/1130/10 1164/1129/10
f 1185/1150/10 1166/1131/10 1165/1130/10
f 1186/1151/10 1167/1132/10 1166/1131/10
f 1187/1152/10 1168/1133/10 1167/1132/10
f 1188/1153/10 1169/1134/10 1168/1133/10
f 1189/1154/10 1170/1135/10 1169/1134/10
f 1190/1155/10 1171/1156/10 1170/1135/10
f 1171/1156/10 1192/989/10 1172/987/10
f 226/1157/10 1173/1138/10 227/1137/10
f 1193/1158/10 1174/1139/10 1173/1138/10
f 1194/1159/10 1175/1140/10 1174/1139/10
f 1195/1160/10 1176/1141/10 1175/1140/10
f 1196/1161/10 1177/1142/10 1176/1141/10
f 1197/1162/10 1178/1143/10 1177/1142/10
f 1198/1163/10 1179/1144/10 1178/1143/10
f 1199/1164/10 1180/1145/10 1179/1144/10
f 1200/1165/10 1181/1146/10 1180/1145/10
f 1201/1166/10 1182/1147/10 1181/1146/10
f 1202/1167/10 1183/1148/10 1182/1147/10
f 1203/1168/10 1184/1149/10 1183/1148/10
f 1204/1169/10 1185/1150/10 1184/1149/10
f 1205/1170/10 1186/1151/10 1185/1150/10
f 1206/1171/10 1187/1152/10 1186/1151/10
f 1207/1172/10 1188/1153/10 1187/1152/10
f 1208/1173/10 1189/1154/10 1188/1153/10
f 1209/1174/10 1190/1155/10 1189/1154/10
f 1210/1175/10 1191/1176/10 1190/1155/10
f 1191/1176/10 1212/993/10 1192/989/10
f 225/1177/10 1193/1158/10 226/1157/10
f 1213/1178/10 1194/1159/10 1193/1158/10
f 1214/1179/10 1195/1160/10 1194/1159/10
f 1215/1180/10 1196/1161/10 1195/1160/10
f 1216/1181/10 1197/1162/10 1196/1161/10
f 1217/1182/10 1198/1163/10 1197/1162/10
f 1218/1183/10 1199/1164/10 1198/1163/10
f 1219/1184/10 1200/1165/10 1199/1164/10
f 1220/1185/10 1201/1166/10 1200/1165/10
f 1221/1186/10 1202/1167/10 1201/1166/10
f 1222/1187/10 1203/1168/10 1202/1167/10
f 1223/1188/10 1204/1169/10 1203/1168/10
f 1224/1189/10 1205/1170/10 1204/1169/10
f 1225/1190/10 1206/1171/10 1205/1170/10
f 1226/1191/10 1207/1172/10 1206/1171/10
f 1227/1192/10 1208/1173/10 1207/1172/10
f 1228/1193/10 1209/1174/10 1208/1173/10
f 1229/1194/10 1210/1175/10 1209/1174/10
f 1230/1195/10 1211/1196/10 1210/1175/10
f 1211/1196/10 1232/996/10 1212/993/10
f 224/1197/10 1213/1178/10 225/1177/10
f 1233/1198/10 1214/1179/10 1213/1178/10
f 1234/1199/10 1215/1180/10 1214/1179/10
f 1235/1200/10 1216/1181/10 1215/1180/10
f 1236/1201/10 1217/1182/10 1216/1181/10
f 1237/1202/10 1218/1183/10 1217/1182/10
f 1238/1203/10 1219/1184/10 1218/1183/10
f 1239/1204/10 1220/1185/10 1219/1184/10
f 1240/1205/10 1221/1186/10 1220/1185/10
f 1241/1206/10 1222/1187/10 1221/1186/10
f 1242/1207/10 1223/1188/10 1222/1187/10
f 1243/1208/10 1224/1189/10 1223/1188/10
f 1244/1209/10 1225/1190/10 1224/1189/10
f 1245/1210/10 1226/1191/10 1225/1190/10
f 1246/1211/10 1227/1192/10 1226/1191/10
f 1247/1212/10 1228/1193/10 1227/1192/10
f 1248/1213/10 1229/1194/10 1228/1193/10
f 1249/1214/10 1230/1195/10 1229/1194/10
f 1250/1215/10 1231/1216/10 1230/1195/10
f 1231/1216/10 1252/995/10 1232/996/10
f 223/1217/10 1233/1198/10 224/1197/10
f 1253/1218/10 1234/1199/10 1233/1198/10
f 1254/1219/10 1235/1200/10 1234/1199/10
f 1255/1220/10 1236/1201/10 1235/1200/10
f 1256/1221/10 1237/1202/10 1236/1201/10
f 1257/1222/10 1238/1203/10 1237/1202/10
f 1258/1223/10 1239/1204/10 1238/1203/10
f 1259/1224/10 1240/1205/10 1239/1204/10
f 1260/1225/10 1241/1206/10 1240/1205/10
f 1261/1226/10 1242/1207/10 1241/1206/10
f 1262/1227/10 1243/1208/10 1242/1207/10
f 1263/1228/10 1244/1209/10 1243/1208/10
f 1264/1229/10 1245/1210/10 1244/1209/10
f 1265/1230/10 1246/1211/10 1245/1210/10
f 1266/1231/10 1247/1212/10 1246/1211/10
f 1247/1212/10 1268/1232/10 1248/1213/10
f 1268/1232/10 1249/1214/10 1248/1213/10
f 1269/1233/10 1250/1215/10 1249/1214/10
f 1250/1215/10 1271/1234/10 1251/1235/10
f 1251/1235/10 1272/997/10 1252/995/10
f 222/1236/10 1253/1218/10 223/1217/10
f 1273/1237/10 1254/1219/10 1253/1218/10
f 1274/1238/10 1255/1220/10 1254/1219/10
f 1275/1239/10 1256/1221/10 1255/1220/10
f 1276/1240/10 1257/1222/10 1256/1221/10
f 1277/1241/10 1258/1223/10 1257/1222/10
f 1278/1242/10 1259/1224/10 1258/1223/10
f 1279/1243/10 1260/1225/10 1259/1224/10
f 1280/1244/10 1261/1226/10 1260/1225/10
f 1281/1245/10 1262/1227/10 1261/1226/10
f 1282/1246/10 1263/1228/10 1262/1227/10
f 1283/1247/10 1264/1229/10 1263/1228/10
f 1284/1248/10 1265/1230/10 1264/1229/10
f 1285/1249/10 1266/1231/10 1265/1230/10
f 1286/1250/10 1267/1251/10 1266/1231/10
f 1287/1252/10 1268/1232/10 1267/1251/10
f 1288/1253/10 1269/1233/10 1268/1232/10
f 1289/1254/10 1270/1255/10 1269/1233/10
f 1290/1256/10 1271/1234/10 1270/1255/10
f 1291/1257/10 1272/997/10 1271/1234/10
f 221/1258/10 1273/1237/10 222/1236/10
f 1293/1259/10 1274/1238/10 1273/1237/10
f 1294/1260/10 1275/1239/10 1274/1238/10
f 1295/1261/10 1276/1240/10 1275/1239/10
f 1296/1262/10 1277/1241/10 1276/1240/10
f 1297/1263/10 1278/1242/10 1277/1241/10
f 1298/1264/10 1279/1243/10 1278/1242/10
f 1299/1265/10 1280/1244/10 1279/1243/10
f 1300/1266/10 1281/1245/10 1280/1244/10
f 1301/1267/10 1282/1246/10 1281/1245/10
f 1302/1268/10 1283/1247/10 1282/1246/10
f 1303/1269/10 1284/1248/10 1283/1247/10
f 1304/1270/10 1285/1249/10 1284/1248/10
f 1305/1271/10 1286/1250/10 1285/1249/10
f 1306/1272/10 1287/1252/10 1286/1250/10
f 1287/1252/10 1308/1273/10 1288/1253/10
f 1308/1273/10 1289/1254/10 1288/1253/10
f 1309/1274/10 1290/1256/10 1289/1254/10
f 1290/1256/10 1311/1275/10 1291/1257/10
f 1311/1275/10 1292/999/10 1291/1257/10
f 220/1276/10 1293/1259/10 221/1258/10
f 1313/1277/10 1294/1260/10 1293/1259/10
f 1314/1278/10 1295/1261/10 1294/1260/10
f 1315/1279/10 1296/1262/10 1295/1261/10
f 1316/1280/10 1297/1263/10 1296/1262/10
f 1317/1281/10 1298/1264/10 1297/1263/10
f 1318/1282/10 1299/1265/10 1298/1264/10
f 1319/1283/10 1300/1266/10 1299/1265/10
f 1320/1284/10 1301/1267/10 1300/1266/10
f 1321/1285/10 1302/1268/10 1301/1267/10
f 1322/1286/10 1303/1269/10 1302/1268/10
f 1323/1287/10 1304/1270/10 1303/1269/10
f 1324/1288/10 1305/1271/10 1304/1270/10
f 1325/1289/10 1306/1272/10 1305/1271/10
f 1326/1290/10 1307/1291/10 1306/1272/10
f 1327/1292/10 1308/1273/10 1307/1291/10
f 1328/1293/10 1309/1274/10 1308/1273/10
f 1329/1294/10 1310/1295/10 1309/1274/10
f 1330/1296/10 1311/1275/10 1310/1295/10
f 1331/1297/10 1312/1003/10 1311/1275/10
f 219/1298/10 1313/1277/10 220/1276/10
f 1333/1299/10 1314/1278/10 1313/1277/10
f 1334/1300/10 1315/1279/10 1314/1278/10
f 1335/1301/10 1316/1280/10 1315/1279/10
f 1336/1302/10 1317/1281/10 1316/1280/10
f 1337/1303/10 1318/1282/10 1317/1281/10
f 1338/1304/10 1319/1283/10 1318/1282/10
f 1339/1305/10 1320/1284/10 1319/1283/10
f 1340/1306/10 1321/1285/10 1320/1284/10
f 1341/1307/10 1322/1286/10 1321/1285/10
f 1342/1308/10 1323/1287/10 1322/1286/10
f 1343/1309/10 1324/1288/10 1323/1287/10
f 1344/1310/10 1325/1289/10 1324/1288/10
f 1345/1311/10 1326/1290/10 1325/1289/10
f 1346/1312/10 1327/1292/10 1326/1290/10
f 1347/1313/10 1328/1293/10 1327/1292/10
f 1348/1314/10 1329/1294/10 1328/1293/10
f 1349/1315/10 1330/1296/10 1329/1294/10
f 1350/1316/10 1331/1297/10 1330/1296/10
f 1331/1297/10 1352/1007/10 1332/1005/10
f 218/1317/10 1333/1299/10 219/1298/10
f 1353/1318/10 1334/1300/10 1333/1299/10
f 1354/1319/10 1335/1301/10 1334/1300/10
f 1355/1320/10 1336/1302/10 1335/1301/10
f 1356/1321/10 1337/1303/10 1336/1302/10
f 1357/1322/10 1338/1304/10 1337/1303/10
f 1358/1323/10 1339/1305/10 1338/1304/10
f 1359/1324/10 1340/1306/10 1339/1305/10
f 1360/1325/10 1341/1307/10 1340/1306/10
f 1361/1326/10 1342/1308/10 1341/1307/10
f 1362/1327/10 1343/1309/10 1342/1308/10
f 1363/1328/10 1344/1310/10 1343/1309/10
f 1364/1329/10 1345/1311/10 1344/1310/10
f 1365/1330/10 1346/1312/10 1345/1311/10
f 1366/1331/10 1347/1313/10 1346/1312/10
f 1367/1332/10 1348/1314/10 1347/1313/10
f 1368/1333/10 1349/1315/10 1348/1314/10
f 1369/1334/10 1350/1316/10 1349/1315/10
f 1370/1335/10 1351/1336/10 1350/1316/10
f 1351/1336/10 1372/1009/10 1352/1007/10
f 217/1337/10 1353/1318/10 218/1317/10
f 1373/1338/10 1354/1319/10 1353/1318/10
f 1374/1339/10 1355/1320/10 1354/1319/10
f 1375/1340/10 1356/1321/10 1355/1320/10
f 1376/1341/10 1357/1322/10 1356/1321/10
f 1377/1342/10 1358/1323/10 1357/1322/10
f 1378/1343/10 1359/1324/10 1358/1323/10
f 1379/1344/10 1360/1325/10 1359/1324/10
f 1380/1345/10 1361/1326/10 1360/1325/10
f 1381/1346/10 1362/1327/10 1361/1326/10
f 1382/1347/10 1363/1328/10 1362/1327/10
f 1383/1348/10 1364/1329/10 1363/1328/10
f 1384/1349/10 1365/1330/10 1364/1329/10
f 1385/1350/10 1366/1331/10 1365/1330/10
f 1386/1351/10 1367/1332/10 1366/1331/10
f 1387/1352/10 1368/1333/10 1367/1332/10
f 1388/1353/10 1369/1334/10 1368/1333/10
f 1389/1354/10 1370/1335/10 1369/1334/10
f 1390/1355/10 1371/1356/10 1370/1335/10
f 1391/1357/10 1372/1009/10 1371/1356/10
f 216/1358/10 1373/1338/10 217/1337/10
f 1393/1359/10 1374/1339/10 1373/1338/10
f 1394/1360/10 1375/1340/10 1374/1339/10
f 1395/1361/10 1376/1341/10 1375/1340/10
f 1396/1362/10 1377/1342/10 1376/1341/10
f 1397/1363/10 1378/1343/10 1377/1342/10
f 1398/1364/10 1379/1344/10 1378/1343/10
f 1399/1365/10 1380/1345/10 1379/1344/10
f 1400/1366/10 1381/1346/10 1380/1345/10
f 1401/1367/10 1382/1347/10 1381/1346/10
f 1402/1368/10 1383/1348/10 1382/1347/10
f 1403/1369/10 1384/1349/10 1383/1348/10
f 1404/1370/10 1385/1350/10 1384/1349/10
f 1405/1371/10 1386/1351/10 1385/1350/10
f 1406/1372/10 1387/1352/10 1386/1351/10
f 1407/1373/10 1388/1353/10 1387/1352/10
f 1408/1374/10 1389/1354/10 1388/1353/10
f 1409/1375/10 1390/1355/10 1389/1354/10
f 1410/1376/10 1391/1357/10 1390/1355/10
f 1411/1377/10 1392/1011/10 1391/1357/10
f 215/1378/10 1393/1359/10 216/1358/10
f 1413/1379/10 1394/1360/10 1393/1359/10
f 1414/1380/10 1395/1361/10 1394/1360/10
f 1415/1381/10 1396/1362/10 1395/1361/10
f 1416/1382/10 1397/1363/10 1396/1362/10
f 1417/1383/10 1398/1364/10 1397/1363/10
f 1418/1384/10 1399/1365/10 1398/1364/10
f 1419/1385/10 1400/1366/10 1399/1365/10
f 1420/1386/10 1401/1367/10 1400/1366/10
f 1421/1387/10 1402/1368/10 1401/1367/10
f 1422/1388/10 1403/1369/10 1402/1368/10
f 1423/1389/10 1404/1370/10 1403/1369/10
f 1424/1390/10 1405/1371/10 1404/1370/10
f 1425/1391/10 1406/1372/10 1405/1371/10
f 1426/1392/10 1407/1373/10 1406/1372/10
f 1427/1393/10 1408/1374/10 1407/1373/10
f 1428/1394/10 1409/1375/10 1408/1374/10
f 1429/1395/10 1410/1376/10 1409/1375/10
f 1430/1396/10 1411/1377/10 1410/1376/10
f 1431/1397/10 1412/1013/10 1411/1377/10
f 214/1398/10 1413/1379/10 215/1378/10
f 1433/1399/10 1414/1380/10 1413/1379/10
f 1434/1400/10 1415/1381/10 1414/1380/10
f 1435/1401/10 1416/1382/10 1415/1381/10
f 1436/1402/10 1417/1383/10 1416/1382/10
f 1437/1403/10 1418/1384/10 1417/1383/10
f 1438/1404/10 1419/1385/10 1418/1384/10
f 1439/1405/10 1420/1386/10 1419/1385/10
f 1440/1406/10 1421/1387/10 1420/1386/10
f 1441/1407/10 1422/1388/10 1421/1387/10
f 1442/1408/10 1423/1389/10 1422/1388/10
f 1443/1409/10 1424/1390/10 1423/1389/10
f 1444/1410/10 1425/1391/10 1424/1390/10
f 1445/1411/10 1426/1392/10 1425/1391/10
f 1446/1412/10 1427/1393/10 1426/1392/10
f 1447/1413/10 1428/1394/10 1427/1393/10
f 1448/1414/10 1429/1395/10 1428/1394/10
f 1449/1415/10 1430/1396/10 1429/1395/10
f 1450/1416/10 1431/1397/10 1430/1396/10
f 1451/1417/10 1432/1015/10 1431/1397/10
f 213/8/10 1433/1399/10 214/1398/10
f 1453/1418/10 1434/1400/10 1433/1399/10
f 1454/1419/10 1435/1401/10 1434/1400/10
f 1455/1420/10 1436/1402/10 1435/1401/10
f 1456/1421/10 1437/1403/10 1436/1402/10
f 1457/1422/10 1438/1404/10 1437/1403/10
f 1458/1423/10 1439/1405/10 1438/1404/10
f 1459/1424/10 1440/1406/10 1439/1405/10
f 1460/1425/10 1441/1407/10 1440/1406/10
f 1461/1426/10 1442/1408/10 1441/1407/10
f 1462/1427/10 1443/1409/10 1442/1408/10
f 1463/1428/10 1444/1410/10 1443/1409/10
f 1464/1429/10 1445/1411/10 1444/1410/10
f 1465/1430/10 1446/1412/10 1445/1411/10
f 1466/1431/10 1447/1413/10 1446/1412/10
f 1467/1432/10 1448/1414/10 1447/1413/10
f 1468/1433/10 1449/1415/10 1448/1414/10
f 1469/1434/10 1450/1416/10 1449/1415/10
f 1470/1435/10 1451/1417/10 1450/1416/10
f 1471/1436/10 1452/1017/10 1451/1417/10
f 30/20/10 1453/1418/10 213/8/10
f 253/1437/10 1454/1419/10 1453/1418/10
f 254/1438/10 1455/1420/10 1454/1419/10
f 255/1439/10 1456/1421/10 1455/1420/10
f 256/1440/10 1457/1422/10 1456/1421/10
f 257/1441/10 1458/1423/10 1457/1422/10
f 258/1442/10 1459/1424/10 1458/1423/10
f 259/1443/10 1460/1425/10 1459/1424/10
f 260/1444/10 1461/1426/10 1460/1425/10
f 261/1445/10 1462/1427/10 1461/1426/10
f 262/1446/10 1463/1428/10 1462/1427/10
f 263/1447/10 1464/1429/10 1463/1428/10
f 264/1448/10 1465/1430/10 1464/1429/10
f 265/1449/10 1466/1431/10 1465/1430/10
f 266/1450/10 1467/1432/10 1466/1431/10
f 267/1451/10 1468/1433/10 1467/1432/10
f 268/1452/10 1469/1434/10 1468/1433/10
f 269/1453/10 1470/1435/10 1469/1434/10
f 270/1454/10 1471/1436/10 1470/1435/10
f 271/1455/10 1472/12/10 1471/1436/10
f 1492/1456/9 29/1020/9 173/13/9
f 1512/1457/9 232/1018/9 1492/1456/9
f 1532/1458/9 231/1057/9 1512/1457/9
f 1552/1459/9 230/1077/9 1532/1458/9
f 1572/1460/9 229/1097/9 1552/1459/9
f 1592/1461/9 228/1117/9 1572/1460/9
f 1612/1462/9 227/1137/9 1592/1461/9
f 1632/1463/9 226/1157/9 1612/1462/9
f 1652/1464/9 225/1177/9 1632/1463/9
f 1672/1465/9 224/1197/9 1652/1464/9
f 1692/1466/9 223/1217/9 1672/1465/9
f 1712/1467/9 222/1236/9 1692/1466/9
f 1732/1468/9 221/1258/9 1712/1467/9
f 1752/1469/9 220/1276/9 1732/1468/9
f 1772/1470/9 219/1298/9 1752/1469/9
f 1792/1471/9 218/1317/9 1772/1470/9
f 1812/1472/9 217/1337/9 1792/1471/9
f 1832/1473/9 216/1358/9 1812/1472/9
f 1852/1474/9 215/1378/9 1832/1473/9
f 1872/9/9 214/1398/9 1852/1474/9
f 172/1475/9 192/959/9 31/958/9
f 192/959/9 1474/1476/9 191/960/9
f 191/960/9 1475/1477/9 190/961/9
f 190/961/9 1476/1478/9 189/962/9
f 189/962/9 1477/1479/9 188/963/9
f 188/963/9 1478/1480/9 187/964/9
f 187/964/9 1479/1481/9 186/965/9
f 186/965/9 1480/1482/9 185/966/9
f 185/966/9 1481/1483/9 184/967/9
f 184/967/9 1482/1484/9 183/968/9
f 183/968/9 1483/1485/9 182/969/9
f 182/969/9 1484/1486/9 181/970/9
f 181/970/9 1485/1487/9 180/971/9
f 180/971/9 1486/1488/9 179/972/9
f 179/972/9 1487/1489/9 178/973/9
f 178/973/9 1488/1490/9 177/974/9
f 177/974/9 1489/1491/9 176/975/9
f 176/975/9 1490/1492/9 175/976/9
f 175/976/9 1491/1493/9 174/977/9
f 174/977/9 1492/1456/9 173/13/9
f 171/1494/9 1473/1495/9 172/1475/9
f 1493/1496/9 1474/1476/9 1473/1495/9
f 1494/1497/9 1475/1477/9 1474/1476/9
f 1495/1498/9 1476/1478/9 1475/1477/9
f 1496/1499/9 1477/1479/9 1476/1478/9
f 1497/1500/9 1478/1480/9 1477/1479/9
f 1498/1501/9 1479/1481/9 1478/1480/9
f 1499/1502/9 1480/1482/9 1479/1481/9
f 1500/1503/9 1481/1483/9 1480/1482/9
f 1501/1504/9 1482/1484/9 1481/1483/9
f 1502/1505/9 1483/1485/9 1482/1484/9
f 1503/1506/9 1484/1486/9 1483/1485/9
f 1504/1507/9 1485/1487/9 1484/1486/9
f 1505/1508/9 1486/1488/9 1485/1487/9
f 1506/1509/9 1487/1489/9 1486/1488/9
f 1507/1510/9 1488/1490/9 1487/1489/9
f 1508/1511/9 1489/1491/9 1488/1490/9
f 1509/1512/9 1490/1492/9 1489/1491/9
f 1510/1513/9 1491/1493/9 1490/1492/9
f 1511/1514/9 1492/1456/9 1491/1493/9
f 170/1515/9 1493/1496/9 171/1494/9
f 1513/1516/9 1494/1497/9 1493/1496/9
f 1514/1517/9 1495/1498/9 1494/1497/9
f 1515/1518/9 1496/1499/9 1495/1498/9
f 1516/1519/9 1497/1500/9 1496/1499/9
f 1517/1520/9 1498/1501/9 1497/1500/9
f 1518/1521/9 1499/1502/9 1498/1501/9
f 1519/1522/9 1500/1503/9 1499/1502/9
f 1520/1523/9 1501/1504/9 1500/1503/9
f 1521/1524/9 1502/1505/9 1501/1504/9
f 1522/1525/9 1503/1506/9 1502/1505/9
f 1523/1526/9 1504/1507/9 1503/1506/9
f 1524/1527/9 1505/1508/9 1504/1507/9
f 1525/1528/9 1506/1509/9 1505/1508/9
f 1526/1529/9 1507/1510/9 1506/1509/9
f 1527/1530/9 1508/1511/9 1507/1510/9
f 1528/1531/9 1509/1512/9 1508/1511/9
f 1529/1532/9 1510/1513/9 1509/1512/9
f 1530/1533/9 1511/1514/9 1510/1513/9
f 1531/1534/9 1512/1457/9 1511/1514/9
f 169/1535/9 1513/1516/9 170/1515/9
f 1533/1536/9 1514/1517/9 1513/1516/9
f 1534/1537/9 1515/1518/9 1514/1517/9
f 1535/1538/9 1516/1519/9 1515/1518/9
f 1536/1539/9 1517/1520/9 1516/1519/9
f 1537/1540/9 1518/1521/9 1517/1520/9
f 1538/1541/9 1519/1522/9 1518/1521/9
f 1539/1542/9 1520/1523/9 1519/1522/9
f 1540/1543/9 1521/1524/9 1520/1523/9
f 1541/1544/9 1522/1525/9 1521/1524/9
f 1542/1545/9 1523/1526/9 1522/1525/9
f 1543/1546/9 1524/1527/9 1523/1526/9
f 1544/1547/9 1525/1528/9 1524/1527/9
f 1545/1548/9 1526/1529/9 1525/1528/9
f 1546/1549/9 1527/1530/9 1526/1529/9
f 1547/1550/9 1528/1531/9 1527/1530/9
f 1548/1551/9 1529/1532/9 1528/1531/9
f 1549/1552/9 1530/1533/9 1529/1532/9
f 1550/1553/9 1531/1534/9 1530/1533/9
f 1551/1554/9 1532/1458/9 1531/1534/9
f 168/1555/9 1533/1536/9 169/1535/9
f 1553/1556/9 1534/1537/9 1533/1536/9
f 1554/1557/9 1535/1538/9 1534/1537/9
f 1555/1558/9 1536/1539/9 1535/1538/9
f 1556/1559/9 1537/1540/9 1536/1539/9
f 1557/1560/9 1538/1541/9 1537/1540/9
f 1558/1561/9 1539/1542/9 1538/1541/9
f 1559/1562/9 1540/1543/9 1539/1542/9
f 1560/1563/9 1541/1544/9 1540/1543/9
f 1561/1564/9 1542/1545/9 1541/1544/9
f 1562/1565/9 1543/1546/9 1542/1545/9
f 1563/1566/9 1544/1547/9 1543/1546/9
f 1564/1567/9 1545/1548/9 1544/1547/9
f 1565/1568/9 1546/1549/9 1545/1548/9
f 1566/1569/9 1547/1550/9 1546/1549/9
f 1567/1570/9 1548/1551/9 1547/1550/9
f 1568/1571/9 1549/1552/9 1548/1551/9
f 1569/1572/9 1550/1553/9 1549/1552/9
f 1570/1573/9 1551/1554/9 1550/1553/9
f 1571/1574/9 1552/1459/9 1551/1554/9
f 167/1575/9 1553/1556/9 168/1555/9
f 1573/1576/9 1554/1557/9 1553/1556/9
f 1574/1577/9 1555/1558/9 1554/1557/9
f 1575/1578/9 1556/1559/9 1555/1558/9
f 1576/1579/9 1557/1560/9 1556/1559/9
f 1577/1580/9 1558/1561/9 1557/1560/9
f 1578/1581/9 1559/1562/9 1558/1561/9
f 1579/1582/9 1560/1563/9 1559/1562/9
f 1580/1583/9 1561/1564/9 1560/1563/9
f 1581/1584/9 1562/1565/9 1561/1564/9
f 1582/1585/9 1563/1566/9 1562/1565/9
f 1583/1586/9 1564/1567/9 1563/1566/9
f 1584/1587/9 1565/1568/9 1564/1567/9
f 1585/1588/9 1566/1569/9 1565/1568/9
f 1586/1589/9 1567/1570/9 1566/1569/9
f 1587/1590/9 1568/1571/9 1567/1570/9
f 1588/1591/9 1569/1572/9 1568/1571/9
f 1589/1592/9 1570/1573/9 1569/1572/9
f 1590/1593/9 1571/1574/9 1570/1573/9
f 1591/1594/9 1572/1460/9 1571/1574/9
f 166/1595/9 1573/1576/9 167/1575/9
f 1593/1596/9 1574/1577/9 1573/1576/9
f 1594/1597/9 1575/1578/9 1574/1577/9
f 1595/1598/9 1576/1579/9 1575/1578/9
f 1596/1599/9 1577/1580/9 1576/1579/9
f 1597/1600/9 1578/1581/9 1577/1580/9
f 1598/1601/9 1579/1582/9 1578/1581/9
f 1599/1602/9 1580/1583/9 1579/1582/9
f 1600/1603/9 1581/1584/9 1580/1583/9
f 1601/1604/9 1582/1585/9 1581/1584/9
f 1602/1605/9 1583/1586/9 1582/1585/9
f 1603/1606/9 1584/1587/9 1583/1586/9
f 1604/1607/9 1585/1588/9 1584/1587/9
f 1605/1608/9 1586/1589/9 1585/1588/9
f 1606/1609/9 1587/1590/9 1586/1589/9
f 1607/1610/9 1588/1591/9 1587/1590/9
f 1608/1611/9 1589/1592/9 1588/1591/9
f 1609/1612/9 1590/1593/9 1589/1592/9
f 1610/1613/9 1591/1594/9 1590/1593/9
f 1611/1614/9 1592/1461/9 1591/1594/9
f 165/1615/9 1593/1596/9 166/1595/9
f 1613/1616/9 1594/1597/9 1593/1596/9
f 1614/1617/9 1595/1598/9 1594/1597/9
f 1615/1618/9 1596/1599/9 1595/1598/9
f 1616/1619/9 1597/1600/9 1596/1599/9
f 1617/1620/9 1598/1601/9 1597/1600/9
f 1618/1621/9 1599/1602/9 1598/1601/9
f 1619/1622/9 1600/1603/9 1599/1602/9
f 1620/1623/9 1601/1604/9 1600/1603/9
f 1621/1624/9 1602/1605/9 1601/1604/9
f 1622/1625/9 1603/1606/9 1602/1605/9
f 1623/1626/9 1604/1607/9 1603/1606/9
f 1624/1627/9 1605/1608/9 1604/1607/9
f 1625/1628/9 1606/1609/9 1605/1608/9
f 1626/1629/9 1607/1610/9 1606/1609/9
f 1627/1630/9 1608/1611/9 1607/1610/9
f 1628/1631/9 1609/1612/9 1608/1611/9
f 1629/1632/9 1610/1613/9 1609/1612/9
f 1630/1633/9 1611/1614/9 1610/1613/9
f 1631/1634/9 1612/1462/9 1611/1614/9
f 164/1635/9 1613/1616/9 165/1615/9
f 1633/1636/9 1614/1617/9 1613/1616/9
f 1634/1637/9 1615/1618/9 1614/1617/9
f 1635/1638/9 1616/1619/9 1615/1618/9
f 1636/1639/9 1617/1620/9 1616/1619/9
f 1637/1640/9 1618/1621/9 1617/1620/9
f 1638/1641/9 1619/1622/9 1618/1621/9
f 1639/1642/9 1620/1623/9 1619/1622/9
f 1640/1643/9 1621/1624/9 1620/1623/9
f 1641/1644/9 1622/1625/9 1621/1624/9
f 1642/1645/9 1623/1626/9 1622/1625/9
f 1643/1646/9 1624/1627/9 1623/1626/9
f 1644/1647/9 1625/1628/9 1624/1627/9
f 1645/1648/9 1626/1629/9 1625/1628/9
f 1646/1649/9 1627/1630/9 1626/1629/9
f 1647/1650/9 1628/1631/9 1627/1630/9
f 1648/1651/9 1629/1632/9 1628/1631/9
f 1649/1652/9 1630/1633/9 1629/1632/9
f 1650/1653/9 1631/1634/9 1630/1633/9
f 1651/1654/9 1632/1463/9 1631/1634/9
f 163/1655/9 1633/1636/9 164/1635/9
f 1653/1656/9 1634/1637/9 1633/1636/9
f 1654/1657/9 1635/1638/9 1634/1637/9
f 1655/1658/9 1636/1639/9 1635/1638/9
f 1656/1659/9 1637/1640/9 1636/1639/9
f 1657/1660/9 1638/1641/9 1637/1640/9
f 1658/1661/9 1639/1642/9 1638/1641/9
f 1659/1662/9 1640/1643/9 1639/1642/9
f 1660/1663/9 1641/1644/9 1640/1643/9
f 1661/1664/9 1642/1645/9 1641/1644/9
f 1662/1665/9 1643/1646/9 1642/1645/9
f 1663/1666/9 1644/1647/9 1643/1646/9
f 1664/1667/9 1645/1648/9 1644/1647/9
f 1665/1668/9 1646/1649/9 1645/1648/9
f 1666/1669/9 1647/1650/9 1646/1649/9
f 1667/1670/9 1648/1651/9 1647/1650/9
f 1668/1671/9 1649/1652/9 1648/1651/9
f 1669/1672/9 1650/1653/9 1649/1652/9
f 1670/1673/9 1651/1654/9 1650/1653/9
f 1671/1674/9 1652/1464/9 1651/1654/9
f 162/1675/9 1653/1656/9 163/1655/9
f 1673/1676/9 1654/1657/9 1653/1656/9
f 1674/1677/9 1655/1658/9 1654/1657/9
f 1675/1678/9 1656/1659/9 1655/1658/9
f 1676/1679/9 1657/1660/9 1656/1659/9
f 1677/1680/9 1658/1661/9 1657/1660/9
f 1678/1681/9 1659/1662/9 1658/1661/9
f 1679/1682/9 1660/1663/9 1659/1662/9
f 1680/1683/9 1661/1664/9 1660/1663/9
f 1681/1684/9 1662/1665/9 1661/1664/9
f 1682/1685/9 1663/1666/9 1662/1665/9
f 1683/1686/9 1664/1667/9 1663/1666/9
f 1684/1687/9 1665/1668/9 1664/1667/9
f 1685/1688/9 1666/1669/9 1665/1668/9
f 1686/1689/9 1667/1670/9 1666/1669/9
f 1687/1690/9 1668/1671/9 1667/1670/9
f 1688/1691/9 1669/1672/9 1668/1671/9
f 1689/1692/9 1670/1673/9 1669/1672/9
f 1690/1693/9 1671/1674/9 1670/1673/9
f 1691/1694/9 1672/1465/9 1671/1674/9
f 161/1695/9 1673/1676/9 162/1675/9
f 1693/1696/9 1674/1677/9 1673/1676/9
f 1694/1697/9 1675/1678/9 1674/1677/9
f 1695/1698/9 1676/1679/9 1675/1678/9
f 1696/1699/9 1677/1680/9 1676/1679/9
f 1697/1700/9 1678/1681/9 1677/1680/9
f 1698/1701/9 1679/1682/9 1678/1681/9
f 1699/1702/9 1680/1683/9 1679/1682/9
f 1700/1703/9 1681/1684/9 1680/1683/9
f 1701/1704/9 1682/1685/9 1681/1684/9
f 1702/1705/9 1683/1686/9 1682/1685/9
f 1703/1706/9 1684/1687/9 1683/1686/9
f 1704/1707/9 1685/1688/9 1684/1687/9
f 1705/1708/9 1686/1689/9 1685/1688/9
f 1706/1709/9 1687/1690/9 1686/1689/9
f 1707/1710/9 1688/1691/9 1687/1690/9
f 1708/1711/9 1689/1692/9 1688/1691/9
f 1709/1712/9 1690/1693/9 1689/1692/9
f 1710/1713/9 1691/1694/9 1690/1693/9
f 1711/1714/9 1692/1466/9 1691/1694/9
f 160/1715/9 1693/1696/9 161/1695/9
f 1713/1716/9 1694/1697/9 1693/1696/9
f 1714/1717/9 1695/1698/9 1694/1697/9
f 1715/1718/9 1696/1699/9 1695/1698/9
f 1716/1719/9 1697/1700/9 1696/1699/9
f 1717/1720/9 1698/1701/9 1697/1700/9
f 1718/1721/9 1699/1702/9 1698/1701/9
f 1719/1722/9 1700/1703/9 1699/1702/9
f 1720/1723/9 1701/1704/9 1700/1703/9
f 1721/1724/9 1702/1705/9 1701/1704/9
f 1722/1725/9 1703/1706/9 1702/1705/9
f 1723/1726/9 1704/1707/9 1703/1706/9
f 1724/1727/9 1705/1708/9 1704/1707/9
f 1725/1728/9 1706/1709/9 1705/1708/9
f 1726/1729/9 1707/1710/9 1706/1709/9
f 1727/1730/9 1708/1711/9 1707/1710/9
f 1728/1731/9 1709/1712/9 1708/1711/9
f 1729/1732/9 1710/1713/9 1709/1712/9
f 1730/1733/9 1711/1714/9 1710/1713/9
f 1731/1734/9 1712/1467/9 1711/1714/9
f 159/1735/9 1713/1716/9 160/1715/9
f 1733/1736/9 1714/1717/9 1713/1716/9
f 1734/1737/9 1715/1718/9 1714/1717/9
f 1735/1738/9 1716/1719/9 1715/1718/9
f 1736/1739/9 1717/1720/9 1716/1719/9
f 1737/1740/9 1718/1721/9 1717/1720/9
f 1738/1741/9 1719/1722/9 1718/1721/9
f 1739/1742/9 1720/1723/9 1719/1722/9
f 1740/1743/9 1721/1724/9 1720/1723/9
f 1741/1744/9 1722/1725/9 1721/1724/9
f 1742/1745/9 1723/1726/9 1722/1725/9
f 1743/1746/9 1724/1727/9 1723/1726/9
f 1744/1747/9 1725/1728/9 1724/1727/9
f 1745/1748/9 1726/1729/9 1725/1728/9
f 1746/1749/9 1727/1730/9 1726/1729/9
f 1747/1750/9 1728/1731/9 1727/1730/9
f 1748/1751/9 1729/1732/9 1728/1731/9
f 1749/1752/9 1730/1733/9 1729/1732/9
f 1750/1753/9 1731/1734/9 1730/1733/9
f 1751/1754/9 1732/1468/9 1731/1734/9
f 158/1755/9 1733/1736/9 159/1735/9
f 1753/1756/9 1734/1737/9 1733/1736/9
f 1754/1757/9 1735/1738/9 1734/1737/9
f 1755/1758/9 1736/1739/9 1735/1738/9
f 1756/1759/9 1737/1740/9 1736/1739/9
f 1757/1760/9 1738/1741/9 1737/1740/9
f 1758/1761/9 1739/1742/9 1738/1741/9
f 1759/1762/9 1740/1743/9 1739/1742/9
f 1760/1763/9 1741/1744/9 1740/1743/9
f 1761/1764/9 1742/1745/9 1741/1744/9
f 1762/1765/9 1743/1746/9 1742/1745/9
f 1763/1766/9 1744/1747/9 1743/1746/9
f 1764/1767/9 1745/1748/9 1744/1747/9
f 1765/1768/9 1746/1749/9 1745/1748/9
f 1766/1769/9 1747/1750/9 1746/1749/9
f 1767/1770/9 1748/1751/9 1747/1750/9
f 1768/1771/9 1749/1752/9 1748/1751/9
f 1769/1772/9 1750/1753/9 1749/1752/9
f 1770/1773/9 1751/1754/9 1750/1753/9
f 1771/1774/9 1752/1469/9 1751/1754/9
f 157/1775/9 1753/1756/9 158/1755/9
f 1773/1776/9 1754/1757/9 1753/1756/9
f 1774/1777/9 1755/1758/9 1754/1757/9
f 1775/1778/9 1756/1759/9 1755/1758/9
f 1776/1779/9 1757/1760/9 1756/1759/9
f 1777/1780/9 1758/1761/9 1757/1760/9
f 1778/1781/9 1759/1762/9 1758/1761/9
f 1779/1782/9 1760/1763/9 1759/1762/9
f 1780/1783/9 1761/1764/9 1760/1763/9
f 1781/1784/9 1762/1765/9 1761/1764/9
f 1782/1785/9 1763/1766/9 1762/1765/9
f 1783/1786/9 1764/1767/9 1763/1766/9
f 1784/1787/9 1765/1768/9 1764/1767/9
f 1785/1788/9 1766/1769/9 1765/1768/9
f 1786/1789/9 1767/1770/9 1766/1769/9
f 1787/1790/9 1768/1771/9 1767/1770/9
f 1788/1791/9 1769/1772/9 1768/1771/9
f 1789/1792/9 1770/1773/9 1769/1772/9
f 1790/1793/9 1771/1774/9 1770/1773/9
f 1791/1794/9 1772/1470/9 1771/1774/9
f 156/1795/9 1773/1776/9 157/1775/9
f 1793/1796/9 1774/1777/9 1773/1776/9
f 1794/1797/9 1775/1778/9 1774/1777/9
f 1795/1798/9 1776/1779/9 1775/1778/9
f 1796/1799/9 1777/1780/9 1776/1779/9
f 1797/1800/9 1778/1781/9 1777/1780/9
f 1798/1801/9 1779/1782/9 1778/1781/9
f 1799/1802/9 1780/1783/9 1779/1782/9
f 1800/1803/9 1781/1784/9 1780/1783/9
f 1801/1804/9 1782/1785/9 1781/1784/9
f 1802/1805/9 1783/1786/9 1782/1785/9
f 1803/1806/9 1784/1787/9 1783/1786/9
f 1804/1807/9 1785/1788/9 1784/1787/9
f 1805/1808/9 1786/1789/9 1785/1788/9
f 1806/1809/9 1787/1790/9 1786/1789/9
f 1807/1810/9 1788/1791/9 1787/1790/9
f 1808/1811/9 1789/1792/9 1788/1791/9
f 1809/1812/9 1790/1793/9 1789/1792/9
f 1810/1813/9 1791/1794/9 1790/1793/9
f 1811/1814/9 1792/1471/9 1791/1794/9
f 155/1815/9 1793/1796/9 156/1795/9
f 1813/1816/9 1794/1797/9 1793/1796/9
f 1814/1817/9 1795/1798/9 1794/1797/9
f 1815/1818/9 1796/1799/9 1795/1798/9
f 1816/1819/9 1797/1800/9 1796/1799/9
f 1817/1820/9 1798/1801/9 1797/1800/9
f 1818/1821/9 1799/1802/9 1798/1801/9
f 1819/1822/9 1800/1803/9 1799/1802/9
f 1820/1823/9 1801/1804/9 1800/1803/9
f 1821/1824/9 1802/1805/9 1801/1804/9
f 1822/1825/9 1803/1806/9 1802/1805/9
f 1823/1826/9 1804/1807/9 1803/1806/9
f 1824/1827/9 1805/1808/9 1804/1807/9
f 1825/1828/9 1806/1809/9 1805/1808/9
f 1826/1829/9 1807/1810/9 1806/1809/9
f 1827/1830/9 1808/1811/9 1807/1810/9
f 1828/1831/9 1809/1812/9 1808/1811/9
f 1829/1832/9 1810/1813/9 1809/1812/9
f 1830/1833/9 1811/1814/9 1810/1813/9
f 1831/1834/9 1812/1472/9 1811/1814/9
f 154/1835/9 1813/1816/9 155/1815/9
f 1833/1836/9 1814/1817/9 1813/1816/9
f 1834/1837/9 1815/1818/9 1814/1817/9
f 1835/1838/9 1816/1819/9 1815/1818/9
f 1836/1839/9 1817/1820/9 1816/1819/9
f 1837/1840/9 1818/1821/9 1817/1820/9
f 1838/1841/9 1819/1822/9 1818/1821/9
f 1839/1842/9 1820/1823/9 1819/1822/9
f 1840/1843/9 1821/1824/9 1820/1823/9
f 1841/1844/9 1822/1825/9 1821/1824/9
f 1842/1845/9 1823/1826/9 1822/1825/9
f 1843/1846/9 1824/1827/9 1823/1826/9
f 1844/1847/9 1825/1828/9 1824/1827/9
f 1845/1848/9 1826/1829/9 1825/1828/9
f 1846/1849/9 1827/1830/9 1826/1829/9
f 1847/1850/9 1828/1831/9 1827/1830/9
f 1848/1851/9 1829/1832/9 1828/1831/9
f 1849/1852/9 1830/1833/9 1829/1832/9
f 1850/1853/9 1831/1834/9 1830/1833/9
f 1851/1854/9 1832/1473/9 1831/1834/9
f 153/5/9 1833/1836/9 154/1835/9
f 1853/1855/9 1834/1837/9 1833/1836/9
f 1854/1856/9 1835/1838/9 1834/1837/9
f 1855/1857/9 1836/1839/9 1835/1838/9
f 1856/1858/9 1837/1840/9 1836/1839/9
f 1857/1859/9 1838/1841/9 1837/1840/9
f 1858/1860/9 1839/1842/9 1838/1841/9
f 1859/1861/9 1840/1843/9 1839/1842/9
f 1860/1862/9 1841/1844/9 1840/1843/9
f 1861/1863/9 1842/1845/9 1841/1844/9
f 1862/1864/9 1843/1846/9 1842/1845/9
f 1863/1865/9 1844/1847/9 1843/1846/9
f 1864/1866/9 1845/1848/9 1844/1847/9
f 1865/1867/9 1846/1849/9 1845/1848/9
f 1866/1868/9 1847/1850/9 1846/1849/9
f 1867/1869/9 1848/1851/9 1847/1850/9
f 1868/1870/9 1849/1852/9 1848/1851/9
f 1869/1871/9 1850/1853/9 1849/1852/9
f 1870/1872/9 1851/1854/9 1850/1853/9
f 1871/1873/9 1852/1474/9 1851/1854/9
f 32/60/9 1853/1855/9 153/5/9
f 193/59/9 1854/1856/9 1853/1855/9
f 194/62/9 1855/1857/9 1854/1856/9
f 195/64/9 1856/1858/9 1855/1857/9
f 196/66/9 1857/1859/9 1856/1858/9
f 197/68/9 1858/1860/9 1857/1859/9
f 198/70/9 1859/1861/9 1858/1860/9
f 199/72/9 1860/1862/9 1859/1861/9
f 200/74/9 1861/1863/9 1860/1862/9
f 201/76/9 1862/1864/9 1861/1863/9
f 202/78/9 1863/1865/9 1862/1864/9
f 203/79/9 1864/1866/9 1863/1865/9
f 204/81/9 1865/1867/9 1864/1866/9
f 205/83/9 1866/1868/9 1865/1867/9
f 206/85/9 1867/1869/9 1866/1868/9
f 207/87/9 1868/1870/9 1867/1869/9
f 208/89/9 1869/1871/9 1868/1870/9
f 209/91/9 1870/1872/9 1869/1871/9
f 210/93/9 1871/1873/9 1870/1872/9
f 211/95/9 1872/9/9 1871/1873/9
f 1892/1874/8 31/958/8 113/1875/8
f 1912/1876/8 172/1475/8 1892/1874/8
f 1932/1877/8 171/1494/8 1912/1876/8
f 1952/1878/8 170/1515/8 1932/1877/8
f 1972/1879/8 169/1535/8 1952/1878/8
f 1992/1880/8 168/1555/8 1972/1879/8
f 2012/1881/8 167/1575/8 1992/1880/8
f 2032/1882/8 166/1595/8 2012/1881/8
f 2052/1883/8 165/1615/8 2032/1882/8
f 2072/1884/8 164/1635/8 2052/1883/8
f 2092/1885/8 163/1655/8 2072/1884/8
f 2112/1886/8 162/1675/8 2092/1885/8
f 2132/1887/8 161/1695/8 2112/1886/8
f 2152/1888/8 160/1715/8 2132/1887/8
f 2172/1889/8 159/1735/8 2152/1888/8
f 2192/1890/8 158/1755/8 2172/1889/8
f 2212/1891/8 157/1775/8 2192/1890/8
f 2232/1892/8 156/1795/8 2212/1891/8
f 2252/1893/8 155/1815/8 2232/1892/8
f 2272/6/8 154/1835/8 2252/1893/8
f 112/1894/8 132/1895/8 27/1896/8
f 132/1895/8 1874/1897/8 131/1898/8
f 131/1898/8 1875/1899/8 130/1900/8
f 130/1900/8 1876/1901/8 129/1902/8
f 129/1902/8 1877/1903/8 128/1904/8
f 128/1904/8 1878/1905/8 127/1906/8
f 127/1906/8 1879/1907/8 126/1908/8
f 126/1908/8 1880/1909/8 125/1910/8
f 125/1910/8 1881/1911/8 124/1912/8
f 124/1912/8 1882/1913/8 123/1914/8
f 123/1914/8 1883/1915/8 122/1916/8
f 122/1916/8 1884/1917/8 121/1918/8
f 121/1918/8 1885/1919/8 120/1920/8
f 120/1920/8 1886/1921/8 119/1922/8
f 119/1922/8 1887/1923/8 118/1924/8
f 118/1924/8 1888/1925/8 117/1926/8
f 117/1926/8 1889/1927/8 116/1928/8
f 116/1928/8 1890/1929/8 115/1930/8
f 115/1930/8 1891/1931/8 114/1932/8
f 114/1932/8 1892/1874/8 113/1875/8
f 111/1933/8 1873/1934/8 112/1894/8
f 1893/1935/8 1874/1897/8 1873/1934/8
f 1894/1936/8 1875/1899/8 1874/1897/8
f 1895/1937/8 1876/1901/8 1875/1899/8
f 1896/1938/8 1877/1903/8 1876/1901/8
f 1897/1939/8 1878/1905/8 1877/1903/8
f 1898/1940/8 1879/1907/8 1878/1905/8
f 1899/1941/8 1880/1909/8 1879/1907/8
f 1900/1942/8 1881/1911/8 1880/1909/8
f 1901/1943/8 1882/1913/8 1881/1911/8
f 1902/1944/8 1883/1915/8 1882/1913/8
f 1903/1945/8 1884/1917/8 1883/1915/8
f 1904/1946/8 1885/1919/8 1884/1917/8
f 1905/1947/8 1886/1921/8 1885/1919/8
f 1906/1948/8 1887/1923/8 1886/1921/8
f 1907/1949/8 1888/1925/8 1887/1923/8
f 1908/1950/8 1889/1927/8 1888/1925/8
f 1909/1951/8 1890/1929/8 1889/1927/8
f 1910/1952/8 1891/1931/8 1890/1929/8
f 1911/1953/8 1892/1874/8 1891/1931/8
f 110/1954/8 1893/1935/8 111/1933/8
f 1913/1955/8 1894/1936/8 1893/1935/8
f 1914/1956/8 1895/1937/8 1894/1936/8
f 1915/1957/8 1896/1938/8 1895/1937/8
f 1916/1958/8 1897/1939/8 1896/1938/8
f 1917/1959/8 1898/1940/8 1897/1939/8
f 1918/1960/8 1899/1941/8 1898/1940/8
f 1919/1961/8 1900/1942/8 1899/1941/8
f 1920/1962/8 1901/1943/8 1900/1942/8
f 1921/1963/8 1902/1944/8 1901/1943/8
f 1922/1964/8 1903/1945/8 1902/1944/8
f 1923/1965/8 1904/1946/8 1903/1945/8
f 1924/1966/8 1905/1947/8 1904/1946/8
f 1925/1967/8 1906/1948/8 1905/1947/8
f 1926/1968/8 1907/1949/8 1906/1948/8
f 1927/1969/8 1908/1950/8 1907/1949/8
f 1928/1970/8 1909/1951/8 1908/1950/8
f 1929/1971/8 1910/1952/8 1909/1951/8
f 1930/1972/8 1911/1953/8 1910/1952/8
f 1931/1973/8 1912/1876/8 1911/1953/8
f 109/1974/8 1913/1955/8 110/1954/8
f 1933/1975/8 1914/1956/8 1913/1955/8
f 1934/1976/8 1915/1957/8 1914/1956/8
f 1935/1977/8 1916/1958/8 1915/1957/8
f 1936/1978/8 1917/1959/8 1916/1958/8
f 1937/1979/8 1918/1960/8 1917/1959/8
f 1938/1980/8 1919/1961/8 1918/1960/8
f 1939/1981/8 1920/1962/8 1919/1961/8
f 1940/1982/8 1921/1963/8 1920/1962/8
f 1941/1983/8 1922/1964/8 1921/1963/8
f 1942/1984/8 1923/1965/8 1922/1964/8
f 1943/1985/8 1924/1966/8 1923/1965/8
f 1944/1986/8 1925/1967/8 1924/1966/8
f 1945/1987/8 1926/1968/8 1925/1967/8
f 1946/1988/8 1927/1969/8 1926/1968/8
f 1947/1989/8 1928/1970/8 1927/1969/8
f 1948/1990/8 1929/1971/8 1928/1970/8
f 1949/1991/8 1930/1972/8 1929/1971/8
f 1950/1992/8 1931/1973/8 1930/1972/8
f 1951/1993/8 1932/1877/8 1931/1973/8
f 108/1994/8 1933/1975/8 109/1974/8
f 1953/1995/8 1934/1976/8 1933/1975/8
f 1954/1996/8 1935/1977/8 1934/1976/8
f 1955/1997/8 1936/1978/8 1935/1977/8
f 1956/1998/8 1937/1979/8 1936/1978/8
f 1957/1999/8 1938/1980/8 1937/1979/8
f 1958/2000/8 1939/1981/8 1938/1980/8
f 1959/2001/8 1940/1982/8 1939/1981/8
f 1960/2002/8 1941/1983/8 1940/1982/8
f 1961/2003/8 1942/1984/8 1941/1983/8
f 1962/2004/8 1943/1985/8 1942/1984/8
f 1963/2005/8 1944/1986/8 1943/1985/8
f 1964/2006/8 1945/1987/8 1944/1986/8
f 1965/2007/8 1946/1988/8 1945/1987/8
f 1966/2008/8 1947/1989/8 1946/1988/8
f 1967/2009/8 1948/1990/8 1947/1989/8
f 1968/2010/8 1949/1991/8 1948/1990/8
f 1969/2011/8 1950/1992/8 1949/1991/8
f 1970/2012/8 1951/1993/8 1950/1992/8
f 1971/2013/8 1952/1878/8 1951/1993/8
f 107/2014/8 1953/1995/8 108/1994/8
f 1973/2015/8 1954/1996/8 1953/1995/8
f 1974/2016/8 1955/1997/8 1954/1996/8
f 1975/2017/8 1956/1998/8 1955/1997/8
f 1976/2018/8 1957/1999/8 1956/1998/8
f 1977/2019/8 1958/2000/8 1957/1999/8
f 1978/2020/8 1959/2001/8 1958/2000/8
f 1979/2021/8 1960/2002/8 1959/2001/8
f 1980/2022/8 1961/2003/8 1960/2002/8
f 1981/2023/8 1962/2004/8 1961/2003/8
f 1982/2024/8 1963/2005/8 1962/2004/8
f 1983/2025/8 1964/2006/8 1963/2005/8
f 1984/2026/8 1965/2007/8 1964/2006/8
f 1985/2027/8 1966/2008/8 1965/2007/8
f 1986/2028/8 1967/2009/8 1966/2008/8
f 1987/2029/8 1968/2010/8 1967/2009/8
f 1988/2030/8 1969/2011/8 1968/2010/8
f 1989/2031/8 1970/2012/8 1969/2011/8
f 1990/2032/8 1971/2013/8 1970/2012/8
f 1991/2033/8 1972/1879/8 1971/2013/8
f 106/2034/8 1973/2015/8 107/2014/8
f 1993/2035/8 1974/2016/8 1973/2015/8
f 1994/2036/8 1975/2017/8 1974/2016/8
f 1995/2037/8 1976/2018/8 1975/2017/8
f 1996/2038/8 1977/2019/8 1976/2018/8
f 1997/2039/8 1978/2020/8 1977/2019/8
f 1998/2040/8 1979/2021/8 1978/2020/8
f 1999/2041/8 1980/2022/8 1979/2021/8
f 2000/2042/8 1981/2023/8 1980/2022/8
f 2001/2043/8 1982/2024/8 1981/2023/8
f 2002/2044/8 1983/2025/8 1982/2024/8
f 2003/2045/8 1984/2026/8 1983/2025/8
f 2004/2046/8 1985/2027/8 1984/2026/8
f 2005/2047/8 1986/2028/8 1985/2027/8
f 2006/2048/8 1987/2029/8 1986/2028/8
f 2007/2049/8 1988/2030/8 1987/2029/8
f 2008/2050/8 1989/2031/8 1988/2030/8
f 2009/2051/8 1990/2032/8 1989/2031/8
f 2010/2052/8 1991/2033/8 1990/2032/8
f 2011/2053/8 1992/1880/8 1991/2033/8
f 105/2054/8 1993/2035/8 106/2034/8
f 2013/2055/8 1994/2036/8 1993/2035/8
f 2014/2056/8 1995/2037/8 1994/2036/8
f 2015/2057/8 1996/2038/8 1995/2037/8
f 2016/2058/8 1997/2039/8 1996/2038/8
f 2017/2059/8 1998/2040/8 1997/2039/8
f 2018/2060/8 1999/2041/8 1998/2040/8
f 2019/2061/8 2000/2042/8 1999/2041/8
f 2020/2062/8 2001/2043/8 2000/2042/8
f 2021/2063/8 2002/2044/8 2001/2043/8
f 2022/2064/8 2003/2045/8 2002/2044/8
f 2023/2065/8 2004/2046/8 2003/2045/8
f 2024/2066/8 2005/2047/8 2004/2046/8
f 2025/2067/8 2006/2048/8 2005/2047/8
f 2026/2068/8 2007/2049/8 2006/2048/8
f 2027/2069/8 2008/2050/8 2007/2049/8
f 2028/2070/8 2009/2051/8 2008/2050/8
f 2029/2071/8 2010/2052/8 2009/2051/8
f 2030/2072/8 2011/2053/8 2010/2052/8
f 2031/2073/8 2012/1881/8 2011/2053/8
f 104/2074/8 2013/2055/8 105/2054/8
f 2033/2075/8 2014/2056/8 2013/2055/8
f 2034/2076/8 2015/2057/8 2014/2056/8
f 2035/2077/8 2016/2058/8 2015/2057/8
f 2036/2078/8 2017/2059/8 2016/2058/8
f 2037/2079/8 2018/2060/8 2017/2059/8
f 2038/2080/8 2019/2061/8 2018/2060/8
f 2039/2081/8 2020/2062/8 2019/2061/8
f 2040/2082/8 2021/2063/8 2020/2062/8
f 2041/2083/8 2022/2064/8 2021/2063/8
f 2042/2084/8 2023/2065/8 2022/2064/8
f 2043/2085/8 2024/2066/8 2023/2065/8
f 2044/2086/8 2025/2067/8 2024/2066/8
f 2045/2087/8 2026/2068/8 2025/2067/8
f 2046/2088/8 2027/2069/8 2026/2068/8
f 2047/2089/8 2028/2070/8 2027/2069/8
f 2048/2090/8 2029/2071/8 2028/2070/8
f 2049/2091/8 2030/2072/8 2029/2071/8
f 2050/2092/8 2031/2073/8 2030/2072/8
f 2051/2093/8 2032/1882/8 2031/2073/8
f 103/2094/8 2033/2075/8 104/2074/8
f 2053/2095/8 2034/2076/8 2033/2075/8
f 2054/2096/8 2035/2077/8 2034/2076/8
f 2055/2097/8 2036/2078/8 2035/2077/8
f 2056/2098/8 2037/2079/8 2036/2078/8
f 2057/2099/8 2038/2080/8 2037/2079/8
f 2058/2100/8 2039/2081/8 2038/2080/8
f 2059/2101/8 2040/2082/8 2039/2081/8
f 2060/2102/8 2041/2083/8 2040/2082/8
f 2061/2103/8 2042/2084/8 2041/2083/8
f 2062/2104/8 2043/2085/8 2042/2084/8
f 2063/2105/8 2044/2086/8 2043/2085/8
f 2064/2106/8 2045/2087/8 2044/2086/8
f 2065/2107/8 2046/2088/8 2045/2087/8
f 2066/2108/8 2047/2089/8 2046/2088/8
f 2067/2109/8 2048/2090/8 2047/2089/8
f 2068/2110/8 2049/2091/8 2048/2090/8
f 2069/2111/8 2050/2092/8 2049/2091/8
f 2070/2112/8 2051/2093/8 2050/2092/8
f 2071/2113/8 2052/1883/8 2051/2093/8
f 102/2114/8 2053/2095/8 103/2094/8
f 2073/2115/8 2054/2096/8 2053/2095/8
f 2074/2116/8 2055/2097/8 2054/2096/8
f 2075/2117/8 2056/2098/8 2055/2097/8
f 2076/2118/8 2057/2099/8 2056/2098/8
f 2077/2119/8 2058/2100/8 2057/2099/8
f 2078/2120/8 2059/2101/8 2058/2100/8
f 2079/2121/8 2060/2102/8 2059/2101/8
f 2080/2122/8 2061/2103/8 2060/2102/8
f 2081/2123/8 2062/2104/8 2061/2103/8
f 2082/2124/8 2063/2105/8 2062/2104/8
f 2083/2125/8 2064/2106/8 2063/2105/8
f 2084/2126/8 2065/2107/8 2064/2106/8
f 2085/2127/8 2066/2108/8 2065/2107/8
f 2086/2128/8 2067/2109/8 2066/2108/8
f 2087/2129/8 2068/2110/8 2067/2109/8
f 2088/2130/8 2069/2111/8 2068/2110/8
f 2089/2131/8 2070/2112/8 2069/2111/8
f 2090/2132/8 2071/2113/8 2070/2112/8
f 2091/2133/8 2072/1884/8 2071/2113/8
f 101/2134/8 2073/2115/8 102/2114/8
f 2093/2135/8 2074/2116/8 2073/2115/8
f 2094/2136/8 2075/2117/8 2074/2116/8
f 2095/2137/8 2076/2118/8 2075/2117/8
f 2096/2138/8 2077/2119/8 2076/2118/8
f 2097/2139/8 2078/2120/8 2077/2119/8
f 2098/2140/8 2079/2121/8 2078/2120/8
f 2099/2141/8 2080/2122/8 2079/2121/8
f 2100/2142/8 2081/2123/8 2080/2122/8
f 2101/2143/8 2082/2124/8 2081/2123/8
f 2102/2144/8 2083/2125/8 2082/2124/8
f 2103/2145/8 2084/2126/8 2083/2125/8
f 2104/2146/8 2085/2127/8 2084/2126/8
f 2105/2147/8 2086/2128/8 2085/2127/8
f 2106/2148/8 2087/2129/8 2086/2128/8
f 2107/2149/8 2088/2130/8 2087/2129/8
f 2108/2150/8 2089/2131/8 2088/2130/8
f 2109/2151/8 2090/2132/8 2089/2131/8
f 2110/2152/8 2091/2133/8 2090/2132/8
f 2111/2153/8 2092/1885/8 2091/2133/8
f 100/2154/8 2093/2135/8 101/2134/8
f 2113/2155/8 2094/2136/8 2093/2135/8
f 2114/2156/8 2095/2137/8 2094/2136/8
f 2115/2157/8 2096/2138/8 2095/2137/8
f 2116/2158/8 2097/2139/8 2096/2138/8
f 2117/2159/8 2098/2140/8 2097/2139/8
f 2118/2160/8 2099/2141/8 2098/2140/8
f 2119/2161/8 2100/2142/8 2099/2141/8
f 2120/2162/8 2101/2143/8 2100/2142/8
f 2121/2163/8 2102/2144/8 2101/2143/8
f 2122/2164/8 2103/2145/8 2102/2144/8
f 2123/2165/8 2104/2146/8 2103/2145/8
f 2124/2166/8 2105/2147/8 2104/2146/8
f 2125/2167/8 2106/2148/8 2105/2147/8
f 2126/2168/8 2107/2149/8 2106/2148/8
f 2127/2169/8 2108/2150/8 2107/2149/8
f 2128/2170/8 2109/2151/8 2108/2150/8
f 2129/2171/8 2110/2152/8 2109/2151/8
f 2130/2172/8 2111/2153/8 2110/2152/8
f 2131/2173/8 2112/1886/8 2111/2153/8
f 99/2174/8 2113/2155/8 100/2154/8
f 2133/2175/8 2114/2156/8 2113/2155/8
f 2134/2176/8 2115/2157/8 2114/2156/8
f 2135/2177/8 2116/2158/8 2115/2157/8
f 2136/2178/8 2117/2159/8 2116/2158/8
f 2137/2179/8 2118/2160/8 2117/2159/8
f 2138/2180/8 2119/2161/8 2118/2160/8
f 2139/2181/8 2120/2162/8 2119/2161/8
f 2140/2182/8 2121/2163/8 2120/2162/8
f 2141/2183/8 2122/2164/8 2121/2163/8
f 2142/2184/8 2123/2165/8 2122/2164/8
f 2143/2185/8 2124/2166/8 2123/2165/8
f 2144/2186/8 2125/2167/8 2124/2166/8
f 2145/2187/8 2126/2168/8 2125/2167/8
f 2146/2188/8 2127/2169/8 2126/2168/8
f 2147/2189/8 2128/2170/8 2127/2169/8
f 2148/2190/8 2129/2171/8 2128/2170/8
f 2149/2191/8 2130/2172/8 2129/2171/8
f 2150/2192/8 2131/2173/8 2130/2172/8
f 2151/2193/8 2132/1887/8 2131/2173/8
f 98/2194/8 2133/2175/8 99/2174/8
f 2153/2195/8 2134/2176/8 2133/2175/8
f 2154/2196/8 2135/2177/8 2134/2176/8
f 2155/2197/8 2136/2178/8 2135/2177/8
f 2156/2198/8 2137/2179/8 2136/2178/8
f 2157/2199/8 2138/2180/8 2137/2179/8
f 2158/2200/8 2139/2181/8 2138/2180/8
f 2159/2201/8 2140/2182/8 2139/2181/8
f 2160/2202/8 2141/2183/8 2140/2182/8
f 2161/2203/8 2142/2184/8 2141/2183/8
f 2162/2204/8 2143/2185/8 2142/2184/8
f 2163/2205/8 2144/2186/8 2143/2185/8
f 2164/2206/8 2145/2187/8 2144/2186/8
f 2165/2207/8 2146/2188/8 2145/2187/8
f 2166/2208/8 2147/2189/8 2146/2188/8
f 2167/2209/8 2148/2190/8 2147/2189/8
f 2168/2210/8 2149/2191/8 2148/2190/8
f 2169/2211/8 2150/2192/8 2149/2191/8
f 2170/2212/8 2151/2193/8 2150/2192/8
f 2171/2213/8 2152/1888/8 2151/2193/8
f 97/2214/8 2153/2195/8 98/2194/8
f 2173/2215/8 2154/2196/8 2153/2195/8
f 2174/2216/8 2155/2197/8 2154/2196/8
f 2175/2217/8 2156/2198/8 2155/2197/8
f 2176/2218/8 2157/2199/8 2156/2198/8
f 2177/2219/8 2158/2200/8 2157/2199/8
f 2178/2220/8 2159/2201/8 2158/2200/8
f 2179/2221/8 2160/2202/8 2159/2201/8
f 2180/2222/8 2161/2203/8 2160/2202/8
f 2181/2223/8 2162/2204/8 2161/2203/8
f 2182/2224/8 2163/2205/8 2162/2204/8
f 2183/2225/8 2164/2206/8 2163/2205/8
f 2184/2226/8 2165/2207/8 2164/2206/8
f 2185/2227/8 2166/2208/8 2165/2207/8
f 2186/2228/8 2167/2209/8 2166/2208/8
f 2187/2229/8 2168/2210/8 2167/2209/8
f 2188/2230/8 2169/2211/8 2168/2210/8
f 2189/2231/8 2170/2212/8 2169/2211/8
f 2190/2232/8 2171/2213/8 2170/2212/8
f 2191/2233/8 2172/1889/8 2171/2213/8
f 96/2234/8 2173/2215/8 97/2214/8
f 2193/2235/8 2174/2216/8 2173/2215/8
f 2194/2236/8 2175/2217/8 2174/2216/8
f 2195/2237/8 2176/2218/8 2175/2217/8
f 2196/2238/8 2177/2219/8 2176/2218/8
f 2197/2239/8 2178/2220/8 2177/2219/8
f 2198/2240/8 2179/2221/8 2178/2220/8
f 2199/2241/8 2180/2222/8 2179/2221/8
f 2200/2242/8 2181/2223/8 2180/2222/8
f 2201/2243/8 2182/2224/8 2181/2223/8
f 2202/2244/8 2183/2225/8 2182/2224/8
f 2203/2245/8 2184/2226/8 2183/2225/8
f 2204/2246/8 2185/2227/8 2184/2226/8
f 2205/2247/8 2186/2228/8 2185/2227/8
f 2206/2248/8 2187/2229/8 2186/2228/8
f 2207/2249/8 2188/2230/8 2187/2229/8
f 2208/2250/8 2189/2231/8 2188/2230/8
f 2209/2251/8 2190/2232/8 2189/2231/8
f 2210/2252/8 2191/2233/8 2190/2232/8
f 2211/2253/8 2192/1890/8 2191/2233/8
f 95/2254/8 2193/2235/8 96/2234/8
f 2213/2255/8 2194/2236/8 2193/2235/8
f 2214/2256/8 2195/2237/8 2194/2236/8
f 2215/2257/8 2196/2238/8 2195/2237/8
f 2216/2258/8 2197/2239/8 2196/2238/8
f 2217/2259/8 2198/2240/8 2197/2239/8
f 2218/2260/8 2199/2241/8 2198/2240/8
f 2219/2261/8 2200/2242/8 2199/2241/8
f 2220/2262/8 2201/2243/8 2200/2242/8
f 2221/2263/8 2202/2244/8 2201/2243/8
f 2222/2264/8 2203/2245/8 2202/2244/8
f 2223/2265/8 2204/2246/8 2203/2245/8
f 2224/2266/8 2205/2247/8 2204/2246/8
f 2225/2267/8 2206/2248/8 2205/2247/8
f 2226/2268/8 2207/2249/8 2206/2248/8
f 2227/2269/8 2208/2250/8 2207/2249/8
f 2228/2270/8 2209/2251/8 2208/2250/8
f 2229/2271/8 2210/2252/8 2209/2251/8
f 2230/2272/8 2211/2253/8 2210/2252/8
f 2231/2273/8 2212/1891/8 2211/2253/8
f 94/2274/8 2213/2255/8 95/2254/8
f 2233/2275/8 2214/2256/8 2213/2255/8
f 2234/2276/8 2215/2257/8 2214/2256/8
f 2235/2277/8 2216/2258/8 2215/2257/8
f 2236/2278/8 2217/2259/8 2216/2258/8
f 2237/2279/8 2218/2260/8 2217/2259/8
f 2238/2280/8 2219/2261/8 2218/2260/8
f 2239/2281/8 2220/2262/8 2219/2261/8
f 2240/2282/8 2221/2263/8 2220/2262/8
f 2241/2283/8 2222/2264/8 2221/2263/8
f 2242/2284/8 2223/2265/8 2222/2264/8
f 2243/2285/8 2224/2266/8 2223/2265/8
f 2244/2286/8 2225/2267/8 2224/2266/8
f 2245/2287/8 2226/2268/8 2225/2267/8
f 2246/2288/8 2227/2269/8 2226/2268/8
f 2247/2289/8 2228/2270/8 2227/2269/8
f 2248/2290/8 2229/2271/8 2228/2270/8
f 2249/2291/8 2230/2272/8 2229/2271/8
f 2250/2292/8 2231/2273/8 2230/2272/8
f 2251/2293/8 2232/1892/8 2231/2273/8
f 93/2/8 2233/2275/8 94/2274/8
f 2253/2294/8 2234/2276/8 2233/2275/8
f 2254/2295/8 2235/2277/8 2234/2276/8
f 2255/2296/8 2236/2278/8 2235/2277/8
f 2256/2297/8 2237/2279/8 2236/2278/8
f 2257/2298/8 2238/2280/8 2237/2279/8
f 2258/2299/8 2239/2281/8 2238/2280/8
f 2259/2300/8 2240/2282/8 2239/2281/8
f 2260/2301/8 2241/2283/8 2240/2282/8
f 2261/2302/8 2242/2284/8 2241/2283/8
f 2262/2303/8 2243/2285/8 2242/2284/8
f 2263/2304/8 2244/2286/8 2243/2285/8
f 2264/2305/8 2245/2287/8 2244/2286/8
f 2265/2306/8 2246/2288/8 2245/2287/8
f 2266/2307/8 2247/2289/8 2246/2288/8
f 2267/2308/8 2248/2290/8 2247/2289/8
f 2268/2309/8 2249/2291/8 2248/2290/8
f 2269/2310/8 2250/2292/8 2249/2291/8
f 2270/2311/8 2251/2293/8 2250/2292/8
f 2271/2312/8 2252/1893/8 2251/2293/8
f 28/2313/8 2253/2294/8 93/2/8
f 133/2314/8 2254/2295/8 2253/2294/8
f 134/2315/8 2255/2296/8 2254/2295/8
f 135/2316/8 2256/2297/8 2255/2296/8
f 136/2317/8 2257/2298/8 2256/2297/8
f 137/2318/8 2258/2299/8 2257/2298/8
f 138/2319/8 2259/2300/8 2258/2299/8
f 139/2320/8 2260/2301/8 2259/2300/8
f 140/2321/8 2261/2302/8 2260/2301/8
f 141/2322/8 2262/2303/8 2261/2302/8
f 142/2323/8 2263/2304/8 2262/2303/8
f 143/2324/8 2264/2305/8 2263/2304/8
f 144/2325/8 2265/2306/8 2264/2305/8
f 145/2326/8 2266/2307/8 2265/2306/8
f 146/2327/8 2267/2308/8 2266/2307/8
f 147/2328/8 2268/2309/8 2267/2308/8
f 148/2329/8 2269/2310/8 2268/2309/8
f 149/2330/8 2270/2311/8 2269/2310/8
f 150/2331/8 2271/2312/8 2270/2311/8
f 151/2332/8 2272/6/8 2271/2312/8
f 2292/2333/7 27/1896/7 33/2334/7
f 2312/2335/7 112/1894/7 2292/2333/7
f 2332/2336/7 111/1933/7 2312/2335/7
f 2352/2337/7 110/1954/7 2332/2336/7
f 2372/2338/7 109/1974/7 2352/2337/7
f 2392/2339/7 108/1994/7 2372/2338/7
f 2412/2340/7 107/2014/7 2392/2339/7
f 2432/2341/7 106/2034/7 2412/2340/7
f 2452/2342/7 105/2054/7 2432/2341/7
f 2472/2343/7 104/2074/7 2452/2342/7
f 2492/2344/7 103/2094/7 2472/2343/7
f 2512/2345/7 102/2114/7 2492/2344/7
f 2532/2346/7 101/2134/7 2512/2345/7
f 2552/2347/7 100/2154/7 2532/2346/7
f 2572/2348/7 99/2174/7 2552/2347/7
f 2592/2349/7 98/2194/7 2572/2348/7
f 2612/2350/7 97/2214/7 2592/2349/7
f 2632/2351/7 96/2234/7 2612/2350/7
f 2652/2352/7 95/2254/7 2632/2351/7
f 2672/3/7 94/2274/7 2652/2352/7
f 53/2353/7 52/2354/7 25/2355/7
f 52/2354/7 2274/2356/7 51/2357/7
f 51/2357/7 2275/2358/7 50/2359/7
f 50/2359/7 2276/2360/7 49/2361/7
f 49/2361/7 2277/2362/7 48/2363/7
f 48/2363/7 2278/2364/7 47/2365/7
f 47/2365/7 2279/2366/7 46/2367/7
f 46/2367/7 2280/2368/7 45/2369/7
f 45/2369/7 2281/2370/7 44/2371/7
f 44/2371/7 2282/2372/7 43/2373/7
f 43/2373/7 2283/2374/7 42/2375/7
f 42/2375/7 2284/2376/7 41/2377/7
f 41/2377/7 2285/2378/7 40/2379/7
f 40/2379/7 2286/2380/7 39/2381/7
f 39/2381/7 2287/2382/7 38/2383/7
f 38/2383/7 2288/2384/7 37/2385/7
f 37/2385/7 2289/2386/7 36/2387/7
f 36/2387/7 2290/2388/7 35/2389/7
f 35/2389/7 2291/2390/7 34/2391/7
f 34/2391/7 2292/2333/7 33/2334/7
f 54/2392/7 2273/2393/7 53/2353/7
f 2293/2394/7 2274/2356/7 2273/2393/7
f 2294/2395/7 2275/2358/7 2274/2356/7
f 2295/2396/7 2276/2360/7 2275/2358/7
f 2296/2397/7 2277/2362/7 2276/2360/7
f 2297/2398/7 2278/2364/7 2277/2362/7
f 2298/2399/7 2279/2366/7 2278/2364/7
f 2299/2400/7 2280/2368/7 2279/2366/7
f 2300/2401/7 2281/2370/7 2280/2368/7
f 2301/2402/7 2282/2372/7 2281/2370/7
f 2302/2403/7 2283/2374/7 2282/2372/7
f 2303/2404/7 2284/2376/7 2283/2374/7
f 2304/2405/7 2285/2378/7 2284/2376/7
f 2305/2406/7 2286/2380/7 2285/2378/7
f 2306/2407/7 2287/2382/7 2286/2380/7
f 2307/2408/7 2288/2384/7 2287/2382/7
f 2308/2409/7 2289/2386/7 2288/2384/7
f 2309/2410/7 2290/2388/7 2289/2386/7
f 2310/2411/7 2291/2390/7 2290/2388/7
f 2311/2412/7 2292/2333/7 2291/2390/7
f 55/2413/7 2293/2394/7 54/2392/7
f 2313/2414/7 2294/2395/7 2293/2394/7
f 2314/2415/7 2295/2396/7 2294/2395/7
f 2315/2416/7 2296/2397/7 2295/2396/7
f 2316/2417/7 2297/2398/7 2296/2397/7
f 2317/2418/7 2298/2399/7 2297/2398/7
f 2318/2419/7 2299/2400/7 2298/2399/7
f 2319/2420/7 2300/2401/7 2299/2400/7
f 2320/2421/7 2301/2402/7 2300/2401/7
f 2321/2422/7 2302/2403/7 2301/2402/7
f 2322/2423/7 2303/2404/7 2302/2403/7
f 2323/2424/7 2304/2405/7 2303/2404/7
f 2324/2425/7 2305/2406/7 2304/2405/7
f 2325/2426/7 2306/2407/7 2305/2406/7
f 2326/2427/7 2307/2408/7 2306/2407/7
f 2327/2428/7 2308/2409/7 2307/2408/7
f 2328/2429/7 2309/2410/7 2308/2409/7
f 2329/2430/7 2310/2411/7 2309/2410/7
f 2330/2431/7 2311/2412/7 2310/2411/7
f 2331/2432/7 2312/2335/7 2311/2412/7
f 56/2433/7 2313/2414/7 55/2413/7
f 2333/2434/7 2314/2415/7 2313/2414/7
f 2334/2435/7 2315/2416/7 2314/2415/7
f 2335/2436/7 2316/2417/7 2315/2416/7
f 2336/2437/7 2317/2418/7 2316/2417/7
f 2337/2438/7 2318/2419/7 2317/2418/7
f 2338/2439/7 2319/2420/7 2318/2419/7
f 2339/2440/7 2320/2421/7 2319/2420/7
f 2340/2441/7 2321/2422/7 2320/2421/7
f 2341/2442/7 2322/2423/7 2321/2422/7
f 2342/2443/7 2323/2424/7 2322/2423/7
f 2343/2444/7 2324/2425/7 2323/2424/7
f 2344/2445/7 2325/2426/7 2324/2425/7
f 2345/2446/7 2326/2427/7 2325/2426/7
f 2346/2447/7 2327/2428/7 2326/2427/7
f 2347/2448/7 2328/2429/7 2327/2428/7
f 2348/2449/7 2329/2430/7 2328/2429/7
f 2349/2450/7 2330/2431/7 2329/2430/7
f 2350/2451/7 2331/2432/7 2330/2431/7
f 2351/2452/7 2332/2336/7 2331/2432/7
f 57/2453/7 2333/2434/7 56/2433/7
f 2353/2454/7 2334/2435/7 2333/2434/7
f 2354/2455/7 2335/2436/7 2334/2435/7
f 2355/2456/7 2336/2437/7 2335/2436/7
f 2356/2457/7 2337/2438/7 2336/2437/7
f 2357/2458/7 2338/2439/7 2337/2438/7
f 2358/2459/7 2339/2440/7 2338/2439/7
f 2359/2460/7 2340/2441/7 2339/2440/7
f 2360/2461/7 2341/2442/7 2340/2441/7
f 2361/2462/7 2342/2443/7 2341/2442/7
f 2362/2463/7 2343/2444/7 2342/2443/7
f 2363/2464/7 2344/2445/7 2343/2444/7
f 2364/2465/7 2345/2446/7 2344/2445/7
f 2365/2466/7 2346/2447/7 2345/2446/7
f 2366/2467/7 2347/2448/7 2346/2447/7
f 2367/2468/7 2348/2449/7 2347/2448/7
f 2368/2469/7 2349/2450/7 2348/2449/7
f 2369/2470/7 2350/2451/7 2349/2450/7
f 2370/2471/7 2351/2452/7 2350/2451/7
f 2371/2472/7 2352/2337/7 2351/2452/7
f 58/2473/7 2353/2454/7 57/2453/7
f 2373/2474/7 2354/2455/7 2353/2454/7
f 2374/2475/7 2355/2456/7 2354/2455/7
f 2375/2476/7 2356/2457/7 2355/2456/7
f 2376/2477/7 2357/2458/7 2356/2457/7
f 2377/2478/7 2358/2459/7 2357/2458/7
f 2378/2479/7 2359/2460/7 2358/2459/7
f 2379/2480/7 2360/2461/7 2359/2460/7
f 2380/2481/7 2361/2462/7 2360/2461/7
f 2381/2482/7 2362/2463/7 2361/2462/7
f 2382/2483/7 2363/2464/7 2362/2463/7
f 2383/2484/7 2364/2465/7 2363/2464/7
f 2384/2485/7 2365/2466/7 2364/2465/7
f 2385/2486/7 2366/2467/7 2365/2466/7
f 2386/2487/7 2367/2468/7 2366/2467/7
f 2387/2488/7 2368/2469/7 2367/2468/7
f 2388/2489/7 2369/2470/7 2368/2469/7
f 2389/2490/7 2370/2471/7 2369/2470/7
f 2390/2491/7 2371/2472/7 2370/2471/7
f 2391/2492/7 2372/2338/7 2371/2472/7
f 59/2493/7 2373/2474/7 58/2473/7
f 2393/2494/7 2374/2475/7 2373/2474/7
f 2394/2495/7 2375/2476/7 2374/2475/7
f 2395/2496/7 2376/2477/7 2375/2476/7
f 2396/2497/7 2377/2478/7 2376/2477/7
f 2397/2498/7 2378/2479/7 2377/2478/7
f 2398/2499/7 2379/2480/7 2378/2479/7
f 2399/2500/7 2380/2481/7 2379/2480/7
f 2400/2501/7 2381/2482/7 2380/2481/7
f 2401/2502/7 2382/2483/7 2381/2482/7
f 2402/2503/7 2383/2484/7 2382/2483/7
f 2403/2504/7 2384/2485/7 2383/2484/7
f 2404/2505/7 2385/2486/7 2384/2485/7
f 2405/2506/7 2386/2487/7 2385/2486/7
f 2406/2507/7 2387/2488/7 2386/2487/7
f 2407/2508/7 2388/2489/7 2387/2488/7
f 2408/2509/7 2389/2490/7 2388/2489/7
f 2409/2510/7 2390/2491/7 2389/2490/7
f 2410/2511/7 2391/2492/7 2390/2491/7
f 2411/2512/7 2392/2339/7 2391/2492/7
f 60/2513/7 2393/2494/7 59/2493/7
f 2413/2514/7 2394/2495/7 2393/2494/7
f 2414/2515/7 2395/2496/7 2394/2495/7
f 2415/2516/7 2396/2497/7 2395/2496/7
f 2416/2517/7 2397/2498/7 2396/2497/7
f 2417/2518/7 2398/2499/7 2397/2498/7
f 2418/2519/7 2399/2500/7 2398/2499/7
f 2419/2520/7 2400/2501/7 2399/2500/7
f 2420/2521/7 2401/2502/7 2400/2501/7
f 2421/2522/7 2402/2503/7 2401/2502/7
f 2422/2523/7 2403/2504/7 2402/2503/7
f 2423/2524/7 2404/2505/7 2403/2504/7
f 2424/2525/7 2405/2506/7 2404/2505/7
f 2425/2526/7 2406/2507/7 2405/2506/7
f 2426/2527/7 2407/2508/7 2406/2507/7
f 2427/2528/7 2408/2509/7 2407/2508/7
f 2428/2529/7 2409/2510/7 2408/2509/7
f 2429/2530/7 2410/2511/7 2409/2510/7
f 2430/2531/7 2411/2512/7 2410/2511/7
f 2431/2532/7 2412/2340/7 2411/2512/7
f 61/2533/7 2413/2514/7 60/2513/7
f 2433/2534/7 2414/2515/7 2413/2514/7
f 2434/2535/7 2415/2516/7 2414/2515/7
f 2435/2536/7 2416/2517/7 2415/2516/7
f 2436/2537/7 2417/2518/7 2416/2517/7
f 2437/2538/7 2418/2519/7 2417/2518/7
f 2438/2539/7 2419/2520/7 2418/2519/7
f 2439/2540/7 2420/2521/7 2419/2520/7
f 2440/2541/7 2421/2522/7 2420/2521/7
f 2441/2542/7 2422/2523/7 2421/2522/7
f 2442/2543/7 2423/2524/7 2422/2523/7
f 2443/2544/7 2424/2525/7 2423/2524/7
f 2444/2545/7 2425/2526/7 2424/2525/7
f 2445/2546/7 2426/2527/7 2425/2526/7
f 2446/2547/7 2427/2528/7 2426/2527/7
f 2447/2548/7 2428/2529/7 2427/2528/7
f 2448/2549/7 2429/2530/7 2428/2529/7
f 2449/2550/7 2430/2531/7 2429/2530/7
f 2450/2551/7 2431/2532/7 2430/2531/7
f 2451/2552/7 2432/2341/7 2431/2532/7
f 62/2553/7 2433/2534/7 61/2533/7
f 2453/2554/7 2434/2535/7 2433/2534/7
f 2454/2555/7 2435/2536/7 2434/2535/7
f 2455/2556/7 2436/2537/7 2435/2536/7
f 2456/2557/7 2437/2538/7 2436/2537/7
f 2457/2558/7 2438/2539/7 2437/2538/7
f 2458/2559/7 2439/2540/7 2438/2539/7
f 2459/2560/7 2440/2541/7 2439/2540/7
f 2460/2561/7 2441/2542/7 2440/2541/7
f 2461/2562/7 2442/2543/7 2441/2542/7
f 2462/2563/7 2443/2544/7 2442/2543/7
f 2463/2564/7 2444/2545/7 2443/2544/7
f 2464/2565/7 2445/2546/7 2444/2545/7
f 2465/2566/7 2446/2547/7 2445/2546/7
f 2466/2567/7 2447/2548/7 2446/2547/7
f 2467/2568/7 2448/2549/7 2447/2548/7
f 2468/2569/7 2449/2550/7 2448/2549/7
f 2469/2570/7 2450/2551/7 2449/2550/7
f 2470/2571/7 2451/2552/7 2450/2551/7
f 2471/2572/7 2452/2342/7 2451/2552/7
f 63/2573/7 2453/2554/7 62/2553/7
f 2473/2574/7 2454/2555/7 2453/2554/7
f 2474/2575/7 2455/2556/7 2454/2555/7
f 2475/2576/7 2456/2557/7 2455/2556/7
f 2476/2577/7 2457/2558/7 2456/2557/7
f 2477/2578/7 2458/2559/7 2457/2558/7
f 2478/2579/7 2459/2560/7 2458/2559/7
f 2479/2580/7 2460/2561/7 2459/2560/7
f 2480/2581/7 2461/2562/7 2460/2561/7
f 2481/2582/7 2462/2563/7 2461/2562/7
f 2482/2583/7 2463/2564/7 2462/2563/7
f 2483/2584/7 2464/2565/7 2463/2564/7
f 2484/2585/7 2465/2566/7 2464/2565/7
f 2485/2586/7 2466/2567/7 2465/2566/7
f 2486/2587/7 2467/2568/7 2466/2567/7
f 2487/2588/7 2468/2569/7 2467/2568/7
f 2488/2589/7 2469/2570/7 2468/2569/7
f 2489/2590/7 2470/2571/7 2469/2570/7
f 2490/2591/7 2471/2572/7 2470/2571/7
f 2491/2592/7 2472/2343/7 2471/2572/7
f 64/2593/7 2473/2574/7 63/2573/7
f 2493/2594/7 2474/2575/7 2473/2574/7
f 2494/2595/7 2475/2576/7 2474/2575/7
f 2495/2596/7 2476/2577/7 2475/2576/7
f 2496/2597/7 2477/2578/7 2476/2577/7
f 2497/2598/7 2478/2579/7 2477/2578/7
f 2498/2599/7 2479/2580/7 2478/2579/7
f 2499/2600/7 2480/2581/7 2479/2580/7
f 2500/2601/7 2481/2582/7 2480/2581/7
f 2501/2602/7 2482/2583/7 2481/2582/7
f 2502/2603/7 2483/2584/7 2482/2583/7
f 2503/2604/7 2484/2585/7 2483/2584/7
f 2504/2605/7 2485/2586/7 2484/2585/7
f 2505/2606/7 2486/2587/7 2485/2586/7
f 2506/2607/7 2487/2588/7 2486/2587/7
f 2507/2608/7 2488/2589/7 2487/2588/7
f 2508/2609/7 2489/2590/7 2488/2589/7
f 2509/2610/7 2490/2591/7 2489/2590/7
f 2510/2611/7 2491/2592/7 2490/2591/7
f 2511/2612/7 2492/2344/7 2491/2592/7
f 65/2613/7 2493/2594/7 64/2593/7
f 2513/2614/7 2494/2595/7 2493/2594/7
f 2514/2615/7 2495/2596/7 2494/2595/7
f 2515/2616/7 2496/2597/7 2495/2596/7
f 2516/2617/7 2497/2598/7 2496/2597/7
f 2517/2618/7 2498/2599/7 2497/2598/7
f 2518/2619/7 2499/2600/7 2498/2599/7
f 2519/2620/7 2500/2601/7 2499/2600/7
f 2520/2621/7 2501/2602/7 2500/2601/7
f 2521/2622/7 2502/2603/7 2501/2602/7
f 2522/2623/7 2503/2604/7 2502/2603/7
f 2523/2624/7 2504/2605/7 2503/2604/7
f 2524/2625/7 2505/2606/7 2504/2605/7
f 2525/2626/7 2506/2607/7 2505/2606/7
f 2526/2627/7 2507/2608/7 2506/2607/7
f 2527/2628/7 2508/2609/7 2507/2608/7
f 2528/2629/7 2509/2610/7 2508/2609/7
f 2529/2630/7 2510/2611/7 2509/2610/7
f 2530/2631/7 2511/2612/7 2510/2611/7
f 2531/2632/7 2512/2345/7 2511/2612/7
f 66/2633/7 2513/2614/7 65/2613/7
f 2533/2634/7 2514/2615/7 2513/2614/7
f 2534/2635/7 2515/2616/7 2514/2615/7
f 2535/2636/7 2516/2617/7 2515/2616/7
f 2536/2637/7 2517/2618/7 2516/2617/7
f 2537/2638/7 2518/2619/7 2517/2618/7
f 2538/2639/7 2519/2620/7 2518/2619/7
f 2539/2640/7 2520/2621/7 2519/2620/7
f 2540/2641/7 2521/2622/7 2520/2621/7
f 2541/2642/7 2522/2623/7 2521/2622/7
f 2542/2643/7 2523/2624/7 2522/2623/7
f 2543/2644/7 2524/2625/7 2523/2624/7
f 2544/2645/7 2525/2626/7 2524/2625/7
f 2545/2646/7 2526/2627/7 2525/2626/7
f 2546/2647/7 2527/2628/7 2526/2627/7
f 2547/2648/7 2528/2629/7 2527/2628/7
f 2548/2649/7 2529/2630/7 2528/2629/7
f 2549/2650/7 2530/2631/7 2529/2630/7
f 2550/2651/7 2531/2632/7 2530/2631/7
f 2551/2652/7 2532/2346/7 2531/2632/7
f 67/2653/7 2533/2634/7 66/2633/7
f 2553/2654/7 2534/2635/7 2533/2634/7
f 2554/2655/7 2535/2636/7 2534/2635/7
f 2555/2656/7 2536/2637/7 2535/2636/7
f 2556/2657/7 2537/2638/7 2536/2637/7
f 2557/2658/7 2538/2639/7 2537/2638/7
f 2558/2659/7 2539/2640/7 2538/2639/7
f 2559/2660/7 2540/2641/7 2539/2640/7
f 2560/2661/7 2541/2642/7 2540/2641/7
f 2561/2662/7 2542/2643/7 2541/2642/7
f 2562/2663/7 2543/2644/7 2542/2643/7
f 2563/2664/7 2544/2645/7 2543/2644/7
f 2564/2665/7 2545/2646/7 2544/2645/7
f 2565/2666/7 2546/2647/7 2545/2646/7
f 2566/2667/7 2547/2648/7 2546/2647/7
f 2567/2668/7 2548/2649/7 2547/2648/7
f 2568/2669/7 2549/2650/7 2548/2649/7
f 2569/2670/7 2550/2651/7 2549/2650/7
f 2570/2671/7 2551/2652/7 2550/2651/7
f 2571/2672/7 2552/2347/7 2551/2652/7
f 68/2673/7 2553/2654/7 67/2653/7
f 2573/2674/7 2554/2655/7 2553/2654/7
f 2574/2675/7 2555/2656/7 2554/2655/7
f 2575/2676/7 2556/2657/7 2555/2656/7
f 2576/2677/7 2557/2658/7 2556/2657/7
f 2577/2678/7 2558/2659/7 2557/2658/7
f 2578/2679/7 2559/2660/7 2558/2659/7
f 2579/2680/7 2560/2661/7 2559/2660/7
f 2580/2681/7 2561/2662/7 2560/2661/7
f 2581/2682/7 2562/2663/7 2561/2662/7
f 2582/2683/7 2563/2664/7 2562/2663/7
f 2583/2684/7 2564/2665/7 2563/2664/7
f 2584/2685/7 2565/2666/7 2564/2665/7
f 2585/2686/7 2566/2667/7 2565/2666/7
f 2586/2687/7 2567/2668/7 2566/2667/7
f 2587/2688/7 2568/2669/7 2567/2668/7
f 2588/2689/7 2569/2670/7 2568/2669/7
f 2589/2690/7 2570/2671/7 2569/2670/7
f 2590/2691/7 2571/2672/7 2570/2671/7
f 2591/2692/7 2572/2348/7 2571/2672/7
f 69/2693/7 2573/2674/7 68/2673/7
f 2593/2694/7 2574/2675/7 2573/2674/7
f 2594/2695/7 2575/2676/7 2574/2675/7
f 2595/2696/7 2576/2677/7 2575/2676/7
f 2596/2697/7 2577/2678/7 2576/2677/7
f 2597/2698/7 2578/2679/7 2577/2678/7
f 2598/2699/7 2579/2680/7 2578/2679/7
f 2599/2700/7 2580/2681/7 2579/2680/7
f 2600/2701/7 2581/2682/7 2580/2681/7
f 2601/2702/7 2582/2683/7 2581/2682/7
f 2602/2703/7 2583/2684/7 2582/2683/7
f 2603/2704/7 2584/2685/7 2583/2684/7
f 2604/2705/7 2585/2686/7 2584/2685/7
f 2605/2706/7 2586/2687/7 2585/2686/7
f 2606/2707/7 2587/2688/7 2586/2687/7
f 2607/2708/7 2588/2689/7 2587/2688/7
f 2608/2709/7 2589/2690/7 2588/2689/7
f 2609/2710/7 2590/2691/7 2589/2690/7
f 2610/2711/7 2591/2692/7 2590/2691/7
f 2611/2712/7 2592/2349/7 2591/2692/7
f 70/2713/7 2593/2694/7 69/2693/7
f 2613/2714/7 2594/2695/7 2593/2694/7
f 2614/2715/7 2595/2696/7 2594/2695/7
f 2615/2716/7 2596/2697/7 2595/2696/7
f 2616/2717/7 2597/2698/7 2596/2697/7
f 2617/2718/7 2598/2699/7 2597/2698/7
f 2618/2719/7 2599/2700/7 2598/2699/7
f 2619/2720/7 2600/2701/7 2599/2700/7
f 2620/2721/7 2601/2702/7 2600/2701/7
f 2621/2722/7 2602/2703/7 2601/2702/7
f 2622/2723/7 2603/2704/7 2602/2703/7
f 2623/2724/7 2604/2705/7 2603/2704/7
f 2624/2725/7 2605/2706/7 2604/2705/7
f 2625/2726/7 2606/2707/7 2605/2706/7
f 2626/2727/7 2607/2708/7 2606/2707/7
f 2627/2728/7 2608/2709/7 2607/2708/7
f 2628/2729/7 2609/2710/7 2608/2709/7
f 2629/2730/7 2610/2711/7 2609/2710/7
f 2630/2731/7 2611/2712/7 2610/2711/7
f 2631/2732/7 2612/2350/7 2611/2712/7
f 71/2733/7 2613/2714/7 70/2713/7
f 2633/2734/7 2614/2715/7 2613/2714/7
f 2634/2735/7 2615/2716/7 2614/2715/7
f 2635/2736/7 2616/2717/7 2615/2716/7
f 2636/2737/7 2617/2718/7 2616/2717/7
f 2637/2738/7 2618/2719/7 2617/2718/7
f 2638/2739/7 2619/2720/7 2618/2719/7
f 2639/2740/7 2620/2721/7 2619/2720/7
f 2640/2741/7 2621/2722/7 2620/2721/7
f 2641/2742/7 2622/2723/7 2621/2722/7
f 2642/2743/7 2623/2724/7 2622/2723/7
f 2643/2744/7 2624/2725/7 2623/2724/7
f 2644/2745/7 2625/2726/7 2624/2725/7
f 2645/2746/7 2626/2727/7 2625/2726/7
f 2646/2747/7 2627/2728/7 2626/2727/7
f 2647/2748/7 2628/2729/7 2627/2728/7
f 2648/2749/7 2629/2730/7 2628/2729/7
f 2649/2750/7 2630/2731/7 2629/2730/7
f 2650/2751/7 2631/2732/7 2630/2731/7
f 2651/2752/7 2632/2351/7 2631/2732/7
f 72/2753/7 2633/2734/7 71/2733/7
f 2653/2754/7 2634/2735/7 2633/2734/7
f 2654/2755/7 2635/2736/7 2634/2735/7
f 2655/2756/7 2636/2737/7 2635/2736/7
f 2656/2757/7 2637/2738/7 2636/2737/7
f 2657/2758/7 2638/2739/7 2637/2738/7
f 2658/2759/7 2639/2740/7 2638/2739/7
f 2659/2760/7 2640/2741/7 2639/2740/7
f 2660/2761/7 2641/2742/7 2640/2741/7
f 2661/2762/7 2642/2743/7 2641/2742/7
f 2662/2763/7 2643/2744/7 2642/2743/7
f 2663/2764/7 2644/2745/7 2643/2744/7
f 2664/2765/7 2645/2746/7 2644/2745/7
f 2665/2766/7 2646/2747/7 2645/2746/7
f 2666/2767/7 2647/2748/7 2646/2747/7
f 2667/2768/7 2648/2749/7 2647/2748/7
f 2668/2769/7 2649/2750/7 2648/2749/7
f 2669/2770/7 2650/2751/7 2649/2750/7
f 2670/2771/7 2651/2752/7 2650/2751/7
f 2671/2772/7 2652/2352/7 2651/2752/7
f 26/2773/7 2653/2754/7 72/2753/7
f 73/2774/7 2654/2755/7 2653/2754/7
f 74/2775/7 2655/2756/7 2654/2755/7
f 75/2776/7 2656/2757/7 2655/2756/7
f 76/2777/7 2657/2758/7 2656/2757/7
f 77/2778/7 2658/2759/7 2657/2758/7
f 78/2779/7 2659/2760/7 2658/2759/7
f 79/2780/7 2660/2761/7 2659/2760/7
f 80/2781/7 2661/2762/7 2660/2761/7
f 81/2782/7 2662/2763/7 2661/2762/7
f 82/2783/7 2663/2764/7 2662/2763/7
f 83/2784/7 2664/2765/7 2663/2764/7
f 84/2785/7 2665/2766/7 2664/2765/7
f 85/2786/7 2666/2767/7 2665/2766/7
f 86/2787/7 2667/2768/7 2666/2767/7
f 87/2788/7 2668/2769/7 2667/2768/7
f 88/2789/7 2669/2770/7 2668/2769/7
f 89/2790/7 2670/2771/7 2669/2770/7
f 90/2791/7 2671/2772/7 2670/2771/7
f 91/2792/7 2672/3/7 2671/2772/7
f 92/1/7 28/2313/7 93/2/7
f 152/4/8 32/60/8 153/5/8
f 212/7/9 30/20/9 213/8/9
f 272/10/10 26/2793/10 72/11/10
f 173/13/11 29/1020/11 252/14/11
f 73/16/12 26/2794/12 272/17/12
f 292/19/12 253/22/12 30/20/12
f 312/21/12 254/24/12 253/22/12
f 312/21/12 332/25/12 255/23/12
f 332/25/12 352/27/12 256/26/12
f 352/27/12 372/29/12 257/28/12
f 372/29/12 392/31/12 258/30/12
f 392/31/12 412/33/12 259/32/12
f 412/33/12 432/35/12 260/34/12
f 432/35/12 452/38/12 261/36/12
f 472/37/12 262/40/12 261/36/12
f 492/39/12 263/42/12 262/40/12
f 512/41/12 264/44/12 263/42/12
f 532/43/12 265/46/12 264/44/12
f 552/45/12 266/48/12 265/46/12
f 572/47/12 267/50/12 266/48/12
f 592/49/12 268/52/12 267/50/12
f 592/49/12 612/53/12 269/51/12
f 612/53/12 632/55/12 270/54/12
f 632/55/12 652/57/12 271/56/12
f 652/57/12 672/18/12 272/17/12
f 152/58/12 273/61/12 193/59/12
f 273/61/12 274/63/12 194/62/12
f 274/63/12 275/65/12 195/64/12
f 275/65/12 276/100/12 196/66/12
f 196/66/12 276/100/12 277/67/12
f 197/68/12 277/67/12 278/69/12
f 198/70/12 278/69/12 279/71/12
f 199/72/12 279/71/12 280/73/12
f 200/74/12 280/73/12 281/75/12
f 201/76/12 281/75/12 282/77/12
f 282/77/12 283/80/12 203/79/12
f 283/80/12 284/82/12 204/81/12
f 284/82/12 285/84/12 205/83/12
f 285/84/12 286/86/12 206/85/12
f 286/86/12 287/88/12 207/87/12
f 287/88/12 288/90/12 208/89/12
f 288/90/12 289/92/12 209/91/12
f 289/92/12 290/94/12 210/93/12
f 290/94/12 291/116/12 211/95/12
f 211/95/12 291/116/12 292/19/12
f 151/96/12 293/97/12 273/61/12
f 293/97/12 294/98/12 274/63/12
f 294/98/12 295/99/12 275/65/12
f 295/99/12 296/101/12 276/100/12
f 296/101/12 297/102/12 277/67/12
f 297/102/12 298/103/12 278/69/12
f 298/103/12 299/104/12 279/71/12
f 299/104/12 300/105/12 280/73/12
f 300/105/12 301/106/12 281/75/12
f 301/106/12 302/107/12 282/77/12
f 302/107/12 303/108/12 283/80/12
f 303/108/12 304/109/12 284/82/12
f 304/109/12 305/110/12 285/84/12
f 305/110/12 306/111/12 286/86/12
f 306/111/12 307/112/12 287/88/12
f 307/112/12 308/113/12 288/90/12
f 308/113/12 309/114/12 289/92/12
f 309/114/12 310/134/12 290/94/12
f 290/94/12 310/134/12 311/115/12
f 291/116/12 311/115/12 312/21/12
f 150/117/12 313/118/12 293/97/12
f 313/118/12 314/119/12 294/98/12
f 314/119/12 315/120/12 295/99/12
f 315/120/12 316/121/12 296/101/12
f 316/121/12 317/122/12 297/102/12
f 317/122/12 318/142/12 298/103/12
f 298/103/12 318/142/12 319/123/12
f 299/104/12 319/123/12 320/124/12
f 300/105/12 320/124/12 321/125/12
f 301/106/12 321/125/12 322/126/12
f 302/107/12 322/126/12 323/127/12
f 323/127/12 324/128/12 304/109/12
f 324/128/12 325/129/12 305/110/12
f 325/129/12 326/130/12 306/111/12
f 326/130/12 327/131/12 307/112/12
f 327/131/12 328/132/12 308/113/12
f 328/132/12 329/133/12 309/114/12
f 329/133/12 330/154/12 310/134/12
f 310/134/12 330/154/12 331/135/12
f 311/115/12 331/135/12 332/25/12
f 149/136/12 333/137/12 313/118/12
f 333/137/12 334/138/12 314/119/12
f 334/138/12 335/139/12 315/120/12
f 335/139/12 336/140/12 316/121/12
f 336/140/12 337/161/12 317/122/12
f 317/122/12 337/161/12 338/141/12
f 318/142/12 338/141/12 339/143/12
f 319/123/12 339/143/12 340/144/12
f 320/124/12 340/144/12 341/145/12
f 321/125/12 341/145/12 342/146/12
f 322/126/12 342/146/12 343/147/12
f 343/147/12 344/148/12 324/128/12
f 344/148/12 345/149/12 325/129/12
f 345/149/12 346/150/12 326/130/12
f 346/150/12 347/151/12 327/131/12
f 347/151/12 348/171/12 328/132/12
f 328/132/12 348/171/12 349/152/12
f 329/133/12 349/152/12 350/153/12
f 330/154/12 350/153/12 351/155/12
f 331/135/12 351/155/12 352/27/12
f 148/156/12 353/157/12 333/137/12
f 353/157/12 354/158/12 334/138/12
f 354/158/12 355/159/12 335/139/12
f 355/159/12 356/160/12 336/140/12
f 356/160/12 357/162/12 337/161/12
f 357/162/12 358/181/12 338/141/12
f 338/141/12 358/181/12 359/163/12
f 339/143/12 359/163/12 360/164/12
f 340/144/12 360/164/12 361/165/12
f 361/165/12 362/185/12 342/146/12
f 342/146/12 362/185/12 363/166/12
f 343/147/12 363/166/12 364/167/12
f 364/167/12 365/168/12 345/149/12
f 365/168/12 366/169/12 346/150/12
f 366/169/12 367/170/12 347/151/12
f 367/170/12 368/192/12 348/171/12
f 348/171/12 368/192/12 369/172/12
f 349/152/12 369/172/12 370/173/12
f 350/153/12 370/173/12 371/174/12
f 351/155/12 371/174/12 372/29/12
f 147/175/12 373/176/12 353/157/12
f 373/176/12 374/177/12 354/158/12
f 374/177/12 375/178/12 355/159/12
f 375/178/12 376/179/12 356/160/12
f 376/179/12 377/180/12 357/162/12
f 377/180/12 378/202/12 358/181/12
f 358/181/12 378/202/12 379/182/12
f 359/163/12 379/182/12 380/183/12
f 360/164/12 380/183/12 381/184/12
f 381/184/12 382/186/12 362/185/12
f 382/186/12 383/187/12 363/166/12
f 383/187/12 384/188/12 364/167/12
f 384/188/12 385/189/12 365/168/12
f 385/189/12 386/190/12 366/169/12
f 386/190/12 387/191/12 367/170/12
f 387/191/12 388/212/12 368/192/12
f 368/192/12 388/212/12 389/193/12
f 369/172/12 389/193/12 390/194/12
f 370/173/12 390/194/12 391/195/12
f 371/174/12 391/195/12 392/31/12
f 146/196/12 393/197/12 373/176/12
f 393/197/12 394/198/12 374/177/12
f 394/198/12 395/199/12 375/178/12
f 395/199/12 396/200/12 376/179/12
f 396/200/12 397/201/12 377/180/12
f 397/201/12 398/222/12 378/202/12
f 378/202/12 398/222/12 399/203/12
f 379/182/12 399/203/12 400/204/12
f 400/204/12 401/205/12 381/184/12
f 401/205/12 402/206/12 382/186/12
f 402/206/12 403/207/12 383/187/12
f 403/207/12 404/208/12 384/188/12
f 404/208/12 405/209/12 385/189/12
f 405/209/12 406/210/12 386/190/12
f 406/210/12 407/211/12 387/191/12
f 407/211/12 408/231/12 388/212/12
f 388/212/12 408/231/12 409/213/12
f 389/193/12 409/213/12 410/214/12
f 390/194/12 410/214/12 411/215/12
f 391/195/12 411/215/12 412/33/12
f 145/216/12 413/217/12 393/197/12
f 413/217/12 414/218/12 394/198/12
f 414/218/12 415/219/12 395/199/12
f 415/219/12 416/220/12 396/200/12
f 416/220/12 417/221/12 397/201/12
f 417/221/12 418/241/12 398/222/12
f 398/222/12 418/241/12 419/223/12
f 399/203/12 419/223/12 420/224/12
f 400/204/12 420/224/12 421/225/12
f 421/225/12 422/245/12 402/206/12
f 402/206/12 422/245/12 423/226/12
f 423/226/12 424/227/12 404/208/12
f 424/227/12 425/228/12 405/209/12
f 425/228/12 426/229/12 406/210/12
f 426/229/12 427/230/12 407/211/12
f 427/230/12 428/251/12 408/231/12
f 408/231/12 428/251/12 429/232/12
f 409/213/12 429/232/12 430/233/12
f 410/214/12 430/233/12 431/234/12
f 411/215/12 431/234/12 432/35/12
f 144/235/12 433/236/12 413/217/12
f 433/236/12 434/237/12 414/218/12
f 434/237/12 435/238/12 415/219/12
f 435/238/12 436/239/12 416/220/12
f 436/239/12 437/240/12 417/221/12
f 437/240/12 438/261/12 418/241/12
f 418/241/12 438/261/12 439/242/12
f 419/223/12 439/242/12 440/243/12
f 420/224/12 440/243/12 441/244/12
f 441/244/12 442/265/12 422/245/12
f 422/245/12 442/265/12 443/246/12
f 443/246/12 444/247/12 424/227/12
f 444/247/12 445/248/12 425/228/12
f 445/248/12 446/249/12 426/229/12
f 446/249/12 447/271/12 427/230/12
f 427/230/12 447/271/12 448/250/12
f 448/250/12 449/252/12 429/232/12
f 449/252/12 450/253/12 430/233/12
f 450/253/12 451/254/12 431/234/12
f 451/254/12 452/38/12 432/35/12
f 143/255/12 453/256/12 433/236/12
f 453/256/12 454/257/12 434/237/12
f 454/257/12 455/258/12 435/238/12
f 455/258/12 456/259/12 436/239/12
f 456/259/12 457/260/12 437/240/12
f 457/260/12 458/282/12 438/261/12
f 438/261/12 458/282/12 459/262/12
f 439/242/12 459/262/12 460/263/12
f 440/243/12 460/263/12 461/264/12
f 461/264/12 462/266/12 442/265/12
f 462/266/12 463/267/12 443/246/12
f 463/267/12 464/268/12 444/247/12
f 464/268/12 465/269/12 445/248/12
f 465/269/12 466/270/12 446/249/12
f 466/270/12 467/272/12 447/271/12
f 467/272/12 468/273/12 448/250/12
f 468/273/12 469/274/12 449/252/12
f 469/274/12 470/275/12 450/253/12
f 470/275/12 471/294/12 451/254/12
f 451/254/12 471/294/12 472/37/12
f 142/276/12 473/277/12 453/256/12
f 473/277/12 474/278/12 454/257/12
f 474/278/12 475/279/12 455/258/12
f 475/279/12 476/280/12 456/259/12
f 476/280/12 477/281/12 457/260/12
f 477/281/12 478/301/12 458/282/12
f 458/282/12 478/301/12 479/283/12
f 459/262/12 479/283/12 480/284/12
f 460/263/12 480/284/12 481/285/12
f 481/285/12 482/286/12 462/266/12
f 482/286/12 483/287/12 463/267/12
f 483/287/12 484/288/12 464/268/12
f 484/288/12 485/309/12 465/269/12
f 465/269/12 485/309/12 486/289/12
f 486/289/12 487/290/12 467/272/12
f 487/290/12 488/291/12 468/273/12
f 488/291/12 489/292/12 469/274/12
f 489/292/12 490/293/12 470/275/12
f 490/293/12 491/316/12 471/294/12
f 471/294/12 491/316/12 492/39/12
f 141/295/12 493/296/12 473/277/12
f 493/296/12 494/297/12 474/278/12
f 494/297/12 495/298/12 475/279/12
f 495/298/12 496/299/12 476/280/12
f 496/299/12 497/300/12 477/281/12
f 497/300/12 498/302/12 478/301/12
f 498/302/12 499/303/12 479/283/12
f 499/303/12 500/304/12 480/284/12
f 500/304/12 501/305/12 481/285/12
f 501/305/12 502/306/12 482/286/12
f 502/306/12 503/307/12 483/287/12
f 503/307/12 504/308/12 484/288/12
f 504/308/12 505/310/12 485/309/12
f 505/310/12 506/311/12 486/289/12
f 506/311/12 507/312/12 487/290/12
f 507/312/12 508/313/12 488/291/12
f 508/313/12 509/314/12 489/292/12
f 509/314/12 510/315/12 490/293/12
f 510/315/12 511/333/12 491/316/12
f 491/316/12 511/333/12 512/41/12
f 140/317/12 513/318/12 493/296/12
f 513/318/12 514/336/12 494/297/12
f 494/297/12 514/336/12 515/319/12
f 495/298/12 515/319/12 516/320/12
f 516/320/12 517/321/12 497/300/12
f 517/321/12 518/341/12 498/302/12
f 498/302/12 518/341/12 519/322/12
f 499/303/12 519/322/12 520/323/12
f 500/304/12 520/323/12 521/324/12
f 521/324/12 522/325/12 502/306/12
f 522/325/12 523/326/12 503/307/12
f 523/326/12 524/327/12 504/308/12
f 524/327/12 525/349/12 505/310/12
f 505/310/12 525/349/12 526/328/12
f 526/328/12 527/329/12 507/312/12
f 527/329/12 528/352/12 508/313/12
f 508/313/12 528/352/12 529/330/12
f 509/314/12 529/330/12 530/331/12
f 510/315/12 530/331/12 531/332/12
f 511/333/12 531/332/12 532/43/12
f 139/334/12 533/335/12 513/318/12
f 533/335/12 534/337/12 514/336/12
f 534/337/12 535/338/12 515/319/12
f 535/338/12 536/339/12 516/320/12
f 536/339/12 537/340/12 517/321/12
f 537/340/12 538/361/12 518/341/12
f 518/341/12 538/361/12 539/342/12
f 519/322/12 539/342/12 540/343/12
f 520/323/12 540/343/12 541/344/12
f 521/324/12 541/344/12 542/345/12
f 522/325/12 542/345/12 543/346/12
f 523/326/12 543/346/12 544/347/12
f 524/327/12 544/347/12 545/348/12
f 525/349/12 545/348/12 546/350/12
f 526/328/12 546/350/12 547/351/12
f 547/351/12 548/370/12 528/352/12
f 528/352/12 548/370/12 549/353/12
f 549/353/12 550/354/12 530/331/12
f 550/354/12 551/374/12 531/332/12
f 531/332/12 551/374/12 552/45/12
f 138/355/12 553/356/12 533/335/12
f 553/356/12 554/357/12 534/337/12
f 554/357/12 555/358/12 535/338/12
f 555/358/12 556/359/12 536/339/12
f 556/359/12 557/360/12 537/340/12
f 557/360/12 558/362/12 538/361/12
f 558/362/12 559/363/12 539/342/12
f 559/363/12 560/364/12 540/343/12
f 560/364/12 561/365/12 541/344/12
f 561/365/12 562/384/12 542/345/12
f 542/345/12 562/384/12 563/366/12
f 563/366/12 564/367/12 544/347/12
f 564/367/12 565/368/12 545/348/12
f 565/368/12 566/388/12 546/350/12
f 546/350/12 566/388/12 567/369/12
f 567/369/12 568/371/12 548/370/12
f 568/371/12 569/372/12 549/353/12
f 569/372/12 570/373/12 550/354/12
f 570/373/12 571/393/12 551/374/12
f 551/374/12 571/393/12 572/47/12
f 138/355/12 137/394/12 573/375/12
f 573/375/12 574/376/12 554/357/12
f 574/376/12 575/377/12 555/358/12
f 575/377/12 576/378/12 556/359/12
f 576/378/12 577/379/12 557/360/12
f 577/379/12 578/380/12 558/362/12
f 578/380/12 579/401/12 559/363/12
f 559/363/12 579/401/12 580/381/12
f 560/364/12 580/381/12 581/382/12
f 561/365/12 581/382/12 582/383/12
f 562/384/12 582/383/12 583/385/12
f 583/385/12 584/386/12 564/367/12
f 584/386/12 585/387/12 565/368/12
f 585/387/12 586/408/12 566/388/12
f 566/388/12 586/408/12 587/389/12
f 587/389/12 588/390/12 568/371/12
f 588/390/12 589/391/12 569/372/12
f 589/391/12 590/392/12 570/373/12
f 590/392/12 591/413/12 571/393/12
f 571/393/12 591/413/12 592/49/12
f 137/394/12 136/415/12 593/395/12
f 593/395/12 594/396/12 574/376/12
f 594/396/12 595/397/12 575/377/12
f 595/397/12 596/398/12 576/378/12
f 596/398/12 597/399/12 577/379/12
f 597/399/12 598/400/12 578/380/12
f 598/400/12 599/422/12 579/401/12
f 579/401/12 599/422/12 600/402/12
f 580/381/12 600/402/12 601/403/12
f 581/382/12 601/403/12 602/404/12
f 582/383/12 602/404/12 603/405/12
f 603/405/12 604/406/12 584/386/12
f 604/406/12 605/407/12 585/387/12
f 605/407/12 606/429/12 586/408/12
f 586/408/12 606/429/12 607/409/12
f 607/409/12 608/410/12 588/390/12
f 608/410/12 609/411/12 589/391/12
f 609/411/12 610/412/12 590/392/12
f 610/412/12 611/434/12 591/413/12
f 591/413/12 611/434/12 612/53/12
f 135/414/12 613/416/12 593/395/12
f 613/416/12 614/417/12 594/396/12
f 614/417/12 615/418/12 595/397/12
f 615/418/12 616/419/12 596/398/12
f 616/419/12 617/420/12 597/399/12
f 617/420/12 618/421/12 598/400/12
f 618/421/12 619/423/12 599/422/12
f 619/423/12 620/443/12 600/402/12
f 600/402/12 620/443/12 621/424/12
f 601/403/12 621/424/12 622/425/12
f 602/404/12 622/425/12 623/426/12
f 623/426/12 624/427/12 604/406/12
f 624/427/12 625/428/12 605/407/12
f 625/428/12 626/430/12 606/429/12
f 626/430/12 627/450/12 607/409/12
f 607/409/12 627/450/12 628/431/12
f 628/431/12 629/432/12 609/411/12
f 629/432/12 630/433/12 610/412/12
f 630/433/12 631/454/12 611/434/12
f 611/434/12 631/454/12 632/55/12
f 134/435/12 633/436/12 613/416/12
f 633/436/12 634/437/12 614/417/12
f 634/437/12 635/438/12 615/418/12
f 635/438/12 636/439/12 616/419/12
f 636/439/12 637/440/12 617/420/12
f 637/440/12 638/441/12 618/421/12
f 638/441/12 639/442/12 619/423/12
f 639/442/12 640/463/12 620/443/12
f 620/443/12 640/463/12 641/444/12
f 621/424/12 641/444/12 642/445/12
f 622/425/12 642/445/12 643/446/12
f 643/446/12 644/447/12 624/427/12
f 644/447/12 645/448/12 625/428/12
f 645/448/12 646/449/12 626/430/12
f 646/449/12 647/470/12 627/450/12
f 627/450/12 647/470/12 648/451/12
f 648/451/12 649/452/12 629/432/12
f 649/452/12 650/453/12 630/433/12
f 650/453/12 651/474/12 631/454/12
f 631/454/12 651/474/12 652/57/12
f 133/455/12 653/456/12 633/436/12
f 653/456/12 654/457/12 634/437/12
f 654/457/12 655/458/12 635/438/12
f 655/458/12 656/459/12 636/439/12
f 656/459/12 657/460/12 637/440/12
f 657/460/12 658/461/12 638/441/12
f 658/461/12 659/462/12 639/442/12
f 659/462/12 660/483/12 640/463/12
f 640/463/12 660/483/12 661/464/12
f 641/444/12 661/464/12 662/465/12
f 642/445/12 662/465/12 663/466/12
f 663/466/12 664/467/12 644/447/12
f 664/467/12 665/468/12 645/448/12
f 665/468/12 666/469/12 646/449/12
f 666/469/12 667/491/12 647/470/12
f 647/470/12 667/491/12 668/471/12
f 668/471/12 669/472/12 649/452/12
f 669/472/12 670/473/12 650/453/12
f 670/473/12 671/496/12 651/474/12
f 651/474/12 671/496/12 672/18/12
f 28/475/12 92/476/12 653/456/12
f 92/476/12 91/477/12 654/457/12
f 91/477/12 90/478/12 655/458/12
f 90/478/12 89/479/12 656/459/12
f 89/479/12 88/480/12 657/460/12
f 88/480/12 87/481/12 658/461/12
f 87/481/12 86/482/12 659/462/12
f 86/482/12 85/484/12 660/483/12
f 85/484/12 84/485/12 661/464/12
f 84/485/12 83/486/12 662/465/12
f 83/486/12 82/487/12 663/466/12
f 82/487/12 81/488/12 664/467/12
f 81/488/12 80/489/12 665/468/12
f 80/489/12 79/490/12 666/469/12
f 79/490/12 78/492/12 667/491/12
f 78/492/12 77/493/12 668/471/12
f 77/493/12 76/494/12 669/472/12
f 76/494/12 75/495/12 670/473/12
f 75/495/12 74/497/12 671/496/12
f 74/497/12 73/16/12 672/18/12
f 692/498/11 233/502/11 25/499/11
f 712/501/11 234/504/11 233/502/11
f 732/503/11 235/506/11 234/504/11
f 752/505/11 236/508/11 235/506/11
f 772/507/11 237/510/11 236/508/11
f 792/509/11 238/512/11 237/510/11
f 812/511/11 239/514/11 238/512/11
f 832/513/11 240/516/11 239/514/11
f 852/515/11 241/518/11 240/516/11
f 852/515/11 872/519/11 242/517/11
f 872/519/11 892/521/11 243/520/11
f 892/521/11 912/523/11 244/522/11
f 912/523/11 932/525/11 245/524/11
f 932/525/11 952/527/11 246/526/11
f 952/527/11 972/529/11 247/528/11
f 972/529/11 992/531/11 248/530/11
f 992/531/11 1012/533/11 249/532/11
f 1012/533/11 1032/535/11 250/534/11
f 1032/535/11 1052/537/11 251/536/11
f 1052/537/11 1072/15/11 252/14/11
f 132/538/11 673/541/11 33/539/11
f 673/541/11 674/543/11 34/542/11
f 674/543/11 675/545/11 35/544/11
f 675/545/11 676/547/11 36/546/11
f 676/547/11 677/549/11 37/548/11
f 677/549/11 678/551/11 38/550/11
f 678/551/11 679/553/11 39/552/11
f 679/553/11 680/555/11 40/554/11
f 680/555/11 681/557/11 41/556/11
f 681/557/11 682/559/11 42/558/11
f 682/559/11 683/561/11 43/560/11
f 683/561/11 684/563/11 44/562/11
f 684/563/11 685/565/11 45/564/11
f 685/565/11 686/567/11 46/566/11
f 686/567/11 687/569/11 47/568/11
f 687/569/11 688/571/11 48/570/11
f 688/571/11 689/573/11 49/572/11
f 689/573/11 690/575/11 50/574/11
f 690/575/11 691/577/11 51/576/11
f 691/577/11 692/498/11 52/500/11
f 132/538/11 131/598/11 693/578/11
f 673/541/11 693/578/11 694/579/11
f 674/543/11 694/579/11 695/580/11
f 675/545/11 695/580/11 696/581/11
f 676/547/11 696/581/11 697/582/11
f 677/549/11 697/582/11 698/583/11
f 678/551/11 698/583/11 699/584/11
f 679/553/11 699/584/11 700/585/11
f 680/555/11 700/585/11 701/586/11
f 681/557/11 701/586/11 702/587/11
f 682/559/11 702/587/11 703/588/11
f 683/561/11 703/588/11 704/589/11
f 684/563/11 704/589/11 705/590/11
f 705/590/11 706/591/11 686/567/11
f 706/591/11 707/592/11 687/569/11
f 707/592/11 708/593/11 688/571/11
f 708/593/11 709/594/11 689/573/11
f 709/594/11 710/595/11 690/575/11
f 710/595/11 711/596/11 691/577/11
f 711/596/11 712/501/11 692/498/11
f 130/597/11 713/599/11 693/578/11
f 713/599/11 714/600/11 694/579/11
f 714/600/11 715/601/11 695/580/11
f 715/601/11 716/602/11 696/581/11
f 716/602/11 717/603/11 697/582/11
f 717/603/11 718/604/11 698/583/11
f 718/604/11 719/605/11 699/584/11
f 719/605/11 720/606/11 700/585/11
f 720/606/11 721/607/11 701/586/11
f 721/607/11 722/608/11 702/587/11
f 722/608/11 723/609/11 703/588/11
f 723/609/11 724/629/11 704/589/11
f 704/589/11 724/629/11 725/610/11
f 705/590/11 725/610/11 726/611/11
f 706/591/11 726/611/11 727/612/11
f 707/592/11 727/612/11 728/613/11
f 728/613/11 729/614/11 709/594/11
f 729/614/11 730/615/11 710/595/11
f 730/615/11 731/616/11 711/596/11
f 731/616/11 732/503/11 712/501/11
f 129/617/11 733/618/11 713/599/11
f 733/618/11 734/619/11 714/600/11
f 734/619/11 735/620/11 715/601/11
f 735/620/11 736/621/11 716/602/11
f 736/621/11 737/622/11 717/603/11
f 737/622/11 738/623/11 718/604/11
f 738/623/11 739/624/11 719/605/11
f 739/624/11 740/625/11 720/606/11
f 740/625/11 741/626/11 721/607/11
f 741/626/11 742/627/11 722/608/11
f 742/627/11 743/628/11 723/609/11
f 743/628/11 744/630/11 724/629/11
f 744/630/11 745/631/11 725/610/11
f 745/631/11 746/632/11 726/611/11
f 746/632/11 747/651/11 727/612/11
f 727/612/11 747/651/11 748/633/11
f 728/613/11 748/633/11 749/634/11
f 729/614/11 749/634/11 750/635/11
f 730/615/11 750/635/11 751/636/11
f 751/636/11 752/505/11 732/503/11
f 129/617/11 128/656/11 753/637/11
f 753/637/11 754/638/11 734/619/11
f 754/638/11 755/639/11 735/620/11
f 755/639/11 756/640/11 736/621/11
f 756/640/11 757/641/11 737/622/11
f 757/641/11 758/642/11 738/623/11
f 758/642/11 759/643/11 739/624/11
f 759/643/11 760/644/11 740/625/11
f 760/644/11 761/645/11 741/626/11
f 761/645/11 762/646/11 742/627/11
f 762/646/11 763/647/11 743/628/11
f 763/647/11 764/648/11 744/630/11
f 764/648/11 765/649/11 745/631/11
f 765/649/11 766/650/11 746/632/11
f 766/650/11 767/652/11 747/651/11
f 767/652/11 768/653/11 748/633/11
f 768/653/11 769/654/11 749/634/11
f 769/654/11 770/673/11 750/635/11
f 750/635/11 770/673/11 771/655/11
f 751/636/11 771/655/11 772/507/11
f 128/656/11 127/675/11 773/657/11
f 753/637/11 773/657/11 774/658/11
f 754/638/11 774/658/11 775/659/11
f 755/639/11 775/659/11 776/660/11
f 756/640/11 776/660/11 777/661/11
f 757/641/11 777/661/11 778/662/11
f 758/642/11 778/662/11 779/663/11
f 779/663/11 780/664/11 760/644/11
f 780/664/11 781/665/11 761/645/11
f 781/665/11 782/685/11 762/646/11
f 762/646/11 782/685/11 783/666/11
f 783/666/11 784/667/11 764/648/11
f 784/667/11 785/668/11 765/649/11
f 785/668/11 786/669/11 766/650/11
f 786/669/11 787/670/11 767/652/11
f 787/670/11 788/671/11 768/653/11
f 788/671/11 789/672/11 769/654/11
f 789/672/11 790/674/11 770/673/11
f 790/674/11 791/694/11 771/655/11
f 771/655/11 791/694/11 792/509/11
f 127/675/11 126/695/11 793/676/11
f 773/657/11 793/676/11 794/677/11
f 774/658/11 794/677/11 795/678/11
f 795/678/11 796/679/11 776/660/11
f 796/679/11 797/680/11 777/661/11
f 797/680/11 798/681/11 778/662/11
f 798/681/11 799/682/11 779/663/11
f 799/682/11 800/683/11 780/664/11
f 800/683/11 801/684/11 781/665/11
f 801/684/11 802/705/11 782/685/11
f 782/685/11 802/705/11 803/686/11
f 783/666/11 803/686/11 804/687/11
f 784/667/11 804/687/11 805/688/11
f 785/668/11 805/688/11 806/689/11
f 806/689/11 807/690/11 787/670/11
f 807/690/11 808/691/11 788/671/11
f 808/691/11 809/692/11 789/672/11
f 809/692/11 810/693/11 790/674/11
f 810/693/11 811/715/11 791/694/11
f 791/694/11 811/715/11 812/511/11
f 126/695/11 125/716/11 813/696/11
f 793/676/11 813/696/11 814/697/11
f 794/677/11 814/697/11 815/698/11
f 795/678/11 815/698/11 816/699/11
f 796/679/11 816/699/11 817/700/11
f 817/700/11 818/701/11 798/681/11
f 818/701/11 819/702/11 799/682/11
f 819/702/11 820/703/11 800/683/11
f 820/703/11 821/704/11 801/684/11
f 821/704/11 822/706/11 802/705/11
f 822/706/11 823/707/11 803/686/11
f 823/707/11 824/708/11 804/687/11
f 824/708/11 825/709/11 805/688/11
f 825/709/11 826/710/11 806/689/11
f 826/710/11 827/711/11 807/690/11
f 827/711/11 828/712/11 808/691/11
f 828/712/11 829/713/11 809/692/11
f 829/713/11 830/714/11 810/693/11
f 830/714/11 831/734/11 811/715/11
f 811/715/11 831/734/11 832/513/11
f 125/716/11 124/735/11 833/717/11
f 813/696/11 833/717/11 834/718/11
f 814/697/11 834/718/11 835/719/11
f 815/698/11 835/719/11 836/720/11
f 816/699/11 836/720/11 837/721/11
f 817/700/11 837/721/11 838/722/11
f 818/701/11 838/722/11 839/723/11
f 819/702/11 839/723/11 840/724/11
f 840/724/11 841/745/11 821/704/11
f 821/704/11 841/745/11 842/725/11
f 822/706/11 842/725/11 843/726/11
f 823/707/11 843/726/11 844/727/11
f 824/708/11 844/727/11 845/728/11
f 845/728/11 846/729/11 826/710/11
f 846/729/11 847/730/11 827/711/11
f 847/730/11 848/731/11 828/712/11
f 848/731/11 849/732/11 829/713/11
f 849/732/11 850/753/11 830/714/11
f 830/714/11 850/753/11 851/733/11
f 831/734/11 851/733/11 852/515/11
f 124/735/11 123/755/11 853/736/11
f 833/717/11 853/736/11 854/737/11
f 834/718/11 854/737/11 855/738/11
f 835/719/11 855/738/11 856/739/11
f 836/720/11 856/739/11 857/740/11
f 837/721/11 857/740/11 858/741/11
f 838/722/11 858/741/11 859/742/11
f 839/723/11 859/742/11 860/743/11
f 840/724/11 860/743/11 861/744/11
f 841/745/11 861/744/11 862/746/11
f 842/725/11 862/746/11 863/747/11
f 843/726/11 863/747/11 864/748/11
f 844/727/11 864/748/11 865/749/11
f 865/749/11 866/769/11 846/729/11
f 846/729/11 866/769/11 867/750/11
f 847/730/11 867/750/11 868/751/11
f 868/751/11 869/752/11 849/732/11
f 869/752/11 870/774/11 850/753/11
f 850/753/11 870/774/11 871/754/11
f 851/733/11 871/754/11 872/519/11
f 123/755/11 122/776/11 873/756/11
f 853/736/11 873/756/11 874/757/11
f 854/737/11 874/757/11 875/758/11
f 855/738/11 875/758/11 876/759/11
f 856/739/11 876/759/11 877/760/11
f 857/740/11 877/760/11 878/761/11
f 858/741/11 878/761/11 879/762/11
f 859/742/11 879/762/11 880/763/11
f 860/743/11 880/763/11 881/764/11
f 861/744/11 881/764/11 882/765/11
f 862/746/11 882/765/11 883/766/11
f 863/747/11 883/766/11 884/767/11
f 864/748/11 884/767/11 885/768/11
f 885/768/11 886/791/11 866/769/11
f 866/769/11 886/791/11 887/770/11
f 867/750/11 887/770/11 888/771/11
f 868/751/11 888/771/11 889/772/11
f 869/752/11 889/772/11 890/773/11
f 870/774/11 890/773/11 891/775/11
f 891/775/11 892/521/11 872/519/11
f 122/776/11 121/798/11 893/777/11
f 873/756/11 893/777/11 894/778/11
f 874/757/11 894/778/11 895/779/11
f 875/758/11 895/779/11 896/780/11
f 876/759/11 896/780/11 897/781/11
f 877/760/11 897/781/11 898/782/11
f 878/761/11 898/782/11 899/783/11
f 879/762/11 899/783/11 900/784/11
f 880/763/11 900/784/11 901/785/11
f 881/764/11 901/785/11 902/786/11
f 882/765/11 902/786/11 903/787/11
f 883/766/11 903/787/11 904/788/11
f 884/767/11 904/788/11 905/789/11
f 885/768/11 905/789/11 906/790/11
f 886/791/11 906/790/11 907/792/11
f 887/770/11 907/792/11 908/793/11
f 888/771/11 908/793/11 909/794/11
f 889/772/11 909/794/11 910/795/11
f 890/773/11 910/795/11 911/796/11
f 891/775/11 911/796/11 912/523/11
f 120/797/11 913/799/11 893/777/11
f 913/799/11 914/800/11 894/778/11
f 914/800/11 915/801/11 895/779/11
f 915/801/11 916/802/11 896/780/11
f 916/802/11 917/803/11 897/781/11
f 917/803/11 918/804/11 898/782/11
f 918/804/11 919/805/11 899/783/11
f 919/805/11 920/806/11 900/784/11
f 920/806/11 921/826/11 901/785/11
f 901/785/11 921/826/11 922/807/11
f 902/786/11 922/807/11 923/808/11
f 903/787/11 923/808/11 924/809/11
f 904/788/11 924/809/11 925/810/11
f 905/789/11 925/810/11 926/811/11
f 906/790/11 926/811/11 927/812/11
f 907/792/11 927/812/11 928/813/11
f 908/793/11 928/813/11 929/814/11
f 909/794/11 929/814/11 930/815/11
f 910/795/11 930/815/11 931/816/11
f 911/796/11 931/816/11 932/525/11
f 119/817/11 933/818/11 913/799/11
f 933/818/11 934/819/11 914/800/11
f 934/819/11 935/820/11 915/801/11
f 935/820/11 936/821/11 916/802/11
f 936/821/11 937/822/11 917/803/11
f 937/822/11 938/823/11 918/804/11
f 938/823/11 939/824/11 919/805/11
f 939/824/11 940/825/11 920/806/11
f 940/825/11 941/827/11 921/826/11
f 941/827/11 942/828/11 922/807/11
f 942/828/11 943/848/11 923/808/11
f 923/808/11 943/848/11 944/829/11
f 924/809/11 944/829/11 945/830/11
f 925/810/11 945/830/11 946/831/11
f 926/811/11 946/831/11 947/832/11
f 927/812/11 947/832/11 948/833/11
f 928/813/11 948/833/11 949/834/11
f 929/814/11 949/834/11 950/835/11
f 930/815/11 950/835/11 951/836/11
f 951/836/11 952/527/11 932/525/11
f 118/837/11 953/838/11 933/818/11
f 953/838/11 954/839/11 934/819/11
f 954/839/11 955/840/11 935/820/11
f 955/840/11 956/841/11 936/821/11
f 956/841/11 957/842/11 937/822/11
f 957/842/11 958/843/11 938/823/11
f 958/843/11 959/844/11 939/824/11
f 959/844/11 960/864/11 940/825/11
f 940/825/11 960/864/11 961/845/11
f 941/827/11 961/845/11 962/846/11
f 942/828/11 962/846/11 963/847/11
f 943/848/11 963/847/11 964/849/11
f 964/849/11 965/850/11 945/830/11
f 965/850/11 966/871/11 946/831/11
f 946/831/11 966/871/11 967/851/11
f 947/832/11 967/851/11 968/852/11
f 948/833/11 968/852/11 969/853/11
f 949/834/11 969/853/11 970/854/11
f 950/835/11 970/854/11 971/855/11
f 971/855/11 972/529/11 952/527/11
f 117/856/11 973/857/11 953/838/11
f 973/857/11 974/858/11 954/839/11
f 974/858/11 975/859/11 955/840/11
f 975/859/11 976/860/11 956/841/11
f 976/860/11 977/861/11 957/842/11
f 977/861/11 978/862/11 958/843/11
f 978/862/11 979/863/11 959/844/11
f 979/863/11 980/865/11 960/864/11
f 980/865/11 981/866/11 961/845/11
f 981/866/11 982/867/11 962/846/11
f 982/867/11 983/868/11 963/847/11
f 983/868/11 984/869/11 964/849/11
f 984/869/11 985/870/11 965/850/11
f 985/870/11 986/872/11 966/871/11
f 986/872/11 987/873/11 967/851/11
f 987/873/11 988/893/11 968/852/11
f 968/852/11 988/893/11 989/874/11
f 969/853/11 989/874/11 990/875/11
f 970/854/11 990/875/11 991/876/11
f 991/876/11 992/531/11 972/529/11
f 116/877/11 993/878/11 973/857/11
f 993/878/11 994/879/11 974/858/11
f 994/879/11 995/880/11 975/859/11
f 995/880/11 996/881/11 976/860/11
f 996/881/11 997/882/11 977/861/11
f 997/882/11 998/883/11 978/862/11
f 998/883/11 999/884/11 979/863/11
f 999/884/11 1000/885/11 980/865/11
f 1000/885/11 1001/886/11 981/866/11
f 1001/886/11 1002/887/11 982/867/11
f 1002/887/11 1003/888/11 983/868/11
f 1003/888/11 1004/889/11 984/869/11
f 1004/889/11 1005/890/11 985/870/11
f 1005/890/11 1006/891/11 986/872/11
f 1006/891/11 1007/892/11 987/873/11
f 1007/892/11 1008/894/11 988/893/11
f 1008/894/11 1009/914/11 989/874/11
f 989/874/11 1009/914/11 1010/895/11
f 990/875/11 1010/895/11 1011/896/11
f 1011/896/11 1012/533/11 992/531/11
f 115/897/11 1013/898/11 993/878/11
f 1013/898/11 1014/899/11 994/879/11
f 1014/899/11 1015/900/11 995/880/11
f 1015/900/11 1016/901/11 996/881/11
f 1016/901/11 1017/902/11 997/882/11
f 1017/902/11 1018/903/11 998/883/11
f 1018/903/11 1019/904/11 999/884/11
f 1019/904/11 1020/905/11 1000/885/11
f 1020/905/11 1021/906/11 1001/886/11
f 1021/906/11 1022/907/11 1002/887/11
f 1022/907/11 1023/908/11 1003/888/11
f 1023/908/11 1024/909/11 1004/889/11
f 1024/909/11 1025/910/11 1005/890/11
f 1025/910/11 1026/911/11 1006/891/11
f 1026/911/11 1027/912/11 1007/892/11
f 1027/912/11 1028/913/11 1008/894/11
f 1028/913/11 1029/915/11 1009/914/11
f 1029/915/11 1030/935/11 1010/895/11
f 1010/895/11 1030/935/11 1031/916/11
f 1011/896/11 1031/916/11 1032/535/11
f 114/917/11 1033/918/11 1013/898/11
f 1033/918/11 1034/919/11 1014/899/11
f 1034/919/11 1035/920/11 1015/900/11
f 1035/920/11 1036/921/11 1016/901/11
f 1036/921/11 1037/922/11 1017/902/11
f 1037/922/11 1038/923/11 1018/903/11
f 1038/923/11 1039/924/11 1019/904/11
f 1039/924/11 1040/925/11 1020/905/11
f 1040/925/11 1041/926/11 1021/906/11
f 1041/926/11 1042/927/11 1022/907/11
f 1042/927/11 1043/928/11 1023/908/11
f 1043/928/11 1044/929/11 1024/909/11
f 1044/929/11 1045/930/11 1025/910/11
f 1045/930/11 1046/931/11 1026/911/11
f 1046/931/11 1047/932/11 1027/912/11
f 1047/932/11 1048/933/11 1028/913/11
f 1048/933/11 1049/934/11 1029/915/11
f 1049/934/11 1050/936/11 1030/935/11
f 1050/936/11 1051/937/11 1031/916/11
f 1051/937/11 1052/537/11 1032/535/11
f 113/938/11 1053/939/11 1033/918/11
f 1053/939/11 1054/940/11 1034/919/11
f 1054/940/11 1055/941/11 1035/920/11
f 1055/941/11 1056/942/11 1036/921/11
f 1056/942/11 1057/943/11 1037/922/11
f 1057/943/11 1058/944/11 1038/923/11
f 1058/944/11 1059/945/11 1039/924/11
f 1059/945/11 1060/946/11 1040/925/11
f 1060/946/11 1061/947/11 1041/926/11
f 1061/947/11 1062/948/11 1042/927/11
f 1062/948/11 1063/949/11 1043/928/11
f 1063/949/11 1064/950/11 1044/929/11
f 1064/950/11 1065/951/11 1045/930/11
f 1065/951/11 1066/952/11 1046/931/11
f 1066/952/11 1067/953/11 1047/932/11
f 1067/953/11 1068/954/11 1048/933/11
f 1068/954/11 1069/955/11 1049/934/11
f 1069/955/11 1070/956/11 1050/936/11
f 1070/956/11 1071/957/11 1051/937/11
f 1071/957/11 1072/15/11 1052/537/11
f 31/958/11 192/959/11 1053/939/11
f 192/959/11 191/960/11 1054/940/11
f 191/960/11 190/961/11 1055/941/11
f 190/961/11 189/962/11 1056/942/11
f 189/962/11 188/963/11 1057/943/11
f 188/963/11 187/964/11 1058/944/11
f 187/964/11 186/965/11 1059/945/11
f 186/965/11 185/966/11 1060/946/11
f 185/966/11 184/967/11 1061/947/11
f 184/967/11 183/968/11 1062/948/11
f 183/968/11 182/969/11 1063/949/11
f 182/969/11 181/970/11 1064/950/11
f 181/970/11 180/971/11 1065/951/11
f 180/971/11 179/972/11 1066/952/11
f 179/972/11 178/973/11 1067/953/11
f 178/973/11 177/974/11 1068/954/11
f 177/974/11 176/975/11 1069/955/11
f 176/975/11 175/976/11 1070/956/11
f 175/976/11 174/977/11 1071/957/11
f 174/977/11 173/13/11 1072/15/11
f 1092/978/10 53/982/10 25/979/10
f 1112/981/10 54/984/10 53/982/10
f 1132/983/10 55/986/10 54/984/10
f 1152/985/10 56/988/10 55/986/10
f 1172/987/10 57/990/10 56/988/10
f 1192/989/10 58/992/10 57/990/10
f 1192/989/10 1212/993/10 59/991/10
f 1212/993/10 1232/996/10 60/994/10
f 1252/995/10 61/998/10 60/994/10
f 1272/997/10 62/1000/10 61/998/10
f 1292/999/10 63/1002/10 62/1000/10
f 1292/999/10 1312/1003/10 64/1001/10
f 1312/1003/10 1332/1005/10 65/1004/10
f 1332/1005/10 1352/1007/10 66/1006/10
f 1352/1007/10 1372/1009/10 67/1008/10
f 1372/1009/10 1392/1011/10 68/1010/10
f 1392/1011/10 1412/1013/10 69/1012/10
f 1412/1013/10 1432/1015/10 70/1014/10
f 1432/1015/10 1452/1017/10 71/1016/10
f 1452/1017/10 1472/12/10 72/11/10
f 232/1018/10 1073/1058/10 252/1019/10
f 252/1019/10 1073/1058/10 1074/1021/10
f 251/1022/10 1074/1021/10 1075/1023/10
f 250/1024/10 1075/1023/10 1076/1025/10
f 249/1026/10 1076/1025/10 1077/1027/10
f 248/1028/10 1077/1027/10 1078/1029/10
f 247/1030/10 1078/1029/10 1079/1031/10
f 246/1032/10 1079/1031/10 1080/1033/10
f 245/1034/10 1080/1033/10 1081/1035/10
f 244/1036/10 1081/1035/10 1082/1037/10
f 243/1038/10 1082/1037/10 1083/1039/10
f 242/1040/10 1083/1039/10 1084/1041/10
f 241/1042/10 1084/1041/10 1085/1043/10
f 240/1044/10 1085/1043/10 1086/1045/10
f 239/1046/10 1086/1045/10 1087/1047/10
f 238/1048/10 1087/1047/10 1088/1049/10
f 237/1050/10 1088/1049/10 1089/1051/10
f 236/1052/10 1089/1051/10 1090/1053/10
f 235/1054/10 1090/1053/10 1091/1055/10
f 234/1056/10 1091/1055/10 1092/978/10
f 231/1057/10 1093/1059/10 1073/1058/10
f 1093/1059/10 1094/1060/10 1074/1021/10
f 1094/1060/10 1095/1061/10 1075/1023/10
f 1095/1061/10 1096/1062/10 1076/1025/10
f 1096/1062/10 1097/1063/10 1077/1027/10
f 1097/1063/10 1098/1064/10 1078/1029/10
f 1098/1064/10 1099/1065/10 1079/1031/10
f 1099/1065/10 1100/1066/10 1080/1033/10
f 1100/1066/10 1101/1067/10 1081/1035/10
f 1101/1067/10 1102/1068/10 1082/1037/10
f 1102/1068/10 1103/1069/10 1083/1039/10
f 1103/1069/10 1104/1070/10 1084/1041/10
f 1104/1070/10 1105/1071/10 1085/1043/10
f 1105/1071/10 1106/1072/10 1086/1045/10
f 1106/1072/10 1107/1073/10 1087/1047/10
f 1107/1073/10 1108/1074/10 1088/1049/10
f 1108/1074/10 1109/1075/10 1089/1051/10
f 1109/1075/10 1110/1076/10 1090/1053/10
f 1110/1076/10 1111/1096/10 1091/1055/10
f 1091/1055/10 1111/1096/10 1112/981/10
f 230/1077/10 1113/1078/10 1093/1059/10
f 1113/1078/10 1114/1079/10 1094/1060/10
f 1114/1079/10 1115/1080/10 1095/1061/10
f 1115/1080/10 1116/1081/10 1096/1062/10
f 1116/1081/10 1117/1082/10 1097/1063/10
f 1117/1082/10 1118/1083/10 1098/1064/10
f 1118/1083/10 1119/1084/10 1099/1065/10
f 1119/1084/10 1120/1085/10 1100/1066/10
f 1120/1085/10 1121/1086/10 1101/1067/10
f 1121/1086/10 1122/1087/10 1102/1068/10
f 1122/1087/10 1123/1088/10 1103/1069/10
f 1123/1088/10 1124/1089/10 1104/1070/10
f 1124/1089/10 1125/1090/10 1105/1071/10
f 1125/1090/10 1126/1091/10 1106/1072/10
f 1126/1091/10 1127/1092/10 1107/1073/10
f 1127/1092/10 1128/1093/10 1108/1074/10
f 1128/1093/10 1129/1094/10 1109/1075/10
f 1129/1094/10 1130/1095/10 1110/1076/10
f 1130/1095/10 1131/1116/10 1111/1096/10
f 1111/1096/10 1131/1116/10 1132/983/10
f 229/1097/10 1133/1098/10 1113/1078/10
f 1133/1098/10 1134/1099/10 1114/1079/10
f 1134/1099/10 1135/1100/10 1115/1080/10
f 1135/1100/10 1136/1101/10 1116/1081/10
f 1136/1101/10 1137/1102/10 1117/1082/10
f 1137/1102/10 1138/1103/10 1118/1083/10
f 1138/1103/10 1139/1104/10 1119/1084/10
f 1139/1104/10 1140/1105/10 1120/1085/10
f 1140/1105/10 1141/1106/10 1121/1086/10
f 1141/1106/10 1142/1107/10 1122/1087/10
f 1142/1107/10 1143/1108/10 1123/1088/10
f 1143/1108/10 1144/1109/10 1124/1089/10
f 1144/1109/10 1145/1110/10 1125/1090/10
f 1145/1110/10 1146/1111/10 1126/1091/10
f 1146/1111/10 1147/1112/10 1127/1092/10
f 1147/1112/10 1148/1113/10 1128/1093/10
f 1148/1113/10 1149/1114/10 1129/1094/10
f 1149/1114/10 1150/1115/10 1130/1095/10
f 1150/1115/10 1151/1136/10 1131/1116/10
f 1131/1116/10 1151/1136/10 1152/985/10
f 228/1117/10 1153/1118/10 1133/1098/10
f 1153/1118/10 1154/1119/10 1134/1099/10
f 1154/1119/10 1155/1120/10 1135/1100/10
f 1155/1120/10 1156/1121/10 1136/1101/10
f 1156/1121/10 1157/1122/10 1137/1102/10
f 1157/1122/10 1158/1123/10 1138/1103/10
f 1158/1123/10 1159/1124/10 1139/1104/10
f 1159/1124/10 1160/1125/10 1140/1105/10
f 1160/1125/10 1161/1126/10 1141/1106/10
f 1161/1126/10 1162/1127/10 1142/1107/10
f 1162/1127/10 1163/1128/10 1143/1108/10
f 1163/1128/10 1164/1129/10 1144/1109/10
f 1164/1129/10 1165/1130/10 1145/1110/10
f 1165/1130/10 1166/1131/10 1146/1111/10
f 1166/1131/10 1167/1132/10 1147/1112/10
f 1167/1132/10 1168/1133/10 1148/1113/10
f 1168/1133/10 1169/1134/10 1149/1114/10
f 1169/1134/10 1170/1135/10 1150/1115/10
f 1170/1135/10 1171/1156/10 1151/1136/10
f 1151/1136/10 1171/1156/10 1172/987/10
f 227/1137/10 1173/1138/10 1153/1118/10
f 1173/1138/10 1174/1139/10 1154/1119/10
f 1174/1139/10 1175/1140/10 1155/1120/10
f 1175/1140/10 1176/1141/10 1156/1121/10
f 1176/1141/10 1177/1142/10 1157/1122/10
f 1177/1142/10 1178/1143/10 1158/1123/10
f 1178/1143/10 1179/1144/10 1159/1124/10
f 1179/1144/10 1180/1145/10 1160/1125/10
f 1180/1145/10 1181/1146/10 1161/1126/10
f 1181/1146/10 1182/1147/10 1162/1127/10
f 1182/1147/10 1183/1148/10 1163/1128/10
f 1183/1148/10 1184/1149/10 1164/1129/10
f 1184/1149/10 1185/1150/10 1165/1130/10
f 1185/1150/10 1186/1151/10 1166/1131/10
f 1186/1151/10 1187/1152/10 1167/1132/10
f 1187/1152/10 1188/1153/10 1168/1133/10
f 1188/1153/10 1189/1154/10 1169/1134/10
f 1189/1154/10 1190/1155/10 1170/1135/10
f 1190/1155/10 1191/1176/10 1171/1156/10
f 1171/1156/10 1191/1176/10 1192/989/10
f 226/1157/10 1193/1158/10 1173/1138/10
f 1193/1158/10 1194/1159/10 1174/1139/10
f 1194/1159/10 1195/1160/10 1175/1140/10
f 1195/1160/10 1196/1161/10 1176/1141/10
f 1196/1161/10 1197/1162/10 1177/1142/10
f 1197/1162/10 1198/1163/10 1178/1143/10
f 1198/1163/10 1199/1164/10 1179/1144/10
f 1199/1164/10 1200/1165/10 1180/1145/10
f 1200/1165/10 1201/1166/10 1181/1146/10
f 1201/1166/10 1202/1167/10 1182/1147/10
f 1202/1167/10 1203/1168/10 1183/1148/10
f 1203/1168/10 1204/1169/10 1184/1149/10
f 1204/1169/10 1205/1170/10 1185/1150/10
f 1205/1170/10 1206/1171/10 1186/1151/10
f 1206/1171/10 1207/1172/10 1187/1152/10
f 1207/1172/10 1208/1173/10 1188/1153/10
f 1208/1173/10 1209/1174/10 1189/1154/10
f 1209/1174/10 1210/1175/10 1190/1155/10
f 1210/1175/10 1211/1196/10 1191/1176/10
f 1191/1176/10 1211/1196/10 1212/993/10
f 225/1177/10 1213/1178/10 1193/1158/10
f 1213/1178/10 1214/1179/10 1194/1159/10
f 1214/1179/10 1215/1180/10 1195/1160/10
f 1215/1180/10 1216/1181/10 1196/1161/10
f 1216/1181/10 1217/1182/10 1197/1162/10
f 1217/1182/10 1218/1183/10 1198/1163/10
f 1218/1183/10 1219/1184/10 1199/1164/10
f 1219/1184/10 1220/1185/10 1200/1165/10
f 1220/1185/10 1221/1186/10 1201/1166/10
f 1221/1186/10 1222/1187/10 1202/1167/10
f 1222/1187/10 1223/1188/10 1203/1168/10
f 1223/1188/10 1224/1189/10 1204/1169/10
f 1224/1189/10 1225/1190/10 1205/1170/10
f 1225/1190/10 1226/1191/10 1206/1171/10
f 1226/1191/10 1227/1192/10 1207/1172/10
f 1227/1192/10 1228/1193/10 1208/1173/10
f 1228/1193/10 1229/1194/10 1209/1174/10
f 1229/1194/10 1230/1195/10 1210/1175/10
f 1230/1195/10 1231/1216/10 1211/1196/10
f 1211/1196/10 1231/1216/10 1232/996/10
f 224/1197/10 1233/1198/10 1213/1178/10
f 1233/1198/10 1234/1199/10 1214/1179/10
f 1234/1199/10 1235/1200/10 1215/1180/10
f 1235/1200/10 1236/1201/10 1216/1181/10
f 1236/1201/10 1237/1202/10 1217/1182/10
f 1237/1202/10 1238/1203/10 1218/1183/10
f 1238/1203/10 1239/1204/10 1219/1184/10
f 1239/1204/10 1240/1205/10 1220/1185/10
f 1240/1205/10 1241/1206/10 1221/1186/10
f 1241/1206/10 1242/1207/10 1222/1187/10
f 1242/1207/10 1243/1208/10 1223/1188/10
f 1243/1208/10 1244/1209/10 1224/1189/10
f 1244/1209/10 1245/1210/10 1225/1190/10
f 1245/1210/10 1246/1211/10 1226/1191/10
f 1246/1211/10 1247/1212/10 1227/1192/10
f 1247/1212/10 1248/1213/10 1228/1193/10
f 1248/1213/10 1249/1214/10 1229/1194/10
f 1249/1214/10 1250/1215/10 1230/1195/10
f 1250/1215/10 1251/1235/10 1231/1216/10
f 1231/1216/10 1251/1235/10 1252/995/10
f 223/1217/10 1253/1218/10 1233/1198/10
f 1253/1218/10 1254/1219/10 1234/1199/10
f 1254/1219/10 1255/1220/10 1235/1200/10
f 1255/1220/10 1256/1221/10 1236/1201/10
f 1256/1221/10 1257/1222/10 1237/1202/10
f 1257/1222/10 1258/1223/10 1238/1203/10
f 1258/1223/10 1259/1224/10 1239/1204/10
f 1259/1224/10 1260/1225/10 1240/1205/10
f 1260/1225/10 1261/1226/10 1241/1206/10
f 1261/1226/10 1262/1227/10 1242/1207/10
f 1262/1227/10 1263/1228/10 1243/1208/10
f 1263/1228/10 1264/1229/10 1244/1209/10
f 1264/1229/10 1265/1230/10 1245/1210/10
f 1265/1230/10 1266/1231/10 1246/1211/10
f 1266/1231/10 1267/1251/10 1247/1212/10
f 1247/1212/10 1267/1251/10 1268/1232/10
f 1268/1232/10 1269/1233/10 1249/1214/10
f 1269/1233/10 1270/1255/10 1250/1215/10
f 1250/1215/10 1270/1255/10 1271/1234/10
f 1251/1235/10 1271/1234/10 1272/997/10
f 222/1236/10 1273/1237/10 1253/1218/10
f 1273/1237/10 1274/1238/10 1254/1219/10
f 1274/1238/10 1275/1239/10 1255/1220/10
f 1275/1239/10 1276/1240/10 1256/1221/10
f 1276/1240/10 1277/1241/10 1257/1222/10
f 1277/1241/10 1278/1242/10 1258/1223/10
f 1278/1242/10 1279/1243/10 1259/1224/10
f 1279/1243/10 1280/1244/10 1260/1225/10
f 1280/1244/10 1281/1245/10 1261/1226/10
f 1281/1245/10 1282/1246/10 1262/1227/10
f 1282/1246/10 1283/1247/10 1263/1228/10
f 1283/1247/10 1284/1248/10 1264/1229/10
f 1284/1248/10 1285/1249/10 1265/1230/10
f 1285/1249/10 1286/1250/10 1266/1231/10
f 1286/1250/10 1287/1252/10 1267/1251/10
f 1287/1252/10 1288/1253/10 1268/1232/10
f 1288/1253/10 1289/1254/10 1269/1233/10
f 1289/1254/10 1290/1256/10 1270/1255/10
f 1290/1256/10 1291/1257/10 1271/1234/10
f 1291/1257/10 1292/999/10 1272/997/10
f 221/1258/10 1293/1259/10 1273/1237/10
f 1293/1259/10 1294/1260/10 1274/1238/10
f 1294/1260/10 1295/1261/10 1275/1239/10
f 1295/1261/10 1296/1262/10 1276/1240/10
f 1296/1262/10 1297/1263/10 1277/1241/10
f 1297/1263/10 1298/1264/10 1278/1242/10
f 1298/1264/10 1299/1265/10 1279/1243/10
f 1299/1265/10 1300/1266/10 1280/1244/10
f 1300/1266/10 1301/1267/10 1281/1245/10
f 1301/1267/10 1302/1268/10 1282/1246/10
f 1302/1268/10 1303/1269/10 1283/1247/10
f 1303/1269/10 1304/1270/10 1284/1248/10
f 1304/1270/10 1305/1271/10 1285/1249/10
f 1305/1271/10 1306/1272/10 1286/1250/10
f 1306/1272/10 1307/1291/10 1287/1252/10
f 1287/1252/10 1307/1291/10 1308/1273/10
f 1308/1273/10 1309/1274/10 1289/1254/10
f 1309/1274/10 1310/1295/10 1290/1256/10
f 1290/1256/10 1310/1295/10 1311/1275/10
f 1311/1275/10 1312/1003/10 1292/999/10
f 220/1276/10 1313/1277/10 1293/1259/10
f 1313/1277/10 1314/1278/10 1294/1260/10
f 1314/1278/10 1315/1279/10 1295/1261/10
f 1315/1279/10 1316/1280/10 1296/1262/10
f 1316/1280/10 1317/1281/10 1297/1263/10
f 1317/1281/10 1318/1282/10 1298/1264/10
f 1318/1282/10 1319/1283/10 1299/1265/10
f 1319/1283/10 1320/1284/10 1300/1266/10
f 1320/1284/10 1321/1285/10 1301/1267/10
f 1321/1285/10 1322/1286/10 1302/1268/10
f 1322/1286/10 1323/1287/10 1303/1269/10
f 1323/1287/10 1324/1288/10 1304/1270/10
f 1324/1288/10 1325/1289/10 1305/1271/10
f 1325/1289/10 1326/1290/10 1306/1272/10
f 1326/1290/10 1327/1292/10 1307/1291/10
f 1327/1292/10 1328/1293/10 1308/1273/10
f 1328/1293/10 1329/1294/10 1309/1274/10
f 1329/1294/10 1330/1296/10 1310/1295/10
f 1330/1296/10 1331/1297/10 1311/1275/10
f 1331/1297/10 1332/1005/10 1312/1003/10
f 219/1298/10 1333/1299/10 1313/1277/10
f 1333/1299/10 1334/1300/10 1314/1278/10
f 1334/1300/10 1335/1301/10 1315/1279/10
f 1335/1301/10 1336/1302/10 1316/1280/10
f 1336/1302/10 1337/1303/10 1317/1281/10
f 1337/1303/10 1338/1304/10 1318/1282/10
f 1338/1304/10 1339/1305/10 1319/1283/10
f 1339/1305/10 1340/1306/10 1320/1284/10
f 1340/1306/10 1341/1307/10 1321/1285/10
f 1341/1307/10 1342/1308/10 1322/1286/10
f 1342/1308/10 1343/1309/10 1323/1287/10
f 1343/1309/10 1344/1310/10 1324/1288/10
f 1344/1310/10 1345/1311/10 1325/1289/10
f 1345/1311/10 1346/1312/10 1326/1290/10
f 1346/1312/10 1347/1313/10 1327/1292/10
f 1347/1313/10 1348/1314/10 1328/1293/10
f 1348/1314/10 1349/1315/10 1329/1294/10
f 1349/1315/10 1350/1316/10 1330/1296/10
f 1350/1316/10 1351/1336/10 1331/1297/10
f 1331/1297/10 1351/1336/10 1352/1007/10
f 218/1317/10 1353/1318/10 1333/1299/10
f 1353/1318/10 1354/1319/10 1334/1300/10
f 1354/1319/10 1355/1320/10 1335/1301/10
f 1355/1320/10 1356/1321/10 1336/1302/10
f 1356/1321/10 1357/1322/10 1337/1303/10
f 1357/1322/10 1358/1323/10 1338/1304/10
f 1358/1323/10 1359/1324/10 1339/1305/10
f 1359/1324/10 1360/1325/10 1340/1306/10
f 1360/1325/10 1361/1326/10 1341/1307/10
f 1361/1326/10 1362/1327/10 1342/1308/10
f 1362/1327/10 1363/1328/10 1343/1309/10
f 1363/1328/10 1364/1329/10 1344/1310/10
f 1364/1329/10 1365/1330/10 1345/1311/10
f 1365/1330/10 1366/1331/10 1346/1312/10
f 1366/1331/10 1367/1332/10 1347/1313/10
f 1367/1332/10 1368/1333/10 1348/1314/10
f 1368/1333/10 1369/1334/10 1349/1315/10
f 1369/1334/10 1370/1335/10 1350/1316/10
f 1370/1335/10 1371/1356/10 1351/1336/10
f 1351/1336/10 1371/1356/10 1372/1009/10
f 217/1337/10 1373/1338/10 1353/1318/10
f 1373/1338/10 1374/1339/10 1354/1319/10
f 1374/1339/10 1375/1340/10 1355/1320/10
f 1375/1340/10 1376/1341/10 1356/1321/10
f 1376/1341/10 1377/1342/10 1357/1322/10
f 1377/1342/10 1378/1343/10 1358/1323/10
f 1378/1343/10 1379/1344/10 1359/1324/10
f 1379/1344/10 1380/1345/10 1360/1325/10
f 1380/1345/10 1381/1346/10 1361/1326/10
f 1381/1346/10 1382/1347/10 1362/1327/10
f 1382/1347/10 1383/1348/10 1363/1328/10
f 1383/1348/10 1384/1349/10 1364/1329/10
f 1384/1349/10 1385/1350/10 1365/1330/10
f 1385/1350/10 1386/1351/10 1366/1331/10
f 1386/1351/10 1387/1352/10 1367/1332/10
f 1387/1352/10 1388/1353/10 1368/1333/10
f 1388/1353/10 1389/1354/10 1369/1334/10
f 1389/1354/10 1390/1355/10 1370/1335/10
f 1390/1355/10 1391/1357/10 1371/1356/10
f 1391/1357/10 1392/1011/10 1372/1009/10
f 216/1358/10 1393/1359/10 1373/1338/10
f 1393/1359/10 1394/1360/10 1374/1339/10
f 1394/1360/10 1395/1361/10 1375/1340/10
f 1395/1361/10 1396/1362/10 1376/1341/10
f 1396/1362/10 1397/1363/10 1377/1342/10
f 1397/1363/10 1398/1364/10 1378/1343/10
f 1398/1364/10 1399/1365/10 1379/1344/10
f 1399/1365/10 1400/1366/10 1380/1345/10
f 1400/1366/10 1401/1367/10 1381/1346/10
f 1401/1367/10 1402/1368/10 1382/1347/10
f 1402/1368/10 1403/1369/10 1383/1348/10
f 1403/1369/10 1404/1370/10 1384/1349/10
f 1404/1370/10 1405/1371/10 1385/1350/10
f 1405/1371/10 1406/1372/10 1386/1351/10
f 1406/1372/10 1407/1373/10 1387/1352/10
f 1407/1373/10 1408/1374/10 1388/1353/10
f 1408/1374/10 1409/1375/10 1389/1354/10
f 1409/1375/10 1410/1376/10 1390/1355/10
f 1410/1376/10 1411/1377/10 1391/1357/10
f 1411/1377/10 1412/1013/10 1392/1011/10
f 215/1378/10 1413/1379/10 1393/1359/10
f 1413/1379/10 1414/1380/10 1394/1360/10
f 1414/1380/10 1415/1381/10 1395/1361/10
f 1415/1381/10 1416/1382/10 1396/1362/10
f 1416/1382/10 1417/1383/10 1397/1363/10
f 1417/1383/10 1418/1384/10 1398/1364/10
f 1418/1384/10 1419/1385/10 1399/1365/10
f 1419/1385/10 1420/1386/10 1400/1366/10
f 1420/1386/10 1421/1387/10 1401/1367/10
f 1421/1387/10 1422/1388/10 1402/1368/10
f 1422/1388/10 1423/1389/10 1403/1369/10
f 1423/1389/10 1424/1390/10 1404/1370/10
f 1424/1390/10 1425/1391/10 1405/1371/10
f 1425/1391/10 1426/1392/10 1406/1372/10
f 1426/1392/10 1427/1393/10 1407/1373/10
f 1427/1393/10 1428/1394/10 1408/1374/10
f 1428/1394/10 1429/1395/10 1409/1375/10
f 1429/1395/10 1430/1396/10 1410/1376/10
f 1430/1396/10 1431/1397/10 1411/1377/10
f 1431/1397/10 1432/1015/10 1412/1013/10
f 214/1398/10 1433/1399/10 1413/1379/10
f 1433/1399/10 1434/1400/10 1414/1380/10
f 1434/1400/10 1435/1401/10 1415/1381/10
f 1435/1401/10 1436/1402/10 1416/1382/10
f 1436/1402/10 1437/1403/10 1417/1383/10
f 1437/1403/10 1438/1404/10 1418/1384/10
f 1438/1404/10 1439/1405/10 1419/1385/10
f 1439/1405/10 1440/1406/10 1420/1386/10
f 1440/1406/10 1441/1407/10 1421/1387/10
f 1441/1407/10 1442/1408/10 1422/1388/10
f 1442/1408/10 1443/1409/10 1423/1389/10
f 1443/1409/10 1444/1410/10 1424/1390/10
f 1444/1410/10 1445/1411/10 1425/1391/10
f 1445/1411/10 1446/1412/10 1426/1392/10
f 1446/1412/10 1447/1413/10 1427/1393/10
f 1447/1413/10 1448/1414/10 1428/1394/10
f 1448/1414/10 1449/1415/10 1429/1395/10
f 1449/1415/10 1450/1416/10 1430/1396/10
f 1450/1416/10 1451/1417/10 1431/1397/10
f 1451/1417/10 1452/1017/10 1432/1015/10
f 213/8/10 1453/1418/10 1433/1399/10
f 1453/1418/10 1454/1419/10 1434/1400/10
f 1454/1419/10 1455/1420/10 1435/1401/10
f 1455/1420/10 1456/1421/10 1436/1402/10
f 1456/1421/10 1457/1422/10 1437/1403/10
f 1457/1422/10 1458/1423/10 1438/1404/10
f 1458/1423/10 1459/1424/10 1439/1405/10
f 1459/1424/10 1460/1425/10 1440/1406/10
f 1460/1425/10 1461/1426/10 1441/1407/10
f 1461/1426/10 1462/1427/10 1442/1408/10
f 1462/1427/10 1463/1428/10 1443/1409/10
f 1463/1428/10 1464/1429/10 1444/1410/10
f 1464/1429/10 1465/1430/10 1445/1411/10
f 1465/1430/10 1466/1431/10 1446/1412/10
f 1466/1431/10 1467/1432/10 1447/1413/10
f 1467/1432/10 1468/1433/10 1448/1414/10
f 1468/1433/10 1469/1434/10 1449/1415/10
f 1469/1434/10 1470/1435/10 1450/1416/10
f 1470/1435/10 1471/1436/10 1451/1417/10
f 1471/1436/10 1472/12/10 1452/1017/10
f 30/20/10 253/1437/10 1453/1418/10
f 253/1437/10 254/1438/10 1454/1419/10
f 254/1438/10 255/1439/10 1455/1420/10
f 255/1439/10 256/1440/10 1456/1421/10
f 256/1440/10 257/1441/10 1457/1422/10
f 257/1441/10 258/1442/10 1458/1423/10
f 258/1442/10 259/1443/10 1459/1424/10
f 259/1443/10 260/1444/10 1460/1425/10
f 260/1444/10 261/1445/10 1461/1426/10
f 261/1445/10 262/1446/10 1462/1427/10
f 262/1446/10 263/1447/10 1463/1428/10
f 263/1447/10 264/1448/10 1464/1429/10
f 264/1448/10 265/1449/10 1465/1430/10
f 265/1449/10 266/1450/10 1466/1431/10
f 266/1450/10 267/1451/10 1467/1432/10
f 267/1451/10 268/1452/10 1468/1433/10
f 268/1452/10 269/1453/10 1469/1434/10
f 269/1453/10 270/1454/10 1470/1435/10
f 270/1454/10 271/1455/10 1471/1436/10
f 271/1455/10 272/10/10 1472/12/10
f 1492/1456/9 232/1018/9 29/1020/9
f 1512/1457/9 231/1057/9 232/1018/9
f 1532/1458/9 230/1077/9 231/1057/9
f 1552/1459/9 229/1097/9 230/1077/9
f 1572/1460/9 228/1117/9 229/1097/9
f 1592/1461/9 227/1137/9 228/1117/9
f 1612/1462/9 226/1157/9 227/1137/9
f 1632/1463/9 225/1177/9 226/1157/9
f 1652/1464/9 224/1197/9 225/1177/9
f 1672/1465/9 223/1217/9 224/1197/9
f 1692/1466/9 222/1236/9 223/1217/9
f 1712/1467/9 221/1258/9 222/1236/9
f 1732/1468/9 220/1276/9 221/1258/9
f 1752/1469/9 219/1298/9 220/1276/9
f 1772/1470/9 218/1317/9 219/1298/9
f 1792/1471/9 217/1337/9 218/1317/9
f 1812/1472/9 216/1358/9 217/1337/9
f 1832/1473/9 215/1378/9 216/1358/9
f 1852/1474/9 214/1398/9 215/1378/9
f 1872/9/9 213/8/9 214/1398/9
f 172/1475/9 1473/1495/9 192/959/9
f 192/959/9 1473/1495/9 1474/1476/9
f 191/960/9 1474/1476/9 1475/1477/9
f 190/961/9 1475/1477/9 1476/1478/9
f 189/962/9 1476/1478/9 1477/1479/9
f 188/963/9 1477/1479/9 1478/1480/9
f 187/964/9 1478/1480/9 1479/1481/9
f 186/965/9 1479/1481/9 1480/1482/9
f 185/966/9 1480/1482/9 1481/1483/9
f 184/967/9 1481/1483/9 1482/1484/9
f 183/968/9 1482/1484/9 1483/1485/9
f 182/969/9 1483/1485/9 1484/1486/9
f 181/970/9 1484/1486/9 1485/1487/9
f 180/971/9 1485/1487/9 1486/1488/9
f 179/972/9 1486/1488/9 1487/1489/9
f 178/973/9 1487/1489/9 1488/1490/9
f 177/974/9 1488/1490/9 1489/1491/9
f 176/975/9 1489/1491/9 1490/1492/9
f 175/976/9 1490/1492/9 1491/1493/9
f 174/977/9 1491/1493/9 1492/1456/9
f 171/1494/9 1493/1496/9 1473/1495/9
f 1493/1496/9 1494/1497/9 1474/1476/9
f 1494/1497/9 1495/1498/9 1475/1477/9
f 1495/1498/9 1496/1499/9 1476/1478/9
f 1496/1499/9 1497/1500/9 1477/1479/9
f 1497/1500/9 1498/1501/9 1478/1480/9
f 1498/1501/9 1499/1502/9 1479/1481/9
f 1499/1502/9 1500/1503/9 1480/1482/9
f 1500/1503/9 1501/1504/9 1481/1483/9
f 1501/1504/9 1502/1505/9 1482/1484/9
f 1502/1505/9 1503/1506/9 1483/1485/9
f 1503/1506/9 1504/1507/9 1484/1486/9
f 1504/1507/9 1505/1508/9 1485/1487/9
f 1505/1508/9 1506/1509/9 1486/1488/9
f 1506/1509/9 1507/1510/9 1487/1489/9
f 1507/1510/9 1508/1511/9 1488/1490/9
f 1508/1511/9 1509/1512/9 1489/1491/9
f 1509/1512/9 1510/1513/9 1490/1492/9
f 1510/1513/9 1511/1514/9 1491/1493/9
f 1511/1514/9 1512/1457/9 1492/1456/9
f 170/1515/9 1513/1516/9 1493/1496/9
f 1513/1516/9 1514/1517/9 1494/1497/9
f 1514/1517/9 1515/1518/9 1495/1498/9
f 1515/1518/9 1516/1519/9 1496/1499/9
f 1516/1519/9 1517/1520/9 1497/1500/9
f 1517/1520/9 1518/1521/9 1498/1501/9
f 1518/1521/9 1519/1522/9 1499/1502/9
f 1519/1522/9 1520/1523/9 1500/1503/9
f 1520/1523/9 1521/1524/9 1501/1504/9
f 1521/1524/9 1522/1525/9 1502/1505/9
f 1522/1525/9 1523/1526/9 1503/1506/9
f 1523/1526/9 1524/1527/9 1504/1507/9
f 1524/1527/9 1525/1528/9 1505/1508/9
f 1525/1528/9 1526/1529/9 1506/1509/9
f 1526/1529/9 1527/1530/9 1507/1510/9
f 1527/1530/9 1528/1531/9 1508/1511/9
f 1528/1531/9 1529/1532/9 1509/1512/9
f 1529/1532/9 1530/1533/9 1510/1513/9
f 1530/1533/9 1531/1534/9 1511/1514/9
f 1531/1534/9 1532/1458/9 1512/1457/9
f 169/1535/9 1533/1536/9 1513/1516/9
f 1533/1536/9 1534/1537/9 1514/1517/9
f 1534/1537/9 1535/1538/9 1515/1518/9
f 1535/1538/9 1536/1539/9 1516/1519/9
f 1536/1539/9 1537/1540/9 1517/1520/9
f 1537/1540/9 1538/1541/9 1518/1521/9
f 1538/1541/9 1539/1542/9 1519/1522/9
f 1539/1542/9 1540/1543/9 1520/1523/9
f 1540/1543/9 1541/1544/9 1521/1524/9
f 1541/1544/9 1542/1545/9 1522/1525/9
f 1542/1545/9 1543/1546/9 1523/1526/9
f 1543/1546/9 1544/1547/9 1524/1527/9
f 1544/1547/9 1545/1548/9 1525/1528/9
f 1545/1548/9 1546/1549/9 1526/1529/9
f 1546/1549/9 1547/1550/9 1527/1530/9
f 1547/1550/9 1548/1551/9 1528/1531/9
f 1548/1551/9 1549/1552/9 1529/1532/9
f 1549/1552/9 1550/1553/9 1530/1533/9
f 1550/1553/9 1551/1554/9 1531/1534/9
f 1551/1554/9 1552/1459/9 1532/1458/9
f 168/1555/9 1553/1556/9 1533/1536/9
f 1553/1556/9 1554/1557/9 1534/1537/9
f 1554/1557/9 1555/1558/9 1535/1538/9
f 1555/1558/9 1556/1559/9 1536/1539/9
f 1556/1559/9 1557/1560/9 1537/1540/9
f 1557/1560/9 1558/1561/9 1538/1541/9
f 1558/1561/9 1559/1562/9 1539/1542/9
f 1559/1562/9 1560/1563/9 1540/1543/9
f 1560/1563/9 1561/1564/9 1541/1544/9
f 1561/1564/9 1562/1565/9 1542/1545/9
f 1562/1565/9 1563/1566/9 1543/1546/9
f 1563/1566/9 1564/1567/9 1544/1547/9
f 1564/1567/9 1565/1568/9 1545/1548/9
f 1565/1568/9 1566/1569/9 1546/1549/9
f 1566/1569/9 1567/1570/9 1547/1550/9
f 1567/1570/9 1568/1571/9 1548/1551/9
f 1568/1571/9 1569/1572/9 1549/1552/9
f 1569/1572/9 1570/1573/9 1550/1553/9
f 1570/1573/9 1571/1574/9 1551/1554/9
f 1571/1574/9 1572/1460/9 1552/1459/9
f 167/1575/9 1573/1576/9 1553/1556/9
f 1573/1576/9 1574/1577/9 1554/1557/9
f 1574/1577/9 1575/1578/9 1555/1558/9
f 1575/1578/9 1576/1579/9 1556/1559/9
f 1576/1579/9 1577/1580/9 1557/1560/9
f 1577/1580/9 1578/1581/9 1558/1561/9
f 1578/1581/9 1579/1582/9 1559/1562/9
f 1579/1582/9 1580/1583/9 1560/1563/9
f 1580/1583/9 1581/1584/9 1561/1564/9
f 1581/1584/9 1582/1585/9 1562/1565/9
f 1582/1585/9 1583/1586/9 1563/1566/9
f 1583/1586/9 1584/1587/9 1564/1567/9
f 1584/1587/9 1585/1588/9 1565/1568/9
f 1585/1588/9 1586/1589/9 1566/1569/9
f 1586/1589/9 1587/1590/9 1567/1570/9
f 1587/1590/9 1588/1591/9 1568/1571/9
f 1588/1591/9 1589/1592/9 1569/1572/9
f 1589/1592/9 1590/1593/9 1570/1573/9
f 1590/1593/9 1591/1594/9 1571/1574/9
f 1591/1594/9 1592/1461/9 1572/1460/9
f 166/1595/9 1593/1596/9 1573/1576/9
f 1593/1596/9 1594/1597/9 1574/1577/9
f 1594/1597/9 1595/1598/9 1575/1578/9
f 1595/1598/9 1596/1599/9 1576/1579/9
f 1596/1599/9 1597/1600/9 1577/1580/9
f 1597/1600/9 1598/1601/9 1578/1581/9
f 1598/1601/9 1599/1602/9 1579/1582/9
f 1599/1602/9 1600/1603/9 1580/1583/9
f 1600/1603/9 1601/1604/9 1581/1584/9
f 1601/1604/9 1602/1605/9 1582/1585/9
f 1602/1605/9 1603/1606/9 1583/1586/9
f 1603/1606/9 1604/1607/9 1584/1587/9
f 1604/1607/9 1605/1608/9 1585/1588/9
f 1605/1608/9 1606/1609/9 1586/1589/9
f 1606/1609/9 1607/1610/9 1587/1590/9
f 1607/1610/9 1608/1611/9 1588/1591/9
f 1608/1611/9 1609/1612/9 1589/1592/9
f 1609/1612/9 1610/1613/9 1590/1593/9
f 1610/1613/9 1611/1614/9 1591/1594/9
f 1611/1614/9 1612/1462/9 1592/1461/9
f 165/1615/9 1613/1616/9 1593/1596/9
f 1613/1616/9 1614/1617/9 1594/1597/9
f 1614/1617/9 1615/1618/9 1595/1598/9
f 1615/1618/9 1616/1619/9 1596/1599/9
f 1616/1619/9 1617/1620/9 1597/1600/9
f 1617/1620/9 1618/1621/9 1598/1601/9
f 1618/1621/9 1619/1622/9 1599/1602/9
f 1619/1622/9 1620/1623/9 1600/1603/9
f 1620/1623/9 1621/1624/9 1601/1604/9
f 1621/1624/9 1622/1625/9 1602/1605/9
f 1622/1625/9 1623/1626/9 1603/1606/9
f 1623/1626/9 1624/1627/9 1604/1607/9
f 1624/1627/9 1625/1628/9 1605/1608/9
f 1625/1628/9 1626/1629/9 1606/1609/9
f 1626/1629/9 1627/1630/9 1607/1610/9
f 1627/1630/9 1628/1631/9 1608/1611/9
f 1628/1631/9 1629/1632/9 1609/1612/9
f 1629/1632/9 1630/1633/9 1610/1613/9
f 1630/1633/9 1631/1634/9 1611/1614/9
f 1631/1634/9 1632/1463/9 1612/1462/9
f 164/1635/9 1633/1636/9 1613/1616/9
f 1633/1636/9 1634/1637/9 1614/1617/9
f 1634/1637/9 1635/1638/9 1615/1618/9
f 1635/1638/9 1636/1639/9 1616/1619/9
f 1636/1639/9 1637/1640/9 1617/1620/9
f 1637/1640/9 1638/1641/9 1618/1621/9
f 1638/1641/9 1639/1642/9 1619/1622/9
f 1639/1642/9 1640/1643/9 1620/1623/9
f 1640/1643/9 1641/1644/9 1621/1624/9
f 1641/1644/9 1642/1645/9 1622/1625/9
f 1642/1645/9 1643/1646/9 1623/1626/9
f 1643/1646/9 1644/1647/9 1624/1627/9
f 1644/1647/9 1645/1648/9 1625/1628/9
f 1645/1648/9 1646/1649/9 1626/1629/9
f 1646/1649/9 1647/1650/9 1627/1630/9
f 1647/1650/9 1648/1651/9 1628/1631/9
f 1648/1651/9 1649/1652/9 1629/1632/9
f 1649/1652/9 1650/1653/9 1630/1633/9
f 1650/1653/9 1651/1654/9 1631/1634/9
f 1651/1654/9 1652/1464/9 1632/1463/9
f 163/1655/9 1653/1656/9 1633/1636/9
f 1653/1656/9 1654/1657/9 1634/1637/9
f 1654/1657/9 1655/1658/9 1635/1638/9
f 1655/1658/9 1656/1659/9 1636/1639/9
f 1656/1659/9 1657/1660/9 1637/1640/9
f 1657/1660/9 1658/1661/9 1638/1641/9
f 1658/1661/9 1659/1662/9 1639/1642/9
f 1659/1662/9 1660/1663/9 1640/1643/9
f 1660/1663/9 1661/1664/9 1641/1644/9
f 1661/1664/9 1662/1665/9 1642/1645/9
f 1662/1665/9 1663/1666/9 1643/1646/9
f 1663/1666/9 1664/1667/9 1644/1647/9
f 1664/1667/9 1665/1668/9 1645/1648/9
f 1665/1668/9 1666/1669/9 1646/1649/9
f 1666/1669/9 1667/1670/9 1647/1650/9
f 1667/1670/9 1668/1671/9 1648/1651/9
f 1668/1671/9 1669/1672/9 1649/1652/9
f 1669/1672/9 1670/1673/9 1650/1653/9
f 1670/1673/9 1671/1674/9 1651/1654/9
f 1671/1674/9 1672/1465/9 1652/1464/9
f 162/1675/9 1673/1676/9 1653/1656/9
f 1673/1676/9 1674/1677/9 1654/1657/9
f 1674/1677/9 1675/1678/9 1655/1658/9
f 1675/1678/9 1676/1679/9 1656/1659/9
f 1676/1679/9 1677/1680/9 1657/1660/9
f 1677/1680/9 1678/1681/9 1658/1661/9
f 1678/1681/9 1679/1682/9 1659/1662/9
f 1679/1682/9 1680/1683/9 1660/1663/9
f 1680/1683/9 1681/1684/9 1661/1664/9
f 1681/1684/9 1682/1685/9 1662/1665/9
f 1682/1685/9 1683/1686/9 1663/1666/9
f 1683/1686/9 1684/1687/9 1664/1667/9
f 1684/1687/9 1685/1688/9 1665/1668/9
f 1685/1688/9 1686/1689/9 1666/1669/9
f 1686/1689/9 1687/1690/9 1667/1670/9
f 1687/1690/9 1688/1691/9 1668/1671/9
f 1688/1691/9 1689/1692/9 1669/1672/9
f 1689/1692/9 1690/1693/9 1670/1673/9
f 1690/1693/9 1691/1694/9 1671/1674/9
f 1691/1694/9 1692/1466/9 1672/1465/9
f 161/1695/9 1693/1696/9 1673/1676/9
f 1693/1696/9 1694/1697/9 1674/1677/9
f 1694/1697/9 1695/1698/9 1675/1678/9
f 1695/1698/9 1696/1699/9 1676/1679/9
f 1696/1699/9 1697/1700/9 1677/1680/9
f 1697/1700/9 1698/1701/9 1678/1681/9
f 1698/1701/9 1699/1702/9 1679/1682/9
f 1699/1702/9 1700/1703/9 1680/1683/9
f 1700/1703/9 1701/1704/9 1681/1684/9
f 1701/1704/9 1702/1705/9 1682/1685/9
f 1702/1705/9 1703/1706/9 1683/1686/9
f 1703/1706/9 1704/1707/9 1684/1687/9
f 1704/1707/9 1705/1708/9 1685/1688/9
f 1705/1708/9 1706/1709/9 1686/1689/9
f 1706/1709/9 1707/1710/9 1687/1690/9
f 1707/1710/9 1708/1711/9 1688/1691/9
f 1708/1711/9 1709/1712/9 1689/1692/9
f 1709/1712/9 1710/1713/9 1690/1693/9
f 1710/1713/9 1711/1714/9 1691/1694/9
f 1711/1714/9 1712/1467/9 1692/1466/9
f 160/1715/9 1713/1716/9 1693/1696/9
f 1713/1716/9 1714/1717/9 1694/1697/9
f 1714/1717/9 1715/1718/9 1695/1698/9
f 1715/1718/9 1716/1719/9 1696/1699/9
f 1716/1719/9 1717/1720/9 1697/1700/9
f 1717/1720/9 1718/1721/9 1698/1701/9
f 1718/1721/9 1719/1722/9 1699/1702/9
f 1719/1722/9 1720/1723/9 1700/1703/9
f 1720/1723/9 1721/1724/9 1701/1704/9
f 1721/1724/9 1722/1725/9 1702/1705/9
f 1722/1725/9 1723/1726/9 1703/1706/9
f 1723/1726/9 1724/1727/9 1704/1707/9
f 1724/1727/9 1725/1728/9 1705/1708/9
f 1725/1728/9 1726/1729/9 1706/1709/9
f 1726/1729/9 1727/1730/9 1707/1710/9
f 1727/1730/9 1728/1731/9 1708/1711/9
f 1728/1731/9 1729/1732/9 1709/1712/9
f 1729/1732/9 1730/1733/9 1710/1713/9
f 1730/1733/9 1731/1734/9 1711/1714/9
f 1731/1734/9 1732/1468/9 1712/1467/9
f 159/1735/9 1733/1736/9 1713/1716/9
f 1733/1736/9 1734/1737/9 1714/1717/9
f 1734/1737/9 1735/1738/9 1715/1718/9
f 1735/1738/9 1736/1739/9 1716/1719/9
f 1736/1739/9 1737/1740/9 1717/1720/9
f 1737/1740/9 1738/1741/9 1718/1721/9
f 1738/1741/9 1739/1742/9 1719/1722/9
f 1739/1742/9 1740/1743/9 1720/1723/9
f 1740/1743/9 1741/1744/9 1721/1724/9
f 1741/1744/9 1742/1745/9 1722/1725/9
f 1742/1745/9 1743/1746/9 1723/1726/9
f 1743/1746/9 1744/1747/9 1724/1727/9
f 1744/1747/9 1745/1748/9 1725/1728/9
f 1745/1748/9 1746/1749/9 1726/1729/9
f 1746/1749/9 1747/1750/9 1727/1730/9
f 1747/1750/9 1748/1751/9 1728/1731/9
f 1748/1751/9 1749/1752/9 1729/1732/9
f 1749/1752/9 1750/1753/9 1730/1733/9
f 1750/1753/9 1751/1754/9 1731/1734/9
f 1751/1754/9 1752/1469/9 1732/1468/9
f 158/1755/9 1753/1756/9 1733/1736/9
f 1753/1756/9 1754/1757/9 1734/1737/9
f 1754/1757/9 1755/1758/9 1735/1738/9
f 1755/1758/9 1756/1759/9 1736/1739/9
f 1756/1759/9 1757/1760/9 1737/1740/9
f 1757/1760/9 1758/1761/9 1738/1741/9
f 1758/1761/9 1759/1762/9 1739/1742/9
f 1759/1762/9 1760/1763/9 1740/1743/9
f 1760/1763/9 1761/1764/9 1741/1744/9
f 1761/1764/9 1762/1765/9 1742/1745/9
f 1762/1765/9 1763/1766/9 1743/1746/9
f 1763/1766/9 1764/1767/9 1744/1747/9
f 1764/1767/9 1765/1768/9 1745/1748/9
f 1765/1768/9 1766/1769/9 1746/1749/9
f 1766/1769/9 1767/1770/9 1747/1750/9
f 1767/1770/9 1768/1771/9 1748/1751/9
f 1768/1771/9 1769/1772/9 1749/1752/9
f 1769/1772/9 1770/1773/9 1750/1753/9
f 1770/1773/9 1771/1774/9 1751/1754/9
f 1771/1774/9 1772/1470/9 1752/1469/9
f 157/1775/9 1773/1776/9 1753/1756/9
f 1773/1776/9 1774/1777/9 1754/1757/9
f 1774/1777/9 1775/1778/9 1755/1758/9
f 1775/1778/9 1776/1779/9 1756/1759/9
f 1776/1779/9 1777/1780/9 1757/1760/9
f 1777/1780/9 1778/1781/9 1758/1761/9
f 1778/1781/9 1779/1782/9 1759/1762/9
f 1779/1782/9 1780/1783/9 1760/1763/9
f 1780/1783/9 1781/1784/9 1761/1764/9
f 1781/1784/9 1782/1785/9 1762/1765/9
f 1782/1785/9 1783/1786/9 1763/1766/9
f 1783/1786/9 1784/1787/9 1764/1767/9
f 1784/1787/9 1785/1788/9 1765/1768/9
f 1785/1788/9 1786/1789/9 1766/1769/9
f 1786/1789/9 1787/1790/9 1767/1770/9
f 1787/1790/9 1788/1791/9 1768/1771/9
f 1788/1791/9 1789/1792/9 1769/1772/9
f 1789/1792/9 1790/1793/9 1770/1773/9
f 1790/1793/9 1791/1794/9 1771/1774/9
f 1791/1794/9 1792/1471/9 1772/1470/9
f 156/1795/9 1793/1796/9 1773/1776/9
f 1793/1796/9 1794/1797/9 1774/1777/9
f 1794/1797/9 1795/1798/9 1775/1778/9
f 1795/1798/9 1796/1799/9 1776/1779/9
f 1796/1799/9 1797/1800/9 1777/1780/9
f 1797/1800/9 1798/1801/9 1778/1781/9
f 1798/1801/9 1799/1802/9 1779/1782/9
f 1799/1802/9 1800/1803/9 1780/1783/9
f 1800/1803/9 1801/1804/9 1781/1784/9
f 1801/1804/9 1802/1805/9 1782/1785/9
f 1802/1805/9 1803/1806/9 1783/1786/9
f 1803/1806/9 1804/1807/9 1784/1787/9
f 1804/1807/9 1805/1808/9 1785/1788/9
f 1805/1808/9 1806/1809/9 1786/1789/9
f 1806/1809/9 1807/1810/9 1787/1790/9
f 1807/1810/9 1808/1811/9 1788/1791/9
f 1808/1811/9 1809/1812/9 1789/1792/9
f 1809/1812/9 1810/1813/9 1790/1793/9
f 1810/1813/9 1811/1814/9 1791/1794/9
f 1811/1814/9 1812/1472/9 1792/1471/9
f 155/1815/9 1813/1816/9 1793/1796/9
f 1813/1816/9 1814/1817/9 1794/1797/9
f 1814/1817/9 1815/1818/9 1795/1798/9
f 1815/1818/9 1816/1819/9 1796/1799/9
f 1816/1819/9 1817/1820/9 1797/1800/9
f 1817/1820/9 1818/1821/9 1798/1801/9
f 1818/1821/9 1819/1822/9 1799/1802/9
f 1819/1822/9 1820/1823/9 1800/1803/9
f 1820/1823/9 1821/1824/9 1801/1804/9
f 1821/1824/9 1822/1825/9 1802/1805/9
f 1822/1825/9 1823/1826/9 1803/1806/9
f 1823/1826/9 1824/1827/9 1804/1807/9
f 1824/1827/9 1825/1828/9 1805/1808/9
f 1825/1828/9 1826/1829/9 1806/1809/9
f 1826/1829/9 1827/1830/9 1807/1810/9
f 1827/1830/9 1828/1831/9 1808/1811/9
f 1828/1831/9 1829/1832/9 1809/1812/9
f 1829/1832/9 1830/1833/9 1810/1813/9
f 1830/1833/9 1831/1834/9 1811/1814/9
f 1831/1834/9 1832/1473/9 1812/1472/9
f 154/1835/9 1833/1836/9 1813/1816/9
f 1833/1836/9 1834/1837/9 1814/1817/9
f 1834/1837/9 1835/1838/9 1815/1818/9
f 1835/1838/9 1836/1839/9 1816/1819/9
f 1836/1839/9 1837/1840/9 1817/1820/9
f 1837/1840/9 1838/1841/9 1818/1821/9
f 1838/1841/9 1839/1842/9 1819/1822/9
f 1839/1842/9 1840/1843/9 1820/1823/9
f 1840/1843/9 1841/1844/9 1821/1824/9
f 1841/1844/9 1842/1845/9 1822/1825/9
f 1842/1845/9 1843/1846/9 1823/1826/9
f 1843/1846/9 1844/1847/9 1824/1827/9
f 1844/1847/9 1845/1848/9 1825/1828/9
f 1845/1848/9 1846/1849/9 1826/1829/9
f 1846/1849/9 1847/1850/9 1827/1830/9
f 1847/1850/9 1848/1851/9 1828/1831/9
f 1848/1851/9 1849/1852/9 1829/1832/9
f 1849/1852/9 1850/1853/9 1830/1833/9
f 1850/1853/9 1851/1854/9 1831/1834/9
f 1851/1854/9 1852/1474/9 1832/1473/9
f 153/5/9 1853/1855/9 1833/1836/9
f 1853/1855/9 1854/1856/9 1834/1837/9
f 1854/1856/9 1855/1857/9 1835/1838/9
f 1855/1857/9 1856/1858/9 1836/1839/9
f 1856/1858/9 1857/1859/9 1837/1840/9
f 1857/1859/9 1858/1860/9 1838/1841/9
f 1858/1860/9 1859/1861/9 1839/1842/9
f 1859/1861/9 1860/1862/9 1840/1843/9
f 1860/1862/9 1861/1863/9 1841/1844/9
f 1861/1863/9 1862/1864/9 1842/1845/9
f 1862/1864/9 1863/1865/9 1843/1846/9
f 1863/1865/9 1864/1866/9 1844/1847/9
f 1864/1866/9 1865/1867/9 1845/1848/9
f 1865/1867/9 1866/1868/9 1846/1849/9
f 1866/1868/9 1867/1869/9 1847/1850/9
f 1867/1869/9 1868/1870/9 1848/1851/9
f 1868/1870/9 1869/1871/9 1849/1852/9
f 1869/1871/9 1870/1872/9 1850/1853/9
f 1870/1872/9 1871/1873/9 1851/1854/9
f 1871/1873/9 1872/9/9 1852/1474/9
f 32/60/9 193/59/9 1853/1855/9
f 193/59/9 194/62/9 1854/1856/9
f 194/62/9 195/64/9 1855/1857/9
f 195/64/9 196/66/9 1856/1858/9
f 196/66/9 197/68/9 1857/1859/9
f 197/68/9 198/70/9 1858/1860/9
f 198/70/9 199/72/9 1859/1861/9
f 199/72/9 200/74/9 1860/1862/9
f 200/74/9 201/76/9 1861/1863/9
f 201/76/9 202/78/9 1862/1864/9
f 202/78/9 203/79/9 1863/1865/9
f 203/79/9 204/81/9 1864/1866/9
f 204/81/9 205/83/9 1865/1867/9
f 205/83/9 206/85/9 1866/1868/9
f 206/85/9 207/87/9 1867/1869/9
f 207/87/9 208/89/9 1868/1870/9
f 208/89/9 209/91/9 1869/1871/9
f 209/91/9 210/93/9 1870/1872/9
f 210/93/9 211/95/9 1871/1873/9
f 211/95/9 212/7/9 1872/9/9
f 1892/1874/8 172/1475/8 31/958/8
f 1912/1876/8 171/1494/8 172/1475/8
f 1932/1877/8 170/1515/8 171/1494/8
f 1952/1878/8 169/1535/8 170/1515/8
f 1972/1879/8 168/1555/8 169/1535/8
f 1992/1880/8 167/1575/8 168/1555/8
f 2012/1881/8 166/1595/8 167/1575/8
f 2032/1882/8 165/1615/8 166/1595/8
f 2052/1883/8 164/1635/8 165/1615/8
f 2072/1884/8 163/1655/8 164/1635/8
f 2092/1885/8 162/1675/8 163/1655/8
f 2112/1886/8 161/1695/8 162/1675/8
f 2132/1887/8 160/1715/8 161/1695/8
f 2152/1888/8 159/1735/8 160/1715/8
f 2172/1889/8 158/1755/8 159/1735/8
f 2192/1890/8 157/1775/8 158/1755/8
f 2212/1891/8 156/1795/8 157/1775/8
f 2232/1892/8 155/1815/8 156/1795/8
f 2252/1893/8 154/1835/8 155/1815/8
f 2272/6/8 153/5/8 154/1835/8
f 112/1894/8 1873/1934/8 132/1895/8
f 132/1895/8 1873/1934/8 1874/1897/8
f 131/1898/8 1874/1897/8 1875/1899/8
f 130/1900/8 1875/1899/8 1876/1901/8
f 129/1902/8 1876/1901/8 1877/1903/8
f 128/1904/8 1877/1903/8 1878/1905/8
f 127/1906/8 1878/1905/8 1879/1907/8
f 126/1908/8 1879/1907/8 1880/1909/8
f 125/1910/8 1880/1909/8 1881/1911/8
f 124/1912/8 1881/1911/8 1882/1913/8
f 123/1914/8 1882/1913/8 1883/1915/8
f 122/1916/8 1883/1915/8 1884/1917/8
f 121/1918/8 1884/1917/8 1885/1919/8
f 120/1920/8 1885/1919/8 1886/1921/8
f 119/1922/8 1886/1921/8 1887/1923/8
f 118/1924/8 1887/1923/8 1888/1925/8
f 117/1926/8 1888/1925/8 1889/1927/8
f 116/1928/8 1889/1927/8 1890/1929/8
f 115/1930/8 1890/1929/8 1891/1931/8
f 114/1932/8 1891/1931/8 1892/1874/8
f 111/1933/8 1893/1935/8 1873/1934/8
f 1893/1935/8 1894/1936/8 1874/1897/8
f 1894/1936/8 1895/1937/8 1875/1899/8
f 1895/1937/8 1896/1938/8 1876/1901/8
f 1896/1938/8 1897/1939/8 1877/1903/8
f 1897/1939/8 1898/1940/8 1878/1905/8
f 1898/1940/8 1899/1941/8 1879/1907/8
f 1899/1941/8 1900/1942/8 1880/1909/8
f 1900/1942/8 1901/1943/8 1881/1911/8
f 1901/1943/8 1902/1944/8 1882/1913/8
f 1902/1944/8 1903/1945/8 1883/1915/8
f 1903/1945/8 1904/1946/8 1884/1917/8
f 1904/1946/8 1905/1947/8 1885/1919/8
f 1905/1947/8 1906/1948/8 1886/1921/8
f 1906/1948/8 1907/1949/8 1887/1923/8
f 1907/1949/8 1908/1950/8 1888/1925/8
f 1908/1950/8 1909/1951/8 1889/1927/8
f 1909/1951/8 1910/1952/8 1890/1929/8
f 1910/1952/8 1911/1953/8 1891/1931/8
f 1911/1953/8 1912/1876/8 1892/1874/8
f 110/1954/8 1913/1955/8 1893/1935/8
f 1913/1955/8 1914/1956/8 1894/1936/8
f 1914/1956/8 1915/1957/8 1895/1937/8
f 1915/1957/8 1916/1958/8 1896/1938/8
f 1916/1958/8 1917/1959/8 1897/1939/8
f 1917/1959/8 1918/1960/8 1898/1940/8
f 1918/1960/8 1919/1961/8 1899/1941/8
f 1919/1961/8 1920/1962/8 1900/1942/8
f 1920/1962/8 1921/1963/8 1901/1943/8
f 1921/1963/8 1922/1964/8 1902/1944/8
f 1922/1964/8 1923/1965/8 1903/1945/8
f 1923/1965/8 1924/1966/8 1904/1946/8
f 1924/1966/8 1925/1967/8 1905/1947/8
f 1925/1967/8 1926/1968/8 1906/1948/8
f 1926/1968/8 1927/1969/8 1907/1949/8
f 1927/1969/8 1928/1970/8 1908/1950/8
f 1928/1970/8 1929/1971/8 1909/1951/8
f 1929/1971/8 1930/1972/8 1910/1952/8
f 1930/1972/8 1931/1973/8 1911/1953/8
f 1931/1973/8 1932/1877/8 1912/1876/8
f 109/1974/8 1933/1975/8 1913/1955/8
f 1933/1975/8 1934/1976/8 1914/1956/8
f 1934/1976/8 1935/1977/8 1915/1957/8
f 1935/1977/8 1936/1978/8 1916/1958/8
f 1936/1978/8 1937/1979/8 1917/1959/8
f 1937/1979/8 1938/1980/8 1918/1960/8
f 1938/1980/8 1939/1981/8 1919/1961/8
f 1939/1981/8 1940/1982/8 1920/1962/8
f 1940/1982/8 1941/1983/8 1921/1963/8
f 1941/1983/8 1942/1984/8 1922/1964/8
f 1942/1984/8 1943/1985/8 1923/1965/8
f 1943/1985/8 1944/1986/8 1924/1966/8
f 1944/1986/8 1945/1987/8 1925/1967/8
f 1945/1987/8 1946/1988/8 1926/1968/8
f 1946/1988/8 1947/1989/8 1927/1969/8
f 1947/1989/8 1948/1990/8 1928/1970/8
f 1948/1990/8 1949/1991/8 1929/1971/8
f 1949/1991/8 1950/1992/8 1930/1972/8
f 1950/1992/8 1951/1993/8 1931/1973/8
f 1951/1993/8 1952/1878/8 1932/1877/8
f 108/1994/8 1953/1995/8 1933/1975/8
f 1953/1995/8 1954/1996/8 1934/1976/8
f 1954/1996/8 1955/1997/8 1935/1977/8
f 1955/1997/8 1956/1998/8 1936/1978/8
f 1956/1998/8 1957/1999/8 1937/1979/8
f 1957/1999/8 1958/2000/8 1938/1980/8
f 1958/2000/8 1959/2001/8 1939/1981/8
f 1959/2001/8 1960/2002/8 1940/1982/8
f 1960/2002/8 1961/2003/8 1941/1983/8
f 1961/2003/8 1962/2004/8 1942/1984/8
f 1962/2004/8 1963/2005/8 1943/1985/8
f 1963/2005/8 1964/2006/8 1944/1986/8
f 1964/2006/8 1965/2007/8 1945/1987/8
f 1965/2007/8 1966/2008/8 1946/1988/8
f 1966/2008/8 1967/2009/8 1947/1989/8
f 1967/2009/8 1968/2010/8 1948/1990/8
f 1968/2010/8 1969/2011/8 1949/1991/8
f 1969/2011/8 1970/2012/8 1950/1992/8
f 1970/2012/8 1971/2013/8 1951/1993/8
f 1971/2013/8 1972/1879/8 1952/1878/8
f 107/2014/8 1973/2015/8 1953/1995/8
f 1973/2015/8 1974/2016/8 1954/1996/8
f 1974/2016/8 1975/2017/8 1955/1997/8
f 1975/2017/8 1976/2018/8 1956/1998/8
f 1976/2018/8 1977/2019/8 1957/1999/8
f 1977/2019/8 1978/2020/8 1958/2000/8
f 1978/2020/8 1979/2021/8 1959/2001/8
f 1979/2021/8 1980/2022/8 1960/2002/8
f 1980/2022/8 1981/2023/8 1961/2003/8
f 1981/2023/8 1982/2024/8 1962/2004/8
f 1982/2024/8 1983/2025/8 1963/2005/8
f 1983/2025/8 1984/2026/8 1964/2006/8
f 1984/2026/8 1985/2027/8 1965/2007/8
f 1985/2027/8 1986/2028/8 1966/2008/8
f 1986/2028/8 1987/2029/8 1967/2009/8
f 1987/2029/8 1988/2030/8 1968/2010/8
f 1988/2030/8 1989/2031/8 1969/2011/8
f 1989/2031/8 1990/2032/8 1970/2012/8
f 1990/2032/8 1991/2033/8 1971/2013/8
f 1991/2033/8 1992/1880/8 1972/1879/8
f 106/2034/8 1993/2035/8 1973/2015/8
f 1993/2035/8 1994/2036/8 1974/2016/8
f 1994/2036/8 1995/2037/8 1975/2017/8
f 1995/2037/8 1996/2038/8 1976/2018/8
f 1996/2038/8 1997/2039/8 1977/2019/8
f 1997/2039/8 1998/2040/8 1978/2020/8
f 1998/2040/8 1999/2041/8 1979/2021/8
f 1999/2041/8 2000/2042/8 1980/2022/8
f 2000/2042/8 2001/2043/8 1981/2023/8
f 2001/2043/8 2002/2044/8 1982/2024/8
f 2002/2044/8 2003/2045/8 1983/2025/8
f 2003/2045/8 2004/2046/8 1984/2026/8
f 2004/2046/8 2005/2047/8 1985/2027/8
f 2005/2047/8 2006/2048/8 1986/2028/8
f 2006/2048/8 2007/2049/8 1987/2029/8
f 2007/2049/8 2008/2050/8 1988/2030/8
f 2008/2050/8 2009/2051/8 1989/2031/8
f 2009/2051/8 2010/2052/8 1990/2032/8
f 2010/2052/8 2011/2053/8 1991/2033/8
f 2011/2053/8 2012/1881/8 1992/1880/8
f 105/2054/8 2013/2055/8 1993/2035/8
f 2013/2055/8 2014/2056/8 1994/2036/8
f 2014/2056/8 2015/2057/8 1995/2037/8
f 2015/2057/8 2016/2058/8 1996/2038/8
f 2016/2058/8 2017/2059/8 1997/2039/8
f 2017/2059/8 2018/2060/8 1998/2040/8
f 2018/2060/8 2019/2061/8 1999/2041/8
f 2019/2061/8 2020/2062/8 2000/2042/8
f 2020/2062/8 2021/2063/8 2001/2043/8
f 2021/2063/8 2022/2064/8 2002/2044/8
f 2022/2064/8 2023/2065/8 2003/2045/8
f 2023/2065/8 2024/2066/8 2004/2046/8
f 2024/2066/8 2025/2067/8 2005/2047/8
f 2025/2067/8 2026/2068/8 2006/2048/8
f 2026/2068/8 2027/2069/8 2007/2049/8
f 2027/2069/8 2028/2070/8 2008/2050/8
f 2028/2070/8 2029/2071/8 2009/2051/8
f 2029/2071/8 2030/2072/8 2010/2052/8
f 2030/2072/8 2031/2073/8 2011/2053/8
f 2031/2073/8 2032/1882/8 2012/1881/8
f 104/2074/8 2033/2075/8 2013/2055/8
f 2033/2075/8 2034/2076/8 2014/2056/8
f 2034/2076/8 2035/2077/8 2015/2057/8
f 2035/2077/8 2036/2078/8 2016/2058/8
f 2036/2078/8 2037/2079/8 2017/2059/8
f 2037/2079/8 2038/2080/8 2018/2060/8
f 2038/2080/8 2039/2081/8 2019/2061/8
f 2039/2081/8 2040/2082/8 2020/2062/8
f 2040/2082/8 2041/2083/8 2021/2063/8
f 2041/2083/8 2042/2084/8 2022/2064/8
f 2042/2084/8 2043/2085/8 2023/2065/8
f 2043/2085/8 2044/2086/8 2024/2066/8
f 2044/2086/8 2045/2087/8 2025/2067/8
f 2045/2087/8 2046/2088/8 2026/2068/8
f 2046/2088/8 2047/2089/8 2027/2069/8
f 2047/2089/8 2048/2090/8 2028/2070/8
f 2048/2090/8 2049/2091/8 2029/2071/8
f 2049/2091/8 2050/2092/8 2030/2072/8
f 2050/2092/8 2051/2093/8 2031/2073/8
f 2051/2093/8 2052/1883/8 2032/1882/8
f 103/2094/8 2053/2095/8 2033/2075/8
f 2053/2095/8 2054/2096/8 2034/2076/8
f 2054/2096/8 2055/2097/8 2035/2077/8
f 2055/2097/8 2056/2098/8 2036/2078/8
f 2056/2098/8 2057/2099/8 2037/2079/8
f 2057/2099/8 2058/2100/8 2038/2080/8
f 2058/2100/8 2059/2101/8 2039/2081/8
f 2059/2101/8 2060/2102/8 2040/2082/8
f 2060/2102/8 2061/2103/8 2041/2083/8
f 2061/2103/8 2062/2104/8 2042/2084/8
f 2062/2104/8 2063/2105/8 2043/2085/8
f 2063/2105/8 2064/2106/8 2044/2086/8
f 2064/2106/8 2065/2107/8 2045/2087/8
f 2065/2107/8 2066/2108/8 2046/2088/8
f 2066/2108/8 2067/2109/8 2047/2089/8
f 2067/2109/8 2068/2110/8 2048/2090/8
f 2068/2110/8 2069/2111/8 2049/2091/8
f 2069/2111/8 2070/2112/8 2050/2092/8
f 2070/2112/8 2071/2113/8 2051/2093/8
f 2071/2113/8 2072/1884/8 2052/1883/8
f 102/2114/8 2073/2115/8 2053/2095/8
f 2073/2115/8 2074/2116/8 2054/2096/8
f 2074/2116/8 2075/2117/8 2055/2097/8
f 2075/2117/8 2076/2118/8 2056/2098/8
f 2076/2118/8 2077/2119/8 2057/2099/8
f 2077/2119/8 2078/2120/8 2058/2100/8
f 2078/2120/8 2079/2121/8 2059/2101/8
f 2079/2121/8 2080/2122/8 2060/2102/8
f 2080/2122/8 2081/2123/8 2061/2103/8
f 2081/2123/8 2082/2124/8 2062/2104/8
f 2082/2124/8 2083/2125/8 2063/2105/8
f 2083/2125/8 2084/2126/8 2064/2106/8
f 2084/2126/8 2085/2127/8 2065/2107/8
f 2085/2127/8 2086/2128/8 2066/2108/8
f 2086/2128/8 2087/2129/8 2067/2109/8
f 2087/2129/8 2088/2130/8 2068/2110/8
f 2088/2130/8 2089/2131/8 2069/2111/8
f 2089/2131/8 2090/2132/8 2070/2112/8
f 2090/2132/8 2091/2133/8 2071/2113/8
f 2091/2133/8 2092/1885/8 2072/1884/8
f 101/2134/8 2093/2135/8 2073/2115/8
f 2093/2135/8 2094/2136/8 2074/2116/8
f 2094/2136/8 2095/2137/8 2075/2117/8
f 2095/2137/8 2096/2138/8 2076/2118/8
f 2096/2138/8 2097/2139/8 2077/2119/8
f 2097/2139/8 2098/2140/8 2078/2120/8
f 2098/2140/8 2099/2141/8 2079/2121/8
f 2099/2141/8 2100/2142/8 2080/2122/8
f 2100/2142/8 2101/2143/8 2081/2123/8
f 2101/2143/8 2102/2144/8 2082/2124/8
f 2102/2144/8 2103/2145/8 2083/2125/8
f 2103/2145/8 2104/2146/8 2084/2126/8
f 2104/2146/8 2105/2147/8 2085/2127/8
f 2105/2147/8 2106/2148/8 2086/2128/8
f 2106/2148/8 2107/2149/8 2087/2129/8
f 2107/2149/8 2108/2150/8 2088/2130/8
f 2108/2150/8 2109/2151/8 2089/2131/8
f 2109/2151/8 2110/2152/8 2090/2132/8
f 2110/2152/8 2111/2153/8 2091/2133/8
f 2111/2153/8 2112/1886/8 2092/1885/8
f 100/2154/8 2113/2155/8 2093/2135/8
f 2113/2155/8 2114/2156/8 2094/2136/8
f 2114/2156/8 2115/2157/8 2095/2137/8
f 2115/2157/8 2116/2158/8 2096/2138/8
f 2116/2158/8 2117/2159/8 2097/2139/8
f 2117/2159/8 2118/2160/8 2098/2140/8
f 2118/2160/8 2119/2161/8 2099/2141/8
f 2119/2161/8 2120/2162/8 2100/2142/8
f 2120/2162/8 2121/2163/8 2101/2143/8
f 2121/2163/8 2122/2164/8 2102/2144/8
f 2122/2164/8 2123/2165/8 2103/2145/8
f 2123/2165/8 2124/2166/8 2104/2146/8
f 2124/2166/8 2125/2167/8 2105/2147/8
f 2125/2167/8 2126/2168/8 2106/2148/8
f 2126/2168/8 2127/2169/8 2107/2149/8
f 2127/2169/8 2128/2170/8 2108/2150/8
f 2128/2170/8 2129/2171/8 2109/2151/8
f 2129/2171/8 2130/2172/8 2110/2152/8
f 2130/2172/8 2131/2173/8 2111/2153/8
f 2131/2173/8 2132/1887/8 2112/1886/8
f 99/2174/8 2133/2175/8 2113/2155/8
f 2133/2175/8 2134/2176/8 2114/2156/8
f 2134/2176/8 2135/2177/8 2115/2157/8
f 2135/2177/8 2136/2178/8 2116/2158/8
f 2136/2178/8 2137/2179/8 2117/2159/8
f 2137/2179/8 2138/2180/8 2118/2160/8
f 2138/2180/8 2139/2181/8 2119/2161/8
f 2139/2181/8 2140/2182/8 2120/2162/8
f 2140/2182/8 2141/2183/8 2121/2163/8
f 2141/2183/8 2142/2184/8 2122/2164/8
f 2142/2184/8 2143/2185/8 2123/2165/8
f 2143/2185/8 2144/2186/8 2124/2166/8
f 2144/2186/8 2145/2187/8 2125/2167/8
f 2145/2187/8 2146/2188/8 2126/2168/8
f 2146/2188/8 2147/2189/8 2127/2169/8
f 2147/2189/8 2148/2190/8 2128/2170/8
f 2148/2190/8 2149/2191/8 2129/2171/8
f 2149/2191/8 2150/2192/8 2130/2172/8
f 2150/2192/8 2151/2193/8 2131/2173/8
f 2151/2193/8 2152/1888/8 2132/1887/8
f 98/2194/8 2153/2195/8 2133/2175/8
f 2153/2195/8 2154/2196/8 2134/2176/8
f 2154/2196/8 2155/2197/8 2135/2177/8
f 2155/2197/8 2156/2198/8 2136/2178/8
f 2156/2198/8 2157/2199/8 2137/2179/8
f 2157/2199/8 2158/2200/8 2138/2180/8
f 2158/2200/8 2159/2201/8 2139/2181/8
f 2159/2201/8 2160/2202/8 2140/2182/8
f 2160/2202/8 2161/2203/8 2141/2183/8
f 2161/2203/8 2162/2204/8 2142/2184/8
f 2162/2204/8 2163/2205/8 2143/2185/8
f 2163/2205/8 2164/2206/8 2144/2186/8
f 2164/2206/8 2165/2207/8 2145/2187/8
f 2165/2207/8 2166/2208/8 2146/2188/8
f 2166/2208/8 2167/2209/8 2147/2189/8
f 2167/2209/8 2168/2210/8 2148/2190/8
f 2168/2210/8 2169/2211/8 2149/2191/8
f 2169/2211/8 2170/2212/8 2150/2192/8
f 2170/2212/8 2171/2213/8 2151/2193/8
f 2171/2213/8 2172/1889/8 2152/1888/8
f 97/2214/8 2173/2215/8 2153/2195/8
f 2173/2215/8 2174/2216/8 2154/2196/8
f 2174/2216/8 2175/2217/8 2155/2197/8
f 2175/2217/8 2176/2218/8 2156/2198/8
f 2176/2218/8 2177/2219/8 2157/2199/8
f 2177/2219/8 2178/2220/8 2158/2200/8
f 2178/2220/8 2179/2221/8 2159/2201/8
f 2179/2221/8 2180/2222/8 2160/2202/8
f 2180/2222/8 2181/2223/8 2161/2203/8
f 2181/2223/8 2182/2224/8 2162/2204/8
f 2182/2224/8 2183/2225/8 2163/2205/8
f 2183/2225/8 2184/2226/8 2164/2206/8
f 2184/2226/8 2185/2227/8 2165/2207/8
f 2185/2227/8 2186/2228/8 2166/2208/8
f 2186/2228/8 2187/2229/8 2167/2209/8
f 2187/2229/8 2188/2230/8 2168/2210/8
f 2188/2230/8 2189/2231/8 2169/2211/8
f 2189/2231/8 2190/2232/8 2170/2212/8
f 2190/2232/8 2191/2233/8 2171/2213/8
f 2191/2233/8 2192/1890/8 2172/1889/8
f 96/2234/8 2193/2235/8 2173/2215/8
f 2193/2235/8 2194/2236/8 2174/2216/8
f 2194/2236/8 2195/2237/8 2175/2217/8
f 2195/2237/8 2196/2238/8 2176/2218/8
f 2196/2238/8 2197/2239/8 2177/2219/8
f 2197/2239/8 2198/2240/8 2178/2220/8
f 2198/2240/8 2199/2241/8 2179/2221/8
f 2199/2241/8 2200/2242/8 2180/2222/8
f 2200/2242/8 2201/2243/8 2181/2223/8
f 2201/2243/8 2202/2244/8 2182/2224/8
f 2202/2244/8 2203/2245/8 2183/2225/8
f 2203/2245/8 2204/2246/8 2184/2226/8
f 2204/2246/8 2205/2247/8 2185/2227/8
f 2205/2247/8 2206/2248/8 2186/2228/8
f 2206/2248/8 2207/2249/8 2187/2229/8
f 2207/2249/8 2208/2250/8 2188/2230/8
f 2208/2250/8 2209/2251/8 2189/2231/8
f 2209/2251/8 2210/2252/8 2190/2232/8
f 2210/2252/8 2211/2253/8 2191/2233/8
f 2211/2253/8 2212/1891/8 2192/1890/8
f 95/2254/8 2213/2255/8 2193/2235/8
f 2213/2255/8 2214/2256/8 2194/2236/8
f 2214/2256/8 2215/2257/8 2195/2237/8
f 2215/2257/8 2216/2258/8 2196/2238/8
f 2216/2258/8 2217/2259/8 2197/2239/8
f 2217/2259/8 2218/2260/8 2198/2240/8
f 2218/2260/8 2219/2261/8 2199/2241/8
f 2219/2261/8 2220/2262/8 2200/2242/8
f 2220/2262/8 2221/2263/8 2201/2243/8
f 2221/2263/8 2222/2264/8 2202/2244/8
f 2222/2264/8 2223/2265/8 2203/2245/8
f 2223/2265/8 2224/2266/8 2204/2246/8
f 2224/2266/8 2225/2267/8 2205/2247/8
f 2225/2267/8 2226/2268/8 2206/2248/8
f 2226/2268/8 2227/2269/8 2207/2249/8
f 2227/2269/8 2228/2270/8 2208/2250/8
f 2228/2270/8 2229/2271/8 2209/2251/8
f 2229/2271/8 2230/2272/8 2210/2252/8
f 2230/2272/8 2231/2273/8 2211/2253/8
f 2231/2273/8 2232/1892/8 2212/1891/8
f 94/2274/8 2233/2275/8 2213/2255/8
f 2233/2275/8 2234/2276/8 2214/2256/8
f 2234/2276/8 2235/2277/8 2215/2257/8
f 2235/2277/8 2236/2278/8 2216/2258/8
f 2236/2278/8 2237/2279/8 2217/2259/8
f 2237/2279/8 2238/2280/8 2218/2260/8
f 2238/2280/8 2239/2281/8 2219/2261/8
f 2239/2281/8 2240/2282/8 2220/2262/8
f 2240/2282/8 2241/2283/8 2221/2263/8
f 2241/2283/8 2242/2284/8 2222/2264/8
f 2242/2284/8 2243/2285/8 2223/2265/8
f 2243/2285/8 2244/2286/8 2224/2266/8
f 2244/2286/8 2245/2287/8 2225/2267/8
f 2245/2287/8 2246/2288/8 2226/2268/8
f 2246/2288/8 2247/2289/8 2227/2269/8
f 2247/2289/8 2248/2290/8 2228/2270/8
f 2248/2290/8 2249/2291/8 2229/2271/8
f 2249/2291/8 2250/2292/8 2230/2272/8
f 2250/2292/8 2251/2293/8 2231/2273/8
f 2251/2293/8 2252/1893/8 2232/1892/8
f 93/2/8 2253/2294/8 2233/2275/8
f 2253/2294/8 2254/2295/8 2234/2276/8
f 2254/2295/8 2255/2296/8 2235/2277/8
f 2255/2296/8 2256/2297/8 2236/2278/8
f 2256/2297/8 2257/2298/8 2237/2279/8
f 2257/2298/8 2258/2299/8 2238/2280/8
f 2258/2299/8 2259/2300/8 2239/2281/8
f 2259/2300/8 2260/2301/8 2240/2282/8
f 2260/2301/8 2261/2302/8 2241/2283/8
f 2261/2302/8 2262/2303/8 2242/2284/8
f 2262/2303/8 2263/2304/8 2243/2285/8
f 2263/2304/8 2264/2305/8 2244/2286/8
f 2264/2305/8 2265/2306/8 2245/2287/8
f 2265/2306/8 2266/2307/8 2246/2288/8
f 2266/2307/8 2267/2308/8 2247/2289/8
f 2267/2308/8 2268/2309/8 2248/2290/8
f 2268/2309/8 2269/2310/8 2249/2291/8
f 2269/2310/8 2270/2311/8 2250/2292/8
f 2270/2311/8 2271/2312/8 2251/2293/8
f 2271/2312/8 2272/6/8 2252/1893/8
f 28/2313/8 133/2314/8 2253/2294/8
f 133/2314/8 134/2315/8 2254/2295/8
f 134/2315/8 135/2316/8 2255/2296/8
f 135/2316/8 136/2317/8 2256/2297/8
f 136/2317/8 137/2318/8 2257/2298/8
f 137/2318/8 138/2319/8 2258/2299/8
f 138/2319/8 139/2320/8 2259/2300/8
f 139/2320/8 140/2321/8 2260/2301/8
f 140/2321/8 141/2322/8 2261/2302/8
f 141/2322/8 142/2323/8 2262/2303/8
f 142/2323/8 143/2324/8 2263/2304/8
f 143/2324/8 144/2325/8 2264/2305/8
f 144/2325/8 145/2326/8 2265/2306/8
f 145/2326/8 146/2327/8 2266/2307/8
f 146/2327/8 147/2328/8 2267/2308/8
f 147/2328/8 148/2329/8 2268/2309/8
f 148/2329/8 149/2330/8 2269/2310/8
f 149/2330/8 150/2331/8 2270/2311/8
f 150/2331/8 151/2332/8 2271/2312/8
f 151/2332/8 152/4/8 2272/6/8
f 2292/2333/7 112/1894/7 27/1896/7
f 2312/2335/7 111/1933/7 112/1894/7
f 2332/2336/7 110/1954/7 111/1933/7
f 2352/2337/7 109/1974/7 110/1954/7
f 2372/2338/7 108/1994/7 109/1974/7
f 2392/2339/7 107/2014/7 108/1994/7
f 2412/2340/7 106/2034/7 107/2014/7
f 2432/2341/7 105/2054/7 106/2034/7
f 2452/2342/7 104/2074/7 105/2054/7
f 2472/2343/7 103/2094/7 104/2074/7
f 2492/2344/7 102/2114/7 103/2094/7
f 2512/2345/7 101/2134/7 102/2114/7
f 2532/2346/7 100/2154/7 101/2134/7
f 2552/2347/7 99/2174/7 100/2154/7
f 2572/2348/7 98/2194/7 99/2174/7
f 2592/2349/7 97/2214/7 98/2194/7
f 2612/2350/7 96/2234/7 97/2214/7
f 2632/2351/7 95/2254/7 96/2234/7
f 2652/2352/7 94/2274/7 95/2254/7
f 2672/3/7 93/2/7 94/2274/7
f 53/2353/7 2273/2393/7 52/2354/7
f 52/2354/7 2273/2393/7 2274/2356/7
f 51/2357/7 2274/2356/7 2275/2358/7
f 50/2359/7 2275/2358/7 2276/2360/7
f 49/2361/7 2276/2360/7 2277/2362/7
f 48/2363/7 2277/2362/7 2278/2364/7
f 47/2365/7 2278/2364/7 2279/2366/7
f 46/2367/7 2279/2366/7 2280/2368/7
f 45/2369/7 2280/2368/7 2281/2370/7
f 44/2371/7 2281/2370/7 2282/2372/7
f 43/2373/7 2282/2372/7 2283/2374/7
f 42/2375/7 2283/2374/7 2284/2376/7
f 41/2377/7 2284/2376/7 2285/2378/7
f 40/2379/7 2285/2378/7 2286/2380/7
f 39/2381/7 2286/2380/7 2287/2382/7
f 38/2383/7 2287/2382/7 2288/2384/7
f 37/2385/7 2288/2384/7 2289/2386/7
f 36/2387/7 2289/2386/7 2290/2388/7
f 35/2389/7 2290/2388/7 2291/2390/7
f 34/2391/7 2291/2390/7 2292/2333/7
f 54/2392/7 2293/2394/7 2273/2393/7
f 2293/2394/7 2294/2395/7 2274/2356/7
f 2294/2395/7 2295/2396/7 2275/2358/7
f 2295/2396/7 2296/2397/7 2276/2360/7
f 2296/2397/7 2297/2398/7 2277/2362/7
f 2297/2398/7 2298/2399/7 2278/2364/7
f 2298/2399/7 2299/2400/7 2279/2366/7
f 2299/2400/7 2300/2401/7 2280/2368/7
f 2300/2401/7 2301/2402/7 2281/2370/7
f 2301/2402/7 2302/2403/7 2282/2372/7
f 2302/2403/7 2303/2404/7 2283/2374/7
f 2303/2404/7 2304/2405/7 2284/2376/7
f 2304/2405/7 2305/2406/7 2285/2378/7
f 2305/2406/7 2306/2407/7 2286/2380/7
f 2306/2407/7 2307/2408/7 2287/2382/7
f 2307/2408/7 2308/2409/7 2288/2384/7
f 2308/2409/7 2309/2410/7 2289/2386/7
f 2309/2410/7 2310/2411/7 2290/2388/7
f 2310/2411/7 2311/2412/7 2291/2390/7
f 2311/2412/7 2312/2335/7 2292/2333/7
f 55/2413/7 2313/2414/7 2293/2394/7
f 2313/2414/7 2314/2415/7 2294/2395/7
f 2314/2415/7 2315/2416/7 2295/2396/7
f 2315/2416/7 2316/2417/7 2296/2397/7
f 2316/2417/7 2317/2418/7 2297/2398/7
f 2317/2418/7 2318/2419/7 2298/2399/7
f 2318/2419/7 2319/2420/7 2299/2400/7
f 2319/2420/7 2320/2421/7 2300/2401/7
f 2320/2421/7 2321/2422/7 2301/2402/7
f 2321/2422/7 2322/2423/7 2302/2403/7
f 2322/2423/7 2323/2424/7 2303/2404/7
f 2323/2424/7 2324/2425/7 2304/2405/7
f 2324/2425/7 2325/2426/7 2305/2406/7
f 2325/2426/7 2326/2427/7 2306/2407/7
f 2326/2427/7 2327/2428/7 2307/2408/7
f 2327/2428/7 2328/2429/7 2308/2409/7
f 2328/2429/7 2329/2430/7 2309/2410/7
f 2329/2430/7 2330/2431/7 2310/2411/7
f 2330/2431/7 2331/2432/7 2311/2412/7
f 2331/2432/7 2332/2336/7 2312/2335/7
f 56/2433/7 2333/2434/7 2313/2414/7
f 2333/2434/7 2334/2435/7 2314/2415/7
f 2334/2435/7 2335/2436/7 2315/2416/7
f 2335/2436/7 2336/2437/7 2316/2417/7
f 2336/2437/7 2337/2438/7 2317/2418/7
f 2337/2438/7 2338/2439/7 2318/2419/7
f 2338/2439/7 2339/2440/7 2319/2420/7
f 2339/2440/7 2340/2441/7 2320/2421/7
f 2340/2441/7 2341/2442/7 2321/2422/7
f 2341/2442/7 2342/2443/7 2322/2423/7
f 2342/2443/7 2343/2444/7 2323/2424/7
f 2343/2444/7 2344/2445/7 2324/2425/7
f 2344/2445/7 2345/2446/7 2325/2426/7
f 2345/2446/7 2346/2447/7 2326/2427/7
f 2346/2447/7 2347/2448/7 2327/2428/7
f 2347/2448/7 2348/2449/7 2328/2429/7
f 2348/2449/7 2349/2450/7 2329/2430/7
f 2349/2450/7 2350/2451/7 2330/2431/7
f 2350/2451/7 2351/2452/7 2331/2432/7
f 2351/2452/7 2352/2337/7 2332/2336/7
f 57/2453/7 2353/2454/7 2333/2434/7
f 2353/2454/7 2354/2455/7 2334/2435/7
f 2354/2455/7 2355/2456/7 2335/2436/7
f 2355/2456/7 2356/2457/7 2336/2437/7
f 2356/2457/7 2357/2458/7 2337/2438/7
f 2357/2458/7 2358/2459/7 2338/2439/7
f 2358/2459/7 2359/2460/7 2339/2440/7
f 2359/2460/7 2360/2461/7 2340/2441/7
f 2360/2461/7 2361/2462/7 2341/2442/7
f 2361/2462/7 2362/2463/7 2342/2443/7
f 2362/2463/7 2363/2464/7 2343/2444/7
f 2363/2464/7 2364/2465/7 2344/2445/7
f 2364/2465/7 2365/2466/7 2345/2446/7
f 2365/2466/7 2366/2467/7 2346/2447/7
f 2366/2467/7 2367/2468/7 2347/2448/7
f 2367/2468/7 2368/2469/7 2348/2449/7
f 2368/2469/7 2369/2470/7 2349/2450/7
f 2369/2470/7 2370/2471/7 2350/2451/7
f 2370/2471/7 2371/2472/7 2351/2452/7
f 2371/2472/7 2372/2338/7 2352/2337/7
f 58/2473/7 2373/2474/7 2353/2454/7
f 2373/2474/7 2374/2475/7 2354/2455/7
f 2374/2475/7 2375/2476/7 2355/2456/7
f 2375/2476/7 2376/2477/7 2356/2457/7
f 2376/2477/7 2377/2478/7 2357/2458/7
f 2377/2478/7 2378/2479/7 2358/2459/7
f 2378/2479/7 2379/2480/7 2359/2460/7
f 2379/2480/7 2380/2481/7 2360/2461/7
f 2380/2481/7 2381/2482/7 2361/2462/7
f 2381/2482/7 2382/2483/7 2362/2463/7
f 2382/2483/7 2383/2484/7 2363/2464/7
f 2383/2484/7 2384/2485/7 2364/2465/7
f 2384/2485/7 2385/2486/7 2365/2466/7
f 2385/2486/7 2386/2487/7 2366/2467/7
f 2386/2487/7 2387/2488/7 2367/2468/7
f 2387/2488/7 2388/2489/7 2368/2469/7
f 2388/2489/7 2389/2490/7 2369/2470/7
f 2389/2490/7 2390/2491/7 2370/2471/7
f 2390/2491/7 2391/2492/7 2371/2472/7
f 2391/2492/7 2392/2339/7 2372/2338/7
f 59/2493/7 2393/2494/7 2373/2474/7
f 2393/2494/7 2394/2495/7 2374/2475/7
f 2394/2495/7 2395/2496/7 2375/2476/7
f 2395/2496/7 2396/2497/7 2376/2477/7
f 2396/2497/7 2397/2498/7 2377/2478/7
f 2397/2498/7 2398/2499/7 2378/2479/7
f 2398/2499/7 2399/2500/7 2379/2480/7
f 2399/2500/7 2400/2501/7 2380/2481/7
f 2400/2501/7 2401/2502/7 2381/2482/7
f 2401/2502/7 2402/2503/7 2382/2483/7
f 2402/2503/7 2403/2504/7 2383/2484/7
f 2403/2504/7 2404/2505/7 2384/2485/7
f 2404/2505/7 2405/2506/7 2385/2486/7
f 2405/2506/7 2406/2507/7 2386/2487/7
f 2406/2507/7 2407/2508/7 2387/2488/7
f 2407/2508/7 2408/2509/7 2388/2489/7
f 2408/2509/7 2409/2510/7 2389/2490/7
f 2409/2510/7 2410/2511/7 2390/2491/7
f 2410/2511/7 2411/2512/7 2391/2492/7
f 2411/2512/7 2412/2340/7 2392/2339/7
f 60/2513/7 2413/2514/7 2393/2494/7
f 2413/2514/7 2414/2515/7 2394/2495/7
f 2414/2515/7 2415/2516/7 2395/2496/7
f 2415/2516/7 2416/2517/7 2396/2497/7
f 2416/2517/7 2417/2518/7 2397/2498/7
f 2417/2518/7 2418/2519/7 2398/2499/7
f 2418/2519/7 2419/2520/7 2399/2500/7
f 2419/2520/7 2420/2521/7 2400/2501/7
f 2420/2521/7 2421/2522/7 2401/2502/7
f 2421/2522/7 2422/2523/7 2402/2503/7
f 2422/2523/7 2423/2524/7 2403/2504/7
f 2423/2524/7 2424/2525/7 2404/2505/7
f 2424/2525/7 2425/2526/7 2405/2506/7
f 2425/2526/7 2426/2527/7 2406/2507/7
f 2426/2527/7 2427/2528/7 2407/2508/7
f 2427/2528/7 2428/2529/7 2408/2509/7
f 2428/2529/7 2429/2530/7 2409/2510/7
f 2429/2530/7 2430/2531/7 2410/2511/7
f 2430/2531/7 2431/2532/7 2411/2512/7
f 2431/2532/7 2432/2341/7 2412/2340/7
f 61/2533/7 2433/2534/7 2413/2514/7
f 2433/2534/7 2434/2535/7 2414/2515/7
f 2434/2535/7 2435/2536/7 2415/2516/7
f 2435/2536/7 2436/2537/7 2416/2517/7
f 2436/2537/7 2437/2538/7 2417/2518/7
f 2437/2538/7 2438/2539/7 2418/2519/7
f 2438/2539/7 2439/2540/7 2419/2520/7
f 2439/2540/7 2440/2541/7 2420/2521/7
f 2440/2541/7 2441/2542/7 2421/2522/7
f 2441/2542/7 2442/2543/7 2422/2523/7
f 2442/2543/7 2443/2544/7 2423/2524/7
f 2443/2544/7 2444/2545/7 2424/2525/7
f 2444/2545/7 2445/2546/7 2425/2526/7
f 2445/2546/7 2446/2547/7 2426/2527/7
f 2446/2547/7 2447/2548/7 2427/2528/7
f 2447/2548/7 2448/2549/7 2428/2529/7
f 2448/2549/7 2449/2550/7 2429/2530/7
f 2449/2550/7 2450/2551/7 2430/2531/7
f 2450/2551/7 2451/2552/7 2431/2532/7
f 2451/2552/7 2452/2342/7 2432/2341/7
f 62/2553/7 2453/2554/7 2433/2534/7
f 2453/2554/7 2454/2555/7 2434/2535/7
f 2454/2555/7 2455/2556/7 2435/2536/7
f 2455/2556/7 2456/2557/7 2436/2537/7
f 2456/2557/7 2457/2558/7 2437/2538/7
f 2457/2558/7 2458/2559/7 2438/2539/7
f 2458/2559/7 2459/2560/7 2439/2540/7
f 2459/2560/7 2460/2561/7 2440/2541/7
f 2460/2561/7 2461/2562/7 2441/2542/7
f 2461/2562/7 2462/2563/7 2442/2543/7
f 2462/2563/7 2463/2564/7 2443/2544/7
f 2463/2564/7 2464/2565/7 2444/2545/7
f 2464/2565/7 2465/2566/7 2445/2546/7
f 2465/2566/7 2466/2567/7 2446/2547/7
f 2466/2567/7 2467/2568/7 2447/2548/7
f 2467/2568/7 2468/2569/7 2448/2549/7
f 2468/2569/7 2469/2570/7 2449/2550/7
f 2469/2570/7 2470/2571/7 2450/2551/7
f 2470/2571/7 2471/2572/7 2451/2552/7
f 2471/2572/7 2472/2343/7 2452/2342/7
f 63/2573/7 2473/2574/7 2453/2554/7
f 2473/2574/7 2474/2575/7 2454/2555/7
f 2474/2575/7 2475/2576/7 2455/2556/7
f 2475/2576/7 2476/2577/7 2456/2557/7
f 2476/2577/7 2477/2578/7 2457/2558/7
f 2477/2578/7 2478/2579/7 2458/2559/7
f 2478/2579/7 2479/2580/7 2459/2560/7
f 2479/2580/7 2480/2581/7 2460/2561/7
f 2480/2581/7 2481/2582/7 2461/2562/7
f 2481/2582/7 2482/2583/7 2462/2563/7
f 2482/2583/7 2483/2584/7 2463/2564/7
f 2483/2584/7 2484/2585/7 2464/2565/7
f 2484/2585/7 2485/2586/7 2465/2566/7
f 2485/2586/7 2486/2587/7 2466/2567/7
f 2486/2587/7 2487/2588/7 2467/2568/7
f 2487/2588/7 2488/2589/7 2468/2569/7
f 2488/2589/7 2489/2590/7 2469/2570/7
f 2489/2590/7 2490/2591/7 2470/2571/7
f 2490/2591/7 2491/2592/7 2471/2572/7
f 2491/2592/7 2492/2344/7 2472/2343/7
f 64/2593/7 2493/2594/7 2473/2574/7
f 2493/2594/7 2494/2595/7 2474/2575/7
f 2494/2595/7 2495/2596/7 2475/2576/7
f 2495/2596/7 2496/2597/7 2476/2577/7
f 2496/2597/7 2497/2598/7 2477/2578/7
f 2497/2598/7 2498/2599/7 2478/2579/7
f 2498/2599/7 2499/2600/7 2479/2580/7
f 2499/2600/7 2500/2601/7 2480/2581/7
f 2500/2601/7 2501/2602/7 2481/2582/7
f 2501/2602/7 2502/2603/7 2482/2583/7
f 2502/2603/7 2503/2604/7 2483/2584/7
f 2503/2604/7 2504/2605/7 2484/2585/7
f 2504/2605/7 2505/2606/7 2485/2586/7
f 2505/2606/7 2506/2607/7 2486/2587/7
f 2506/2607/7 2507/2608/7 2487/2588/7
f 2507/2608/7 2508/2609/7 2488/2589/7
f 2508/2609/7 2509/2610/7 2489/2590/7
f 2509/2610/7 2510/2611/7 2490/2591/7
f 2510/2611/7 2511/2612/7 2491/2592/7
f 2511/2612/7 2512/2345/7 2492/2344/7
f 65/2613/7 2513/2614/7 2493/2594/7
f 2513/2614/7 2514/2615/7 2494/2595/7
f 2514/2615/7 2515/2616/7 2495/2596/7
f 2515/2616/7 2516/2617/7 2496/2597/7
f 2516/2617/7 2517/2618/7 2497/2598/7
f 2517/2618/7 2518/2619/7 2498/2599/7
f 2518/2619/7 2519/2620/7 2499/2600/7
f 2519/2620/7 2520/2621/7 2500/2601/7
f 2520/2621/7 2521/2622/7 2501/2602/7
f 2521/2622/7 2522/2623/7 2502/2603/7
f 2522/2623/7 2523/2624/7 2503/2604/7
f 2523/2624/7 2524/2625/7 2504/2605/7
f 2524/2625/7 2525/2626/7 2505/2606/7
f 2525/2626/7 2526/2627/7 2506/2607/7
f 2526/2627/7 2527/2628/7 2507/2608/7
f 2527/2628/7 2528/2629/7 2508/2609/7
f 2528/2629/7 2529/2630/7 2509/2610/7
f 2529/2630/7 2530/2631/7 2510/2611/7
f 2530/2631/7 2531/2632/7 2511/2612/7
f 2531/2632/7 2532/2346/7 2512/2345/7
f 66/2633/7 2533/2634/7 2513/2614/7
f 2533/2634/7 2534/2635/7 2514/2615/7
f 2534/2635/7 2535/2636/7 2515/2616/7
f 2535/2636/7 2536/2637/7 2516/2617/7
f 2536/2637/7 2537/2638/7 2517/2618/7
f 2537/2638/7 2538/2639/7 2518/2619/7
f 2538/2639/7 2539/2640/7 2519/2620/7
f 2539/2640/7 2540/2641/7 2520/2621/7
f 2540/2641/7 2541/2642/7 2521/2622/7
f 2541/2642/7 2542/2643/7 2522/2623/7
f 2542/2643/7 2543/2644/7 2523/2624/7
f 2543/2644/7 2544/2645/7 2524/2625/7
f 2544/2645/7 2545/2646/7 2525/2626/7
f 2545/2646/7 2546/2647/7 2526/2627/7
f 2546/2647/7 2547/2648/7 2527/2628/7
f 2547/2648/7 2548/2649/7 2528/2629/7
f 2548/2649/7 2549/2650/7 2529/2630/7
f 2549/2650/7 2550/2651/7 2530/2631/7
f 2550/2651/7 2551/2652/7 2531/2632/7
f 2551/2652/7 2552/2347/7 2532/2346/7
f 67/2653/7 2553/2654/7 2533/2634/7
f 2553/2654/7 2554/2655/7 2534/2635/7
f 2554/2655/7 2555/2656/7 2535/2636/7
f 2555/2656/7 2556/2657/7 2536/2637/7
f 2556/2657/7 2557/2658/7 2537/2638/7
f 2557/2658/7 2558/2659/7 2538/2639/7
f 2558/2659/7 2559/2660/7 2539/2640/7
f 2559/2660/7 2560/2661/7 2540/2641/7
f 2560/2661/7 2561/2662/7 2541/2642/7
f 2561/2662/7 2562/2663/7 2542/2643/7
f 2562/2663/7 2563/2664/7 2543/2644/7
f 2563/2664/7 2564/2665/7 2544/2645/7
f 2564/2665/7 2565/2666/7 2545/2646/7
f 2565/2666/7 2566/2667/7 2546/2647/7
f 2566/2667/7 2567/2668/7 2547/2648/7
f 2567/2668/7 2568/2669/7 2548/2649/7
f 2568/2669/7 2569/2670/7 2549/2650/7
f 2569/2670/7 2570/2671/7 2550/2651/7
f 2570/2671/7 2571/2672/7 2551/2652/7
f 2571/2672/7 2572/2348/7 2552/2347/7
f 68/2673/7 2573/2674/7 2553/2654/7
f 2573/2674/7 2574/2675/7 2554/2655/7
f 2574/2675/7 2575/2676/7 2555/2656/7
f 2575/2676/7 2576/2677/7 2556/2657/7
f 2576/2677/7 2577/2678/7 2557/2658/7
f 2577/2678/7 2578/2679/7 2558/2659/7
f 2578/2679/7 2579/2680/7 2559/2660/7
f 2579/2680/7 2580/2681/7 2560/2661/7
f 2580/2681/7 2581/2682/7 2561/2662/7
f 2581/2682/7 2582/2683/7 2562/2663/7
f 2582/2683/7 2583/2684/7 2563/2664/7
f 2583/2684/7 2584/2685/7 2564/2665/7
f 2584/2685/7 2585/2686/7 2565/2666/7
f 2585/2686/7 2586/2687/7 2566/2667/7
f 2586/2687/7 2587/2688/7 2567/2668/7
f 2587/2688/7 2588/2689/7 2568/2669/7
f 2588/2689/7 2589/2690/7 2569/2670/7
f 2589/2690/7 2590/2691/7 2570/2671/7
f 2590/2691/7 2591/2692/7 2571/2672/7
f 2591/2692/7 2592/2349/7 2572/2348/7
f 69/2693/7 2593/2694/7 2573/2674/7
f 2593/2694/7 2594/2695/7 2574/2675/7
f 2594/2695/7 2595/2696/7 2575/2676/7
f 2595/2696/7 2596/2697/7 2576/2677/7
f 2596/2697/7 2597/2698/7 2577/2678/7
f 2597/2698/7 2598/2699/7 2578/2679/7
f 2598/2699/7 2599/2700/7 2579/2680/7
f 2599/2700/7 2600/2701/7 2580/2681/7
f 2600/2701/7 2601/2702/7 2581/2682/7
f 2601/2702/7 2602/2703/7 2582/2683/7
f 2602/2703/7 2603/2704/7 2583/2684/7
f 2603/2704/7 2604/2705/7 2584/2685/7
f 2604/2705/7 2605/2706/7 2585/2686/7
f 2605/2706/7 2606/2707/7 2586/2687/7
f 2606/2707/7 2607/2708/7 2587/2688/7
f 2607/2708/7 2608/2709/7 2588/2689/7
f 2608/2709/7 2609/2710/7 2589/2690/7
f 2609/2710/7 2610/2711/7 2590/2691/7
f 2610/2711/7 2611/2712/7 2591/2692/7
f 2611/2712/7 2612/2350/7 2592/2349/7
f 70/2713/7 2613/2714/7 2593/2694/7
f 2613/2714/7 2614/2715/7 2594/2695/7
f 2614/2715/7 2615/2716/7 2595/2696/7
f 2615/2716/7 2616/2717/7 2596/2697/7
f 2616/2717/7 2617/2718/7 2597/2698/7
f 2617/2718/7 2618/2719/7 2598/2699/7
f 2618/2719/7 2619/2720/7 2599/2700/7
f 2619/2720/7 2620/2721/7 2600/2701/7
f 2620/2721/7 2621/2722/7 2601/2702/7
f 2621/2722/7 2622/2723/7 2602/2703/7
f 2622/2723/7 2623/2724/7 2603/2704/7
f 2623/2724/7 2624/2725/7 2604/2705/7
f 2624/2725/7 2625/2726/7 2605/2706/7
f 2625/2726/7 2626/2727/7 2606/2707/7
f 2626/2727/7 2627/2728/7 2607/2708/7
f 2627/2728/7 2628/2729/7 2608/2709/7
f 2628/2729/7 2629/2730/7 2609/2710/7
f 2629/2730/7 2630/2731/7 2610/2711/7
f 2630/2731/7 2631/2732/7 2611/2712/7
f 2631/2732/7 2632/2351/7 2612/2350/7
f 71/2733/7 2633/2734/7 2613/2714/7
f 2633/2734/7 2634/2735/7 2614/2715/7
f 2634/2735/7 2635/2736/7 2615/2716/7
f 2635/2736/7 2636/2737/7 2616/2717/7
f 2636/2737/7 2637/2738/7 2617/2718/7
f 2637/2738/7 2638/2739/7 2618/2719/7
f 2638/2739/7 2639/2740/7 2619/2720/7
f 2639/2740/7 2640/2741/7 2620/2721/7
f 2640/2741/7 2641/2742/7 2621/2722/7
f 2641/2742/7 2642/2743/7 2622/2723/7
f 2642/2743/7 2643/2744/7 2623/2724/7
f 2643/2744/7 2644/2745/7 2624/2725/7
f 2644/2745/7 2645/2746/7 2625/2726/7
f 2645/2746/7 2646/2747/7 2626/2727/7
f 2646/2747/7 2647/2748/7 2627/2728/7
f 2647/2748/7 2648/2749/7 2628/2729/7
f 2648/2749/7 2649/2750/7 2629/2730/7
f 2649/2750/7 2650/2751/7 2630/2731/7
f 2650/2751/7 2651/2752/7 2631/2732/7
f 2651/2752/7 2652/2352/7 2632/2351/7
f 72/2753/7 2653/2754/7 2633/2734/7
f 2653/2754/7 2654/2755/7 2634/2735/7
f 2654/2755/7 2655/2756/7 2635/2736/7
f 2655/2756/7 2656/2757/7 2636/2737/7
f 2656/2757/7 2657/2758/7 2637/2738/7
f 2657/2758/7 2658/2759/7 2638/2739/7
f 2658/2759/7 2659/2760/7 2639/2740/7
f 2659/2760/7 2660/2761/7 2640/2741/7
f 2660/2761/7 2661/2762/7 2641/2742/7
f 2661/2762/7 2662/2763/7 2642/2743/7
f 2662/2763/7 2663/2764/7 2643/2744/7
f 2663/2764/7 2664/2765/7 2644/2745/7
f 2664/2765/7 2665/2766/7 2645/2746/7
f 2665/2766/7 2666/2767/7 2646/2747/7
f 2666/2767/7 2667/2768/7 2647/2748/7
f 2667/2768/7 2668/2769/7 2648/2749/7
f 2668/2769/7 2669/2770/7 2649/2750/7
f 2669/2770/7 2670/2771/7 2650/2751/7
f 2670/2771/7 2671/2772/7 2651/2752/7
f 2671/2772/7 2672/3/7 2652/2352/7
f 26/2773/7 73/2774/7 2653/2754/7
f 73/2774/7 74/2775/7 2654/2755/7
f 74/2775/7 75/2776/7 2655/2756/7
f 75/2776/7 76/2777/7 2656/2757/7
f 76/2777/7 77/2778/7 2657/2758/7
f 77/2778/7 78/2779/7 2658/2759/7
f 78/2779/7 79/2780/7 2659/2760/7
f 79/2780/7 80/2781/7 2660/2761/7
f 80/2781/7 81/2782/7 2661/2762/7
f 81/2782/7 82/2783/7 2662/2763/7
f 82/2783/7 83/2784/7 2663/2764/7
f 83/2784/7 84/2785/7 2664/2765/7
f 84/2785/7 85/2786/7 2665/2766/7
f 85/2786/7 86/2787/7 2666/2767/7
f 86/2787/7 87/2788/7 2667/2768/7
f 87/2788/7 88/2789/7 2668/2769/7
f 88/2789/7 89/2790/7 2669/2770/7
f 89/2790/7 90/2791/7 2670/2771/7
f 90/2791/7 91/2792/7 2671/2772/7
f 91/2792/7 92/1/7 2672/3/7
o short_box
v -0.446306 -1.000000 0.489011
v -0.446306 -0.700000 0.489011
v -0.539011 -1.000000 0.203694
v -0.539011 -0.700000 0.203694
v -0.160989 -1.000000 0.396306
v -0.160989 -0.700000 0.396306
v -0.253694 -1.000000 0.110989
v -0.253694 -0.700000 0.110989
v -0.534597 -1.000000 0.217281
v -0.530182 -1.000000 0.230867
v -0.525767 -1.000000 0.244454
v -0.521353 -1.000000 0.258040
v -0.516938 -1.000000 0.271627
v -0.512524 -1.000000 0.285213
v -0.508109 -1.000000 0.298800
v -0.503695 -1.000000 0.312386
v -0.499280 -1.000000 0.325973
v -0.494866 -1.000000 0.339559
v -0.490451 -1.000000 0.353146
v -0.486037 -1.000000 0.366732
v -0.481622 -1.000000 0.380319
v -0.477208 -1.000000 0.393905
v -0.472793 -1.000000 0.407492
v -0.468379 -1.000000 0.421078
v -0.463964 -1.000000 0.434665
v -0.459550 -1.000000 0.448251
v -0.455135 -1.000000 0.461838
v -0.450720 -1.000000 0.475425
v -0.446306 -0.985714 0.489011
v -0.446306 -0.971429 0.489011
v -0.446306 -0.957143 0.489011
v -0.446306 -0.942857 0.489011
v -0.446306 -0.928571 0.489011
v -0.446306 -0.914286 0.489011
v -0.446306 -0.900000 0.489011
v -0.446306 -0.885714 0.489011
v -0.446306 -0.871429 0.489011
v -0.446306 -0.857143 0.489011
v -0.446306 -0.842857 0.489011
v -0.446306 -0.828571 0.489011
v -0.446306 -0.814286 0.489011
v -0.446306 -0.800000 0.489011
v -0.446306 -0.785714 0.489011
v -0.446306 -0.771429 0.489011
v -0.446306 -0.757143 0.489011
v -0.446306 -0.742857 0.489011
v -0.446306 -0.728571 0.489011
v -0.446306 -0.714286 0.489011
v -0.450720 -0.700000 0.475425
v -0.455135 -0.700000 0.461838
v -0.459550 -0.700000 0.448251
v -0.463964 -0.700000 0.434665
v -0.468379 -0.700000 0.421078
v -0.472793 -0.700000 0.407492
v -0.477208 -0.700000 0.393905
v -0.481622 -0.700000 0.380319
v -0.486037 -0.700000 0.366732
v -0.490451 -0.700000 0.353146
v -0.494866 -0.700000 0.339559
v -0.499280 -0.700000 0.325973
v -0.503695 -0.700000 0.312386
v -0.508109 -0.700000 0.298800
v -0.512524 -0.700000 0.285213
v -0.516938 -0.700000 0.271627
v -0.521353 -0.700000 0.258040
v -0.525767 -0.700000 0.244454
v -0.530182 -0.700000 0.230867
v -0.534597 -0.700000 0.217281
v -0.539011 -0.714286 0.203694
v -0.539011 -0.728571 0.203694
v -0.539011 -0.742857 0.203694
v -0.539011 -0.757143 0.203694
v -0.539011 -0.771429 0.203694
v -0.539011 -0.785714 0.203694
v -0.539011 -0.800000 0.203694
v -0.539011 -0.814286 0.203694
v -0.539011 -0.828571 0.203694
v -0.539011 -0.842857 0.203694
v -0.539011 -0.857143 0.203694
v -0.539011 -0.871429 0.203694
v -0.539011 -0.885714 0.203694
v -0.539011 -0.900000 0.203694
v -0.539011 -0.914286 0.203694
v -0.539011 -0.928571 0.203694
v -0.539011 -0.942857 0.203694
v -0.539011 -0.957143 0.203694
v -0.539011 -0.971429 0.203694
v -0.539011 -0.985714 0.203694
v -0.267281 -1.000000 0.115404
v -0.280867 -1.000000 0.119818
v -0.294454 -1.000000 0.124233
v -0.308040 -1.000000 0.128647
v -0.321627 -1.000000 0.133062
v -0.335213 -1.000000 0.137476
v -0.348800 -1.000000 0.141891
v -0.362386 -1.000000 0.146305
v -0.375973 -1.000000 0.150720
v -0.389559 -1.000000 0.155134
v -0.403146 -1.000000 0.159549
v -0.416732 -1.000000 0.163963
v -0.430319 -1.000000 0.168378
v -0.443905 -1.000000 0.172792
v -0.457492 -1.000000 0.177207
v -0.471078 -1.000000 0.181621
v -0.484665 -1.000000 0.186036
v -0.498251 -1.000000 0.190450
v -0.511838 -1.000000 0.194865
v -0.525424 -1.000000 0.199280
v -0.525424 -0.700000 0.199280
v -0.511838 -0.700000 0.194865
v -0.498251 -0.700000 0.190450
v -0.484665 -0.700000 0.186036
v -0.471078 -0.700000 0.181621
v -0.457492 -0.700000 0.177207
v -0.443905 -0.700000 0.172792
v -0.430319 -0.700000 0.168378
v -0.416732 -0.700000 0.163963
v -0.403146 -0.700000 0.159549
v -0.389559 -0.700000 0.155134
v -0.375973 -0.700000 0.150720
v -0.362386 -0.700000 0.146305
v -0.348800 -0.700000 0.141891
v -0.335213 -0.700000 0.137476
v -0.321627 -0.700000 0.133062
v -0.308040 -0.700000 0.128647
v -0.294454 -0.700000 0.124233
v -0.280867 -0.700000 0.119818
v -0.267281 -0.700000 0.115404
v -0.253694 -0.714286 0.110989
v -0.253694 -0.728571 0.110989
v -0.253694 -0.742857 0.110989
v -0.253694 -0.757143 0.110989
v -0.253694 -0.771429 0.110989
v -0.253694 -0.785714 0.110989
v -0.253694 -0.800000 0.110989
v -0.253694 -0.814286 0.110989
v -0.253694 -0.828571 0.110989
v -0.253694 -0.842857 0.110989
v -0.253694 -0.857143 0.110989
v -0.253694 -0.871429 0.110989
v -0.253694 -0.885714 0.110989
v -0.253694 -0.900000 0.110989
v -0.253694 -0.914286 0.110989
v -0.253694 -0.928571 0.110989
v -0.253694 -0.942857 0.110989
v -0.253694 -0.957143 0.110989
v -0.253694 -0.971429 0.110989
v -0.253694 -0.985714 0.110989
v -0.165403 -1.000000 0.382719
v -0.169818 -1.000000 0.369133
v -0.174233 -1.000000 0.355546
v -0.178647 -1.000000 0.341960
v -0.183062 -1.000000 0.328373
v -0.187476 -1.000000 0.314787
v -0.191891 -1.000000 0.301200
v -0.196305 -1.000000 0.287614
v -0.200720 -1.000000 0.274027
v -0.205134 -1.000000 0.260441
v -0.209549 -1.000000 0.246854
v -0.213963 -1.000000 0.233268
v -0.218378 -1.000000 0.219681
v -0.222792 -1.000000 0.206095
v -0.227207 -1.000000 0.192508
v -0.231621 -1.000000 0.178922
v -0.236036 -1.000000 0.165335
v -0.240450 -1.000000 0.151749
v -0.244865 -1.000000 0.138162
v -0.249280 -1.000000 0.124575
v -0.249280 -0.700000 0.124575
v -0.244865 -0.700000 0.138162
v -0.240450 -0.700000 0.151749
v -0.236036 -0.700000 0.165335
v -0.231621 -0.700000 0.178922
v -0.227207 -0.700000 0.192508
v -0.222792 -0.700000 0.206095
v -0.218378 -0.700000 0.219681
v -0.213963 -0.700000 0.233268
v -0.209549 -0.700000 0.246854
v -0.205134 -0.700000 0.260441
v -0.200720 -0.700000 0.274027
v -0.196305 -0.700000 0.287614
v -0.191891 -0.700000 0.301200
v -0.187476 -0.700000 0.314787
v -0.183062 -0.700000 0.328373
v -0.178647 -0.700000 0.341960
v -0.174233 -0.700000 0.355546
v -0.169818 -0.700000 0.369133
v -0.165403 -0.700000 0.382719
v -0.160989 -0.714286 0.396306
v -0.160989 -0.728571 0.396306
v -0.160989 -0.742857 0.396306
v -0.160989 -0.757143 0.396306
v -0.160989 -0.771429 0.396306
v -0.160989 -0.785714 0.396306
v -0.160989 -0.800000 0.396306
v -0.160989 -0.814286 0.396306
v -0.160989 -0.828571 0.396306
v -0.160989 -0.842857 0.396306
v -0.160989 -0.857143 0.396306
v -0.160989 -0.871429 0.396306
v -0.160989 -0.885714 0.396306
v -0.160989 -0.900000 0.396306
v -0.160989 -0.914286 0.396306
v -0.160989 -0.928571 0.396306
v -0.160989 -0.942857 0.396306
v -0.160989 -0.957143 0.396306
v -0.160989 -0.971429 0.396306
v -0.160989 -0.985714 0.396306
v -0.432719 -1.000000 0.484597
v -0.419133 -1.000000 0.480182
v -0.405546 -1.000000 0.475767
v -0.391960 -1.000000 0.471353
v -0.378373 -1.000000 0.466938
v -0.364787 -1.000000 0.462524
v -0.351200 -1.000000 0.458109
v -0.337614 -1.000000 0.453695
v -0.324027 -1.000000 0.449280
v -0.310441 -1.000000 0.444866
v -0.296854 -1.000000 0.440451
v -0.283268 -1.000000 0.436037
v -0.269681 -1.000000 0.431622
v -0.256095 -1.000000 0.427208
v -0.242508 -1.000000 0.422793
v -0.228922 -1.000000 0.418379
v -0.215335 -1.000000 0.413964
v -0.201749 -1.000000 0.409550
v -0.188162 -1.000000 0.405135
v -0.174575 -1.000000 0.400720
v -0.174575 -0.700000 0.400720
v -0.188162 -0.700000 0.405135
v -0.201749 -0.700000 0.409550
v -0.215335 -0.700000 0.413964
v -0.228922 -0.700000 0.418379
v -0.242508 -0.700000 0.422793
v -0.256095 -0.700000 0.427208
v -0.269681 -0.700000 0.431622
v -0.283268 -0.700000 0.436037
v -0.296854 -0.700000 0.440451
v -0.310441 -0.700000 0.444866
v -0.324027 -0.700000 0.449280
v -0.337614 -0.700000 0.453695
v -0.351200 -0.700000 0.458109
v -0.364787 -0.700000 0.462524
v -0.378373 -0.700000 0.466938
v -0.391960 -0.700000 0.471353
v -0.405546 -0.700000 0.475767
v -0.419133 -0.700000 0.480182
v -0.432719 -0.700000 0.484597
v -0.262866 -0.700000 0.128990
v -0.258452 -0.700000 0.142577
v -0.254037 -0.700000 0.156163
v -0.249622 -0.700000 0.169750
v -0.245208 -0.700000 0.183336
v -0.240793 -0.700000 0.196923
v -0.236379 -0.700000 0.210509
v -0.231964 -0.700000 0.224096
v -0.227550 -0.700000 0.237682
v -0.223135 -0.700000 0.251269
v -0.218721 -0.700000 0.264855
v -0.214306 -0.700000 0.278442
v -0.209892 -0.700000 0.292028
v -0.205477 -0.700000 0.305615
v -0.201063 -0.700000 0.319201
v -0.196648 -0.700000 0.332788
v -0.192234 -0.700000 0.346374
v -0.187819 -0.700000 0.359961
v -0.183405 -0.700000 0.373547
v -0.178990 -0.700000 0.387134
v -0.276453 -0.700000 0.133405
v -0.272038 -0.700000 0.146991
v -0.267624 -0.700000 0.160578
v -0.263209 -0.700000 0.174164
v -0.258794 -0.700000 0.187751
v -0.254380 -0.700000 0.201337
v -0.249965 -0.700000 0.214924
v -0.245551 -0.700000 0.228510
v -0.241136 -0.700000 0.242097
v -0.236722 -0.700000 0.255683
v -0.232307 -0.700000 0.269270
v -0.227893 -0.700000 0.282856
v -0.223478 -0.700000 0.296443
v -0.219064 -0.700000 0.310029
v -0.214649 -0.700000 0.323616
v -0.210235 -0.700000 0.337202
v -0.205820 -0.700000 0.350789
v -0.201406 -0.700000 0.364375
v -0.196991 -0.700000 0.377962
v -0.192577 -0.700000 0.391548
v -0.290039 -0.700000 0.137819
v -0.285625 -0.700000 0.151406
v -0.281210 -0.700000 0.164992
v -0.276796 -0.700000 0.178579
v -0.272381 -0.700000 0.192165
v -0.267966 -0.700000 0.205752
v -0.263552 -0.700000 0.219338
v -0.259137 -0.700000 0.232925
v -0.254723 -0.700000 0.246511
v -0.250308 -0.700000 0.260098
v -0.245894 -0.700000 0.273684
v -0.241479 -0.700000 0.287271
v -0.237065 -0.700000 0.300857
v -0.232650 -0.700000 0.314444
v -0.228236 -0.700000 0.328030
v -0.223821 -0.700000 0.341617
v -0.219407 -0.700000 0.355203
v -0.214992 -0.700000 0.368790
v -0.210578 -0.700000 0.382376
v -0.206163 -0.700000 0.395963
v -0.303626 -0.700000 0.142234
v -0.299211 -0.700000 0.155820
v -0.294797 -0.700000 0.169407
v -0.290382 -0.700000 0.182993
v -0.285967 -0.700000 0.196580
v -0.281553 -0.700000 0.210166
v -0.277138 -0.700000 0.223753
v -0.272724 -0.700000 0.237339
v -0.268309 -0.700000 0.250926
v -0.263895 -0.700000 0.264512
v -0.259480 -0.700000 0.278099
v -0.255066 -0.700000 0.291685
v -0.250651 -0.700000 0.305272
v -0.246237 -0.700000 0.318858
v -0.241822 -0.700000 0.332445
v -0.237408 -0.700000 0.346031
v -0.232993 -0.700000 0.359618
v -0.228579 -0.700000 0.373204
v -0.224164 -0.700000 0.386791
v -0.219750 -0.700000 0.400378
v -0.317212 -0.700000 0.146648
v -0.312798 -0.700000 0.160235
v -0.308383 -0.700000 0.173821
v -0.303969 -0.700000 0.187408
v -0.299554 -0.700000 0.200994
v -0.295139 -0.700000 0.214581
v -0.290725 -0.700000 0.228167
v -0.286310 -0.700000 0.241754
v -0.281896 -0.700000 0.255340
v -0.277481 -0.700000 0.268927
v -0.273067 -0.700000 0.282513
v -0.268652 -0.700000 0.296100
v -0.264238 -0.700000 0.309686
v -0.259823 -0.700000 0.323273
v -0.255409 -0.700000 0.336859
v -0.250994 -0.700000 0.350446
v -0.246580 -0.700000 0.364033
v -0.242165 -0.700000 0.377619
v -0.237751 -0.700000 0.391206
v -0.233336 -0.700000 0.404792
v -0.330799 -0.700000 0.151063
v -0.326384 -0.700000 0.164649
v -0.321970 -0.700000 0.178236
v -0.317555 -0.700000 0.191822
v -0.313141 -0.700000 0.205409
v -0.308726 -0.700000 0.218995
v -0.304311 -0.700000 0.232582
v -0.299897 -0.700000 0.246168
v -0.295482 -0.700000 0.259755
v -0.291068 -0.700000 0.273341
v -0.286653 -0.700000 0.286928
v -0.282239 -0.700000 0.300514
v -0.277824 -0.700000 0.314101
v -0.273410 -0.700000 0.327687
v -0.268995 -0.700000 0.341274
v -0.264581 -0.700000 0.354861
v -0.260166 -0.700000 0.368447
v -0.255752 -0.700000 0.382034
v -0.251337 -0.700000 0.395620
v -0.246923 -0.700000 0.409207
v -0.344385 -0.700000 0.155477
v -0.339971 -0.700000 0.169064
v -0.335556 -0.700000 0.182650
v -0.331142 -0.700000 0.196237
v -0.326727 -0.700000 0.209823
v -0.322313 -0.700000 0.223410
v -0.317898 -0.700000 0.236996
v -0.313483 -0.700000 0.250583
v -0.309069 -0.700000 0.264169
v -0.304654 -0.700000 0.277756
v -0.300240 -0.700000 0.291342
v -0.295825 -0.700000 0.304929
v -0.291411 -0.700000 0.318515
v -0.286996 -0.700000 0.332102
v -0.282582 -0.700000 0.345689
v -0.278167 -0.700000 0.359275
v -0.273753 -0.700000 0.372862
v -0.269338 -0.700000 0.386448
v -0.264924 -0.700000 0.400035
v -0.260509 -0.700000 0.413621
v -0.357972 -0.700000 0.159892
v -0.353557 -0.700000 0.173478
v -0.349143 -0.700000 0.187065
v -0.344728 -0.700000 0.200651
v -0.340314 -0.700000 0.214238
v -0.335899 -0.700000 0.227824
v -0.331485 -0.700000 0.241411
v -0.327070 -0.700000 0.254997
v -0.322655 -0.700000 0.268584
v -0.318241 -0.700000 0.282170
v -0.313826 -0.700000 0.295757
v -0.309412 -0.700000 0.309343
v -0.304997 -0.700000 0.322930
v -0.300583 -0.700000 0.336517
v -0.296168 -0.700000 0.350103
v -0.291754 -0.700000 0.363690
v -0.287339 -0.700000 0.377276
v -0.282925 -0.700000 0.390863
v -0.278510 -0.700000 0.404449
v -0.274096 -0.700000 0.418036
v -0.371558 -0.700000 0.164306
v -0.367144 -0.700000 0.177893
v -0.362729 -0.700000 0.191479
v -0.358315 -0.700000 0.205066
v -0.353900 -0.700000 0.218652
v -0.349486 -0.700000 0.232239
v -0.345071 -0.700000 0.245825
v -0.340657 -0.700000 0.259412
v -0.336242 -0.700000 0.272998
v -0.331827 -0.700000 0.286585
v -0.327413 -0.700000 0.300171
v -0.322998 -0.700000 0.313758
v -0.318584 -0.700000 0.327345
v -0.314169 -0.700000 0.340931
v -0.309755 -0.700000 0.354518
v -0.305340 -0.700000 0.368104
v -0.300926 -0.700000 0.381691
v -0.296511 -0.700000 0.395277
v -0.292097 -0.700000 0.408864
v -0.287682 -0.700000 0.422450
v -0.385145 -0.700000 0.168721
v -0.380730 -0.700000 0.182307
v -0.376316 -0.700000 0.195894
v -0.371901 -0.700000 0.209480
v -0.367487 -0.700000 0.223067
v -0.363072 -0.700000 0.236653
v -0.358658 -0.700000 0.250240
v -0.354243 -0.700000 0.263826
v -0.349829 -0.700000 0.277413
v -0.345414 -0.700000 0.290999
v -0.340999 -0.700000 0.304586
v -0.336585 -0.700000 0.318173
v -0.332170 -0.700000 0.331759
v -0.327756 -0.700000 0.345346
v -0.323341 -0.700000 0.358932
v -0.318927 -0.700000 0.372519
v -0.314512 -0.700000 0.386105
v -0.310098 -0.700000 0.399692
v -0.305683 -0.700000 0.413278
v -0.301269 -0.700000 0.426865
v -0.398731 -0.700000 0.173135
v -0.394317 -0.700000 0.186722
v -0.389902 -0.700000 0.200308
v -0.385488 -0.700000 0.213895
v -0.381073 -0.700000 0.227481
v -0.376659 -0.700000 0.241068
v -0.372244 -0.700000 0.254654
v -0.367830 -0.700000 0.268241
v -0.363415 -0.700000 0.281827
v -0.359001 -0.700000 0.295414
v -0.354586 -0.700000 0.309001
v -0.350171 -0.700000 0.322587
v -0.345757 -0.700000 0.336174
v -0.341342 -0.700000 0.349760
v -0.336928 -0.700000 0.363347
v -0.332513 -0.700000 0.376933
v -0.328099 -0.700000 0.390520
v -0.323684 -0.700000 0.404106
v -0.319270 -0.700000 0.417693
v -0.314855 -0.700000 0.431279
v -0.412318 -0.700000 0.177550
v -0.407903 -0.700000 0.191136
v -0.403489 -0.700000 0.204723
v -0.399074 -0.700000 0.218309
v -0.394660 -0.700000 0.231896
v -0.390245 -0.700000 0.245482
v -0.385831 -0.700000 0.259069
v -0.381416 -0.700000 0.272655
v -0.377002 -0.700000 0.286242
v -0.372587 -0.700000 0.299829
v -0.368173 -0.700000 0.313415
v -0.363758 -0.700000 0.327002
v -0.359343 -0.700000 0.340588
v -0.354929 -0.700000 0.354175
v -0.350514 -0.700000 0.367761
v -0.346100 -0.700000 0.381348
v -0.341685 -0.700000 0.394934
v -0.337271 -0.700000 0.408521
v -0.332856 -0.700000 0.422107
v -0.328442 -0.700000 0.435694
v -0.425904 -0.700000 0.181964
v -0.421490 -0.700000 0.195551
v -0.417075 -0.700000 0.209137
v -0.412661 -0.700000 0.222724
v -0.408246 -0.700000 0.236310
v -0.403832 -0.700000 0.249897
v -0.399417 -0.700000 0.263483
v -0.395003 -0.700000 0.277070
v -0.390588 -0.700000 0.290657
v -0.386174 -0.700000 0.304243
v -0.381759 -0.700000 0.317830
v -0.377345 -0.700000 0.331416
v -0.372930 -0.700000 0.345003
v -0.368515 -0.700000 0.358589
v -0.364101 -0.700000 0.372176
v -0.359686 -0.700000 0.385762
v -0.355272 -0.700000 0.399349
v -0.350857 -0.700000 0.412935
v -0.346443 -0.700000 0.426522
v -0.342028 -0.700000 0.440108
v -0.439491 -0.700000 0.186379
v -0.435076 -0.700000 0.199965
v -0.430662 -0.700000 0.213552
v -0.426247 -0.700000 0.227138
v -0.421833 -0.700000 0.240725
v -0.417418 -0.700000 0.254312
v -0.413004 -0.700000 0.267898
v -0.408589 -0.700000 0.281485
v -0.404175 -0.700000 0.295071
v -0.399760 -0.700000 0.308658
v -0.395346 -0.700000 0.322244
v -0.390931 -0.700000 0.335831
v -0.386517 -0.700000 0.349417
v -0.382102 -0.700000 0.363004
v -0.377687 -0.700000 0.376590
v -0.373273 -0.700000 0.390177
v -0.368858 -0.700000 0.403763
v -0.364444 -0.700000 0.417350
v -0.360029 -0.700000 0.430936
v -0.355615 -0.700000 0.444523
v -0.453077 -0.700000 0.190793
v -0.448663 -0.700000 0.204380
v -0.444248 -0.700000 0.217966
v -0.439834 -0.700000 0.231553
v -0.435419 -0.700000 0.245140
v -0.431005 -0.700000 0.258726
v -0.426590 -0.700000 0.272313
v -0.422176 -0.700000 0.285899
v -0.417761 -0.700000 0.299486
v -0.413347 -0.700000 0.313072
v -0.408932 -0.700000 0.326659
v -0.404518 -0.700000 0.340245
v -0.400103 -0.700000 0.353832
v -0.395689 -0.700000 0.367418
v -0.391274 -0.700000 0.381005
v -0.386859 -0.700000 0.394591
v -0.382445 -0.700000 0.408178
v -0.378030 -0.700000 0.421764
v -0.373616 -0.700000 0.435351
v -0.369201 -0.700000 0.448937
v -0.466664 -0.700000 0.195208
v -0.462249 -0.700000 0.208794
v -0.457835 -0.700000 0.222381
v -0.453420 -0.700000 0.235968
v -0.449006 -0.700000 0.249554
v -0.444591 -0.700000 0.263141
v -0.440177 -0.700000 0.276727
v -0.435762 -0.700000 0.290314
v -0.431348 -0.700000 0.303900
v -0.426933 -0.700000 0.317487
v -0.422519 -0.700000 0.331073
v -0.418104 -0.700000 0.344660
v -0.413690 -0.700000 0.358246
v -0.409275 -0.700000 0.371833
v -0.404860 -0.700000 0.385419
v -0.400446 -0.700000 0.399006
v -0.396031 -0.700000 0.412592
v -0.391617 -0.700000 0.426179
v -0.387202 -0.700000 0.439765
v -0.382788 -0.700000 0.453352
v -0.480250 -0.700000 0.199622
v -0.475836 -0.700000 0.213209
v -0.471421 -0.700000 0.226796
v -0.467007 -0.700000 0.240382
v -0.462592 -0.700000 0.253969
v -0.458178 -0.700000 0.267555
v -0.453763 -0.700000 0.281142
v -0.449349 -0.700000 0.294728
v -0.444934 -0.700000 0.308315
v -0.440520 -0.700000 0.321901
v -0.436105 -0.700000 0.335488
v -0.431691 -0.700000 0.349074
v -0.427276 -0.700000 0.362661
v -0.422862 -0.700000 0.376247
v -0.418447 -0.700000 0.389834
v -0.414032 -0.700000 0.403420
v -0.409618 -0.700000 0.417007
v -0.405203 -0.700000 0.430593
v -0.400789 -0.700000 0.444180
v -0.396374 -0.700000 0.457766
v -0.493837 -0.700000 0.204037
v -0.489422 -0.700000 0.217624
v -0.485008 -0.700000 0.231210
v -0.480593 -0.700000 0.244797
v -0.476179 -0.700000 0.258383
v -0.471764 -0.700000 0.271970
v -0.467350 -0.700000 0.285556
v -0.462935 -0.700000 0.299143
v -0.458521 -0.700000 0.312729
v -0.454106 -0.700000 0.326316
v -0.449692 -0.700000 0.339902
v -0.445277 -0.700000 0.353489
v -0.440863 -0.700000 0.367075
v -0.436448 -0.700000 0.380662
v -0.432034 -0.700000 0.394248
v -0.427619 -0.700000 0.407835
v -0.423204 -0.700000 0.421421
v -0.418790 -0.700000 0.435008
v -0.414375 -0.700000 0.448594
v -0.409961 -0.700000 0.462181
v -0.507423 -0.700000 0.208452
v -0.503009 -0.700000 0.222038
v -0.498594 -0.700000 0.235625
v -0.494180 -0.700000 0.249211
v -0.489765 -0.700000 0.262798
v -0.485351 -0.700000 0.276384
v -0.480936 -0.700000 0.289971
v -0.476522 -0.700000 0.303557
v -0.472107 -0.700000 0.317144
v -0.467693 -0.700000 0.330730
v -0.463278 -0.700000 0.344317
v -0.458864 -0.700000 0.357903
v -0.454449 -0.700000 0.371490
v -0.450035 -0.700000 0.385076
v -0.445620 -0.700000 0.398663
v -0.441206 -0.700000 0.412249
v -0.436791 -0.700000 0.425836
v -0.432376 -0.700000 0.439422
v -0.427962 -0.700000 0.453009
v -0.423547 -0.700000 0.466595
v -0.521010 -0.700000 0.212866
v -0.516595 -0.700000 0.226453
v -0.512181 -0.700000 0.240039
v -0.507766 -0.700000 0.253626
v -0.503352 -0.700000 0.267212
v -0.498937 -0.700000 0.280799
v -0.494523 -0.700000 0.294385
v -0.490108 -0.700000 0.307972
v -0.485694 -0.700000 0.321558
v -0.481279 -0.700000 0.335145
v -0.476865 -0.700000 0.348731
v -0.472450 -0.700000 0.362318
v -0.468036 -0.700000 0.375904
v -0.463621 -0.700000 0.389491
v -0.459207 -0.700000 0.403077
v -0.454792 -0.700000 0.416664
v -0.450378 -0.700000 0.430250
v -0.445963 -0.700000 0.443837
v -0.441548 -0.700000 0.457423
v -0.437134 -0.700000 0.471010
v -0.521010 -1.000000 0.212866
v -0.516595 -1.000000 0.226453
v -0.512181 -1.000000 0.240039
v -0.507766 -1.000000 0.253626
v -0.503352 -1.000000 0.267212
v -0.498937 -1.000000 0.280799
v -0.494523 -1.000000 0.294385
v -0.490108 -1.000000 0.307972
v -0.485694 -1.000000 0.321558
v -0.481279 -1.000000 0.335145
v -0.476865 -1.000000 0.348731
v -0.472450 -1.000000 0.362318
v -0.468036 -1.000000 0.375904
v -0.463621 -1.000000 0.389491
v -0.459207 -1.000000 0.403077
v -0.454792 -1.000000 0.416664
v -0.450378 -1.000000 0.430250
v -0.445963 -1.000000 0.443837
v -0.441548 -1.000000 0.457423
v -0.437134 -1.000000 0.471010
v -0.507423 -1.000000 0.208452
v -0.503009 -1.000000 0.222038
v -0.498594 -1.000000 0.235625
v -0.494180 -1.000000 0.249211
v -0.489765 -1.000000 0.262798
v -0.485351 -1.000000 0.276384
v -0.480936 -1.000000 0.289971
v -0.476522 -1.000000 0.303557
v -0.472107 -1.000000 0.317144
v -0.467693 -1.000000 0.330730
v -0.463278 -1.000000 0.344317
v -0.458864 -1.000000 0.357903
v -0.454449 -1.000000 0.371490
v -0.450035 -1.000000 0.385076
v -0.445620 -1.000000 0.398663
v -0.441206 -1.000000 0.412249
v -0.436791 -1.000000 0.425836
v -0.432376 -1.000000 0.439422
v -0.427962 -1.000000 0.453009
v -0.423547 -1.000000 0.466595
v -0.493837 -1.000000 0.204037
v -0.489422 -1.000000 0.217624
v -0.485008 -1.000000 0.231210
v -0.480593 -1.000000 0.244797
v -0.476179 -1.000000 0.258383
v -0.471764 -1.000000 0.271970
v -0.467350 -1.000000 0.285556
v -0.462935 -1.000000 0.299143
v -0.458521 -1.000000 0.312729
v -0.454106 -1.000000 0.326316
v -0.449692 -1.000000 0.339902
v -0.445277 -1.000000 0.353489
v -0.440863 -1.000000 0.367075
v -0.436448 -1.000000 0.380662
v -0.432034 -1.000000 0.394248
v -0.427619 -1.000000 0.407835
v -0.423204 -1.000000 0.421421
v -0.418790 -1.000000 0.435008
v -0.414375 -1.000000 0.448594
v -0.409961 -1.000000 0.462181
v -0.480250 -1.000000 0.199622
v -0.475836 -1.000000 0.213209
v -0.471421 -1.000000 0.226796
v -0.467007 -1.000000 0.240382
v -0.462592 -1.000000 0.253969
v -0.458178 -1.000000 0.267555
v -0.453763 -1.000000 0.281142
v -0.449349 -1.000000 0.294728
v -0.444934 -1.000000 0.308315
v -0.440520 -1.000000 0.321901
v -0.436105 -1.000000 0.335488
v -0.431691 -1.000000 0.349074
v -0.427276 -1.000000 0.362661
v -0.422862 -1.000000 0.376247
v -0.418447 -1.000000 0.389834
v -0.414032 -1.000000 0.403420
v -0.409618 -1.000000 0.417007
v -0.405203 -1.000000 0.430593
v -0.400789 -1.000000 0.444180
v -0.396374 -1.000000 0.457766
v -0.466664 -1.000000 0.195208
v -0.462249 -1.000000 0.208794
v -0.457835 -1.000000 0.222381
v -0.453420 -1.000000 0.235968
v -0.449006 -1.000000 0.249554
v -0.444591 -1.000000 0.263141
v -0.440177 -1.000000 0.276727
v -0.435762 -1.000000 0.290314
v -0.431348 -1.000000 0.303900
v -0.426933 -1.000000 0.317487
v -0.422519 -1.000000 0.331073
v -0.418104 -1.000000 0.344660
v -0.413690 -1.000000 0.358246
v -0.409275 -1.000000 0.371833
v -0.404860 -1.000000 0.385419
v -0.400446 -1.000000 0.399006
v -0.396031 -1.000000 0.412592
v -0.391617 -1.000000 0.426179
v -0.387202 -1.000000 0.439765
v -0.382788 -1.000000 0.453352
v -0.453077 -1.000000 0.190793
v -0.448663 -1.000000 0.204380
v -0.444248 -1.000000 0.217966
v -0.439834 -1.000000 0.231553
v -0.435419 -1.000000 0.245140
v -0.431005 -1.000000 0.258726
v -0.426590 -1.000000 0.272313
v -0.422176 -1.000000 0.285899
v -0.417761 -1.000000 0.299486
v -0.413347 -1.000000 0.313072
v -0.408932 -1.000000 0.326659
v -0.404518 -1.000000 0.340245
v -0.400103 -1.000000 0.353832
v -0.395688 -1.000000 0.367418
v -0.391274 -1.000000 0.381005
v -0.386859 -1.000000 0.394591
v -0.382445 -1.000000 0.408178
v -0.378030 -1.000000 0.421764
v -0.373616 -1.000000 0.435351
v -0.369201 -1.000000 0.448937
v -0.439491 -1.000000 0.186379
v -0.435076 -1.000000 0.199965
v -0.430662 -1.000000 0.213552
v -0.426247 -1.000000 0.227138
v -0.421833 -1.000000 0.240725
v -0.417418 -1.000000 0.254312
v -0.413004 -1.000000 0.267898
v -0.408589 -1.000000 0.281485
v -0.404175 -1.000000 0.295071
v -0.399760 -1.000000 0.308658
v -0.395346 -1.000000 0.322244
v -0.390931 -1.000000 0.335831
v -0.386517 -1.000000 0.349417
v -0.382102 -1.000000 0.363004
v -0.377687 -1.000000 0.376590
v -0.373273 -1.000000 0.390177
v -0.368858 -1.000000 0.403763
v -0.364444 -1.000000 0.417350
v -0.360029 -1.000000 0.430936
v -0.355615 -1.000000 0.444523
v -0.425904 -1.000000 0.181964
v -0.421490 -1.000000 0.195551
v -0.417075 -1.000000 0.209137
v -0.412661 -1.000000 0.222724
v -0.408246 -1.000000 0.236310
v -0.403832 -1.000000 0.249897
v -0.399417 -1.000000 0.263483
v -0.395003 -1.000000 0.277070
v -0.390588 -1.000000 0.290657
v -0.386174 -1.000000 0.304243
v -0.381759 -1.000000 0.317830
v -0.377344 -1.000000 0.331416
v -0.372930 -1.000000 0.345003
v -0.368515 -1.000000 0.358589
v -0.364101 -1.000000 0.372176
v -0.359686 -1.000000 0.385762
v -0.355272 -1.000000 0.399349
v -0.350857 -1.000000 0.412935
v -0.346443 -1.000000 0.426522
v -0.342028 -1.000000 0.440108
v -0.412318 -1.000000 0.177550
v -0.407903 -1.000000 0.191136
v -0.403489 -1.000000 0.204723
v -0.399074 -1.000000 0.218309
v -0.394660 -1.000000 0.231896
v -0.390245 -1.000000 0.245482
v -0.385831 -1.000000 0.259069
v -0.381416 -1.000000 0.272655
v -0.377002 -1.000000 0.286242
v -0.372587 -1.000000 0.299829
v -0.368173 -1.000000 0.313415
v -0.363758 -1.000000 0.327002
v -0.359343 -1.000000 0.340588
v -0.354929 -1.000000 0.354175
v -0.350514 -1.000000 0.367761
v -0.346100 -1.000000 0.381348
v -0.341685 -1.000000 0.394934
v -0.337271 -1.000000 0.408521
v -0.332856 -1.000000 0.422107
v -0.328442 -1.000000 0.435694
v -0.398731 -1.000000 0.173135
v -0.394317 -1.000000 0.186722
v -0.389902 -1.000000 0.200308
v -0.385488 -1.000000 0.213895
v -0.381073 -1.000000 0.227481
v -0.376659 -1.000000 0.241068
v -0.372244 -1.000000 0.254654
v -0.367830 -1.000000 0.268241
v -0.363415 -1.000000 0.281827
v -0.359001 -1.000000 0.295414
v -0.354586 -1.000000 0.309001
v -0.350171 -1.000000 0.322587
v -0.345757 -1.000000 0.336174
v -0.341342 -1.000000 0.349760
v -0.336928 -1.000000 0.363347
v -0.332513 -1.000000 0.376933
v -0.328099 -1.000000 0.390520
v -0.323684 -1.000000 0.404106
v -0.319270 -1.000000 0.417693
v -0.314855 -1.000000 0.431279
v -0.385145 -1.000000 0.168721
v -0.380730 -1.000000 0.182307
v -0.376316 -1.000000 0.195894
v -0.371901 -1.000000 0.209480
v -0.367487 -1.000000 0.223067
v -0.363072 -1.000000 0.236653
v -0.358658 -1.000000 0.250240
v -0.354243 -1.000000 0.263826
v -0.349829 -1.000000 0.277413
v -0.345414 -1.000000 0.290999
v -0.340999 -1.000000 0.304586
v -0.336585 -1.000000 0.318173
v -0.332170 -1.000000 0.331759
v -0.327756 -1.000000 0.345346
v -0.323341 -1.000000 0.358932
v -0.318927 -1.000000 0.372519
v -0.314512 -1.000000 0.386105
v -0.310098 -1.000000 0.399692
v -0.305683 -1.000000 0.413278
v -0.301269 -1.000000 0.426865
v -0.371558 -1.000000 0.164306
v -0.367144 -1.000000 0.177893
v -0.362729 -1.000000 0.191479
v -0.358315 -1.000000 0.205066
v -0.353900 -1.000000 0.218652
v -0.349486 -1.000000 0.232239
v -0.345071 -1.000000 0.245825
v -0.340657 -1.000000 0.259412
v -0.336242 -1.000000 0.272998
v -0.331827 -1.000000 0.286585
v -0.327413 -1.000000 0.300171
v -0.322998 -1.000000 0.313758
v -0.318584 -1.000000 0.327345
v -0.314169 -1.000000 0.340931
v -0.309755 -1.000000 0.354518
v -0.305340 -1.000000 0.368104
v -0.300926 -1.000000 0.381691
v -0.296511 -1.000000 0.395277
v -0.292097 -1.000000 0.408864
v -0.287682 -1.000000 0.422450
v -0.357972 -1.000000 0.159892
v -0.353557 -1.000000 0.173478
v -0.349143 -1.000000 0.187065
v -0.344728 -1.000000 0.200651
v -0.340314 -1.000000 0.214238
v -0.335899 -1.000000 0.227824
v -0.331485 -1.000000 0.241411
v -0.327070 -1.000000 0.254997
v -0.322655 -1.000000 0.268584
v -0.318241 -1.000000 0.282170
v -0.313826 -1.000000 0.295757
v -0.309412 -1.000000 0.309343
v -0.304997 -1.000000 0.322930
v -0.300583 -1.000000 0.336517
v -0.296168 -1.000000 0.350103
v -0.291754 -1.000000 0.363690
v -0.287339 -1.000000 0.377276
v -0.282925 -1.000000 0.390863
v -0.278510 -1.000000 0.404449
v -0.274096 -1.000000 0.418036
v -0.344385 -1.000000 0.155477
v -0.339971 -1.000000 0.169064
v -0.335556 -1.000000 0.182650
v -0.331142 -1.000000 0.196237
v -0.326727 -1.000000 0.209823
v -0.322313 -1.000000 0.223410
v -0.317898 -1.000000 0.236996
v -0.313483 -1.000000 0.250583
v -0.309069 -1.000000 0.264169
v -0.304654 -1.000000 0.277756
v -0.300240 -1.000000 0.291342
v -0.295825 -1.000000 0.304929
v -0.291411 -1.000000 0.318515
v -0.286996 -1.000000 0.332102
v -0.282582 -1.000000 0.345689
v -0.278167 -1.000000 0.359275
v -0.273753 -1.000000 0.372862
v -0.269338 -1.000000 0.386448
v -0.264924 -1.000000 0.400035
v -0.260509 -1.000000 0.413621
v -0.330799 -1.000000 0.151063
v -0.326384 -1.000000 0.164649
v -0.321970 -1.000000 0.178236
v -0.317555 -1.000000 0.191822
v -0.313141 -1.000000 0.205409
v -0.308726 -1.000000 0.218995
v -0.304311 -1.000000 0.232582
v -0.299897 -1.000000 0.246168
v -0.295482 -1.000000 0.259755
v -0.291068 -1.000000 0.273341
v -0.286653 -1.000000 0.286928
v -0.282239 -1.000000 0.300514
v -0.277824 -1.000000 0.314101
v -0.273410 -1.000000 0.327687
v -0.268995 -1.000000 0.341274
v -0.264581 -1.000000 0.354861
v -0.260166 -1.000000 0.368447
v -0.255752 -1.000000 0.382034
v -0.251337 -1.000000 0.395620
v -0.246923 -1.000000 0.409207
v -0.317212 -1.000000 0.146648
v -0.312798 -1.000000 0.160235
v -0.308383 -1.000000 0.173821
v -0.303969 -1.000000 0.187408
v -0.299554 -1.000000 0.200994
v -0.295139 -1.000000 0.214581
v -0.290725 -1.000000 0.228167
v -0.286310 -1.000000 0.241754
v -0.281896 -1.000000 0.255340
v -0.277481 -1.000000 0.268927
v -0.273067 -1.000000 0.282513
v -0.268652 -1.000000 0.296100
v -0.264238 -1.000000 0.309686
v -0.259823 -1.000000 0.323273
v -0.255409 -1.000000 0.336859
v -0.250994 -1.000000 0.350446
v -0.246580 -1.000000 0.364033
v -0.242165 -1.000000 0.377619
v -0.237751 -1.000000 0.391206
v -0.233336 -1.000000 0.404792
v -0.303626 -1.000000 0.142234
v -0.299211 -1.000000 0.155820
v -0.294797 -1.000000 0.169407
v -0.290382 -1.000000 0.182993
v -0.285967 -1.000000 0.196580
v -0.281553 -1.000000 0.210166
v -0.277138 -1.000000 0.223753
v -0.272724 -1.000000 0.237339
v -0.268309 -1.000000 0.250926
v -0.263895 -1.000000 0.264512
v -0.259480 -1.000000 0.278099
v -0.255066 -1.000000 0.291685
v -0.250651 -1.000000 0.305272
v -0.246237 -1.000000 0.318858
v -0.241822 -1.000000 0.332445
v -0.237408 -1.000000 0.346031
v -0.232993 -1.000000 0.359618
v -0.228579 -1.000000 0.373204
v -0.224164 -1.000000 0.386791
v -0.219750 -1.000000 0.400378
v -0.290039 -1.000000 0.137819
v -0.285625 -1.000000 0.151406
v -0.281210 -1.000000 0.164992
v -0.276796 -1.000000 0.178579
v -0.272381 -1.000000 0.192165
v -0.267966 -1.000000 0.205752
v -0.263552 -1.000000 0.219338
v -0.259137 -1.000000 0.232925
v -0.254723 -1.000000 0.246511
v -0.250308 -1.000000 0.260098
v -0.245894 -1.000000 0.273684
v -0.241479 -1.000000 0.287271
v -0.237065 -1.000000 0.300857
v -0.232650 -1.000000 0.314444
v -0.228236 -1.000000 0.328030
v -0.223821 -1.000000 0.341617
v -0.219407 -1.000000 0.355203
v -0.214992 -1.000000 0.368790
v -0.210578 -1.000000 0.382376
v -0.206163 -1.000000 0.395963
v -0.276453 -1.000000 0.133405
v -0.272038 -1.000000 0.146991
v -0.267624 -1.000000 0.160578
v -0.263209 -1.000000 0.174164
v -0.258794 -1.000000 0.187751
v -0.254380 -1.000000 0.201337
v -0.249965 -1.000000 0.214924
v -0.245551 -1.000000 0.228510
v -0.241136 -1.000000 0.242097
v -0.236722 -1.000000 0.255683
v -0.232307 -1.000000 0.269270
v -0.227893 -1.000000 0.282856
v -0.223478 -1.000000 0.296443
v -0.219064 -1.000000 0.310029
v -0.214649 -1.000000 0.323616
v -0.210235 -1.000000 0.337202
v -0.205820 -1.000000 0.350789
v -0.201406 -1.000000 0.364375
v -0.196991 -1.000000 0.377962
v -0.192577 -1.000000 0.391548
v -0.262866 -1.000000 0.128990
v -0.258452 -1.000000 0.142577
v -0.254037 -1.000000 0.156163
v -0.249622 -1.000000 0.169750
v -0.245208 -1.000000 0.183336
v -0.240793 -1.000000 0.196923
v -0.236379 -1.000000 0.210509
v -0.231964 -1.000000 0.224096
v -0.227550 -1.000000 0.237682
v -0.223135 -1.000000 0.251269
v -0.218721 -1.000000 0.264855
v -0.214306 -1.000000 0.278442
v -0.209892 -1.000000 0.292028
v -0.205477 -1.000000 0.305615
v -0.201063 -1.000000 0.319201
v -0.196648 -1.000000 0.332788
v -0.192234 -1.000000 0.346374
v -0.187819 -1.000000 0.359961
v -0.183405 -1.000000 0.373547
v -0.178990 -1.000000 0.387134
v -0.174575 -0.985714 0.400720
v -0.188162 -0.985714 0.405135
v -0.201749 -0.985714 0.409550
v -0.215335 -0.985714 0.413964
v -0.228922 -0.985714 0.418379
v -0.242508 -0.985714 0.422793
v -0.256095 -0.985714 0.427208
v -0.269681 -0.985714 0.431622
v -0.283268 -0.985714 0.436037
v -0.296854 -0.985714 0.440451
v -0.310441 -0.985714 0.444866
v -0.324027 -0.985714 0.449280
v -0.337614 -0.985714 0.453695
v -0.351200 -0.985714 0.458109
v -0.364787 -0.985714 0.462524
v -0.378373 -0.985714 0.466938
v -0.391960 -0.985714 0.471353
v -0.405546 -0.985714 0.475767
v -0.419133 -0.985714 0.480182
v -0.432719 -0.985714 0.484597
v -0.174575 -0.971429 0.400720
v -0.188162 -0.971429 0.405135
v -0.201749 -0.971429 0.409550
v -0.215335 -0.971429 0.413964
v -0.228922 -0.971429 0.418379
v -0.242508 -0.971429 0.422793
v -0.256095 -0.971429 0.427208
v -0.269681 -0.971429 0.431622
v -0.283268 -0.971429 0.436037
v -0.296854 -0.971429 0.440451
v -0.310441 -0.971429 0.444866
v -0.324027 -0.971429 0.449280
v -0.337614 -0.971429 0.453695
v -0.351200 -0.971429 0.458109
v -0.364787 -0.971429 0.462524
v -0.378373 -0.971429 0.466938
v -0.391960 -0.971429 0.471353
v -0.405546 -0.971429 0.475767
v -0.419133 -0.971429 0.480182
v -0.432719 -0.971429 0.484597
v -0.174575 -0.957143 0.400720
v -0.188162 -0.957143 0.405135
v -0.201749 -0.957143 0.409550
v -0.215335 -0.957143 0.413964
v -0.228922 -0.957143 0.418379
v -0.242508 -0.957143 0.422793
v -0.256095 -0.957143 0.427208
v -0.269681 -0.957143 0.431622
v -0.283268 -0.957143 0.436037
v -0.296854 -0.957143 0.440451
v -0.310441 -0.957143 0.444866
v -0.324027 -0.957143 0.449280
v -0.337614 -0.957143 0.453695
v -0.351200 -0.957143 0.458109
v -0.364787 -0.957143 0.462524
v -0.378373 -0.957143 0.466938
v -0.391960 -0.957143 0.471353
v -0.405546 -0.957143 0.475767
v -0.419133 -0.957143 0.480182
v -0.432719 -0.957143 0.484597
v -0.174575 -0.942857 0.400720
v -0.188162 -0.942857 0.405135
v -0.201749 -0.942857 0.409550
v -0.215335 -0.942857 0.413964
v -0.228922 -0.942857 0.418379
v -0.242508 -0.942857 0.422793
v -0.256095 -0.942857 0.427208
v -0.269681 -0.942857 0.431622
v -0.283268 -0.942857 0.436037
v -0.296854 -0.942857 0.440451
v -0.310441 -0.942857 0.444866
v -0.324027 -0.942857 0.449280
v -0.337614 -0.942857 0.453695
v -0.351200 -0.942857 0.458109
v -0.364787 -0.942857 0.462524
v -0.378373 -0.942857 0.466938
v -0.391960 -0.942857 0.471353
v -0.405546 -0.942857 0.475767
v -0.419133 -0.942857 0.480182
v -0.432719 -0.942857 0.484597
v -0.174575 -0.928571 0.400720
v -0.188162 -0.928571 0.405135
v -0.201749 -0.928571 0.409550
v -0.215335 -0.928571 0.413964
v -0.228922 -0.928571 0.418379
v -0.242508 -0.928571 0.422793
v -0.256095 -0.928571 0.427208
v -0.269681 -0.928571 0.431622
v -0.283268 -0.928571 0.436037
v -0.296854 -0.928571 0.440451
v -0.310441 -0.928571 0.444866
v -0.324027 -0.928571 0.449280
v -0.337614 -0.928571 0.453695
v -0.351200 -0.928571 0.458109
v -0.364787 -0.928571 0.462524
v -0.378373 -0.928571 0.466938
v -0.391960 -0.928571 0.471353
v -0.405546 -0.928571 0.475767
v -0.419133 -0.928571 0.480182
v -0.432719 -0.928571 0.484597
v -0.174575 -0.914286 0.400720
v -0.188162 -0.914286 0.405135
v -0.201749 -0.914286 0.409550
v -0.215335 -0.914286 0.413964
v -0.228922 -0.914286 0.418379
v -0.242508 -0.914286 0.422793
v -0.256095 -0.914286 0.427208
v -0.269681 -0.914286 0.431622
v -0.283268 -0.914286 0.436037
v -0.296854 -0.914286 0.440451
v -0.310441 -0.914286 0.444866
v -0.324027 -0.914286 0.449280
v -0.337614 -0.914286 0.453695
v -0.351200 -0.914286 0.458109
v -0.364787 -0.914286 0.462524
v -0.378373 -0.914286 0.466938
v -0.391960 -0.914286 0.471353
v -0.405546 -0.914286 0.475767
v -0.419133 -0.914286 0.480182
v -0.432719 -0.914286 0.484597
v -0.174575 -0.900000 0.400720
v -0.188162 -0.900000 0.405135
v -0.201749 -0.900000 0.409550
v -0.215335 -0.900000 0.413964
v -0.228922 -0.900000 0.418379
v -0.242508 -0.900000 0.422793
v -0.256095 -0.900000 0.427208
v -0.269681 -0.900000 0.431622
v -0.283268 -0.900000 0.436037
v -0.296854 -0.900000 0.440451
v -0.310441 -0.900000 0.444866
v -0.324027 -0.900000 0.449280
v -0.337614 -0.900000 0.453695
v -0.351200 -0.900000 0.458109
v -0.364787 -0.900000 0.462524
v -0.378373 -0.900000 0.466938
v -0.391960 -0.900000 0.471353
v -0.405546 -0.900000 0.475767
v -0.419133 -0.900000 0.480182
v -0.432719 -0.900000 0.484597
v -0.174575 -0.885714 0.400720
v -0.188162 -0.885714 0.405135
v -0.201749 -0.885714 0.409550
v -0.215335 -0.885714 0.413964
v -0.228922 -0.885714 0.418379
v -0.242508 -0.885714 0.422793
v -0.256095 -0.885714 0.427208
v -0.269681 -0.885714 0.431622
v -0.283268 -0.885714 0.436037
v -0.296854 -0.885714 0.440451
v -0.310441 -0.885714 0.444866
v -0.324027 -0.885714 0.449280
v -0.337614 -0.885714 0.453695
v -0.351200 -0.885714 0.458109
v -0.364787 -0.885714 0.462524
v -0.378373 -0.885714 0.466938
v -0.391960 -0.885714 0.471353
v -0.405546 -0.885714 0.475767
v -0.419133 -0.885714 0.480182
v -0.432719 -0.885714 0.484597
v -0.174575 -0.871429 0.400720
v -0.188162 -0.871429 0.405135
v -0.201749 -0.871429 0.409550
v -0.215335 -0.871429 0.413964
v -0.228922 -0.871429 0.418379
v -0.242508 -0.871429 0.422793
v -0.256095 -0.871429 0.427208
v -0.269681 -0.871429 0.431622
v -0.283268 -0.871429 0.436037
v -0.296854 -0.871429 0.440451
v -0.310441 -0.871429 0.444866
v -0.324027 -0.871429 0.449280
v -0.337614 -0.871429 0.453695
v -0.351200 -0.871429 0.458109
v -0.364787 -0.871429 0.462524
v -0.378373 -0.871429 0.466938
v -0.391960 -0.871429 0.471353
v -0.405546 -0.871429 0.475767
v -0.419133 -0.871429 0.480182
v -0.432719 -0.871429 0.484597
v -0.174575 -0.857143 0.400720
v -0.188162 -0.857143 0.405135
v -0.201749 -0.857143 0.409550
v -0.215335 -0.857143 0.413964
v -0.228922 -0.857143 0.418379
v -0.242508 -0.857143 0.422793
v -0.256095 -0.857143 0.427208
v -0.269681 -0.857143 0.431622
v -0.283268 -0.857143 0.436037
v -0.296854 -0.857143 0.440451
v -0.310441 -0.857143 0.444866
v -0.324027 -0.857143 0.449280
v -0.337614 -0.857143 0.453695
v -0.351200 -0.857143 0.458109
v -0.364787 -0.857143 0.462524
v -0.378373 -0.857143 0.466938
v -0.391960 -0.857143 0.471353
v -0.405546 -0.857143 0.475767
v -0.419133 -0.857143 0.480182
v -0.432719 -0.857143 0.484597
v -0.174575 -0.842857 0.400720
v -0.188162 -0.842857 0.405135
v -0.201749 -0.842857 0.409550
v -0.215335 -0.842857 0.413964
v -0.228922 -0.842857 0.418379
v -0.242508 -0.842857 0.422793
v -0.256095 -0.842857 0.427208
v -0.269681 -0.842857 0.431622
v -0.283268 -0.842857 0.436037
v -0.296854 -0.842857 0.440451
v -0.310441 -0.842857 0.444866
v -0.324027 -0.842857 0.449280
v -0.337614 -0.842857 0.453695
v -0.351200 -0.842857 0.458109
v -0.364787 -0.842857 0.462524
v -0.378373 -0.842857 0.466938
v -0.391960 -0.842857 0.471353
v -0.405546 -0.842857 0.475767
v -0.419133 -0.842857 0.480182
v -0.432719 -0.842857 0.484597
v -0.174575 -0.828571 0.400720
v -0.188162 -0.828571 0.405135
v -0.201749 -0.828571 0.409550
v -0.215335 -0.828571 0.413964
v -0.228922 -0.828571 0.418379
v -0.242508 -0.828571 0.422793
v -0.256095 -0.828571 0.427208
v -0.269681 -0.828571 0.431622
v -0.283268 -0.828571 0.436037
v -0.296854 -0.828571 0.440451
v -0.310441 -0.828571 0.444866
v -0.324027 -0.828571 0.449280
v -0.337614 -0.828571 0.453695
v -0.351200 -0.828571 0.458109
v -0.364787 -0.828571 0.462524
v -0.378373 -0.828571 0.466938
v -0.391960 -0.828571 0.471353
v -0.405546 -0.828571 0.475767
v -0.419133 -0.828571 0.480182
v -0.432719 -0.828571 0.484597
v -0.174575 -0.814286 0.400720
v -0.188162 -0.814286 0.405135
v -0.201749 -0.814286 0.409550
v -0.215335 -0.814286 0.413964
v -0.228922 -0.814286 0.418379
v -0.242508 -0.814286 0.422793
v -0.256095 -0.814286 0.427208
v -0.269681 -0.814286 0.431622
v -0.283268 -0.814286 0.436037
v -0.296854 -0.814286 0.440451
v -0.310441 -0.814286 0.444866
v -0.324027 -0.814286 0.449280
v -0.337614 -0.814286 0.453695
v -0.351200 -0.814286 0.458109
v -0.364787 -0.814286 0.462524
v -0.378373 -0.814286 0.466938
v -0.391960 -0.814286 0.471353
v -0.405546 -0.814286 0.475767
v -0.419133 -0.814286 0.480182
v -0.432719 -0.814286 0.484597
v -0.174575 -0.800000 0.400720
v -0.188162 -0.800000 0.405135
v -0.201749 -0.800000 0.409550
v -0.215335 -0.800000 0.413964
v -0.228922 -0.800000 0.418379
v -0.242508 -0.800000 0.422793
v -0.256095 -0.800000 0.427208
v -0.269681 -0.800000 0.431622
v -0.283268 -0.800000 0.436037
v -0.296854 -0.800000 0.440451
v -0.310441 -0.800000 0.444866
v -0.324027 -0.800000 0.449280
v -0.337614 -0.800000 0.453695
v -0.351200 -0.800000 0.458109
v -0.364787 -0.800000 0.462524
v -0.378373 -0.800000 0.466938
v -0.391960 -0.800000 0.471353
v -0.405546 -0.800000 0.475767
v -0.419133 -0.800000 0.480182
v -0.432719 -0.800000 0.484597
v -0.174575 -0.785714 0.400720
v -0.188162 -0.785714 0.405135
v -0.201749 -0.785714 0.409550
v -0.215335 -0.785714 0.413964
v -0.228922 -0.785714 0.418379
v -0.242508 -0.785714 0.422793
v -0.256095 -0.785714 0.427208
v -0.269681 -0.785714 0.431622
v -0.283268 -0.785714 0.436037
v -0.296854 -0.785714 0.440451
v -0.310441 -0.785714 0.444866
v -0.324027 -0.785714 0.449280
v -0.337614 -0.785714 0.453695
v -0.351200 -0.785714 0.458109
v -0.364787 -0.785714 0.462524
v -0.378373 -0.785714 0.466938
v -0.391960 -0.785714 0.471353
v -0.405546 -0.785714 0.475767
v -0.419133 -0.785714 0.480182
v -0.432719 -0.785714 0.484597
v -0.174575 -0.771429 0.400720
v -0.188162 -0.771429 0.405135
v -0.201749 -0.771429 0.409550
v -0.215335 -0.771429 0.413964
v -0.228922 -0.771429 0.418379
v -0.242508 -0.771429 0.422793
v -0.256095 -0.771429 0.427208
v -0.269681 -0.771429 0.431622
v -0.283268 -0.771429 0.436037
v -0.296854 -0.771429 0.440451
v -0.310441 -0.771429 0.444866
v -0.324027 -0.771429 0.449280
v -0.337614 -0.771429 0.453695
v -0.351200 -0.771429 0.458109
v -0.364787 -0.771429 0.462524
v -0.378373 -0.771429 0.466938
v -0.391960 -0.771429 0.471353
v -0.405546 -0.771429 0.475767
v -0.419133 -0.771429 0.480182
v -0.432719 -0.771429 0.484597
v -0.174575 -0.757143 0.400720
v -0.188162 -0.757143 0.405135
v -0.201749 -0.757143 0.409550
v -0.215335 -0.757143 0.413964
v -0.228922 -0.757143 0.418379
v -0.242508 -0.757143 0.422793
v -0.256095 -0.757143 0.427208
v -0.269681 -0.757143 0.431622
v -0.283268 -0.757143 0.436037
v -0.296854 -0.757143 0.440451
v -0.310441 -0.757143 0.444866
v -0.324027 -0.757143 0.449280
v -0.337614 -0.757143 0.453695
v -0.351200 -0.757143 0.458109
v -0.364787 -0.757143 0.462524
v -0.378373 -0.757143 0.466938
v -0.391960 -0.757143 0.471353
v -0.405546 -0.757143 0.475767
v -0.419133 -0.757143 0.480182
v -0.432719 -0.757143 0.484597
v -0.174575 -0.742857 0.400720
v -0.188162 -0.742857 0.405135
v -0.201749 -0.742857 0.409550
v -0.215335 -0.742857 0.413964
v -0.228922 -0.742857 0.418379
v -0.242508 -0.742857 0.422793
v -0.256095 -0.742857 0.427208
v -0.269681 -0.742857 0.431622
v -0.283268 -0.742857 0.436037
v -0.296854 -0.742857 0.440451
v -0.310441 -0.742857 0.444866
v -0.324027 -0.742857 0.449280
v -0.337614 -0.742857 0.453695
v -0.351200 -0.742857 0.458109
v -0.364787 -0.742857 0.462524
v -0.378373 -0.742857 0.466938
v -0.391960 -0.742857 0.471353
v -0.405546 -0.742857 0.475767
v -0.419133 -0.742857 0.480182
v -0.432719 -0.742857 0.484597
v -0.174575 -0.728571 0.400720
v -0.188162 -0.728571 0.405135
v -0.201749 -0.728571 0.409550
v -0.215335 -0.728571 0.413964
v -0.228922 -0.728571 0.418379
v -0.242508 -0.728571 0.422793
v -0.256095 -0.728571 0.427208
v -0.269681 -0.728571 0.431622
v -0.283268 -0.728571 0.436037
v -0.296854 -0.728571 0.440451
v -0.310441 -0.728571 0.444866
v -0.324027 -0.728571 0.449280
v -0.337614 -0.728571 0.453695
v -0.351200 -0.728571 0.458109
v -0.364787 -0.728571 0.462524
v -0.378373 -0.728571 0.466938
v -0.391960 -0.728571 0.471353
v -0.405546 -0.728571 0.475767
v -0.419133 -0.728571 0.480182
v -0.432719 -0.728571 0.484597
v -0.174575 -0.714286 0.400720
v -0.188162 -0.714286 0.405135
v -0.201749 -0.714286 0.409550
v -0.215335 -0.714286 0.413964
v -0.228922 -0.714286 0.418379
v -0.242508 -0.714286 0.422793
v -0.256095 -0.714286 0.427208
v -0.269681 -0.714286 0.431622
v -0.283268 -0.714286 0.436037
v -0.296854 -0.714286 0.440451
v -0.310441 -0.714286 0.444866
v -0.324027 -0.714286 0.449280
v -0.337614 -0.714286 0.453695
v -0.351200 -0.714286 0.458109
v -0.364787 -0.714286 0.462524
v -0.378373 -0.714286 0.466938
v -0.391960 -0.714286 0.471353
v -0.405546 -0.714286 0.475767
v -0.419133 -0.714286 0.480182
v -0.432719 -0.714286 0.484597
v -0.249280 -0.985714 0.124575
v -0.244865 -0.985714 0.138162
v -0.240450 -0.985714 0.151749
v -0.236036 -0.985714 0.165335
v -0.231621 -0.985714 0.178922
v -0.227207 -0.985714 0.192508
v -0.222792 -0.985714 0.206095
v -0.218378 -0.985714 0.219681
v -0.213963 -0.985714 0.233268
v -0.209549 -0.985714 0.246854
v -0.205134 -0.985714 0.260441
v -0.200720 -0.985714 0.274027
v -0.196305 -0.985714 0.287614
v -0.191891 -0.985714 0.301200
v -0.187476 -0.985714 0.314787
v -0.183062 -0.985714 0.328373
v -0.178647 -0.985714 0.341960
v -0.174233 -0.985714 0.355546
v -0.169818 -0.985714 0.369133
v -0.165403 -0.985714 0.382719
v -0.249280 -0.971429 0.124575
v -0.244865 -0.971429 0.138162
v -0.240450 -0.971429 0.151749
v -0.236036 -0.971429 0.165335
v -0.231621 -0.971429 0.178922
v -0.227207 -0.971429 0.192508
v -0.222792 -0.971429 0.206095
v -0.218378 -0.971429 0.219681
v -0.213963 -0.971429 0.233268
v -0.209549 -0.971429 0.246854
v -0.205134 -0.971429 0.260441
v -0.200720 -0.971429 0.274027
v -0.196305 -0.971429 0.287614
v -0.191891 -0.971429 0.301200
v -0.187476 -0.971429 0.314787
v -0.183062 -0.971429 0.328373
v -0.178647 -0.971429 0.341960
v -0.174233 -0.971429 0.355546
v -0.169818 -0.971429 0.369133
v -0.165403 -0.971429 0.382719
v -0.249280 -0.957143 0.124575
v -0.244865 -0.957143 0.138162
v -0.240450 -0.957143 0.151749
v -0.236036 -0.957143 0.165335
v -0.231621 -0.957143 0.178922
v -0.227207 -0.957143 0.192508
v -0.222792 -0.957143 0.206095
v -0.218378 -0.957143 0.219681
v -0.213963 -0.957143 0.233268
v -0.209549 -0.957143 0.246854
v -0.205134 -0.957143 0.260441
v -0.200720 -0.957143 0.274027
v -0.196305 -0.957143 0.287614
v -0.191891 -0.957143 0.301200
v -0.187476 -0.957143 0.314787
v -0.183062 -0.957143 0.328373
v -0.178647 -0.957143 0.341960
v -0.174233 -0.957143 0.355546
v -0.169818 -0.957143 0.369133
v -0.165403 -0.957143 0.382719
v -0.249280 -0.942857 0.124575
v -0.244865 -0.942857 0.138162
v -0.240450 -0.942857 0.151749
v -0.236036 -0.942857 0.165335
v -0.231621 -0.942857 0.178922
v -0.227207 -0.942857 0.192508
v -0.222792 -0.942857 0.206095
v -0.218378 -0.942857 0.219681
v -0.213963 -0.942857 0.233268
v -0.209549 -0.942857 0.246854
v -0.205134 -0.942857 0.260441
v -0.200720 -0.942857 0.274027
v -0.196305 -0.942857 0.287614
v -0.191891 -0.942857 0.301200
v -0.187476 -0.942857 0.314787
v -0.183062 -0.942857 0.328373
v -0.178647 -0.942857 0.341960
v -0.174233 -0.942857 0.355546
v -0.169818 -0.942857 0.369133
v -0.165403 -0.942857 0.382719
v -0.249280 -0.928571 0.124575
v -0.244865 -0.928571 0.138162
v -0.240450 -0.928571 0.151749
v -0.236036 -0.928571 0.165335
v -0.231621 -0.928571 0.178922
v -0.227207 -0.928571 0.192508
v -0.222792 -0.928571 0.206095
v -0.218378 -0.928571 0.219681
v -0.213963 -0.928571 0.233268
v -0.209549 -0.928571 0.246854
v -0.205134 -0.928571 0.260441
v -0.200720 -0.928571 0.274027
v -0.196305 -0.928571 0.287614
v -0.191891 -0.928571 0.301200
v -0.187476 -0.928571 0.314787
v -0.183062 -0.928571 0.328373
v -0.178647 -0.928571 0.341960
v -0.174233 -0.928571 0.355546
v -0.169818 -0.928571 0.369133
v -0.165403 -0.928571 0.382719
v -0.249280 -0.914286 0.124575
v -0.244865 -0.914286 0.138162
v -0.240450 -0.914286 0.151749
v -0.236036 -0.914286 0.165335
v -0.231621 -0.914286 0.178922
v -0.227207 -0.914286 0.192508
v -0.222792 -0.914286 0.206095
v -0.218378 -0.914286 0.219681
v -0.213963 -0.914286 0.233268
v -0.209549 -0.914286 0.246854
v -0.205134 -0.914286 0.260441
v -0.200720 -0.914286 0.274027
v -0.196305 -0.914286 0.287614
v -0.191891 -0.914286 0.301200
v -0.187476 -0.914286 0.314787
v -0.183062 -0.914286 0.328373
v -0.178647 -0.914286 0.341960
v -0.174233 -0.914286 0.355546
v -0.169818 -0.914286 0.369133
v -0.165403 -0.914286 0.382719
v -0.249280 -0.900000 0.124575
v -0.244865 -0.900000 0.138162
v -0.240450 -0.900000 0.151749
v -0.236036 -0.900000 0.165335
v -0.231621 -0.900000 0.178922
v -0.227207 -0.900000 0.192508
v -0.222792 -0.900000 0.206095
v -0.218378 -0.900000 0.219681
v -0.213963 -0.900000 0.233268
v -0.209549 -0.900000 0.246854
v -0.205134 -0.900000 0.260441
v -0.200720 -0.900000 0.274027
v -0.196305 -0.900000 0.287614
v -0.191891 -0.900000 0.301200
v -0.187476 -0.900000 0.314787
v -0.183062 -0.900000 0.328373
v -0.178647 -0.900000 0.341960
v -0.174233 -0.900000 0.355546
v -0.169818 -0.900000 0.369133
v -0.165403 -0.900000 0.382719
v -0.249280 -0.885714 0.124575
v -0.244865 -0.885714 0.138162
v -0.240450 -0.885714 0.151749
v -0.236036 -0.885714 0.165335
v -0.231621 -0.885714 0.178922
v -0.227207 -0.885714 0.192508
v -0.222792 -0.885714 0.206095
v -0.218378 -0.885714 0.219681
v -0.213963 -0.885714 0.233268
v -0.209549 -0.885714 0.246854
v -0.205134 -0.885714 0.260441
v -0.200720 -0.885714 0.274027
v -0.196305 -0.885714 0.287614
v -0.191891 -0.885714 0.301200
v -0.187476 -0.885714 0.314787
v -0.183062 -0.885714 0.328373
v -0.178647 -0.885714 0.341960
v -0.174233 -0.885714 0.355546
v -0.169818 -0.885714 0.369133
v -0.165403 -0.885714 0.382719
v -0.249280 -0.871429 0.124575
v -0.244865 -0.871429 0.138162
v -0.240450 -0.871429 0.151749
v -0.236036 -0.871429 0.165335
v -0.231621 -0.871429 0.178922
v -0.227207 -0.871429 0.192508
v -0.222792 -0.871429 0.206095
v -0.218378 -0.871429 0.219681
v -0.213963 -0.871429 0.233268
v -0.209549 -0.871429 0.246854
v -0.205134 -0.871429 0.260441
v -0.200720 -0.871429 0.274027
v -0.196305 -0.871429 0.287614
v -0.191891 -0.871429 0.301200
v -0.187476 -0.871429 0.314787
v -0.183062 -0.871429 0.328373
v -0.178647 -0.871429 0.341960
v -0.174233 -0.871429 0.355546
v -0.169818 -0.871429 0.369133
v -0.165403 -0.871429 0.382719
v -0.249280 -0.857143 0.124575
v -0.244865 -0.857143 0.138162
v -0.240450 -0.857143 0.151749
v -0.236036 -0.857143 0.165335
v -0.231621 -0.857143 0.178922
v -0.227207 -0.857143 0.192508
v -0.222792 -0.857143 0.206095
v -0.218378 -0.857143 0.219681
v -0.213963 -0.857143 0.233268
v -0.209549 -0.857143 0.246854
v -0.205134 -0.857143 0.260441
v -0.200720 -0.857143 0.274027
v -0.196305 -0.857143 0.287614
v -0.191891 -0.857143 0.301200
v -0.187476 -0.857143 0.314787
v -0.183062 -0.857143 0.328373
v -0.178647 -0.857143 0.341960
v -0.174233 -0.857143 0.355546
v -0.169818 -0.857143 0.369133
v -0.165403 -0.857143 0.382719
v -0.249280 -0.842857 0.124575
v -0.244865 -0.842857 0.138162
v -0.240450 -0.842857 0.151749
v -0.236036 -0.842857 0.165335
v -0.231621 -0.842857 0.178922
v -0.227207 -0.842857 0.192508
v -0.222792 -0.842857 0.206095
v -0.218378 -0.842857 0.219681
v -0.213963 -0.842857 0.233268
v -0.209549 -0.842857 0.246854
v -0.205134 -0.842857 0.260441
v -0.200720 -0.842857 0.274027
v -0.196305 -0.842857 0.287614
v -0.191891 -0.842857 0.301200
v -0.187476 -0.842857 0.314787
v -0.183062 -0.842857 0.328373
v -0.178647 -0.842857 0.341960
v -0.174233 -0.842857 0.355546
v -0.169818 -0.842857 0.369133
v -0.165403 -0.842857 0.382719
v -0.249280 -0.828571 0.124575
v -0.244865 -0.828571 0.138162
v -0.240450 -0.828571 0.151749
v -0.236036 -0.828571 0.165335
v -0.231621 -0.828571 0.178922
v -0.227207 -0.828571 0.192508
v -0.222792 -0.828571 0.206095
v -0.218378 -0.828571 0.219681
v -0.213963 -0.828571 0.233268
v -0.209549 -0.828571 0.246854
v -0.205134 -0.828571 0.260441
v -0.200720 -0.828571 0.274027
v -0.196305 -0.828571 0.287614
v -0.191891 -0.828571 0.301200
v -0.187476 -0.828571 0.314787
v -0.183062 -0.828571 0.328373
v -0.178647 -0.828571 0.341960
v -0.174233 -0.828571 0.355546
v -0.169818 -0.828571 0.369133
v -0.165403 -0.828571 0.382719
v -0.249280 -0.814286 0.124575
v -0.244865 -0.814286 0.138162
v -0.240450 -0.814286 0.151749
v -0.236036 -0.814286 0.165335
v -0.231621 -0.814286 0.178922
v -0.227207 -0.814286 0.192508
v -0.222792 -0.814286 0.206095
v -0.218378 -0.814286 0.219681
v -0.213963 -0.814286 0.233268
v -0.209549 -0.814286 0.246854
v -0.205134 -0.814286 0.260441
v -0.200720 -0.814286 0.274027
v -0.196305 -0.814286 0.287614
v -0.191891 -0.814286 0.301200
v -0.187476 -0.814286 0.314787
v -0.183062 -0.814286 0.328373
v -0.178647 -0.814286 0.341960
v -0.174233 -0.814286 0.355546
v -0.169818 -0.814286 0.369133
v -0.165403 -0.814286 0.382719
v -0.249280 -0.800000 0.124575
v -0.244865 -0.800000 0.138162
v -0.240450 -0.800000 0.151749
v -0.236036 -0.800000 0.165335
v -0.231621 -0.800000 0.178922
v -0.227207 -0.800000 0.192508
v -0.222792 -0.800000 0.206095
v -0.218378 -0.800000 0.219681
v -0.213963 -0.800000 0.233268
v -0.209549 -0.800000 0.246854
v -0.205134 -0.800000 0.260441
v -0.200720 -0.800000 0.274027
v -0.196305 -0.800000 0.287614
v -0.191891 -0.800000 0.301200
v -0.187476 -0.800000 0.314787
v -0.183062 -0.800000 0.328373
v -0.178647 -0.800000 0.341960
v -0.174233 -0.800000 0.355546
v -0.169818 -0.800000 0.369133
v -0.165403 -0.800000 0.382719
v -0.249280 -0.785714 0.124575
v -0.244865 -0.785714 0.138162
v -0.240450 -0.785714 0.151749
v -0.236036 -0.785714 0.165335
v -0.231621 -0.785714 0.178922
v -0.227207 -0.785714 0.192508
v -0.222792 -0.785714 0.206095
v -0.218378 -0.785714 0.219681
v -0.213963 -0.785714 0.233268
v -0.209549 -0.785714 0.246854
v -0.205134 -0.785714 0.260441
v -0.200720 -0.785714 0.274027
v -0.196305 -0.785714 0.287614
v -0.191891 -0.785714 0.301200
v -0.187476 -0.785714 0.314787
v -0.183062 -0.785714 0.328373
v -0.178647 -0.785714 0.341960
v -0.174233 -0.785714 0.355546
v -0.169818 -0.785714 0.369133
v -0.165403 -0.785714 0.382719
v -0.249280 -0.771429 0.124575
v -0.244865 -0.771429 0.138162
v -0.240450 -0.771429 0.151749
v -0.236036 -0.771429 0.165335
v -0.231621 -0.771429 0.178922
v -0.227207 -0.771429 0.192508
v -0.222792 -0.771429 0.206095
v -0.218378 -0.771429 0.219681
v -0.213963 -0.771429 0.233268
v -0.209549 -0.771429 0.246854
v -0.205134 -0.771429 0.260441
v -0.200720 -0.771429 0.274027
v -0.196305 -0.771429 0.287614
v -0.191891 -0.771429 0.301200
v -0.187476 -0.771429 0.314787
v -0.183062 -0.771429 0.328373
v -0.178647 -0.771429 0.341960
v -0.174233 -0.771429 0.355546
v -0.169818 -0.771429 0.369133
v -0.165403 -0.771429 0.382719
v -0.249280 -0.757143 0.124575
v -0.244865 -0.757143 0.138162
v -0.240450 -0.757143 0.151749
v -0.236036 -0.757143 0.165335
v -0.231621 -0.757143 0.178922
v -0.227207 -0.757143 0.192508
v -0.222792 -0.757143 0.206095
v -0.218378 -0.757143 0.219681
v -0.213963 -0.757143 0.233268
v -0.209549 -0.757143 0.246854
v -0.205134 -0.757143 0.260441
v -0.200720 -0.757143 0.274027
v -0.196305 -0.757143 0.287614
v -0.191891 -0.757143 0.301200
v -0.187476 -0.757143 0.314787
v -0.183062 -0.757143 0.328373
v -0.178647 -0.757143 0.341960
v -0.174233 -0.757143 0.355546
v -0.169818 -0.757143 0.369133
v -0.165403 -0.757143 0.382719
v -0.249280 -0.742857 0.124575
v -0.244865 -0.742857 0.138162
v -0.240450 -0.742857 0.151749
v -0.236036 -0.742857 0.165335
v -0.231621 -0.742857 0.178922
v -0.227207 -0.742857 0.192508
v -0.222792 -0.742857 0.206095
v -0.218378 -0.742857 0.219681
v -0.213963 -0.742857 0.233268
v -0.209549 -0.742857 0.246854
v -0.205134 -0.742857 0.260441
v -0.200720 -0.742857 0.274027
v -0.196305 -0.742857 0.287614
v -0.191891 -0.742857 0.301200
v -0.187476 -0.742857 0.314787
v -0.183062 -0.742857 0.328373
v -0.178647 -0.742857 0.341960
v -0.174233 -0.742857 0.355546
v -0.169818 -0.742857 0.369133
v -0.165403 -0.742857 0.382719
v -0.249280 -0.728571 0.124575
v -0.244865 -0.728571 0.138162
v -0.240450 -0.728571 0.151749
v -0.236036 -0.728571 0.165335
v -0.231621 -0.728571 0.178922
v -0.227207 -0.728571 0.192508
v -0.222792 -0.728571 0.206095
v -0.218378 -0.728571 0.219681
v -0.213963 -0.728571 0.233268
v -0.209549 -0.728571 0.246854
v -0.205134 -0.728571 0.260441
v -0.200720 -0.728571 0.274027
v -0.196305 -0.728571 0.287614
v -0.191891 -0.728571 0.301200
v -0.187476 -0.728571 0.314787
v -0.183062 -0.728571 0.328373
v -0.178647 -0.728571 0.341960
v -0.174233 -0.728571 0.355546
v -0.169818 -0.728571 0.369133
v -0.165403 -0.728571 0.382719
v -0.249280 -0.714286 0.124575
v -0.244865 -0.714286 0.138162
v -0.240450 -0.714286 0.151749
v -0.236036 -0.714286 0.165335
v -0.231621 -0.714286 0.178922
v -0.227207 -0.714286 0.192508
v -0.222792 -0.714286 0.206095
v -0.218378 -0.714286 0.219681
v -0.213963 -0.714286 0.233268
v -0.209549 -0.714286 0.246854
v -0.205134 -0.714286 0.260441
v -0.200720 -0.714286 0.274027
v -0.196305 -0.714286 0.287614
v -0.191891 -0.714286 0.301200
v -0.187476 -0.714286 0.314787
v -0.183062 -0.714286 0.328373
v -0.178647 -0.714286 0.341960
v -0.174233 -0.714286 0.355546
v -0.169818 -0.714286 0.369133
v -0.165403 -0.714286 0.382719
v -0.525424 -0.985714 0.199280
v -0.511838 -0.985714 0.194865
v -0.498251 -0.985714 0.190450
v -0.484665 -0.985714 0.186036
v -0.471078 -0.985714 0.181621
v -0.457492 -0.985714 0.177207
v -0.443905 -0.985714 0.172792
v -0.430319 -0.985714 0.168378
v -0.416732 -0.985714 0.163963
v -0.403146 -0.985714 0.159549
v -0.389559 -0.985714 0.155134
v -0.375973 -0.985714 0.150720
v -0.362386 -0.985714 0.146305
v -0.348800 -0.985714 0.141891
v -0.335213 -0.985714 0.137476
v -0.321627 -0.985714 0.133062
v -0.308040 -0.985714 0.128647
v -0.294454 -0.985714 0.124233
v -0.280867 -0.985714 0.119818
v -0.267281 -0.985714 0.115404
v -0.525424 -0.971429 0.199280
v -0.511838 -0.971429 0.194865
v -0.498251 -0.971429 0.190450
v -0.484665 -0.971429 0.186036
v -0.471078 -0.971429 0.181621
v -0.457492 -0.971429 0.177207
v -0.443905 -0.971429 0.172792
v -0.430319 -0.971429 0.168378
v -0.416732 -0.971429 0.163963
v -0.403146 -0.971429 0.159549
v -0.389559 -0.971429 0.155134
v -0.375973 -0.971429 0.150720
v -0.362386 -0.971429 0.146305
v -0.348800 -0.971429 0.141891
v -0.335213 -0.971429 0.137476
v -0.321627 -0.971429 0.133062
v -0.308040 -0.971429 0.128647
v -0.294454 -0.971429 0.124233
v -0.280867 -0.971429 0.119818
v -0.267281 -0.971429 0.115404
v -0.525424 -0.957143 0.199280
v -0.511838 -0.957143 0.194865
v -0.498251 -0.957143 0.190450
v -0.484665 -0.957143 0.186036
v -0.471078 -0.957143 0.181621
v -0.457492 -0.957143 0.177207
v -0.443905 -0.957143 0.172792
v -0.430319 -0.957143 0.168378
v -0.416732 -0.957143 0.163963
v -0.403146 -0.957143 0.159549
v -0.389559 -0.957143 0.155134
v -0.375973 -0.957143 0.150720
v -0.362386 -0.957143 0.146305
v -0.348800 -0.957143 0.141891
v -0.335213 -0.957143 0.137476
v -0.321627 -0.957143 0.133062
v -0.308040 -0.957143 0.128647
v -0.294454 -0.957143 0.124233
v -0.280867 -0.957143 0.119818
v -0.267281 -0.957143 0.115404
v -0.525424 -0.942857 0.199280
v -0.511838 -0.942857 0.194865
v -0.498251 -0.942857 0.190450
v -0.484665 -0.942857 0.186036
v -0.471078 -0.942857 0.181621
v -0.457492 -0.942857 0.177207
v -0.443905 -0.942857 0.172792
v -0.430319 -0.942857 0.168378
v -0.416732 -0.942857 0.163963
v -0.403146 -0.942857 0.159549
v -0.389559 -0.942857 0.155134
v -0.375973 -0.942857 0.150720
v -0.362386 -0.942857 0.146305
v -0.348800 -0.942857 0.141891
v -0.335213 -0.942857 0.137476
v -0.321627 -0.942857 0.133062
v -0.308040 -0.942857 0.128647
v -0.294454 -0.942857 0.124233
v -0.280867 -0.942857 0.119818
v -0.267281 -0.942857 0.115404
v -0.525424 -0.928571 0.199280
v -0.511838 -0.928571 0.194865
v -0.498251 -0.928571 0.190450
v -0.484665 -0.928571 0.186036
v -0.471078 -0.928571 0.181621
v -0.457492 -0.928571 0.177207
v -0.443905 -0.928571 0.172792
v -0.430319 -0.928571 0.168378
v -0.416732 -0.928571 0.163963
v -0.403146 -0.928571 0.159549
v -0.389559 -0.928571 0.155134
v -0.375973 -0.928571 0.150720
v -0.362386 -0.928571 0.146305
v -0.348800 -0.928571 0.141891
v -0.335213 -0.928571 0.137476
v -0.321627 -0.928571 0.133062
v -0.308040 -0.928571 0.128647
v -0.294454 -0.928571 0.124233
v -0.280867 -0.928571 0.119818
v -0.267281 -0.928571 0.115404
v -0.525424 -0.914286 0.199280
v -0.511838 -0.914286 0.194865
v -0.498251 -0.914286 0.190450
v -0.484665 -0.914286 0.186036
v -0.471078 -0.914286 0.181621
v -0.457492 -0.914286 0.177207
v -0.443905 -0.914286 0.172792
v -0.430319 -0.914286 0.168378
v -0.416732 -0.914286 0.163963
v -0.403146 -0.914286 0.159549
v -0.389559 -0.914286 0.155134
v -0.375973 -0.914286 0.150720
v -0.362386 -0.914286 0.146305
v -0.348800 -0.914286 0.141891
v -0.335213 -0.914286 0.137476
v -0.321627 -0.914286 0.133062
v -0.308040 -0.914286 0.128647
v -0.294454 -0.914286 0.124233
v -0.280867 -0.914286 0.119818
v -0.267281 -0.914286 0.115404
v -0.525424 -0.900000 0.199280
v -0.511838 -0.900000 0.194865
v -0.498251 -0.900000 0.190450
v -0.484665 -0.900000 0.186036
v -0.471078 -0.900000 0.181621
v -0.457492 -0.900000 0.177207
v -0.443905 -0.900000 0.172792
v -0.430319 -0.900000 0.168378
v -0.416732 -0.900000 0.163963
v -0.403146 -0.900000 0.159549
v -0.389559 -0.900000 0.155134
v -0.375973 -0.900000 0.150720
v -0.362386 -0.900000 0.146305
v -0.348800 -0.900000 0.141891
v -0.335213 -0.900000 0.137476
v -0.321627 -0.900000 0.133062
v -0.308040 -0.900000 0.128647
v -0.294454 -0.900000 0.124233
v -0.280867 -0.900000 0.119818
v -0.267281 -0.900000 0.115404
v -0.525424 -0.885714 0.199280
v -0.511838 -0.885714 0.194865
v -0.498251 -0.885714 0.190450
v -0.484665 -0.885714 0.186036
v -0.471078 -0.885714 0.181621
v -0.457492 -0.885714 0.177207
v -0.443905 -0.885714 0.172792
v -0.430319 -0.885714 0.168378
v -0.416732 -0.885714 0.163963
v -0.403146 -0.885714 0.159549
v -0.389559 -0.885714 0.155134
v -0.375973 -0.885714 0.150720
v -0.362386 -0.885714 0.146305
v -0.348800 -0.885714 0.141891
v -0.335213 -0.885714 0.137476
v -0.321627 -0.885714 0.133062
v -0.308040 -0.885714 0.128647
v -0.294454 -0.885714 0.124233
v -0.280867 -0.885714 0.119818
v -0.267281 -0.885714 0.115404
v -0.525424 -0.871429 0.199280
v -0.511838 -0.871429 0.194865
v -0.498251 -0.871429 0.190450
v -0.484665 -0.871429 0.186036
v -0.471078 -0.871429 0.181621
v -0.457492 -0.871429 0.177207
v -0.443905 -0.871429 0.172792
v -0.430319 -0.871429 0.168378
v -0.416732 -0.871429 0.163963
v -0.403146 -0.871429 0.159549
v -0.389559 -0.871429 0.155134
v -0.375973 -0.871429 0.150720
v -0.362386 -0.871429 0.146305
v -0.348800 -0.871429 0.141891
v -0.335213 -0.871429 0.137476
v -0.321627 -0.871429 0.133062
v -0.308040 -0.871429 0.128647
v -0.294454 -0.871429 0.124233
v -0.280867 -0.871429 0.119818
v -0.267281 -0.871429 0.115404
v -0.525424 -0.857143 0.199280
v -0.511838 -0.857143 0.194865
v -0.498251 -0.857143 0.190450
v -0.484665 -0.857143 0.186036
v -0.471078 -0.857143 0.181621
v -0.457492 -0.857143 0.177207
v -0.443905 -0.857143 0.172792
v -0.430319 -0.857143 0.168378
v -0.416732 -0.857143 0.163963
v -0.403146 -0.857143 0.159549
v -0.389559 -0.857143 0.155134
v -0.375973 -0.857143 0.150720
v -0.362386 -0.857143 0.146305
v -0.348800 -0.857143 0.141891
v -0.335213 -0.857143 0.137476
v -0.321627 -0.857143 0.133062
v -0.308040 -0.857143 0.128647
v -0.294454 -0.857143 0.124233
v -0.280867 -0.857143 0.119818
v -0.267281 -0.857143 0.115404
v -0.525424 -0.842857 0.199280
v -0.511838 -0.842857 0.194865
v -0.498251 -0.842857 0.190450
v -0.484665 -0.842857 0.186036
v -0.471078 -0.842857 0.181621
v -0.457492 -0.842857 0.177207
v -0.443905 -0.842857 0.172792
v -0.430319 -0.842857 0.168378
v -0.416732 -0.842857 0.163963
v -0.403146 -0.842857 0.159549
v -0.389559 -0.842857 0.155134
v -0.375973 -0.842857 0.150720
v -0.362386 -0.842857 0.146305
v -0.348800 -0.842857 0.141891
v -0.335213 -0.842857 0.137476
v -0.321627 -0.842857 0.133062
v -0.308040 -0.842857 0.128647
v -0.294454 -0.842857 0.124233
v -0.280867 -0.842857 0.119818
v -0.267281 -0.842857 0.115404
v -0.525424 -0.828571 0.199280
v -0.511838 -0.828571 0.194865
v -0.498251 -0.828571 0.190450
v -0.484665 -0.828571 0.186036
v -0.471078 -0.828571 0.181621
v -0.457492 -0.828571 0.177207
v -0.443905 -0.828571 0.172792
v -0.430319 -0.828571 0.168378
v -0.416732 -0.828571 0.163963
v -0.403146 -0.828571 0.159549
v -0.389559 -0.828571 0.155134
v -0.375973 -0.828571 0.150720
v -0.362386 -0.828571 0.146305
v -0.348800 -0.828571 0.141891
v -0.335213 -0.828571 0.137476
v -0.321627 -0.828571 0.133062
v -0.308040 -0.828571 0.128647
v -0.294454 -0.828571 0.124233
v -0.280867 -0.828571 0.119818
v -0.267281 -0.828571 0.115404
v -0.525424 -0.814286 0.199280
v -0.511838 -0.814286 0.194865
v -0.498251 -0.814286 0.190450
v -0.484665 -0.814286 0.186036
v -0.471078 -0.814286 0.181621
v -0.457492 -0.814286 0.177207
v -0.443905 -0.814286 0.172792
v -0.430319 -0.814286 0.168378
v -0.416732 -0.814286 0.163963
v -0.403146 -0.814286 0.159549
v -0.389559 -0.814286 0.155134
v -0.375973 -0.814286 0.150720
v -0.362386 -0.814286 0.146305
v -0.348800 -0.814286 0.141891
v -0.335213 -0.814286 0.137476
v -0.321627 -0.814286 0.133062
v -0.308040 -0.814286 0.128647
v -0.294454 -0.814286 0.124233
v -0.280867 -0.814286 0.119818
v -0.267281 -0.814286 0.115404
v -0.525424 -0.800000 0.199280
v -0.511838 -0.800000 0.194865
v -0.498251 -0.800000 0.190450
v -0.484665 -0.800000 0.186036
v -0.471078 -0.800000 0.181621
v -0.457492 -0.800000 0.177207
v -0.443905 -0.800000 0.172792
v -0.430319 -0.800000 0.168378
v -0.416732 -0.800000 0.163963
v -0.403146 -0.800000 0.159549
v -0.389559 -0.800000 0.155134
v -0.375973 -0.800000 0.150720
v -0.362386 -0.800000 0.146305
v -0.348800 -0.800000 0.141891
v -0.335213 -0.800000 0.137476
v -0.321627 -0.800000 0.133062
v -0.308040 -0.800000 0.128647
v -0.294454 -0.800000 0.124233
v -0.280867 -0.800000 0.119818
v -0.267281 -0.800000 0.115404
v -0.525424 -0.785714 0.199280
v -0.511838 -0.785714 0.194865
v -0.498251 -0.785714 0.190450
v -0.484665 -0.785714 0.186036
v -0.471078 -0.785714 0.181621
v -0.457492 -0.785714 0.177207
v -0.443905 -0.785714 0.172792
v -0.430319 -0.785714 0.168378
v -0.416732 -0.785714 0.163963
v -0.403146 -0.785714 0.159549
v -0.389559 -0.785714 0.155134
v -0.375973 -0.785714 0.150720
v -0.362386 -0.785714 0.146305
v -0.348800 -0.785714 0.141891
v -0.335213 -0.785714 0.137476
v -0.321627 -0.785714 0.133062
v -0.308040 -0.785714 0.128647
v -0.294454 -0.785714 0.124233
v -0.280867 -0.785714 0.119818
v -0.267281 -0.785714 0.115404
v -0.525424 -0.771429 0.199280
v -0.511838 -0.771429 0.194865
v -0.498251 -0.771429 0.190450
v -0.484665 -0.771429 0.186036
v -0.471078 -0.771429 0.181621
v -0.457492 -0.771429 0.177207
v -0.443905 -0.771429 0.172792
v -0.430319 -0.771429 0.168378
v -0.416732 -0.771429 0.163963
v -0.403146 -0.771429 0.159549
v -0.389559 -0.771429 0.155134
v -0.375973 -0.771429 0.150720
v -0.362386 -0.771429 0.146305
v -0.348800 -0.771429 0.141891
v -0.335213 -0.771429 0.137476
v -0.321627 -0.771429 0.133062
v -0.308040 -0.771429 0.128647
v -0.294454 -0.771429 0.124233
v -0.280867 -0.771429 0.119818
v -0.267281 -0.771429 0.115404
v -0.525424 -0.757143 0.199280
v -0.511838 -0.757143 0.194865
v -0.498251 -0.757143 0.190450
v -0.484665 -0.757143 0.186036
v -0.471078 -0.757143 0.181621
v -0.457492 -0.757143 0.177207
v -0.443905 -0.757143 0.172792
v -0.430319 -0.757143 0.168378
v -0.416732 -0.757143 0.163963
v -0.403146 -0.757143 0.159549
v -0.389559 -0.757143 0.155134
v -0.375973 -0.757143 0.150720
v -0.362386 -0.757143 0.146305
v -0.348800 -0.757143 0.141891
v -0.335213 -0.757143 0.137476
v -0.321627 -0.757143 0.133062
v -0.308040 -0.757143 0.128647
v -0.294454 -0.757143 0.124233
v -0.280867 -0.757143 0.119818
v -0.267281 -0.757143 0.115404
v -0.525424 -0.742857 0.199280
v -0.511838 -0.742857 0.194865
v -0.498251 -0.742857 0.190450
v -0.484665 -0.742857 0.186036
v -0.471078 -0.742857 0.181621
v -0.457492 -0.742857 0.177207
v -0.443905 -0.742857 0.172792
v -0.430319 -0.742857 0.168378
v -0.416732 -0.742857 0.163963
v -0.403146 -0.742857 0.159549
v -0.389559 -0.742857 0.155134
v -0.375973 -0.742857 0.150720
v -0.362386 -0.742857 0.146305
v -0.348800 -0.742857 0.141891
v -0.335213 -0.742857 0.137476
v -0.321627 -0.742857 0.133062
v -0.308040 -0.742857 0.128647
v -0.294454 -0.742857 0.124233
v -0.280867 -0.742857 0.119818
v -0.267281 -0.742857 0.115404
v -0.525424 -0.728571 0.199280
v -0.511838 -0.728571 0.194865
v -0.498251 -0.728571 0.190450
v -0.484665 -0.728571 0.186036
v -0.471078 -0.728571 0.181621
v -0.457492 -0.728571 0.177207
v -0.443905 -0.728571 0.172792
v -0.430319 -0.728571 0.168378
v -0.416732 -0.728571 0.163963
v -0.403146 -0.728571 0.159549
v -0.389559 -0.728571 0.155134
v -0.375973 -0.728571 0.150720
v -0.362386 -0.728571 0.146305
v -0.348800 -0.728571 0.141891
v -0.335213 -0.728571 0.137476
v -0.321627 -0.728571 0.133062
v -0.308040 -0.728571 0.128647
v -0.294454 -0.728571 0.124233
v -0.280867 -0.728571 0.119818
v -0.267281 -0.728571 0.115404
v -0.525424 -0.714286 0.199280
v -0.511838 -0.714286 0.194865
v -0.498251 -0.714286 0.190450
v -0.484665 -0.714286 0.186036
v -0.471078 -0.714286 0.181621
v -0.457492 -0.714286 0.177207
v -0.443905 -0.714286 0.172792
v -0.430319 -0.714286 0.168378
v -0.416732 -0.714286 0.163963
v -0.403146 -0.714286 0.159549
v -0.389559 -0.714286 0.155134
v -0.375973 -0.714286 0.150720
v -0.362386 -0.714286 0.146305
v -0.348800 -0.714286 0.141891
v -0.335213 -0.714286 0.137476
v -0.321627 -0.714286 0.133062
v -0.308040 -0.714286 0.128647
v -0.294454 -0.714286 0.124233
v -0.280867 -0.714286 0.119818
v -0.267281 -0.714286 0.115404
v -0.450720 -0.985714 0.475425
v -0.455135 -0.985714 0.461838
v -0.459550 -0.985714 0.448251
v -0.463964 -0.985714 0.434665
v -0.468379 -0.985714 0.421078
v -0.472793 -0.985714 0.407492
v -0.477208 -0.985714 0.393905
v -0.481622 -0.985714 0.380319
v -0.486037 -0.985714 0.366732
v -0.490451 -0.985714 0.353146
v -0.494866 -0.985714 0.339559
v -0.499280 -0.985714 0.325973
v -0.503695 -0.985714 0.312386
v -0.508109 -0.985714 0.298800
v -0.512524 -0.985714 0.285213
v -0.516938 -0.985714 0.271627
v -0.521353 -0.985714 0.258040
v -0.525767 -0.985714 0.244454
v -0.530182 -0.985714 0.230867
v -0.534597 -0.985714 0.217281
v -0.450720 -0.971429 0.475425
v -0.455135 -0.971429 0.461838
v -0.459550 -0.971429 0.448251
v -0.463964 -0.971429 0.434665
v -0.468379 -0.971429 0.421078
v -0.472793 -0.971429 0.407492
v -0.477208 -0.971429 0.393905
v -0.481622 -0.971429 0.380319
v -0.486037 -0.971429 0.366732
v -0.490451 -0.971429 0.353146
v -0.494866 -0.971429 0.339559
v -0.499280 -0.971429 0.325973
v -0.503695 -0.971429 0.312386
v -0.508109 -0.971429 0.298800
v -0.512524 -0.971429 0.285213
v -0.516938 -0.971429 0.271627
v -0.521353 -0.971429 0.258040
v -0.525767 -0.971429 0.244454
v -0.530182 -0.971429 0.230867
v -0.534597 -0.971429 0.217281
v -0.450720 -0.957143 0.475425
v -0.455135 -0.957143 0.461838
v -0.459550 -0.957143 0.448251
v -0.463964 -0.957143 0.434665
v -0.468379 -0.957143 0.421078
v -0.472793 -0.957143 0.407492
v -0.477208 -0.957143 0.393905
v -0.481622 -0.957143 0.380319
v -0.486037 -0.957143 0.366732
v -0.490451 -0.957143 0.353146
v -0.494866 -0.957143 0.339559
v -0.499280 -0.957143 0.325973
v -0.503695 -0.957143 0.312386
v -0.508109 -0.957143 0.298800
v -0.512524 -0.957143 0.285213
v -0.516938 -0.957143 0.271627
v -0.521353 -0.957143 0.258040
v -0.525767 -0.957143 0.244454
v -0.530182 -0.957143 0.230867
v -0.534597 -0.957143 0.217281
v -0.450720 -0.942857 0.475425
v -0.455135 -0.942857 0.461838
v -0.459550 -0.942857 0.448251
v -0.463964 -0.942857 0.434665
v -0.468379 -0.942857 0.421078
v -0.472793 -0.942857 0.407492
v -0.477208 -0.942857 0.393905
v -0.481622 -0.942857 0.380319
v -0.486037 -0.942857 0.366732
v -0.490451 -0.942857 0.353146
v -0.494866 -0.942857 0.339559
v -0.499280 -0.942857 0.325973
v -0.503695 -0.942857 0.312386
v -0.508109 -0.942857 0.298800
v -0.512524 -0.942857 0.285213
v -0.516938 -0.942857 0.271627
v -0.521353 -0.942857 0.258040
v -0.525767 -0.942857 0.244454
v -0.530182 -0.942857 0.230867
v -0.534597 -0.942857 0.217281
v -0.450720 -0.928571 0.475425
v -0.455135 -0.928571 0.461838
v -0.459550 -0.928571 0.448251
v -0.463964 -0.928571 0.434665
v -0.468379 -0.928571 0.421078
v -0.472793 -0.928571 0.407492
v -0.477208 -0.928571 0.393905
v -0.481622 -0.928571 0.380319
v -0.486037 -0.928571 0.366732
v -0.490451 -0.928571 0.353146
v -0.494866 -0.928571 0.339559
v -0.499280 -0.928571 0.325973
v -0.503695 -0.928571 0.312386
v -0.508109 -0.928571 0.298800
v -0.512524 -0.928571 0.285213
v -0.516938 -0.928571 0.271627
v -0.521353 -0.928571 0.258040
v -0.525767 -0.928571 0.244454
v -0.530182 -0.928571 0.230867
v -0.534597 -0.928571 0.217281
v -0.450720 -0.914286 0.475425
v -0.455135 -0.914286 0.461838
v -0.459550 -0.914286 0.448251
v -0.463964 -0.914286 0.434665
v -0.468379 -0.914286 0.421078
v -0.472793 -0.914286 0.407492
v -0.477208 -0.914286 0.393905
v -0.481622 -0.914286 0.380319
v -0.486037 -0.914286 0.366732
v -0.490451 -0.914286 0.353146
v -0.494866 -0.914286 0.339559
v -0.499280 -0.914286 0.325973
v -0.503695 -0.914286 0.312386
v -0.508109 -0.914286 0.298800
v -0.512524 -0.914286 0.285213
v -0.516938 -0.914286 0.271627
v -0.521353 -0.914286 0.258040
v -0.525767 -0.914286 0.244454
v -0.530182 -0.914286 0.230867
v -0.534597 -0.914286 0.217281
v -0.450720 -0.900000 0.475425
v -0.455135 -0.900000 0.461838
v -0.459550 -0.900000 0.448251
v -0.463964 -0.900000 0.434665
v -0.468379 -0.900000 0.421078
v -0.472793 -0.900000 0.407492
v -0.477208 -0.900000 0.393905
v -0.481622 -0.900000 0.380319
v -0.486037 -0.900000 0.366732
v -0.490451 -0.900000 0.353146
v -0.494866 -0.900000 0.339559
v -0.499280 -0.900000 0.325973
v -0.503695 -0.900000 0.312386
v -0.508109 -0.900000 0.298800
v -0.512524 -0.900000 0.285213
v -0.516938 -0.900000 0.271627
v -0.521353 -0.900000 0.258040
v -0.525767 -0.900000 0.244454
v -0.530182 -0.900000 0.230867
v -0.534597 -0.900000 0.217281
v -0.450720 -0.885714 0.475425
v -0.455135 -0.885714 0.461838
v -0.459550 -0.885714 0.448251
v -0.463964 -0.885714 0.434665
v -0.468379 -0.885714 0.421078
v -0.472793 -0.885714 0.407492
v -0.477208 -0.885714 0.393905
v -0.481622 -0.885714 0.380319
v -0.486037 -0.885714 0.366732
v -0.490451 -0.885714 0.353146
v -0.494866 -0.885714 0.339559
v -0.499280 -0.885714 0.325973
v -0.503695 -0.885714 0.312386
v -0.508109 -0.885714 0.298800
v -0.512524 -0.885714 0.285213
v -0.516938 -0.885714 0.271627
v -0.521353 -0.885714 0.258040
v -0.525767 -0.885714 0.244454
v -0.530182 -0.885714 0.230867
v -0.534597 -0.885714 0.217281
v -0.450720 -0.871429 0.475425
v -0.455135 -0.871429 0.461838
v -0.459550 -0.871429 0.448251
v -0.463964 -0.871429 0.434665
v -0.468379 -0.871429 0.421078
v -0.472793 -0.871429 0.407492
v -0.477208 -0.871429 0.393905
v -0.481622 -0.871429 0.380319
v -0.486037 -0.871429 0.366732
v -0.490451 -0.871429 0.353146
v -0.494866 -0.871429 0.339559
v -0.499280 -0.871429 0.325973
v -0.503695 -0.871429 0.312386
v -0.508109 -0.871429 0.298800
v -0.512524 -0.871429 0.285213
v -0.516938 -0.871429 0.271627
v -0.521353 -0.871429 0.258040
v -0.525767 -0.871429 0.244454
v -0.530182 -0.871429 0.230867
v -0.534597 -0.871429 0.217281
v -0.450720 -0.857143 0.475425
v -0.455135 -0.857143 0.461838
v -0.459550 -0.857143 0.448251
v -0.463964 -0.857143 0.434665
v -0.468379 -0.857143 0.421078
v -0.472793 -0.857143 0.407492
v -0.477208 -0.857143 0.393905
v -0.481622 -0.857143 0.380319
v -0.486037 -0.857143 0.366732
v -0.490451 -0.857143 0.353146
v -0.494866 -0.857143 0.339559
v -0.499280 -0.857143 0.325973
v -0.503695 -0.857143 0.312386
v -0.508109 -0.857143 0.298800
v -0.512524 -0.857143 0.285213
v -0.516938 -0.857143 0.271627
v -0.521353 -0.857143 0.258040
v -0.525767 -0.857143 0.244454
v -0.530182 -0.857143 0.230867
v -0.534597 -0.857143 0.217281
v -0.450720 -0.842857 0.475425
v -0.455135 -0.842857 0.461838
v -0.459550 -0.842857 0.448251
v -0.463964 -0.842857 0.434665
v -0.468379 -0.842857 0.421078
v -0.472793 -0.842857 0.407492
v -0.477208 -0.842857 0.393905
v -0.481622 -0.842857 0.380319
v -0.486037 -0.842857 0.366732
v -0.490451 -0.842857 0.353146
v -0.494866 -0.842857 0.339559
v -0.499280 -0.842857 0.325973
v -0.503695 -0.842857 0.312386
v -0.508109 -0.842857 0.298800
v -0.512524 -0.842857 0.285213
v -0.516938 -0.842857 0.271627
v -0.521353 -0.842857 0.258040
v -0.525767 -0.842857 0.244454
v -0.530182 -0.842857 0.230867
v -0.534597 -0.842857 0.217281
v -0.450720 -0.828571 0.475425
v -0.455135 -0.828571 0.461838
v -0.459550 -0.828571 0.448251
v -0.463964 -0.828571 0.434665
v -0.468379 -0.828571 0.421078
v -0.472793 -0.828571 0.407492
v -0.477208 -0.828571 0.393905
v -0.481622 -0.828571 0.380319
v -0.486037 -0.828571 0.366732
v -0.490451 -0.828571 0.353146
v -0.494866 -0.828571 0.339559
v -0.499280 -0.828571 0.325973
v -0.503695 -0.828571 0.312386
v -0.508109 -0.828571 0.298800
v -0.512524 -0.828571 0.285213
v -0.516938 -0.828571 0.271627
v -0.521353 -0.828571 0.258040
v -0.525767 -0.828571 0.244454
v -0.530182 -0.828571 0.230867
v -0.534597 -0.828571 0.217281
v -0.450720 -0.814286 0.475425
v -0.455135 -0.814286 0.461838
v -0.459550 -0.814286 0.448251
v -0.463964 -0.814286 0.434665
v -0.468379 -0.814286 0.421078
v -0.472793 -0.814286 0.407492
v -0.477208 -0.814286 0.393905
v -0.481622 -0.814286 0.380319
v -0.486037 -0.814286 0.366732
v -0.490451 -0.814286 0.353146
v -0.494866 -0.814286 0.339559
v -0.499280 -0.814286 0.325973
v -0.503695 -0.814286 0.312386
v -0.508109 -0.814286 0.298800
v -0.512524 -0.814286 0.285213
v -0.516938 -0.814286 0.271627
v -0.521353 -0.814286 0.258040
v -0.525767 -0.814286 0.244454
v -0.530182 -0.814286 0.230867
v -0.534597 -0.814286 0.217281
v -0.450720 -0.800000 0.475425
v -0.455135 -0.800000 0.461838
v -0.459550 -0.800000 0.448251
v -0.463964 -0.800000 0.434665
v -0.468379 -0.800000 0.421078
v -0.472793 -0.800000 0.407492
v -0.477208 -0.800000 0.393905
v -0.481622 -0.800000 0.380319
v -0.486037 -0.800000 0.366732
v -0.490451 -0.800000 0.353146
v -0.494866 -0.800000 0.339559
v -0.499280 -0.800000 0.325973
v -0.503695 -0.800000 0.312386
v -0.508109 -0.800000 0.298800
v -0.512524 -0.800000 0.285213
v -0.516938 -0.800000 0.271627
v -0.521353 -0.800000 0.258040
v -0.525767 -0.800000 0.244454
v -0.530182 -0.800000 0.230867
v -0.534597 -0.800000 0.217281
v -0.450720 -0.785714 0.475425
v -0.455135 -0.785714 0.461838
v -0.459550 -0.785714 0.448251
v -0.463964 -0.785714 0.434665
v -0.468379 -0.785714 0.421078
v -0.472793 -0.785714 0.407492
v -0.477208 -0.785714 0.393905
v -0.481622 -0.785714 0.380319
v -0.486037 -0.785714 0.366732
v -0.490451 -0.785714 0.353146
v -0.494866 -0.785714 0.339559
v -0.499280 -0.785714 0.325973
v -0.503695 -0.785714 0.312386
v -0.508109 -0.785714 0.298800
v -0.512524 -0.785714 0.285213
v -0.516938 -0.785714 0.271627
v -0.521353 -0.785714 0.258040
v -0.525767 -0.785714 0.244454
v -0.530182 -0.785714 0.230867
v -0.534597 -0.785714 0.217281
v -0.450720 -0.771429 0.475425
v -0.455135 -0.771429 0.461838
v -0.459550 -0.771429 0.448251
v -0.463964 -0.771429 0.434665
v -0.468379 -0.771429 0.421078
v -0.472793 -0.771429 0.407492
v -0.477208 -0.771429 0.393905
v -0.481622 -0.771429 0.380319
v -0.486037 -0.771429 0.366732
v -0.490451 -0.771429 0.353146
v -0.494866 -0.771429 0.339559
v -0.499280 -0.771429 0.325973
v -0.503695 -0.771429 0.312386
v -0.508109 -0.771429 0.298800
v -0.512524 -0.771429 0.285213
v -0.516938 -0.771429 0.271627
v -0.521353 -0.771429 0.258040
v -0.525767 -0.771429 0.244454
v -0.530182 -0.771429 0.230867
v -0.534597 -0.771429 0.217281
v -0.450720 -0.757143 0.475425
v -0.455135 -0.757143 0.461838
v -0.459550 -0.757143 0.448251
v -0.463964 -0.757143 0.434665
v -0.468379 -0.757143 0.421078
v -0.472793 -0.757143 0.407492
v -0.477208 -0.757143 0.393905
v -0.481622 -0.757143 0.380319
v -0.486037 -0.757143 0.366732
v -0.490451 -0.757143 0.353146
v -0.494866 -0.757143 0.339559
v -0.499280 -0.757143 0.325973
v -0.503695 -0.757143 0.312386
v -0.508109 -0.757143 0.298800
v -0.512524 -0.757143 0.285213
v -0.516938 -0.757143 0.271627
v -0.521353 -0.757143 0.258040
v -0.525767 -0.757143 0.244454
v -0.530182 -0.757143 0.230867
v -0.534597 -0.757143 0.217281
v -0.450720 -0.742857 0.475425
v -0.455135 -0.742857 0.461838
v -0.459550 -0.742857 0.448251
v -0.463964 -0.742857 0.434665
v -0.468379 -0.742857 0.421078
v -0.472793 -0.742857 0.407492
v -0.477208 -0.742857 0.393905
v -0.481622 -0.742857 0.380319
v -0.486037 -0.742857 0.366732
v -0.490451 -0.742857 0.353146
v -0.494866 -0.742857 0.339559
v -0.499280 -0.742857 0.325973
v -0.503695 -0.742857 0.312386
v -0.508109 -0.742857 0.298800
v -0.512524 -0.742857 0.285213
v -0.516938 -0.742857 0.271627
v -0.521353 -0.742857 0.258040
v -0.525767 -0.742857 0.244454
v -0.530182 -0.742857 0.230867
v -0.534597 -0.742857 0.217281
v -0.450720 -0.728571 0.475425
v -0.455135 -0.728571 0.461838
v -0.459550 -0.728571 0.448251
v -0.463964 -0.728571 0.434665
v -0.468379 -0.728571 0.421078
v -0.472793 -0.728571 0.407492
v -0.477208 -0.728571 0.393905
v -0.481622 -0.728571 0.380319
v -0.486037 -0.728571 0.366732
v -0.490451 -0.728571 0.353146
v -0.494866 -0.728571 0.339559
v -0.499280 -0.728571 0.325973
v -0.503695 -0.728571 0.312386
v -0.508109 -0.728571 0.298800
v -0.512524 -0.728571 0.285213
v -0.516938 -0.728571 0.271627
v -0.521353 -0.728571 0.258040
v -0.525767 -0.728571 0.244454
v -0.530182 -0.728571 0.230867
v -0.534597 -0.728571 0.217281
v -0.450720 -0.714286 0.475425
v -0.455135 -0.714286 0.461838
v -0.459550 -0.714286 0.448251
v -0.463964 -0.714286 0.434665
v -0.468379 -0.714286 0.421078
v -0.472793 -0.714286 0.407492
v -0.477208 -0.714286 0.393905
v -0.481622 -0.714286 0.380319
v -0.486037 -0.714286 0.366732
v -0.490451 -0.714286 0.353146
v -0.494866 -0.714286 0.339559
v -0.499280 -0.714286 0.325973
v -0.503695 -0.714286 0.312386
v -0.508109 -0.714286 0.298800
v -0.512524 -0.714286 0.285213
v -0.516938 -0.714286 0.271627
v -0.521353 -0.714286 0.258040
v -0.525767 -0.714286 0.244454
v -0.530182 -0.714286 0.230867
v -0.534597 -0.714286 0.217281
vn -0.9511 -0.0000 0.3090
vn -0.3090 -0.0000 -0.9511
vn 0.9511 -0.0000 -0.3090
vn 0.3090 -0.0000 0.9511
vn -0.0000 -1.0000 -0.0000
vn -0.0000 1.0000 -0.0000
vt 0.625000 0.238095
vt 0.613095 0.250000
vt 0.613095 0.238095
vt 0.625000 0.488095
vt 0.613095 0.500000
vt 0.613095 0.488095
vt 0.625000 0.738095
vt 0.613095 0.750000
vt 0.613095 0.738095
vt 0.625000 0.988095
vt 0.613095 1.000000
vt 0.613095 0.988095
vt 0.375000 0.738095
vt 0.363095 0.750000
vt 0.363095 0.738095
vt 0.875000 0.738095
vt 0.863095 0.750000
vt 0.863095 0.738095
vt 0.636905 0.738095
vt 0.625000 0.750000
vt 0.648809 0.738095
vt 0.636905 0.750000
vt 0.660714 0.738095
vt 0.648809 0.750000
vt 0.672619 0.738095
vt 0.660714 0.750000
vt 0.684524 0.738095
vt 0.672619 0.750000
vt 0.696429 0.738095
vt 0.684524 0.750000
vt 0.708333 0.738095
vt 0.696429 0.750000
vt 0.720238 0.738095
vt 0.708333 0.750000
vt 0.732143 0.738095
vt 0.720238 0.750000
vt 0.744048 0.750000
vt 0.732143 0.750000
vt 0.744048 0.738095
vt 0.755952 0.750000
vt 0.755952 0.738095
vt 0.767857 0.750000
vt 0.767857 0.738095
vt 0.779762 0.750000
vt 0.779762 0.738095
vt 0.791667 0.750000
vt 0.791667 0.738095
vt 0.803571 0.750000
vt 0.803571 0.738095
vt 0.815476 0.750000
vt 0.815476 0.738095
vt 0.827381 0.750000
vt 0.827381 0.738095
vt 0.839286 0.750000
vt 0.839286 0.738095
vt 0.851190 0.750000
vt 0.851190 0.738095
vt 0.636905 0.500000
vt 0.625000 0.511905
vt 0.625000 0.500000
vt 0.636905 0.511905
vt 0.625000 0.523810
vt 0.636905 0.523810
vt 0.625000 0.535714
vt 0.636905 0.535714
vt 0.625000 0.547619
vt 0.636905 0.547619
vt 0.625000 0.559524
vt 0.636905 0.559524
vt 0.625000 0.571429
vt 0.636905 0.571429
vt 0.625000 0.583333
vt 0.636905 0.583333
vt 0.625000 0.595238
vt 0.636905 0.595238
vt 0.625000 0.607143
vt 0.636905 0.607143
vt 0.625000 0.619048
vt 0.636905 0.619048
vt 0.625000 0.630952
vt 0.636905 0.630952
vt 0.625000 0.642857
vt 0.636905 0.642857
vt 0.625000 0.654762
vt 0.636905 0.654762
vt 0.625000 0.666667
vt 0.636905 0.666667
vt 0.625000 0.678571
vt 0.636905 0.678571
vt 0.625000 0.690476
vt 0.636905 0.690476
vt 0.625000 0.702381
vt 0.636905 0.702381
vt 0.625000 0.714286
vt 0.636905 0.714286
vt 0.625000 0.726190
vt 0.636905 0.726190
vt 0.648809 0.511905
vt 0.648809 0.523810
vt 0.648809 0.535714
vt 0.648809 0.547619
vt 0.648809 0.559524
vt 0.648809 0.571429
vt 0.648809 0.583333
vt 0.648809 0.595238
vt 0.648809 0.607143
vt 0.648809 0.619048
vt 0.648809 0.630952
vt 0.648809 0.642857
vt 0.648809 0.654762
vt 0.648809 0.666667
vt 0.648809 0.678571
vt 0.648809 0.690476
vt 0.648810 0.702381
vt 0.648810 0.714286
vt 0.648809 0.726190
vt 0.660714 0.500000
vt 0.648809 0.500000
vt 0.660714 0.511905
vt 0.660714 0.523810
vt 0.660714 0.535714
vt 0.660714 0.547619
vt 0.660714 0.559524
vt 0.660714 0.571429
vt 0.660714 0.583333
vt 0.660714 0.595238
vt 0.660714 0.607143
vt 0.660714 0.619048
vt 0.660714 0.630952
vt 0.660714 0.654762
vt 0.660714 0.666667
vt 0.660714 0.678571
vt 0.660714 0.690476
vt 0.660714 0.702381
vt 0.660714 0.714286
vt 0.660714 0.726190
vt 0.672619 0.500000
vt 0.672619 0.511905
vt 0.672619 0.523810
vt 0.672619 0.535714
vt 0.672619 0.547619
vt 0.672619 0.559524
vt 0.672619 0.571429
vt 0.672619 0.583333
vt 0.672619 0.595238
vt 0.672619 0.607143
vt 0.672619 0.619048
vt 0.672619 0.630952
vt 0.660714 0.642857
vt 0.672619 0.642857
vt 0.672619 0.654762
vt 0.672619 0.666667
vt 0.672619 0.690476
vt 0.672619 0.702381
vt 0.672619 0.714286
vt 0.672619 0.726190
vt 0.684524 0.511905
vt 0.684524 0.523810
vt 0.684524 0.535714
vt 0.684524 0.547619
vt 0.684524 0.559524
vt 0.684524 0.571429
vt 0.684524 0.583333
vt 0.684524 0.595238
vt 0.684524 0.607143
vt 0.684524 0.619048
vt 0.684524 0.630952
vt 0.684524 0.642857
vt 0.684524 0.654762
vt 0.684524 0.666667
vt 0.672619 0.678571
vt 0.684524 0.678571
vt 0.684524 0.690476
vt 0.684524 0.702381
vt 0.684524 0.726190
vt 0.684524 0.500000
vt 0.696429 0.511905
vt 0.696429 0.523810
vt 0.696429 0.535714
vt 0.696428 0.547619
vt 0.696428 0.559524
vt 0.696428 0.571429
vt 0.696428 0.583333
vt 0.696428 0.595238
vt 0.696428 0.607143
vt 0.696429 0.630952
vt 0.696429 0.642857
vt 0.696429 0.654762
vt 0.696429 0.666667
vt 0.696429 0.678571
vt 0.696428 0.690476
vt 0.696429 0.702381
vt 0.684524 0.714286
vt 0.696429 0.714286
vt 0.696429 0.500000
vt 0.708333 0.511905
vt 0.708333 0.523810
vt 0.708333 0.535714
vt 0.708333 0.547619
vt 0.708333 0.559524
vt 0.708333 0.571429
vt 0.708333 0.583333
vt 0.708333 0.595238
vt 0.708333 0.607143
vt 0.696429 0.619048
vt 0.708333 0.630952
vt 0.708333 0.642857
vt 0.708333 0.654762
vt 0.708333 0.666667
vt 0.708333 0.678571
vt 0.708333 0.690476
vt 0.708333 0.702381
vt 0.708333 0.714286
vt 0.696429 0.726190
vt 0.708333 0.500000
vt 0.720238 0.511905
vt 0.720238 0.523810
vt 0.720238 0.535714
vt 0.720238 0.547619
vt 0.720238 0.559524
vt 0.720238 0.571429
vt 0.720238 0.583333
vt 0.720238 0.595238
vt 0.720238 0.607143
vt 0.708333 0.619048
vt 0.720238 0.619048
vt 0.720238 0.630952
vt 0.720238 0.642857
vt 0.720238 0.654762
vt 0.720238 0.666667
vt 0.720238 0.678571
vt 0.720238 0.690476
vt 0.720238 0.702381
vt 0.720238 0.714286
vt 0.708333 0.726190
vt 0.720238 0.500000
vt 0.732143 0.511905
vt 0.732143 0.523810
vt 0.732143 0.535714
vt 0.732143 0.547619
vt 0.732143 0.559524
vt 0.732143 0.571429
vt 0.732143 0.583333
vt 0.732143 0.595238
vt 0.732143 0.619048
vt 0.732143 0.630952
vt 0.732143 0.642857
vt 0.732143 0.654762
vt 0.732143 0.666667
vt 0.732143 0.678571
vt 0.732143 0.690476
vt 0.732143 0.702381
vt 0.732143 0.726190
vt 0.720238 0.726190
vt 0.732143 0.500000
vt 0.744048 0.511905
vt 0.744048 0.523810
vt 0.744048 0.535714
vt 0.744048 0.547619
vt 0.744048 0.559524
vt 0.744048 0.571429
vt 0.744048 0.583333
vt 0.744048 0.595238
vt 0.744048 0.607143
vt 0.732143 0.607143
vt 0.744048 0.619048
vt 0.744048 0.630952
vt 0.744048 0.642857
vt 0.744048 0.654762
vt 0.744048 0.678571
vt 0.744048 0.690476
vt 0.744048 0.702381
vt 0.732143 0.714286
vt 0.744048 0.726190
vt 0.744048 0.500000
vt 0.755952 0.511905
vt 0.755952 0.523810
vt 0.755952 0.535714
vt 0.755952 0.547619
vt 0.755952 0.559524
vt 0.755952 0.571429
vt 0.755952 0.583333
vt 0.755952 0.595238
vt 0.755952 0.607143
vt 0.755952 0.619048
vt 0.755952 0.630952
vt 0.755952 0.642857
vt 0.755952 0.654762
vt 0.744048 0.666667
vt 0.755952 0.678571
vt 0.755952 0.690476
vt 0.755952 0.702381
vt 0.755952 0.714286
vt 0.744048 0.714286
vt 0.755952 0.726190
vt 0.755952 0.500000
vt 0.767857 0.511905
vt 0.767857 0.523810
vt 0.767857 0.535714
vt 0.767857 0.547619
vt 0.767857 0.559524
vt 0.767857 0.571429
vt 0.767857 0.583333
vt 0.767857 0.595238
vt 0.767857 0.607143
vt 0.767857 0.619048
vt 0.767857 0.630952
vt 0.767857 0.642857
vt 0.767857 0.654762
vt 0.767857 0.666667
vt 0.755952 0.666667
vt 0.767857 0.678571
vt 0.767857 0.690476
vt 0.767857 0.702381
vt 0.767857 0.714286
vt 0.767857 0.726190
vt 0.779762 0.500000
vt 0.767857 0.500000
vt 0.779762 0.511905
vt 0.779762 0.523810
vt 0.779762 0.535714
vt 0.779762 0.547619
vt 0.779762 0.559524
vt 0.779762 0.571429
vt 0.779762 0.583333
vt 0.779762 0.595238
vt 0.779762 0.619048
vt 0.779762 0.630952
vt 0.779762 0.642857
vt 0.779762 0.654762
vt 0.779762 0.666667
vt 0.779762 0.678571
vt 0.779762 0.690476
vt 0.779762 0.702381
vt 0.779762 0.714286
vt 0.779762 0.726190
vt 0.791667 0.500000
vt 0.791667 0.511905
vt 0.791667 0.523810
vt 0.791667 0.535714
vt 0.791667 0.547619
vt 0.791667 0.559524
vt 0.791667 0.571429
vt 0.791667 0.583333
vt 0.791667 0.595238
vt 0.779762 0.607143
vt 0.791667 0.607143
vt 0.791667 0.619048
vt 0.791667 0.642857
vt 0.791667 0.654762
vt 0.791667 0.666667
vt 0.791667 0.678571
vt 0.791667 0.690476
vt 0.791667 0.702381
vt 0.791667 0.714286
vt 0.791667 0.726190
vt 0.803571 0.500000
vt 0.803571 0.511905
vt 0.803571 0.523810
vt 0.803571 0.535714
vt 0.803571 0.547619
vt 0.803571 0.559524
vt 0.803571 0.571429
vt 0.803571 0.583333
vt 0.803571 0.607143
vt 0.803571 0.619048
vt 0.803571 0.630952
vt 0.791667 0.630952
vt 0.803571 0.642857
vt 0.803571 0.654762
vt 0.803571 0.678571
vt 0.803571 0.690476
vt 0.803571 0.702381
vt 0.803571 0.714286
vt 0.803571 0.726190
vt 0.815476 0.500000
vt 0.815476 0.511905
vt 0.815476 0.523810
vt 0.815476 0.535714
vt 0.815476 0.547619
vt 0.815476 0.559524
vt 0.815476 0.571429
vt 0.815476 0.583333
vt 0.803571 0.595238
vt 0.815476 0.595238
vt 0.815476 0.607143
vt 0.815476 0.619048
vt 0.815476 0.630952
vt 0.815476 0.642857
vt 0.815476 0.654762
vt 0.803571 0.666667
vt 0.815476 0.666667
vt 0.815476 0.678571
vt 0.815476 0.702381
vt 0.815476 0.714286
vt 0.815476 0.726190
vt 0.827381 0.500000
vt 0.827381 0.511905
vt 0.827381 0.523810
vt 0.827381 0.535714
vt 0.827381 0.547619
vt 0.827381 0.559524
vt 0.827381 0.571429
vt 0.827381 0.583333
vt 0.827381 0.595238
vt 0.827381 0.607143
vt 0.827381 0.619048
vt 0.827381 0.630952
vt 0.827381 0.642857
vt 0.827381 0.654762
vt 0.827381 0.666667
vt 0.827381 0.678571
vt 0.815476 0.690476
vt 0.827381 0.690476
vt 0.827381 0.714286
vt 0.827381 0.726190
vt 0.839286 0.500000
vt 0.839286 0.511905
vt 0.839286 0.523810
vt 0.839286 0.535714
vt 0.839286 0.547619
vt 0.839286 0.559524
vt 0.839286 0.571429
vt 0.839286 0.583333
vt 0.839286 0.595238
vt 0.839286 0.607143
vt 0.839286 0.619048
vt 0.839286 0.630952
vt 0.839286 0.642857
vt 0.839286 0.654762
vt 0.839286 0.666667
vt 0.839286 0.678571
vt 0.839286 0.690476
vt 0.827381 0.702381
vt 0.839286 0.702381
vt 0.839286 0.726190
vt 0.851190 0.500000
vt 0.851190 0.511905
vt 0.851190 0.523810
vt 0.851190 0.535714
vt 0.851190 0.547619
vt 0.851190 0.559524
vt 0.851190 0.571429
vt 0.851190 0.583333
vt 0.851190 0.595238
vt 0.851190 0.607143
vt 0.851190 0.619048
vt 0.851190 0.630952
vt 0.851190 0.642857
vt 0.851190 0.654762
vt 0.851190 0.666667
vt 0.851191 0.678571
vt 0.851191 0.690476
vt 0.851191 0.702381
vt 0.839286 0.714286
vt 0.851190 0.714286
vt 0.851190 0.726190
vt 0.863095 0.500000
vt 0.863095 0.511905
vt 0.863095 0.523810
vt 0.863095 0.535714
vt 0.863095 0.547619
vt 0.863095 0.559524
vt 0.863095 0.571429
vt 0.863095 0.583333
vt 0.863095 0.595238
vt 0.863095 0.607143
vt 0.863095 0.619048
vt 0.863095 0.630952
vt 0.863095 0.642857
vt 0.863095 0.654762
vt 0.863095 0.666667
vt 0.863095 0.678571
vt 0.863095 0.690476
vt 0.863095 0.702381
vt 0.863095 0.714286
vt 0.863095 0.726190
vt 0.875000 0.500000
vt 0.875000 0.511905
vt 0.875000 0.523810
vt 0.875000 0.535714
vt 0.875000 0.547619
vt 0.875000 0.559524
vt 0.875000 0.571429
vt 0.875000 0.583333
vt 0.875000 0.595238
vt 0.875000 0.607143
vt 0.875000 0.619048
vt 0.875000 0.630953
vt 0.875000 0.642857
vt 0.875000 0.654762
vt 0.875000 0.666667
vt 0.875000 0.678572
vt 0.875000 0.690476
vt 0.875000 0.702381
vt 0.875000 0.714286
vt 0.875000 0.726191
vt 0.136905 0.738095
vt 0.125000 0.750000
vt 0.125000 0.738095
vt 0.148810 0.738095
vt 0.136905 0.750000
vt 0.160714 0.750000
vt 0.148810 0.750000
vt 0.160714 0.738095
vt 0.172619 0.750000
vt 0.172619 0.738095
vt 0.184524 0.750000
vt 0.184524 0.738095
vt 0.196429 0.750000
vt 0.196429 0.738095
vt 0.208333 0.750000
vt 0.208333 0.738095
vt 0.220238 0.750000
vt 0.220238 0.738095
vt 0.232143 0.750000
vt 0.244048 0.738095
vt 0.232143 0.738095
vt 0.255952 0.738095
vt 0.244048 0.750000
vt 0.267857 0.738095
vt 0.255952 0.750000
vt 0.279762 0.738095
vt 0.267857 0.750000
vt 0.291667 0.738095
vt 0.279762 0.750000
vt 0.303571 0.738095
vt 0.291667 0.750000
vt 0.315476 0.738095
vt 0.303571 0.750000
vt 0.327381 0.750000
vt 0.315476 0.750000
vt 0.327381 0.738095
vt 0.339286 0.750000
vt 0.339286 0.738095
vt 0.351190 0.750000
vt 0.351190 0.738095
vt 0.136905 0.500000
vt 0.125000 0.511905
vt 0.125000 0.500000
vt 0.136905 0.511905
vt 0.125000 0.523810
vt 0.136905 0.523810
vt 0.125000 0.535714
vt 0.136905 0.535714
vt 0.125000 0.547619
vt 0.136905 0.559524
vt 0.125000 0.559524
vt 0.136905 0.571429
vt 0.125000 0.571429
vt 0.136905 0.583333
vt 0.125000 0.583333
vt 0.136905 0.595238
vt 0.125000 0.595238
vt 0.136905 0.607143
vt 0.125000 0.607143
vt 0.136905 0.619048
vt 0.125000 0.619048
vt 0.125000 0.630952
vt 0.136905 0.630952
vt 0.125000 0.642857
vt 0.136905 0.642857
vt 0.125000 0.654762
vt 0.136905 0.654762
vt 0.125000 0.666667
vt 0.136905 0.666667
vt 0.125000 0.678571
vt 0.136905 0.678571
vt 0.125000 0.690476
vt 0.136905 0.690476
vt 0.125000 0.702381
vt 0.136905 0.702381
vt 0.125000 0.714286
vt 0.136905 0.714286
vt 0.125000 0.726190
vt 0.148810 0.500000
vt 0.148810 0.511905
vt 0.148810 0.523810
vt 0.148810 0.535714
vt 0.136905 0.547619
vt 0.148810 0.547619
vt 0.148810 0.559524
vt 0.148810 0.571429
vt 0.148810 0.583333
vt 0.148810 0.595238
vt 0.148810 0.607143
vt 0.148810 0.619048
vt 0.148810 0.630952
vt 0.148810 0.642857
vt 0.148810 0.654762
vt 0.148810 0.666667
vt 0.148810 0.678571
vt 0.148810 0.690476
vt 0.148810 0.702381
vt 0.148810 0.726190
vt 0.136905 0.726190
vt 0.160714 0.500000
vt 0.160714 0.511905
vt 0.160714 0.523810
vt 0.160714 0.535714
vt 0.160714 0.547619
vt 0.160714 0.559524
vt 0.160714 0.583333
vt 0.160714 0.595238
vt 0.160714 0.607143
vt 0.160714 0.619048
vt 0.160714 0.630952
vt 0.160714 0.642857
vt 0.160714 0.654762
vt 0.160714 0.666667
vt 0.160714 0.678571
vt 0.160714 0.690476
vt 0.160714 0.702381
vt 0.148810 0.714286
vt 0.160714 0.726190
vt 0.172619 0.500000
vt 0.172619 0.511905
vt 0.172619 0.523810
vt 0.172619 0.535714
vt 0.172619 0.547619
vt 0.172619 0.571429
vt 0.160714 0.571429
vt 0.172619 0.583333
vt 0.172619 0.595238
vt 0.172619 0.607143
vt 0.172619 0.619048
vt 0.172619 0.630952
vt 0.172619 0.642857
vt 0.172619 0.654762
vt 0.172619 0.666667
vt 0.172619 0.678571
vt 0.172619 0.702381
vt 0.172619 0.714286
vt 0.160714 0.714286
vt 0.172619 0.726190
vt 0.184524 0.500000
vt 0.184524 0.511905
vt 0.184524 0.523810
vt 0.184524 0.535714
vt 0.184524 0.547619
vt 0.172619 0.559524
vt 0.184524 0.559524
vt 0.184524 0.583333
vt 0.184524 0.595238
vt 0.184524 0.607143
vt 0.184524 0.630952
vt 0.184524 0.642857
vt 0.184524 0.654762
vt 0.184524 0.666667
vt 0.184524 0.678571
vt 0.172619 0.690476
vt 0.184524 0.702381
vt 0.184524 0.714286
vt 0.184524 0.726190
vt 0.196429 0.500000
vt 0.196429 0.511905
vt 0.196429 0.523810
vt 0.196429 0.535714
vt 0.196429 0.547619
vt 0.196429 0.559524
vt 0.184524 0.571429
vt 0.196429 0.583333
vt 0.196429 0.595238
vt 0.196429 0.607143
vt 0.184524 0.619048
vt 0.196429 0.619048
vt 0.196429 0.630952
vt 0.196429 0.642857
vt 0.196429 0.654762
vt 0.196429 0.666667
vt 0.196429 0.678571
vt 0.184524 0.690476
vt 0.196429 0.702381
vt 0.196429 0.714286
vt 0.196429 0.726190
vt 0.208333 0.500000
vt 0.208333 0.511905
vt 0.208333 0.523810
vt 0.208333 0.535714
vt 0.208333 0.547619
vt 0.208333 0.559524
vt 0.196429 0.571429
vt 0.208333 0.583333
vt 0.208333 0.595238
vt 0.208333 0.607143
vt 0.208333 0.619048
vt 0.208333 0.630952
vt 0.208333 0.642857
vt 0.208333 0.654762
vt 0.208333 0.666667
vt 0.208333 0.678571
vt 0.196429 0.690476
vt 0.208333 0.702381
vt 0.208333 0.714286
vt 0.208333 0.726190
vt 0.220238 0.500000
vt 0.220238 0.511905
vt 0.220238 0.523810
vt 0.220238 0.535714
vt 0.220238 0.547619
vt 0.220238 0.559524
vt 0.208333 0.571429
vt 0.220238 0.583333
vt 0.220238 0.595238
vt 0.220238 0.607143
vt 0.220238 0.630952
vt 0.220238 0.642857
vt 0.220238 0.654762
vt 0.220238 0.666667
vt 0.220238 0.678571
vt 0.208333 0.690476
vt 0.220238 0.702381
vt 0.220238 0.714286
vt 0.220238 0.726190
vt 0.232143 0.500000
vt 0.232143 0.511905
vt 0.232143 0.523810
vt 0.232143 0.535714
vt 0.232143 0.547619
vt 0.232143 0.559524
vt 0.220238 0.571429
vt 0.232143 0.583333
vt 0.232143 0.595238
vt 0.232143 0.607143
vt 0.220238 0.619048
vt 0.232143 0.630952
vt 0.232143 0.642857
vt 0.232143 0.654762
vt 0.232143 0.666667
vt 0.232143 0.690476
vt 0.220238 0.690476
vt 0.232143 0.702381
vt 0.232143 0.714286
vt 0.232143 0.726190
vt 0.244048 0.500000
vt 0.244048 0.511905
vt 0.244048 0.523810
vt 0.244048 0.535714
vt 0.244048 0.547619
vt 0.244048 0.559524
vt 0.232143 0.571429
vt 0.244048 0.583333
vt 0.244048 0.595238
vt 0.244048 0.607143
vt 0.232143 0.619048
vt 0.244048 0.619048
vt 0.244048 0.630952
vt 0.244048 0.642857
vt 0.244048 0.654762
vt 0.244048 0.666667
vt 0.232143 0.678571
vt 0.244048 0.678571
vt 0.244048 0.690476
vt 0.244048 0.702381
vt 0.244048 0.714286
vt 0.255952 0.500000
vt 0.255952 0.511905
vt 0.255952 0.523810
vt 0.255952 0.535714
vt 0.255952 0.547619
vt 0.255952 0.559524
vt 0.244048 0.571429
vt 0.255952 0.583333
vt 0.255952 0.595238
vt 0.255952 0.607143
vt 0.255952 0.619048
vt 0.255952 0.630952
vt 0.255952 0.642857
vt 0.255952 0.666667
vt 0.255952 0.678571
vt 0.255952 0.690476
vt 0.255952 0.702381
vt 0.255952 0.714286
vt 0.244048 0.726190
vt 0.267857 0.500000
vt 0.267857 0.511905
vt 0.267857 0.523810
vt 0.267857 0.535714
vt 0.267857 0.547619
vt 0.267857 0.559524
vt 0.255952 0.571429
vt 0.267857 0.571429
vt 0.267857 0.583333
vt 0.267857 0.595238
vt 0.267857 0.607143
vt 0.267857 0.619048
vt 0.267857 0.630952
vt 0.267857 0.642857
vt 0.255952 0.654762
vt 0.267857 0.654762
vt 0.267857 0.666667
vt 0.267857 0.678571
vt 0.267857 0.690476
vt 0.267857 0.702381
vt 0.267857 0.714286
vt 0.255952 0.726190
vt 0.279762 0.500000
vt 0.279762 0.511905
vt 0.279762 0.535714
vt 0.279762 0.547619
vt 0.279762 0.559524
vt 0.279762 0.583333
vt 0.279762 0.595238
vt 0.279762 0.607143
vt 0.279762 0.619048
vt 0.279762 0.630952
vt 0.279762 0.642857
vt 0.279762 0.666667
vt 0.279762 0.678571
vt 0.279762 0.702381
vt 0.279762 0.714286
vt 0.279762 0.726190
vt 0.267857 0.726190
vt 0.291667 0.500000
vt 0.291667 0.511905
vt 0.279762 0.523810
vt 0.291667 0.523810
vt 0.291667 0.535714
vt 0.291667 0.547619
vt 0.291667 0.559524
vt 0.279762 0.571429
vt 0.291667 0.583333
vt 0.291667 0.595238
vt 0.291667 0.607143
vt 0.291667 0.619048
vt 0.291667 0.630952
vt 0.291667 0.642857
vt 0.291667 0.654762
vt 0.279762 0.654762
vt 0.291667 0.666667
vt 0.291667 0.678571
vt 0.279762 0.690476
vt 0.291667 0.702381
vt 0.291667 0.714286
vt 0.303571 0.500000
vt 0.303571 0.511905
vt 0.303571 0.523810
vt 0.303571 0.535714
vt 0.303571 0.547619
vt 0.303571 0.559524
vt 0.291667 0.571429
vt 0.303571 0.571429
vt 0.303571 0.583333
vt 0.303571 0.595238
vt 0.303571 0.607143
vt 0.303571 0.630952
vt 0.303571 0.642857
vt 0.303571 0.654762
vt 0.303571 0.678571
vt 0.291667 0.690476
vt 0.303571 0.690476
vt 0.303571 0.702381
vt 0.303571 0.714286
vt 0.291667 0.726190
vt 0.315476 0.511905
vt 0.315476 0.523810
vt 0.315476 0.535714
vt 0.315476 0.547619
vt 0.315476 0.559524
vt 0.315476 0.571429
vt 0.315476 0.595238
vt 0.315476 0.607143
vt 0.315476 0.619048
vt 0.303571 0.619048
vt 0.315476 0.630952
vt 0.315476 0.642857
vt 0.315476 0.654762
vt 0.303571 0.666667
vt 0.315476 0.678571
vt 0.315476 0.690476
vt 0.315476 0.702381
vt 0.315476 0.714286
vt 0.303571 0.726190
vt 0.315476 0.500000
vt 0.327381 0.511905
vt 0.327381 0.523810
vt 0.327381 0.535714
vt 0.327381 0.547619
vt 0.327381 0.559524
vt 0.327381 0.571429
vt 0.315476 0.583333
vt 0.327381 0.595238
vt 0.327381 0.607143
vt 0.327381 0.619048
vt 0.327381 0.630952
vt 0.327381 0.642857
vt 0.327381 0.654762
vt 0.315476 0.666667
vt 0.327381 0.678571
vt 0.327381 0.690476
vt 0.327381 0.702381
vt 0.327381 0.714286
vt 0.315476 0.726190
vt 0.339286 0.500000
vt 0.327381 0.500000
vt 0.339286 0.511905
vt 0.339286 0.523810
vt 0.339286 0.535714
vt 0.339286 0.547619
vt 0.339286 0.559524
vt 0.339286 0.571429
vt 0.327381 0.583333
vt 0.339286 0.583333
vt 0.339286 0.607143
vt 0.339286 0.619048
vt 0.339286 0.630952
vt 0.339286 0.642857
vt 0.339286 0.654762
vt 0.327381 0.666667
vt 0.339286 0.666667
vt 0.339286 0.690476
vt 0.339286 0.702381
vt 0.339286 0.714286
vt 0.327381 0.726190
vt 0.351190 0.500000
vt 0.351190 0.511905
vt 0.351190 0.523810
vt 0.351190 0.535714
vt 0.351190 0.547619
vt 0.351190 0.559524
vt 0.351190 0.571429
vt 0.351190 0.583333
vt 0.339286 0.595238
vt 0.351190 0.607143
vt 0.351190 0.619048
vt 0.351190 0.630952
vt 0.351190 0.642857
vt 0.351190 0.654762
vt 0.351190 0.666667
vt 0.339286 0.678571
vt 0.351190 0.690476
vt 0.351190 0.702381
vt 0.351190 0.714286
vt 0.339286 0.726190
vt 0.363095 0.500000
vt 0.363095 0.511905
vt 0.363095 0.523810
vt 0.363095 0.535714
vt 0.363095 0.547619
vt 0.363095 0.559524
vt 0.363095 0.571429
vt 0.363095 0.583333
vt 0.351190 0.595238
vt 0.363095 0.607143
vt 0.363095 0.619048
vt 0.363095 0.630952
vt 0.363095 0.642857
vt 0.363095 0.654762
vt 0.363095 0.666667
vt 0.351190 0.678571
vt 0.363095 0.690476
vt 0.363095 0.702381
vt 0.363095 0.714286
vt 0.351190 0.726190
vt 0.375000 0.500000
vt 0.375000 0.511905
vt 0.375000 0.523810
vt 0.375000 0.535714
vt 0.375000 0.547619
vt 0.375000 0.559524
vt 0.375000 0.571429
vt 0.375000 0.583333
vt 0.363095 0.595238
vt 0.375000 0.595238
vt 0.375000 0.607143
vt 0.375000 0.619048
vt 0.375000 0.630953
vt 0.375000 0.642857
vt 0.375000 0.654762
vt 0.375000 0.666667
vt 0.363095 0.678571
vt 0.375000 0.678572
vt 0.375000 0.690476
vt 0.375000 0.702381
vt 0.375000 0.714286
vt 0.363095 0.726190
vt 0.375000 0.726191
vt 0.386905 0.988095
vt 0.375000 1.000000
vt 0.375000 0.988095
vt 0.398810 0.988095
vt 0.386905 1.000000
vt 0.410714 0.988095
vt 0.398810 1.000000
vt 0.422619 0.988095
vt 0.410714 1.000000
vt 0.434524 0.988095
vt 0.422619 1.000000
vt 0.446429 0.988095
vt 0.434524 1.000000
vt 0.458333 1.000000
vt 0.446429 1.000000
vt 0.458333 0.988095
vt 0.470238 1.000000
vt 0.482143 0.988095
vt 0.470238 0.988095
vt 0.494048 0.988095
vt 0.482143 1.000000
vt 0.505952 0.988095
vt 0.494048 1.000000
vt 0.517857 1.000000
vt 0.505952 1.000000
vt 0.517857 0.988095
vt 0.529762 1.000000
vt 0.529762 0.988095
vt 0.541667 1.000000
vt 0.541667 0.988095
vt 0.553571 1.000000
vt 0.553571 0.988095
vt 0.565476 1.000000
vt 0.565476 0.988095
vt 0.577381 1.000000
vt 0.577381 0.988095
vt 0.589286 1.000000
vt 0.589286 0.988095
vt 0.601190 1.000000
vt 0.601190 0.988095
vt 0.386905 0.750000
vt 0.375000 0.761905
vt 0.375000 0.750000
vt 0.386905 0.773810
vt 0.375000 0.773809
vt 0.386905 0.785714
vt 0.375000 0.785714
vt 0.386905 0.797619
vt 0.375000 0.797619
vt 0.386905 0.809524
vt 0.375000 0.809524
vt 0.386905 0.821429
vt 0.375000 0.821429
vt 0.386905 0.833333
vt 0.375000 0.833333
vt 0.386905 0.845238
vt 0.375000 0.845238
vt 0.386905 0.857143
vt 0.375000 0.857143
vt 0.386905 0.869048
vt 0.375000 0.869048
vt 0.386905 0.880952
vt 0.375000 0.880952
vt 0.386905 0.892857
vt 0.375000 0.892857
vt 0.386905 0.904762
vt 0.375000 0.904762
vt 0.386905 0.916667
vt 0.375000 0.916667
vt 0.386905 0.928572
vt 0.375000 0.928571
vt 0.386905 0.940476
vt 0.375000 0.940476
vt 0.386905 0.952381
vt 0.375000 0.952381
vt 0.386905 0.964286
vt 0.375000 0.964286
vt 0.386905 0.976190
vt 0.375000 0.976190
vt 0.398809 0.750000
vt 0.386905 0.761905
vt 0.398809 0.761905
vt 0.398809 0.773810
vt 0.398810 0.785714
vt 0.398810 0.797619
vt 0.398810 0.809524
vt 0.398810 0.821429
vt 0.398810 0.833333
vt 0.398810 0.845238
vt 0.398810 0.857143
vt 0.398810 0.869048
vt 0.398810 0.880952
vt 0.398810 0.892857
vt 0.398810 0.904762
vt 0.398810 0.916667
vt 0.398810 0.928572
vt 0.398810 0.940476
vt 0.398810 0.952381
vt 0.398810 0.964286
vt 0.410714 0.750000
vt 0.410714 0.761905
vt 0.410714 0.773810
vt 0.410714 0.785714
vt 0.410714 0.797619
vt 0.410714 0.809524
vt 0.410714 0.821429
vt 0.410714 0.833333
vt 0.410714 0.845238
vt 0.410714 0.857143
vt 0.410714 0.869048
vt 0.410714 0.880952
vt 0.410714 0.892857
vt 0.410714 0.904762
vt 0.410714 0.916667
vt 0.410714 0.928572
vt 0.410714 0.940476
vt 0.410714 0.952381
vt 0.410714 0.964286
vt 0.398810 0.976190
vt 0.422619 0.750000
vt 0.422619 0.761905
vt 0.422619 0.773810
vt 0.422619 0.785714
vt 0.422619 0.797619
vt 0.422619 0.809524
vt 0.422619 0.821429
vt 0.422619 0.833333
vt 0.422619 0.845238
vt 0.422619 0.857143
vt 0.422619 0.869048
vt 0.422619 0.880952
vt 0.422619 0.892857
vt 0.422619 0.904762
vt 0.422619 0.916667
vt 0.422619 0.928572
vt 0.422619 0.940476
vt 0.422619 0.952381
vt 0.422619 0.964286
vt 0.410714 0.976190
vt 0.434524 0.750000
vt 0.434524 0.761905
vt 0.434524 0.773809
vt 0.434524 0.785714
vt 0.434524 0.797619
vt 0.434524 0.809524
vt 0.434524 0.821429
vt 0.434524 0.833333
vt 0.434524 0.845238
vt 0.434524 0.857143
vt 0.434524 0.869048
vt 0.434524 0.880952
vt 0.434524 0.892857
vt 0.434524 0.904762
vt 0.434524 0.916667
vt 0.434524 0.928572
vt 0.434524 0.940476
vt 0.434524 0.952381
vt 0.434524 0.964286
vt 0.422619 0.976190
vt 0.446429 0.750000
vt 0.446429 0.761905
vt 0.446429 0.773809
vt 0.446429 0.785714
vt 0.446429 0.797619
vt 0.446429 0.809524
vt 0.446429 0.821429
vt 0.446429 0.833333
vt 0.446429 0.845238
vt 0.446429 0.857143
vt 0.446429 0.869048
vt 0.446429 0.880952
vt 0.446429 0.892857
vt 0.446429 0.904762
vt 0.446429 0.916667
vt 0.446429 0.928572
vt 0.446429 0.940476
vt 0.446429 0.952381
vt 0.446429 0.964286
vt 0.434524 0.976190
vt 0.458333 0.750000
vt 0.458333 0.761905
vt 0.458333 0.773809
vt 0.458333 0.785714
vt 0.458333 0.797619
vt 0.458333 0.809524
vt 0.458333 0.821429
vt 0.458333 0.833333
vt 0.458333 0.845238
vt 0.458333 0.857143
vt 0.458333 0.869048
vt 0.458333 0.880952
vt 0.458333 0.892857
vt 0.458333 0.904762
vt 0.458333 0.916667
vt 0.458333 0.928572
vt 0.458333 0.940476
vt 0.458333 0.952381
vt 0.458333 0.964286
vt 0.446429 0.976190
vt 0.470238 0.750000
vt 0.470238 0.761905
vt 0.470238 0.773809
vt 0.470238 0.785714
vt 0.470238 0.797619
vt 0.470238 0.809524
vt 0.470238 0.821429
vt 0.470238 0.833333
vt 0.470238 0.845238
vt 0.470238 0.857143
vt 0.470238 0.869048
vt 0.470238 0.880952
vt 0.470238 0.892857
vt 0.470238 0.904762
vt 0.470238 0.916667
vt 0.470238 0.928572
vt 0.470238 0.940476
vt 0.470238 0.952381
vt 0.470238 0.964286
vt 0.458333 0.976190
vt 0.482143 0.750000
vt 0.482143 0.761905
vt 0.482143 0.773809
vt 0.482143 0.785714
vt 0.482143 0.797619
vt 0.482143 0.809524
vt 0.482143 0.821429
vt 0.482143 0.833333
vt 0.482143 0.845238
vt 0.482143 0.857143
vt 0.482143 0.869048
vt 0.482143 0.880952
vt 0.482143 0.892857
vt 0.482143 0.904762
vt 0.482143 0.916667
vt 0.482143 0.928572
vt 0.482143 0.940476
vt 0.482143 0.952381
vt 0.482143 0.964286
vt 0.470238 0.976190
vt 0.494048 0.750000
vt 0.494048 0.761905
vt 0.494048 0.773809
vt 0.494048 0.785714
vt 0.494048 0.797619
vt 0.494048 0.809524
vt 0.494048 0.821429
vt 0.494048 0.833333
vt 0.494048 0.845238
vt 0.494048 0.857143
vt 0.494048 0.869048
vt 0.494048 0.880952
vt 0.494048 0.892857
vt 0.494048 0.904762
vt 0.494048 0.916667
vt 0.494048 0.928572
vt 0.494048 0.940476
vt 0.494048 0.952381
vt 0.494048 0.964286
vt 0.482143 0.976190
vt 0.505952 0.750000
vt 0.505952 0.761905
vt 0.505952 0.773810
vt 0.505952 0.785714
vt 0.505952 0.797619
vt 0.505952 0.809524
vt 0.505952 0.821429
vt 0.505952 0.833333
vt 0.505952 0.845238
vt 0.505952 0.857143
vt 0.505952 0.869048
vt 0.505952 0.880952
vt 0.505952 0.892857
vt 0.505952 0.904762
vt 0.505952 0.916667
vt 0.505952 0.928572
vt 0.505952 0.940476
vt 0.505952 0.952381
vt 0.505952 0.964286
vt 0.494048 0.976190
vt 0.505952 0.976190
vt 0.517857 0.750000
vt 0.517857 0.761905
vt 0.517857 0.773810
vt 0.517857 0.785714
vt 0.517857 0.797619
vt 0.517857 0.809524
vt 0.517857 0.821429
vt 0.517857 0.833333
vt 0.517857 0.845238
vt 0.517857 0.857143
vt 0.517857 0.869048
vt 0.517857 0.880952
vt 0.517857 0.892857
vt 0.517857 0.904762
vt 0.517857 0.916667
vt 0.517857 0.940476
vt 0.517857 0.952381
vt 0.517857 0.976190
vt 0.529762 0.750000
vt 0.529762 0.761905
vt 0.529762 0.773810
vt 0.529762 0.785714
vt 0.529762 0.797619
vt 0.529762 0.809524
vt 0.529762 0.821429
vt 0.529762 0.833333
vt 0.529762 0.845238
vt 0.529762 0.857143
vt 0.529762 0.869048
vt 0.529762 0.880952
vt 0.529762 0.892857
vt 0.529762 0.904762
vt 0.529762 0.916667
vt 0.517857 0.928572
vt 0.529762 0.928572
vt 0.529762 0.940476
vt 0.529762 0.952381
vt 0.517857 0.964286
vt 0.529762 0.964286
vt 0.529762 0.976190
vt 0.541667 0.750000
vt 0.541667 0.761905
vt 0.541667 0.773810
vt 0.541667 0.785714
vt 0.541667 0.797619
vt 0.541667 0.809524
vt 0.541667 0.821429
vt 0.541667 0.833333
vt 0.541667 0.845238
vt 0.541667 0.857143
vt 0.541667 0.869048
vt 0.541667 0.880952
vt 0.541667 0.892857
vt 0.541667 0.904762
vt 0.541667 0.916667
vt 0.541667 0.928572
vt 0.541667 0.940476
vt 0.541667 0.952381
vt 0.541667 0.964286
vt 0.553571 0.750000
vt 0.553571 0.761905
vt 0.553571 0.773810
vt 0.553571 0.785714
vt 0.553571 0.797619
vt 0.553571 0.809524
vt 0.553571 0.821429
vt 0.553571 0.833333
vt 0.553571 0.845238
vt 0.553571 0.857143
vt 0.553571 0.869048
vt 0.553571 0.880952
vt 0.553571 0.892857
vt 0.553571 0.904762
vt 0.553571 0.916667
vt 0.553571 0.928572
vt 0.553571 0.940476
vt 0.553571 0.952381
vt 0.553571 0.964286
vt 0.541667 0.976190
vt 0.565476 0.750000
vt 0.565476 0.761905
vt 0.565476 0.773810
vt 0.565476 0.785714
vt 0.565476 0.797619
vt 0.565476 0.809524
vt 0.565476 0.821429
vt 0.565476 0.833333
vt 0.565476 0.845238
vt 0.565476 0.857143
vt 0.565476 0.869048
vt 0.565476 0.880952
vt 0.565476 0.892857
vt 0.565476 0.904762
vt 0.565476 0.916667
vt 0.565476 0.928572
vt 0.565476 0.940476
vt 0.565476 0.952381
vt 0.565476 0.964286
vt 0.553571 0.976190
vt 0.565476 0.976190
vt 0.577381 0.750000
vt 0.577381 0.761905
vt 0.577381 0.773810
vt 0.577381 0.785714
vt 0.577381 0.797619
vt 0.577381 0.809524
vt 0.577381 0.821429
vt 0.577381 0.833333
vt 0.577381 0.845238
vt 0.577381 0.857143
vt 0.577381 0.869048
vt 0.577381 0.880952
vt 0.577381 0.892857
vt 0.577381 0.904762
vt 0.577381 0.916667
vt 0.577381 0.928572
vt 0.577381 0.940476
vt 0.577381 0.952381
vt 0.577381 0.964286
vt 0.577381 0.976190
vt 0.589286 0.750000
vt 0.589286 0.761905
vt 0.589286 0.773810
vt 0.589286 0.785714
vt 0.589286 0.797619
vt 0.589286 0.809524
vt 0.589286 0.821429
vt 0.589286 0.833333
vt 0.589286 0.845238
vt 0.589286 0.857143
vt 0.589286 0.869048
vt 0.589286 0.880952
vt 0.589286 0.892857
vt 0.589286 0.904762
vt 0.589286 0.916667
vt 0.589286 0.928572
vt 0.589286 0.940476
vt 0.589286 0.952381
vt 0.589286 0.964286
vt 0.589286 0.976190
vt 0.601190 0.750000
vt 0.601190 0.761905
vt 0.601190 0.773810
vt 0.601190 0.785714
vt 0.601190 0.797619
vt 0.601190 0.809524
vt 0.601190 0.821429
vt 0.601190 0.833333
vt 0.601190 0.845238
vt 0.601190 0.857143
vt 0.601190 0.869048
vt 0.601190 0.880952
vt 0.601190 0.892857
vt 0.601190 0.904762
vt 0.601190 0.916667
vt 0.601190 0.928572
vt 0.601190 0.940476
vt 0.601190 0.952381
vt 0.601190 0.964286
vt 0.601190 0.976190
vt 0.613095 0.761905
vt 0.613095 0.773810
vt 0.613095 0.785714
vt 0.613095 0.797619
vt 0.613095 0.809524
vt 0.613095 0.821429
vt 0.613095 0.833333
vt 0.613095 0.845238
vt 0.613095 0.857143
vt 0.613095 0.869048
vt 0.613095 0.880952
vt 0.613095 0.892857
vt 0.613095 0.904762
vt 0.613095 0.916667
vt 0.613095 0.928572
vt 0.613095 0.940476
vt 0.613095 0.952381
vt 0.613095 0.964286
vt 0.613095 0.976190
vt 0.625000 0.761905
vt 0.625000 0.773810
vt 0.625000 0.785714
vt 0.625000 0.797619
vt 0.625000 0.809524
vt 0.625000 0.821429
vt 0.625000 0.833333
vt 0.625000 0.845238
vt 0.625000 0.857143
vt 0.625000 0.869048
vt 0.625000 0.880952
vt 0.625000 0.892857
vt 0.625000 0.904762
vt 0.625000 0.916667
vt 0.625000 0.928572
vt 0.625000 0.940476
vt 0.625000 0.952381
vt 0.625000 0.964286
vt 0.625000 0.976190
vt 0.386905 0.738095
vt 0.398809 0.738095
vt 0.410714 0.738095
vt 0.422619 0.738095
vt 0.434524 0.738095
vt 0.446429 0.738095
vt 0.458333 0.738095
vt 0.470238 0.738095
vt 0.482143 0.738095
vt 0.494048 0.738095
vt 0.505952 0.738095
vt 0.517857 0.738095
vt 0.529762 0.738095
vt 0.541667 0.738095
vt 0.553571 0.738095
vt 0.565476 0.738095
vt 0.577381 0.738095
vt 0.589286 0.738095
vt 0.601190 0.738095
vt 0.386905 0.500000
vt 0.386905 0.523810
vt 0.386905 0.535714
vt 0.386905 0.547619
vt 0.386905 0.559524
vt 0.386905 0.571429
vt 0.386905 0.583333
vt 0.386905 0.595238
vt 0.386905 0.607143
vt 0.386905 0.619048
vt 0.386905 0.630952
vt 0.386905 0.642857
vt 0.386905 0.654762
vt 0.386905 0.666667
vt 0.386905 0.678571
vt 0.386905 0.690476
vt 0.386905 0.702381
vt 0.386905 0.714286
vt 0.386905 0.726190
vt 0.398809 0.500000
vt 0.386905 0.511905
vt 0.398809 0.511905
vt 0.398809 0.523810
vt 0.398810 0.535714
vt 0.398810 0.547619
vt 0.398810 0.559524
vt 0.398810 0.571429
vt 0.398810 0.583333
vt 0.398810 0.595238
vt 0.398810 0.607143
vt 0.398810 0.619048
vt 0.398810 0.630952
vt 0.398810 0.642857
vt 0.398810 0.654762
vt 0.398810 0.666667
vt 0.398810 0.678571
vt 0.398810 0.690476
vt 0.398810 0.702381
vt 0.398810 0.714286
vt 0.398810 0.726190
vt 0.410714 0.500000
vt 0.410714 0.511905
vt 0.410714 0.523810
vt 0.410714 0.535714
vt 0.410714 0.547619
vt 0.410714 0.559524
vt 0.410714 0.571429
vt 0.410714 0.583333
vt 0.410714 0.595238
vt 0.410714 0.607143
vt 0.410714 0.619048
vt 0.410714 0.630952
vt 0.410714 0.642857
vt 0.410714 0.654762
vt 0.410714 0.666667
vt 0.410714 0.678571
vt 0.410714 0.690476
vt 0.410714 0.702381
vt 0.410714 0.714286
vt 0.410714 0.726190
vt 0.422619 0.500000
vt 0.422619 0.511905
vt 0.422619 0.523810
vt 0.422619 0.535714
vt 0.422619 0.547619
vt 0.422619 0.559524
vt 0.422619 0.571429
vt 0.422619 0.583333
vt 0.422619 0.595238
vt 0.422619 0.607143
vt 0.422619 0.619048
vt 0.422619 0.630952
vt 0.422619 0.642857
vt 0.422619 0.654762
vt 0.422619 0.666667
vt 0.422619 0.678571
vt 0.422619 0.690476
vt 0.422619 0.702381
vt 0.422619 0.714286
vt 0.422619 0.726190
vt 0.434524 0.500000
vt 0.434524 0.511905
vt 0.434524 0.523810
vt 0.434524 0.535714
vt 0.434524 0.547619
vt 0.434524 0.559524
vt 0.434524 0.571429
vt 0.434524 0.583333
vt 0.434524 0.595238
vt 0.434524 0.607143
vt 0.434524 0.619048
vt 0.434524 0.630952
vt 0.434524 0.642857
vt 0.434524 0.654762
vt 0.434524 0.666667
vt 0.434524 0.678571
vt 0.434524 0.690476
vt 0.434524 0.702381
vt 0.434524 0.714286
vt 0.434524 0.726190
vt 0.446429 0.500000
vt 0.446429 0.511905
vt 0.446429 0.523810
vt 0.446429 0.535714
vt 0.446429 0.547619
vt 0.446429 0.559524
vt 0.446429 0.571429
vt 0.446429 0.583333
vt 0.446429 0.595238
vt 0.446429 0.607143
vt 0.446429 0.619048
vt 0.446429 0.630952
vt 0.446429 0.642857
vt 0.446429 0.654762
vt 0.446429 0.666667
vt 0.446429 0.678571
vt 0.446429 0.690476
vt 0.446429 0.702381
vt 0.446429 0.714286
vt 0.446429 0.726190
vt 0.458333 0.500000
vt 0.458333 0.511905
vt 0.458333 0.523810
vt 0.458333 0.535714
vt 0.458333 0.547619
vt 0.458333 0.559524
vt 0.458333 0.571429
vt 0.458333 0.583333
vt 0.458333 0.595238
vt 0.458333 0.607143
vt 0.458333 0.619048
vt 0.458333 0.630952
vt 0.458333 0.642857
vt 0.458333 0.654762
vt 0.458333 0.666667
vt 0.458333 0.678571
vt 0.458333 0.690476
vt 0.458333 0.702381
vt 0.458333 0.714286
vt 0.458333 0.726190
vt 0.470238 0.500000
vt 0.470238 0.511905
vt 0.470238 0.523810
vt 0.470238 0.535714
vt 0.470238 0.547619
vt 0.470238 0.559524
vt 0.470238 0.571429
vt 0.470238 0.583333
vt 0.470238 0.595238
vt 0.470238 0.607143
vt 0.470238 0.619048
vt 0.470238 0.630952
vt 0.470238 0.642857
vt 0.470238 0.654762
vt 0.470238 0.666667
vt 0.470238 0.678571
vt 0.470238 0.690476
vt 0.470238 0.702381
vt 0.470238 0.714286
vt 0.470238 0.726190
vt 0.482143 0.500000
vt 0.482143 0.511905
vt 0.482143 0.523810
vt 0.482143 0.535714
vt 0.482143 0.547619
vt 0.482143 0.559524
vt 0.482143 0.571429
vt 0.482143 0.583333
vt 0.482143 0.595238
vt 0.482143 0.607143
vt 0.482143 0.619048
vt 0.482143 0.630952
vt 0.482143 0.642857
vt 0.482143 0.654762
vt 0.482143 0.666667
vt 0.482143 0.678571
vt 0.482143 0.690476
vt 0.482143 0.702381
vt 0.482143 0.714286
vt 0.482143 0.726190
vt 0.494048 0.500000
vt 0.494048 0.511905
vt 0.494048 0.523810
vt 0.494048 0.535714
vt 0.494048 0.547619
vt 0.494048 0.559524
vt 0.494048 0.571429
vt 0.494048 0.583333
vt 0.494048 0.595238
vt 0.494048 0.607143
vt 0.494048 0.619048
vt 0.494048 0.630952
vt 0.494048 0.642857
vt 0.494048 0.654762
vt 0.494048 0.666667
vt 0.494048 0.678571
vt 0.494048 0.690476
vt 0.494048 0.702381
vt 0.494048 0.714286
vt 0.494048 0.726190
vt 0.505952 0.500000
vt 0.505952 0.511905
vt 0.505952 0.523810
vt 0.505952 0.535714
vt 0.505952 0.547619
vt 0.505952 0.559524
vt 0.505952 0.571429
vt 0.505952 0.583333
vt 0.505952 0.595238
vt 0.505952 0.607143
vt 0.505952 0.619048
vt 0.505952 0.630952
vt 0.505952 0.642857
vt 0.505952 0.654762
vt 0.505952 0.666667
vt 0.505952 0.678571
vt 0.505952 0.690476
vt 0.505952 0.702381
vt 0.505952 0.714286
vt 0.505952 0.726190
vt 0.517857 0.500000
vt 0.517857 0.511905
vt 0.517857 0.523810
vt 0.517857 0.535714
vt 0.517857 0.547619
vt 0.517857 0.559524
vt 0.517857 0.571429
vt 0.517857 0.583333
vt 0.517857 0.595238
vt 0.517857 0.607143
vt 0.517857 0.619048
vt 0.517857 0.630952
vt 0.517857 0.642857
vt 0.517857 0.654762
vt 0.517857 0.666667
vt 0.517857 0.678571
vt 0.517857 0.690476
vt 0.517857 0.702381
vt 0.517857 0.714286
vt 0.517857 0.726190
vt 0.529762 0.500000
vt 0.529762 0.511905
vt 0.529762 0.523810
vt 0.529762 0.535714
vt 0.529762 0.547619
vt 0.529762 0.559524
vt 0.529762 0.571429
vt 0.529762 0.583333
vt 0.529762 0.595238
vt 0.529762 0.607143
vt 0.529762 0.619048
vt 0.529762 0.630952
vt 0.529762 0.642857
vt 0.529762 0.654762
vt 0.529762 0.666667
vt 0.529762 0.678571
vt 0.529762 0.690476
vt 0.529762 0.702381
vt 0.529762 0.714286
vt 0.529762 0.726190
vt 0.541667 0.500000
vt 0.541667 0.511905
vt 0.541667 0.523810
vt 0.541667 0.535714
vt 0.541667 0.547619
vt 0.541667 0.559524
vt 0.541667 0.571429
vt 0.541667 0.583333
vt 0.541667 0.595238
vt 0.541667 0.607143
vt 0.541667 0.619048
vt 0.541667 0.630952
vt 0.541667 0.642857
vt 0.541667 0.654762
vt 0.541667 0.666667
vt 0.541667 0.678571
vt 0.541667 0.690476
vt 0.541667 0.702381
vt 0.541667 0.714286
vt 0.541667 0.726190
vt 0.553571 0.500000
vt 0.553571 0.511905
vt 0.553571 0.523810
vt 0.553571 0.535714
vt 0.553571 0.547619
vt 0.553571 0.559524
vt 0.553571 0.571429
vt 0.553571 0.583333
vt 0.553571 0.595238
vt 0.553571 0.607143
vt 0.553571 0.619048
vt 0.553571 0.630952
vt 0.553571 0.642857
vt 0.553571 0.654762
vt 0.553571 0.666667
vt 0.553571 0.678571
vt 0.553571 0.690476
vt 0.553571 0.702381
vt 0.553571 0.714286
vt 0.553571 0.726190
vt 0.565476 0.500000
vt 0.565476 0.511905
vt 0.565476 0.523810
vt 0.565476 0.535714
vt 0.565476 0.547619
vt 0.565476 0.559524
vt 0.565476 0.571429
vt 0.565476 0.583333
vt 0.565476 0.595238
vt 0.565476 0.607143
vt 0.565476 0.619048
vt 0.565476 0.630952
vt 0.565476 0.642857
vt 0.565476 0.654762
vt 0.565476 0.666667
vt 0.565476 0.678571
vt 0.565476 0.690476
vt 0.565476 0.702381
vt 0.565476 0.714286
vt 0.565476 0.726190
vt 0.577381 0.500000
vt 0.577381 0.511905
vt 0.577381 0.523810
vt 0.577381 0.535714
vt 0.577381 0.547619
vt 0.577381 0.559524
vt 0.577381 0.571429
vt 0.577381 0.583333
vt 0.577381 0.595238
vt 0.577381 0.607143
vt 0.577381 0.619048
vt 0.577381 0.630952
vt 0.577381 0.642857
vt 0.577381 0.654762
vt 0.577381 0.666667
vt 0.577381 0.678571
vt 0.577381 0.690476
vt 0.577381 0.702381
vt 0.577381 0.714286
vt 0.577381 0.726190
vt 0.589286 0.500000
vt 0.589286 0.511905
vt 0.589286 0.523810
vt 0.589286 0.535714
vt 0.589286 0.547619
vt 0.589286 0.559524
vt 0.589286 0.571429
vt 0.589286 0.583333
vt 0.589286 0.595238
vt 0.589286 0.607143
vt 0.589286 0.619048
vt 0.589286 0.630952
vt 0.589286 0.642857
vt 0.589286 0.654762
vt 0.589286 0.666667
vt 0.589286 0.678571
vt 0.589286 0.690476
vt 0.589286 0.702381
vt 0.589286 0.714286
vt 0.589286 0.726190
vt 0.601190 0.500000
vt 0.601190 0.511905
vt 0.601190 0.523810
vt 0.601190 0.535714
vt 0.601190 0.547619
vt 0.601190 0.559524
vt 0.601190 0.571429
vt 0.601190 0.583333
vt 0.601190 0.595238
vt 0.601190 0.607143
vt 0.601190 0.619048
vt 0.601190 0.630952
vt 0.601190 0.642857
vt 0.601190 0.654762
vt 0.601190 0.666667
vt 0.601190 0.678571
vt 0.601190 0.690476
vt 0.601190 0.702381
vt 0.601190 0.714286
vt 0.601190 0.726190
vt 0.613095 0.511905
vt 0.613095 0.523810
vt 0.613095 0.535714
vt 0.613095 0.547619
vt 0.613095 0.559524
vt 0.613095 0.571429
vt 0.613095 0.583333
vt 0.613095 0.595238
vt 0.613095 0.607143
vt 0.613095 0.619048
vt 0.613095 0.630952
vt 0.613095 0.642857
vt 0.613095 0.654762
vt 0.613095 0.666667
vt 0.613095 0.678571
vt 0.613095 0.690476
vt 0.613095 0.702381
vt 0.613095 0.714286
vt 0.613095 0.726190
vt 0.386905 0.488095
vt 0.375000 0.488095
vt 0.398809 0.488095
vt 0.410714 0.488095
vt 0.422619 0.488095
vt 0.434524 0.488095
vt 0.446429 0.488095
vt 0.458333 0.488095
vt 0.470238 0.488095
vt 0.482143 0.488095
vt 0.494048 0.488095
vt 0.505952 0.488095
vt 0.517857 0.488095
vt 0.529762 0.488095
vt 0.541667 0.488095
vt 0.553571 0.488095
vt 0.565476 0.488095
vt 0.577381 0.488095
vt 0.589286 0.488095
vt 0.601190 0.488095
vt 0.386905 0.250000
vt 0.375000 0.261905
vt 0.375000 0.250000
vt 0.386905 0.273810
vt 0.375000 0.273810
vt 0.386905 0.285714
vt 0.375000 0.285714
vt 0.386905 0.297619
vt 0.375000 0.297619
vt 0.386905 0.309524
vt 0.375000 0.309524
vt 0.386905 0.321429
vt 0.375000 0.321429
vt 0.386905 0.333333
vt 0.375000 0.333333
vt 0.386905 0.345238
vt 0.375000 0.345238
vt 0.386905 0.357143
vt 0.375000 0.357143
vt 0.386905 0.369048
vt 0.375000 0.369048
vt 0.386905 0.380952
vt 0.375000 0.380952
vt 0.386905 0.392857
vt 0.375000 0.392857
vt 0.386905 0.404762
vt 0.375000 0.404762
vt 0.386905 0.416667
vt 0.375000 0.416667
vt 0.386905 0.428571
vt 0.375000 0.428571
vt 0.386905 0.440476
vt 0.375000 0.440476
vt 0.386905 0.452381
vt 0.375000 0.452381
vt 0.386905 0.464286
vt 0.375000 0.464286
vt 0.386905 0.476190
vt 0.375000 0.476190
vt 0.398809 0.250000
vt 0.386905 0.261905
vt 0.398809 0.261905
vt 0.398809 0.273810
vt 0.398810 0.285714
vt 0.398810 0.297619
vt 0.398810 0.309524
vt 0.398810 0.321429
vt 0.398810 0.333333
vt 0.398810 0.345238
vt 0.398810 0.357143
vt 0.398810 0.369048
vt 0.398810 0.380952
vt 0.398810 0.392857
vt 0.398810 0.404762
vt 0.398810 0.416667
vt 0.398810 0.428571
vt 0.398810 0.440476
vt 0.398810 0.452381
vt 0.398810 0.464286
vt 0.398810 0.476190
vt 0.410714 0.250000
vt 0.410714 0.261905
vt 0.410714 0.273810
vt 0.410714 0.285714
vt 0.410714 0.297619
vt 0.410714 0.309524
vt 0.410714 0.321429
vt 0.410714 0.333333
vt 0.410714 0.345238
vt 0.410714 0.357143
vt 0.410714 0.369048
vt 0.410714 0.380952
vt 0.410714 0.392857
vt 0.410714 0.404762
vt 0.410714 0.416667
vt 0.410714 0.428571
vt 0.410714 0.440476
vt 0.410714 0.452381
vt 0.410714 0.464286
vt 0.410714 0.476190
vt 0.422619 0.250000
vt 0.422619 0.261905
vt 0.422619 0.273810
vt 0.422619 0.285714
vt 0.422619 0.297619
vt 0.422619 0.309524
vt 0.422619 0.321429
vt 0.422619 0.333333
vt 0.422619 0.345238
vt 0.422619 0.357143
vt 0.422619 0.369048
vt 0.422619 0.380952
vt 0.422619 0.392857
vt 0.422619 0.404762
vt 0.422619 0.416667
vt 0.422619 0.428571
vt 0.422619 0.440476
vt 0.422619 0.452381
vt 0.422619 0.464286
vt 0.422619 0.476190
vt 0.434524 0.250000
vt 0.434524 0.261905
vt 0.434524 0.273810
vt 0.434524 0.285714
vt 0.434524 0.297619
vt 0.434524 0.309524
vt 0.434524 0.321429
vt 0.434524 0.333333
vt 0.434524 0.345238
vt 0.434524 0.357143
vt 0.434524 0.369048
vt 0.434524 0.380952
vt 0.434524 0.392857
vt 0.434524 0.404762
vt 0.434524 0.416667
vt 0.434524 0.428571
vt 0.434524 0.440476
vt 0.434524 0.452381
vt 0.434524 0.464286
vt 0.434524 0.476190
vt 0.446429 0.250000
vt 0.446429 0.261905
vt 0.446429 0.273810
vt 0.446429 0.285714
vt 0.446429 0.297619
vt 0.446429 0.309524
vt 0.446429 0.321429
vt 0.446429 0.333333
vt 0.446429 0.345238
vt 0.446429 0.357143
vt 0.446429 0.369048
vt 0.446429 0.380952
vt 0.446429 0.392857
vt 0.446429 0.404762
vt 0.446429 0.416667
vt 0.446429 0.428571
vt 0.446429 0.440476
vt 0.446429 0.452381
vt 0.446429 0.464286
vt 0.446429 0.476190
vt 0.458333 0.250000
vt 0.458333 0.261905
vt 0.458333 0.273810
vt 0.458333 0.285714
vt 0.458333 0.297619
vt 0.458333 0.309524
vt 0.458333 0.321429
vt 0.458333 0.333333
vt 0.458333 0.345238
vt 0.458333 0.357143
vt 0.458333 0.369048
vt 0.458333 0.380952
vt 0.458333 0.392857
vt 0.458333 0.404762
vt 0.458333 0.416667
vt 0.458333 0.428571
vt 0.458333 0.440476
vt 0.458333 0.452381
vt 0.458333 0.464286
vt 0.458333 0.476190
vt 0.470238 0.250000
vt 0.470238 0.261905
vt 0.470238 0.273810
vt 0.470238 0.285714
vt 0.470238 0.297619
vt 0.470238 0.309524
vt 0.470238 0.321429
vt 0.470238 0.333333
vt 0.470238 0.345238
vt 0.470238 0.357143
vt 0.470238 0.369048
vt 0.470238 0.380952
vt 0.470238 0.392857
vt 0.470238 0.404762
vt 0.470238 0.416667
vt 0.470238 0.428571
vt 0.470238 0.440476
vt 0.470238 0.452381
vt 0.470238 0.464286
vt 0.470238 0.476190
vt 0.482143 0.250000
vt 0.482143 0.261905
vt 0.482143 0.273810
vt 0.482143 0.285714
vt 0.482143 0.297619
vt 0.482143 0.309524
vt 0.482143 0.321429
vt 0.482143 0.333333
vt 0.482143 0.345238
vt 0.482143 0.357143
vt 0.482143 0.369048
vt 0.482143 0.380952
vt 0.482143 0.392857
vt 0.482143 0.404762
vt 0.482143 0.416667
vt 0.482143 0.428571
vt 0.482143 0.440476
vt 0.482143 0.452381
vt 0.482143 0.464286
vt 0.482143 0.476190
vt 0.494048 0.250000
vt 0.494048 0.261905
vt 0.494048 0.273810
vt 0.494048 0.285714
vt 0.494048 0.297619
vt 0.494048 0.309524
vt 0.494048 0.321429
vt 0.494048 0.333333
vt 0.494048 0.345238
vt 0.494048 0.357143
vt 0.494048 0.369048
vt 0.494048 0.380952
vt 0.494048 0.392857
vt 0.494048 0.404762
vt 0.494048 0.416667
vt 0.494048 0.428571
vt 0.494048 0.440476
vt 0.494048 0.452381
vt 0.494048 0.464286
vt 0.494048 0.476190
vt 0.505952 0.250000
vt 0.505952 0.261905
vt 0.505952 0.273810
vt 0.505952 0.285714
vt 0.505952 0.297619
vt 0.505952 0.309524
vt 0.505952 0.321429
vt 0.505952 0.333333
vt 0.505952 0.345238
vt 0.505952 0.357143
vt 0.505952 0.369048
vt 0.505952 0.380952
vt 0.505952 0.392857
vt 0.505952 0.404762
vt 0.505952 0.416667
vt 0.505952 0.428571
vt 0.505952 0.440476
vt 0.505952 0.452381
vt 0.505952 0.464286
vt 0.505952 0.476190
vt 0.517857 0.250000
vt 0.517857 0.261905
vt 0.517857 0.273810
vt 0.517857 0.285714
vt 0.517857 0.297619
vt 0.517857 0.309524
vt 0.517857 0.321429
vt 0.517857 0.333333
vt 0.517857 0.345238
vt 0.517857 0.357143
vt 0.517857 0.369048
vt 0.517857 0.380952
vt 0.517857 0.392857
vt 0.517857 0.404762
vt 0.517857 0.416667
vt 0.517857 0.428571
vt 0.517857 0.440476
vt 0.517857 0.452381
vt 0.517857 0.464286
vt 0.517857 0.476190
vt 0.529762 0.250000
vt 0.529762 0.261905
vt 0.529762 0.273810
vt 0.529762 0.285714
vt 0.529762 0.297619
vt 0.529762 0.309524
vt 0.529762 0.321429
vt 0.529762 0.333333
vt 0.529762 0.345238
vt 0.529762 0.357143
vt 0.529762 0.369048
vt 0.529762 0.380952
vt 0.529762 0.392857
vt 0.529762 0.404762
vt 0.529762 0.416667
vt 0.529762 0.428571
vt 0.529762 0.440476
vt 0.529762 0.452381
vt 0.529762 0.464286
vt 0.529762 0.476190
vt 0.541667 0.250000
vt 0.541667 0.261905
vt 0.541667 0.273810
vt 0.541667 0.285714
vt 0.541667 0.297619
vt 0.541667 0.309524
vt 0.541667 0.321429
vt 0.541667 0.333333
vt 0.541667 0.345238
vt 0.541667 0.357143
vt 0.541667 0.369048
vt 0.541667 0.380952
vt 0.541667 0.392857
vt 0.541667 0.404762
vt 0.541667 0.416667
vt 0.541667 0.428571
vt 0.541667 0.440476
vt 0.541667 0.452381
vt 0.541667 0.464286
vt 0.541667 0.476190
vt 0.553571 0.250000
vt 0.553571 0.261905
vt 0.553571 0.273810
vt 0.553571 0.285714
vt 0.553571 0.297619
vt 0.553571 0.309524
vt 0.553571 0.321429
vt 0.553571 0.333333
vt 0.553571 0.345238
vt 0.553571 0.357143
vt 0.553571 0.369048
vt 0.553571 0.380952
vt 0.553571 0.392857
vt 0.553571 0.404762
vt 0.553571 0.416667
vt 0.553571 0.428571
vt 0.553571 0.440476
vt 0.553571 0.452381
vt 0.553571 0.464286
vt 0.553571 0.476190
vt 0.565476 0.250000
vt 0.565476 0.261905
vt 0.565476 0.273810
vt 0.565476 0.285714
vt 0.565476 0.297619
vt 0.565476 0.309524
vt 0.565476 0.321429
vt 0.565476 0.333333
vt 0.565476 0.345238
vt 0.565476 0.357143
vt 0.565476 0.369048
vt 0.565476 0.380952
vt 0.565476 0.392857
vt 0.565476 0.404762
vt 0.565476 0.416667
vt 0.565476 0.428571
vt 0.565476 0.440476
vt 0.565476 0.452381
vt 0.565476 0.464286
vt 0.565476 0.476190
vt 0.577381 0.250000
vt 0.577381 0.261905
vt 0.577381 0.273810
vt 0.577381 0.285714
vt 0.577381 0.297619
vt 0.577381 0.309524
vt 0.577381 0.321429
vt 0.577381 0.333333
vt 0.577381 0.345238
vt 0.577381 0.357143
vt 0.577381 0.369048
vt 0.577381 0.380952
vt 0.577381 0.392857
vt 0.577381 0.404762
vt 0.577381 0.416667
vt 0.577381 0.428571
vt 0.577381 0.440476
vt 0.577381 0.452381
vt 0.577381 0.464286
vt 0.577381 0.476190
vt 0.589286 0.250000
vt 0.589286 0.261905
vt 0.589286 0.273810
vt 0.589286 0.285714
vt 0.589286 0.297619
vt 0.589286 0.309524
vt 0.589286 0.321429
vt 0.589286 0.333333
vt 0.589286 0.345238
vt 0.589286 0.357143
vt 0.589286 0.369048
vt 0.589286 0.380952
vt 0.589286 0.392857
vt 0.589286 0.404762
vt 0.589286 0.416667
vt 0.589286 0.428571
vt 0.589286 0.440476
vt 0.589286 0.452381
vt 0.589286 0.464286
vt 0.589286 0.476190
vt 0.601190 0.250000
vt 0.601190 0.261905
vt 0.601190 0.273810
vt 0.601190 0.285714
vt 0.601190 0.297619
vt 0.601190 0.309524
vt 0.601190 0.321429
vt 0.601190 0.333333
vt 0.601190 0.345238
vt 0.601190 0.357143
vt 0.601190 0.369048
vt 0.601190 0.380952
vt 0.601190 0.392857
vt 0.601190 0.404762
vt 0.601190 0.416667
vt 0.601190 0.428571
vt 0.601190 0.440476
vt 0.601190 0.452381
vt 0.601190 0.464286
vt 0.601190 0.476190
vt 0.613095 0.261905
vt 0.613095 0.273810
vt 0.613095 0.285714
vt 0.613095 0.297619
vt 0.613095 0.309524
vt 0.613095 0.321429
vt 0.613095 0.333333
vt 0.613095 0.345238
vt 0.613095 0.357143
vt 0.613095 0.369048
vt 0.613095 0.380952
vt 0.613095 0.392857
vt 0.613095 0.404762
vt 0.613095 0.416667
vt 0.613095 0.428571
vt 0.613095 0.440476
vt 0.613095 0.452381
vt 0.613095 0.464286
vt 0.613095 0.476190
vt 0.625000 0.250000
vt 0.625000 0.261905
vt 0.625000 0.273810
vt 0.625000 0.285714
vt 0.625000 0.297619
vt 0.625000 0.309524
vt 0.625000 0.321429
vt 0.625000 0.333333
vt 0.625000 0.345238
vt 0.625000 0.357143
vt 0.625000 0.369048
vt 0.625000 0.380952
vt 0.625000 0.392857
vt 0.625000 0.404762
vt 0.625000 0.416667
vt 0.625000 0.428571
vt 0.625000 0.440476
vt 0.625000 0.452381
vt 0.625000 0.464286
vt 0.625000 0.476190
vt 0.386905 0.238095
vt 0.375000 0.238095
vt 0.398809 0.238095
vt 0.410714 0.238095
vt 0.422619 0.238095
vt 0.434524 0.238095
vt 0.446429 0.238095
vt 0.458333 0.238095
vt 0.470238 0.238095
vt 0.482143 0.238095
vt 0.494048 0.238095
vt 0.505952 0.238095
vt 0.517857 0.238095
vt 0.529762 0.238095
vt 0.541667 0.238095
vt 0.553571 0.238095
vt 0.565476 0.238095
vt 0.577381 0.238095
vt 0.589286 0.238095
vt 0.601190 0.238095
vt 0.386905 0.000000
vt 0.375000 0.011905
vt 0.375000 0.000000
vt 0.386905 0.023810
vt 0.375000 0.023810
vt 0.386905 0.035714
vt 0.375000 0.035714
vt 0.386905 0.047619
vt 0.375000 0.047619
vt 0.386905 0.059524
vt 0.375000 0.059524
vt 0.386905 0.071429
vt 0.375000 0.071429
vt 0.386905 0.083333
vt 0.375000 0.083333
vt 0.386905 0.095238
vt 0.375000 0.095238
vt 0.386905 0.107143
vt 0.375000 0.107143
vt 0.386905 0.119048
vt 0.375000 0.119048
vt 0.386905 0.130952
vt 0.375000 0.130952
vt 0.386905 0.142857
vt 0.375000 0.142857
vt 0.386905 0.154762
vt 0.375000 0.154762
vt 0.386905 0.166667
vt 0.375000 0.166667
vt 0.386905 0.178571
vt 0.375000 0.178571
vt 0.386905 0.190476
vt 0.375000 0.190476
vt 0.386905 0.202381
vt 0.375000 0.202381
vt 0.386905 0.214286
vt 0.375000 0.214286
vt 0.386905 0.226190
vt 0.375000 0.226190
vt 0.398810 0.000000
vt 0.386905 0.011905
vt 0.398810 0.011905
vt 0.398809 0.023810
vt 0.398810 0.035714
vt 0.398810 0.047619
vt 0.398810 0.059524
vt 0.398810 0.071429
vt 0.398810 0.083333
vt 0.398810 0.095238
vt 0.398810 0.107143
vt 0.398810 0.119048
vt 0.398810 0.130952
vt 0.398810 0.142857
vt 0.398810 0.154762
vt 0.398810 0.166667
vt 0.398810 0.178571
vt 0.398810 0.190476
vt 0.398810 0.202381
vt 0.398810 0.214286
vt 0.398810 0.226190
vt 0.410714 0.000000
vt 0.410714 0.011905
vt 0.410714 0.023810
vt 0.410714 0.035714
vt 0.410714 0.047619
vt 0.410714 0.059524
vt 0.410714 0.071429
vt 0.410714 0.083333
vt 0.410714 0.095238
vt 0.410714 0.107143
vt 0.410714 0.119048
vt 0.410714 0.130952
vt 0.410714 0.142857
vt 0.410714 0.154762
vt 0.410714 0.166667
vt 0.410714 0.178571
vt 0.410714 0.190476
vt 0.410714 0.202381
vt 0.410714 0.214286
vt 0.410714 0.226190
vt 0.422619 0.000000
vt 0.422619 0.011905
vt 0.422619 0.023810
vt 0.422619 0.035714
vt 0.422619 0.047619
vt 0.422619 0.059524
vt 0.422619 0.071429
vt 0.422619 0.083333
vt 0.422619 0.095238
vt 0.422619 0.107143
vt 0.422619 0.119048
vt 0.422619 0.130952
vt 0.422619 0.142857
vt 0.422619 0.154762
vt 0.422619 0.166667
vt 0.422619 0.178571
vt 0.422619 0.190476
vt 0.422619 0.202381
vt 0.422619 0.214286
vt 0.422619 0.226190
vt 0.434524 0.000000
vt 0.434524 0.011905
vt 0.434524 0.023810
vt 0.434524 0.035714
vt 0.434524 0.047619
vt 0.434524 0.059524
vt 0.434524 0.071429
vt 0.434524 0.083333
vt 0.434524 0.095238
vt 0.434524 0.107143
vt 0.434524 0.119048
vt 0.434524 0.130952
vt 0.434524 0.142857
vt 0.434524 0.154762
vt 0.434524 0.166667
vt 0.434524 0.178571
vt 0.434524 0.190476
vt 0.434524 0.202381
vt 0.434524 0.214286
vt 0.434524 0.226190
vt 0.446429 0.000000
vt 0.446429 0.011905
vt 0.446429 0.023810
vt 0.446429 0.035714
vt 0.446429 0.047619
vt 0.446429 0.059524
vt 0.446429 0.071429
vt 0.446429 0.083333
vt 0.446429 0.095238
vt 0.446429 0.107143
vt 0.446429 0.119048
vt 0.446429 0.130952
vt 0.446429 0.142857
vt 0.446429 0.154762
vt 0.446429 0.166667
vt 0.446429 0.178571
vt 0.446429 0.190476
vt 0.446429 0.202381
vt 0.446429 0.214286
vt 0.446429 0.226190
vt 0.458333 0.000000
vt 0.458333 0.011905
vt 0.458333 0.023810
vt 0.458333 0.035714
vt 0.458333 0.047619
vt 0.458333 0.059524
vt 0.458333 0.071429
vt 0.458333 0.083333
vt 0.458333 0.095238
vt 0.458333 0.107143
vt 0.458333 0.119048
vt 0.458333 0.130952
vt 0.458333 0.142857
vt 0.458333 0.154762
vt 0.458333 0.166667
vt 0.458333 0.178571
vt 0.458333 0.190476
vt 0.458333 0.202381
vt 0.458333 0.214286
vt 0.458333 0.226190
vt 0.470238 0.000000
vt 0.470238 0.011905
vt 0.470238 0.023810
vt 0.470238 0.035714
vt 0.470238 0.047619
vt 0.470238 0.059524
vt 0.470238 0.071429
vt 0.470238 0.083333
vt 0.470238 0.095238
vt 0.470238 0.107143
vt 0.470238 0.119048
vt 0.470238 0.130952
vt 0.470238 0.142857
vt 0.470238 0.154762
vt 0.470238 0.166667
vt 0.470238 0.178571
vt 0.470238 0.190476
vt 0.470238 0.202381
vt 0.470238 0.214286
vt 0.470238 0.226190
vt 0.482143 0.000000
vt 0.482143 0.011905
vt 0.482143 0.023810
vt 0.482143 0.035714
vt 0.482143 0.047619
vt 0.482143 0.059524
vt 0.482143 0.071429
vt 0.482143 0.083333
vt 0.482143 0.095238
vt 0.482143 0.107143
vt 0.482143 0.119048
vt 0.482143 0.130952
vt 0.482143 0.142857
vt 0.482143 0.154762
vt 0.482143 0.166667
vt 0.482143 0.178571
vt 0.482143 0.190476
vt 0.482143 0.202381
vt 0.482143 0.214286
vt 0.482143 0.226190
vt 0.494048 0.000000
vt 0.494048 0.011905
vt 0.494048 0.023810
vt 0.494048 0.035714
vt 0.494048 0.047619
vt 0.494048 0.059524
vt 0.494048 0.071429
vt 0.494048 0.083333
vt 0.494048 0.095238
vt 0.494048 0.107143
vt 0.494048 0.119048
vt 0.494048 0.130952
vt 0.494048 0.142857
vt 0.494048 0.154762
vt 0.494048 0.166667
vt 0.494048 0.178571
vt 0.494048 0.190476
vt 0.494048 0.202381
vt 0.494048 0.214286
vt 0.494048 0.226190
vt 0.505952 0.000000
vt 0.505952 0.011905
vt 0.505952 0.023810
vt 0.505952 0.035714
vt 0.505952 0.047619
vt 0.505952 0.059524
vt 0.505952 0.071429
vt 0.505952 0.083333
vt 0.505952 0.095238
vt 0.505952 0.107143
vt 0.505952 0.119048
vt 0.505952 0.130952
vt 0.505952 0.142857
vt 0.505952 0.154762
vt 0.505952 0.166667
vt 0.505952 0.178571
vt 0.505952 0.190476
vt 0.505952 0.202381
vt 0.505952 0.214286
vt 0.505952 0.226190
vt 0.517857 0.000000
vt 0.517857 0.011905
vt 0.517857 0.023810
vt 0.517857 0.035714
vt 0.517857 0.047619
vt 0.517857 0.059524
vt 0.517857 0.071429
vt 0.517857 0.083333
vt 0.517857 0.095238
vt 0.517857 0.107143
vt 0.517857 0.119048
vt 0.517857 0.130952
vt 0.517857 0.142857
vt 0.517857 0.154762
vt 0.517857 0.166667
vt 0.517857 0.178571
vt 0.517857 0.190476
vt 0.517857 0.202381
vt 0.517857 0.214286
vt 0.517857 0.226190
vt 0.529762 0.000000
vt 0.529762 0.011905
vt 0.529762 0.023810
vt 0.529762 0.035714
vt 0.529762 0.047619
vt 0.529762 0.059524
vt 0.529762 0.071429
vt 0.529762 0.083333
vt 0.529762 0.095238
vt 0.529762 0.107143
vt 0.529762 0.119048
vt 0.529762 0.130952
vt 0.529762 0.142857
vt 0.529762 0.154762
vt 0.529762 0.166667
vt 0.529762 0.178571
vt 0.529762 0.190476
vt 0.529762 0.202381
vt 0.529762 0.214286
vt 0.529762 0.226190
vt 0.541667 0.000000
vt 0.541667 0.011905
vt 0.541667 0.023810
vt 0.541667 0.035714
vt 0.541667 0.047619
vt 0.541667 0.059524
vt 0.541667 0.071429
vt 0.541667 0.083333
vt 0.541667 0.095238
vt 0.541667 0.107143
vt 0.541667 0.119048
vt 0.541667 0.130952
vt 0.541667 0.142857
vt 0.541667 0.154762
vt 0.541667 0.166667
vt 0.541667 0.178571
vt 0.541667 0.190476
vt 0.541667 0.202381
vt 0.541667 0.214286
vt 0.541667 0.226190
vt 0.553571 0.000000
vt 0.553571 0.011905
vt 0.553571 0.023810
vt 0.553571 0.035714
vt 0.553571 0.047619
vt 0.553571 0.059524
vt 0.553571 0.071429
vt 0.553571 0.083333
vt 0.553571 0.095238
vt 0.553571 0.107143
vt 0.553571 0.119048
vt 0.553571 0.130952
vt 0.553571 0.142857
vt 0.553571 0.154762
vt 0.553571 0.166667
vt 0.553571 0.178571
vt 0.553571 0.190476
vt 0.553571 0.202381
vt 0.553571 0.214286
vt 0.553571 0.226190
vt 0.565476 0.000000
vt 0.565476 0.011905
vt 0.565476 0.023810
vt 0.565476 0.035714
vt 0.565476 0.047619
vt 0.565476 0.059524
vt 0.565476 0.071429
vt 0.565476 0.083333
vt 0.565476 0.095238
vt 0.565476 0.107143
vt 0.565476 0.119048
vt 0.565476 0.130952
vt 0.565476 0.142857
vt 0.565476 0.154762
vt 0.565476 0.166667
vt 0.565476 0.178571
vt 0.565476 0.190476
vt 0.565476 0.202381
vt 0.565476 0.214286
vt 0.565476 0.226190
vt 0.577381 0.000000
vt 0.577381 0.011905
vt 0.577381 0.023810
vt 0.577381 0.035714
vt 0.577381 0.047619
vt 0.577381 0.059524
vt 0.577381 0.071429
vt 0.577381 0.083333
vt 0.577381 0.095238
vt 0.577381 0.107143
vt 0.577381 0.119048
vt 0.577381 0.130952
vt 0.577381 0.142857
vt 0.577381 0.154762
vt 0.577381 0.166667
vt 0.577381 0.178571
vt 0.577381 0.190476
vt 0.577381 0.202381
vt 0.577381 0.214286
vt 0.577381 0.226190
vt 0.589286 0.000000
vt 0.589286 0.011905
vt 0.589286 0.023810
vt 0.589286 0.035714
vt 0.589286 0.047619
vt 0.589286 0.059524
vt 0.589286 0.071429
vt 0.589286 0.083333
vt 0.589286 0.095238
vt 0.589286 0.107143
vt 0.589286 0.119048
vt 0.589286 0.130952
vt 0.589286 0.142857
vt 0.589286 0.154762
vt 0.589286 0.166667
vt 0.589286 0.178571
vt 0.589286 0.190476
vt 0.589286 0.202381
vt 0.589286 0.214286
vt 0.589286 0.226190
vt 0.601190 0.000000
vt 0.601190 0.011905
vt 0.601190 0.023810
vt 0.601190 0.035714
vt 0.601190 0.047619
vt 0.601190 0.059524
vt 0.601190 0.071429
vt 0.601190 0.083333
vt 0.601190 0.095238
vt 0.601190 0.107143
vt 0.601190 0.119048
vt 0.601190 0.130952
vt 0.601190 0.142857
vt 0.601190 0.154762
vt 0.601190 0.166667
vt 0.601190 0.178571
vt 0.601190 0.190476
vt 0.601190 0.202381
vt 0.601190 0.214286
vt 0.601190 0.226190
vt 0.613095 0.000000
vt 0.613095 0.011905
vt 0.613095 0.023810
vt 0.613095 0.035714
vt 0.613095 0.047619
vt 0.613095 0.059524
vt 0.613095 0.071429
vt 0.613095 0.083333
vt 0.613095 0.095238
vt 0.613095 0.107143
vt 0.613095 0.119048
vt 0.613095 0.130952
vt 0.613095 0.142857
vt 0.613095 0.154762
vt 0.613095 0.166667
vt 0.613095 0.178571
vt 0.613095 0.190476
vt 0.613095 0.202381
vt 0.613095 0.214286
vt 0.613095 0.226190
vt 0.625000 0.000000
vt 0.625000 0.011905
vt 0.625000 0.023810
vt 0.625000 0.035714
vt 0.625000 0.047619
vt 0.625000 0.059524
vt 0.625000 0.071429
vt 0.625000 0.083333
vt 0.625000 0.095238
vt 0.625000 0.107143
vt 0.625000 0.119048
vt 0.625000 0.130952
vt 0.625000 0.142857
vt 0.625000 0.154762
vt 0.625000 0.166667
vt 0.625000 0.178571
vt 0.625000 0.190476
vt 0.625000 0.202381
vt 0.625000 0.214286
vt 0.625000 0.226190
vt 0.625000 1.000000
vt 0.875000 0.750000
s 0
usemtl white
f 2740/2795/13 2741/2796/13 5320/2797/13
f 2800/2798/14 2801/2799/14 4920/2800/14
f 2860/2801/15 2861/2802/15 4520/2803/15
f 2920/2804/16 2720/2805/16 4120/2806/16
f 2821/2807/17 2900/2808/17 3720/2809/17
f 2721/2810/18 2920/2811/18 3320/2812/18
f 2940/2813/18 2678/2814/18 2860/2801/18
f 2960/2815/18 2901/2816/18 2940/2813/18
f 2980/2817/18 2902/2818/18 2960/2815/18
f 3000/2819/18 2903/2820/18 2980/2817/18
f 3020/2821/18 2904/2822/18 3000/2819/18
f 3040/2823/18 2905/2824/18 3020/2821/18
f 3060/2825/18 2906/2826/18 3040/2823/18
f 3080/2827/18 2907/2828/18 3060/2825/18
f 3100/2829/18 2908/2830/18 3080/2827/18
f 3100/2829/18 2910/2831/18 2909/2832/18
f 3120/2833/18 2911/2834/18 2910/2831/18
f 3140/2835/18 2912/2836/18 2911/2834/18
f 3160/2837/18 2913/2838/18 2912/2836/18
f 3180/2839/18 2914/2840/18 2913/2838/18
f 3200/2841/18 2915/2842/18 2914/2840/18
f 3220/2843/18 2916/2844/18 2915/2842/18
f 3240/2845/18 2917/2846/18 2916/2844/18
f 3260/2847/18 2918/2848/18 2917/2846/18
f 3280/2849/18 2919/2850/18 2918/2848/18
f 3300/2851/18 2920/2811/18 2919/2850/18
f 2800/2852/18 2841/2853/18 2680/2854/18
f 2921/2855/18 2842/2856/18 2841/2853/18
f 2922/2857/18 2843/2858/18 2842/2856/18
f 2923/2859/18 2844/2860/18 2843/2858/18
f 2924/2861/18 2845/2862/18 2844/2860/18
f 2925/2863/18 2846/2864/18 2845/2862/18
f 2926/2865/18 2847/2866/18 2846/2864/18
f 2927/2867/18 2848/2868/18 2847/2866/18
f 2928/2869/18 2849/2870/18 2848/2868/18
f 2929/2871/18 2850/2872/18 2849/2870/18
f 2930/2873/18 2851/2874/18 2850/2872/18
f 2931/2875/18 2852/2876/18 2851/2874/18
f 2932/2877/18 2853/2878/18 2852/2876/18
f 2933/2879/18 2854/2880/18 2853/2878/18
f 2934/2881/18 2855/2882/18 2854/2880/18
f 2935/2883/18 2856/2884/18 2855/2882/18
f 2936/2885/18 2857/2886/18 2856/2884/18
f 2937/2887/18 2858/2888/18 2857/2886/18
f 2938/2889/18 2859/2890/18 2858/2888/18
f 2939/2891/18 2860/2801/18 2859/2890/18
f 2800/2852/18 2941/2892/18 2921/2855/18
f 2921/2855/18 2942/2893/18 2922/2857/18
f 2922/2857/18 2943/2894/18 2923/2859/18
f 2923/2859/18 2944/2895/18 2924/2861/18
f 2924/2861/18 2945/2896/18 2925/2863/18
f 2925/2863/18 2946/2897/18 2926/2865/18
f 2926/2865/18 2947/2898/18 2927/2867/18
f 2927/2867/18 2948/2899/18 2928/2869/18
f 2928/2869/18 2949/2900/18 2929/2871/18
f 2929/2871/18 2950/2901/18 2930/2873/18
f 2930/2873/18 2951/2902/18 2931/2875/18
f 2931/2875/18 2952/2903/18 2932/2877/18
f 2932/2877/18 2953/2904/18 2933/2879/18
f 2953/2904/18 2934/2881/18 2933/2879/18
f 2954/2905/18 2935/2883/18 2934/2881/18
f 2955/2906/18 2936/2885/18 2935/2883/18
f 2956/2907/18 2937/2887/18 2936/2885/18
f 2957/2908/18 2938/2889/18 2937/2887/18
f 2958/2909/18 2939/2891/18 2938/2889/18
f 2959/2910/18 2940/2813/18 2939/2891/18
f 2798/2911/18 2941/2892/18 2799/2912/18
f 2961/2913/18 2942/2893/18 2941/2892/18
f 2962/2914/18 2943/2894/18 2942/2893/18
f 2963/2915/18 2944/2895/18 2943/2894/18
f 2964/2916/18 2945/2896/18 2944/2895/18
f 2965/2917/18 2946/2897/18 2945/2896/18
f 2966/2918/18 2947/2898/18 2946/2897/18
f 2967/2919/18 2948/2899/18 2947/2898/18
f 2968/2920/18 2949/2900/18 2948/2899/18
f 2969/2921/18 2950/2901/18 2949/2900/18
f 2970/2922/18 2951/2902/18 2950/2901/18
f 2971/2923/18 2952/2903/18 2951/2902/18
f 2952/2903/18 2973/2924/18 2953/2904/18
f 2953/2904/18 2974/2925/18 2954/2905/18
f 2954/2905/18 2975/2926/18 2955/2906/18
f 2955/2906/18 2976/2927/18 2956/2907/18
f 2976/2927/18 2957/2908/18 2956/2907/18
f 2977/2928/18 2958/2909/18 2957/2908/18
f 2978/2929/18 2959/2910/18 2958/2909/18
f 2979/2930/18 2960/2815/18 2959/2910/18
f 2797/2931/18 2961/2913/18 2798/2911/18
f 2981/2932/18 2962/2914/18 2961/2913/18
f 2982/2933/18 2963/2915/18 2962/2914/18
f 2983/2934/18 2964/2916/18 2963/2915/18
f 2984/2935/18 2965/2917/18 2964/2916/18
f 2985/2936/18 2966/2918/18 2965/2917/18
f 2986/2937/18 2967/2919/18 2966/2918/18
f 2987/2938/18 2968/2920/18 2967/2919/18
f 2988/2939/18 2969/2921/18 2968/2920/18
f 2989/2940/18 2970/2922/18 2969/2921/18
f 2990/2941/18 2971/2923/18 2970/2922/18
f 2991/2942/18 2972/2943/18 2971/2923/18
f 2992/2944/18 2973/2924/18 2972/2943/18
f 2993/2945/18 2974/2925/18 2973/2924/18
f 2994/2946/18 2975/2926/18 2974/2925/18
f 2975/2926/18 2996/2947/18 2976/2927/18
f 2976/2927/18 2997/2948/18 2977/2928/18
f 2977/2928/18 2998/2949/18 2978/2929/18
f 2978/2929/18 2999/2950/18 2979/2930/18
f 2999/2950/18 2980/2817/18 2979/2930/18
f 2797/2931/18 3001/2951/18 2981/2932/18
f 3001/2951/18 2982/2933/18 2981/2932/18
f 3002/2952/18 2983/2934/18 2982/2933/18
f 3003/2953/18 2984/2935/18 2983/2934/18
f 3004/2954/18 2985/2936/18 2984/2935/18
f 3005/2955/18 2986/2937/18 2985/2936/18
f 3006/2956/18 2987/2938/18 2986/2937/18
f 3007/2957/18 2988/2939/18 2987/2938/18
f 3008/2958/18 2989/2940/18 2988/2939/18
f 3009/2959/18 2990/2941/18 2989/2940/18
f 3010/2960/18 2991/2942/18 2990/2941/18
f 3011/2961/18 2992/2944/18 2991/2942/18
f 3012/2962/18 2993/2945/18 2992/2944/18
f 3013/2963/18 2994/2946/18 2993/2945/18
f 3014/2964/18 2995/2965/18 2994/2946/18
f 3015/2966/18 2996/2947/18 2995/2965/18
f 3016/2967/18 2997/2948/18 2996/2947/18
f 3017/2968/18 2998/2949/18 2997/2948/18
f 2998/2949/18 3019/2969/18 2999/2950/18
f 2999/2950/18 3020/2821/18 3000/2819/18
f 2796/2970/18 3021/2971/18 3001/2951/18
f 3001/2951/18 3022/2972/18 3002/2952/18
f 3002/2952/18 3023/2973/18 3003/2953/18
f 3003/2953/18 3024/2974/18 3004/2954/18
f 3004/2954/18 3025/2975/18 3005/2955/18
f 3005/2955/18 3026/2976/18 3006/2956/18
f 3006/2956/18 3027/2977/18 3007/2957/18
f 3027/2977/18 3008/2958/18 3007/2957/18
f 3028/2978/18 3009/2959/18 3008/2958/18
f 3029/2979/18 3010/2960/18 3009/2959/18
f 3010/2960/18 3031/2980/18 3011/2961/18
f 3031/2980/18 3012/2962/18 3011/2961/18
f 3032/2981/18 3013/2963/18 3012/2962/18
f 3033/2982/18 3014/2964/18 3013/2963/18
f 3034/2983/18 3015/2966/18 3014/2964/18
f 3035/2984/18 3016/2967/18 3015/2966/18
f 3036/2985/18 3017/2968/18 3016/2967/18
f 3037/2986/18 3018/2987/18 3017/2968/18
f 3038/2988/18 3019/2969/18 3018/2987/18
f 3019/2969/18 3040/2823/18 3020/2821/18
f 2795/2989/18 3041/2990/18 3021/2971/18
f 3021/2971/18 3042/2991/18 3022/2972/18
f 3022/2972/18 3043/2992/18 3023/2973/18
f 3043/2992/18 3024/2974/18 3023/2973/18
f 3044/2993/18 3025/2975/18 3024/2974/18
f 3045/2994/18 3026/2976/18 3025/2975/18
f 3046/2995/18 3027/2977/18 3026/2976/18
f 3047/2996/18 3028/2978/18 3027/2977/18
f 3048/2997/18 3029/2979/18 3028/2978/18
f 3049/2998/18 3030/2999/18 3029/2979/18
f 3030/2999/18 3051/3000/18 3031/2980/18
f 3031/2980/18 3052/3001/18 3032/2981/18
f 3032/2981/18 3053/3002/18 3033/2982/18
f 3033/2982/18 3054/3003/18 3034/2983/18
f 3054/3003/18 3035/2984/18 3034/2983/18
f 3055/3004/18 3036/2985/18 3035/2984/18
f 3056/3005/18 3037/2986/18 3036/2985/18
f 3057/3006/18 3038/2988/18 3037/2986/18
f 3058/3007/18 3039/3008/18 3038/2988/18
f 3039/3008/18 3060/2825/18 3040/2823/18
f 2794/3009/18 3061/3010/18 3041/2990/18
f 3041/2990/18 3062/3011/18 3042/2991/18
f 3042/2991/18 3063/3012/18 3043/2992/18
f 3043/2992/18 3064/3013/18 3044/2993/18
f 3044/2993/18 3065/3014/18 3045/2994/18
f 3065/3014/18 3046/2995/18 3045/2994/18
f 3066/3015/18 3047/2996/18 3046/2995/18
f 3067/3016/18 3048/2997/18 3047/2996/18
f 3068/3017/18 3049/2998/18 3048/2997/18
f 3069/3018/18 3050/3019/18 3049/2998/18
f 3070/3020/18 3051/3000/18 3050/3019/18
f 3071/3021/18 3052/3001/18 3051/3000/18
f 3072/3022/18 3053/3002/18 3052/3001/18
f 3073/3023/18 3054/3003/18 3053/3002/18
f 3074/3024/18 3055/3004/18 3054/3003/18
f 3075/3025/18 3056/3005/18 3055/3004/18
f 3076/3026/18 3057/3006/18 3056/3005/18
f 3077/3027/18 3058/3007/18 3057/3006/18
f 3078/3028/18 3059/3029/18 3058/3007/18
f 3059/3029/18 3080/2827/18 3060/2825/18
f 2793/3030/18 3081/3031/18 3061/3010/18
f 3061/3010/18 3082/3032/18 3062/3011/18
f 3062/3011/18 3083/3033/18 3063/3012/18
f 3063/3012/18 3084/3034/18 3064/3013/18
f 3064/3013/18 3085/3035/18 3065/3014/18
f 3065/3014/18 3086/3036/18 3066/3015/18
f 3066/3015/18 3087/3037/18 3067/3016/18
f 3067/3016/18 3088/3038/18 3068/3017/18
f 3088/3038/18 3069/3018/18 3068/3017/18
f 3069/3018/18 3090/3039/18 3070/3020/18
f 3070/3020/18 3091/3040/18 3071/3021/18
f 3071/3021/18 3092/3041/18 3072/3022/18
f 3072/3022/18 3093/3042/18 3073/3023/18
f 3093/3042/18 3074/3024/18 3073/3023/18
f 3094/3043/18 3075/3025/18 3074/3024/18
f 3095/3044/18 3076/3026/18 3075/3025/18
f 3096/3045/18 3077/3027/18 3076/3026/18
f 3097/3046/18 3078/3028/18 3077/3027/18
f 3078/3028/18 3099/3047/18 3079/3048/18
f 3079/3048/18 3100/2829/18 3080/2827/18
f 2792/3049/18 3101/3050/18 3081/3031/18
f 3081/3031/18 3102/3051/18 3082/3032/18
f 3082/3032/18 3103/3052/18 3083/3033/18
f 3083/3033/18 3104/3053/18 3084/3034/18
f 3084/3034/18 3105/3054/18 3085/3035/18
f 3085/3035/18 3106/3055/18 3086/3036/18
f 3086/3036/18 3107/3056/18 3087/3037/18
f 3087/3037/18 3108/3057/18 3088/3038/18
f 3088/3038/18 3109/3058/18 3089/3059/18
f 3089/3059/18 3110/3060/18 3090/3039/18
f 3090/3039/18 3111/3061/18 3091/3040/18
f 3091/3040/18 3112/3062/18 3092/3041/18
f 3092/3041/18 3113/3063/18 3093/3042/18
f 3113/3063/18 3094/3043/18 3093/3042/18
f 3094/3043/18 3115/3064/18 3095/3044/18
f 3095/3044/18 3116/3065/18 3096/3045/18
f 3116/3065/18 3097/3046/18 3096/3045/18
f 3117/3066/18 3098/3067/18 3097/3046/18
f 3098/3067/18 3119/3068/18 3099/3047/18
f 3099/3047/18 3120/2833/18 3100/2829/18
f 2791/3069/18 3121/3070/18 3101/3050/18
f 3101/3050/18 3122/3071/18 3102/3051/18
f 3102/3051/18 3123/3072/18 3103/3052/18
f 3103/3052/18 3124/3073/18 3104/3053/18
f 3104/3053/18 3125/3074/18 3105/3054/18
f 3105/3054/18 3126/3075/18 3106/3055/18
f 3106/3055/18 3127/3076/18 3107/3056/18
f 3107/3056/18 3128/3077/18 3108/3057/18
f 3108/3057/18 3129/3078/18 3109/3058/18
f 3109/3058/18 3130/3079/18 3110/3060/18
f 3110/3060/18 3131/3080/18 3111/3061/18
f 3111/3061/18 3132/3081/18 3112/3062/18
f 3112/3062/18 3133/3082/18 3113/3063/18
f 3133/3082/18 3114/3083/18 3113/3063/18
f 3114/3083/18 3135/3084/18 3115/3064/18
f 3115/3064/18 3136/3085/18 3116/3065/18
f 3116/3065/18 3137/3086/18 3117/3066/18
f 3117/3066/18 3138/3087/18 3118/3088/18
f 3118/3088/18 3139/3089/18 3119/3068/18
f 3139/3089/18 3120/2833/18 3119/3068/18
f 2790/3090/18 3141/3091/18 3121/3070/18
f 3121/3070/18 3142/3092/18 3122/3071/18
f 3122/3071/18 3143/3093/18 3123/3072/18
f 3123/3072/18 3144/3094/18 3124/3073/18
f 3124/3073/18 3145/3095/18 3125/3074/18
f 3125/3074/18 3146/3096/18 3126/3075/18
f 3126/3075/18 3147/3097/18 3127/3076/18
f 3127/3076/18 3148/3098/18 3128/3077/18
f 3128/3077/18 3149/3099/18 3129/3078/18
f 3129/3078/18 3150/3100/18 3130/3079/18
f 3130/3079/18 3151/3101/18 3131/3080/18
f 3131/3080/18 3152/3102/18 3132/3081/18
f 3132/3081/18 3153/3103/18 3133/3082/18
f 3133/3082/18 3154/3104/18 3134/3105/18
f 3134/3105/18 3155/3106/18 3135/3084/18
f 3135/3084/18 3156/3107/18 3136/3085/18
f 3136/3085/18 3157/3108/18 3137/3086/18
f 3137/3086/18 3158/3109/18 3138/3087/18
f 3138/3087/18 3159/3110/18 3139/3089/18
f 3139/3089/18 3160/2837/18 3140/2835/18
f 2788/3111/18 3141/3091/18 2789/3112/18
f 3161/3113/18 3142/3092/18 3141/3091/18
f 3162/3114/18 3143/3093/18 3142/3092/18
f 3163/3115/18 3144/3094/18 3143/3093/18
f 3164/3116/18 3145/3095/18 3144/3094/18
f 3165/3117/18 3146/3096/18 3145/3095/18
f 3166/3118/18 3147/3097/18 3146/3096/18
f 3167/3119/18 3148/3098/18 3147/3097/18
f 3168/3120/18 3149/3099/18 3148/3098/18
f 3149/3099/18 3170/3121/18 3150/3100/18
f 3150/3100/18 3171/3122/18 3151/3101/18
f 3151/3101/18 3172/3123/18 3152/3102/18
f 3152/3102/18 3173/3124/18 3153/3103/18
f 3153/3103/18 3174/3125/18 3154/3104/18
f 3154/3104/18 3175/3126/18 3155/3106/18
f 3155/3106/18 3176/3127/18 3156/3107/18
f 3156/3107/18 3177/3128/18 3157/3108/18
f 3157/3108/18 3178/3129/18 3158/3109/18
f 3158/3109/18 3179/3130/18 3159/3110/18
f 3159/3110/18 3180/2839/18 3160/2837/18
f 2787/3131/18 3161/3113/18 2788/3111/18
f 3181/3132/18 3162/3114/18 3161/3113/18
f 3182/3133/18 3163/3115/18 3162/3114/18
f 3183/3134/18 3164/3116/18 3163/3115/18
f 3184/3135/18 3165/3117/18 3164/3116/18
f 3185/3136/18 3166/3118/18 3165/3117/18
f 3186/3137/18 3167/3119/18 3166/3118/18
f 3187/3138/18 3168/3120/18 3167/3119/18
f 3188/3139/18 3169/3140/18 3168/3120/18
f 3189/3141/18 3170/3121/18 3169/3140/18
f 3190/3142/18 3171/3122/18 3170/3121/18
f 3171/3122/18 3192/3143/18 3172/3123/18
f 3172/3123/18 3193/3144/18 3173/3124/18
f 3173/3124/18 3194/3145/18 3174/3125/18
f 3174/3125/18 3195/3146/18 3175/3126/18
f 3175/3126/18 3196/3147/18 3176/3127/18
f 3176/3127/18 3197/3148/18 3177/3128/18
f 3177/3128/18 3198/3149/18 3178/3129/18
f 3178/3129/18 3199/3150/18 3179/3130/18
f 3199/3150/18 3180/2839/18 3179/3130/18
f 2786/3151/18 3181/3132/18 2787/3131/18
f 3201/3152/18 3182/3133/18 3181/3132/18
f 3202/3153/18 3183/3134/18 3182/3133/18
f 3203/3154/18 3184/3135/18 3183/3134/18
f 3204/3155/18 3185/3136/18 3184/3135/18
f 3205/3156/18 3186/3137/18 3185/3136/18
f 3206/3157/18 3187/3138/18 3186/3137/18
f 3207/3158/18 3188/3139/18 3187/3138/18
f 3188/3139/18 3209/3159/18 3189/3141/18
f 3189/3141/18 3210/3160/18 3190/3142/18
f 3190/3142/18 3211/3161/18 3191/3162/18
f 3191/3162/18 3212/3163/18 3192/3143/18
f 3212/3163/18 3193/3144/18 3192/3143/18
f 3213/3164/18 3194/3145/18 3193/3144/18
f 3194/3145/18 3215/3165/18 3195/3146/18
f 3195/3146/18 3216/3166/18 3196/3147/18
f 3196/3147/18 3217/3167/18 3197/3148/18
f 3197/3148/18 3218/3168/18 3198/3149/18
f 3198/3149/18 3219/3169/18 3199/3150/18
f 3219/3169/18 3200/2841/18 3199/3150/18
f 2785/3170/18 3201/3152/18 2786/3151/18
f 3221/3171/18 3202/3153/18 3201/3152/18
f 3222/3172/18 3203/3154/18 3202/3153/18
f 3223/3173/18 3204/3155/18 3203/3154/18
f 3224/3174/18 3205/3156/18 3204/3155/18
f 3225/3175/18 3206/3157/18 3205/3156/18
f 3226/3176/18 3207/3158/18 3206/3157/18
f 3227/3177/18 3208/3178/18 3207/3158/18
f 3228/3179/18 3209/3159/18 3208/3178/18
f 3229/3180/18 3210/3160/18 3209/3159/18
f 3230/3181/18 3211/3161/18 3210/3160/18
f 3231/3182/18 3212/3163/18 3211/3161/18
f 3232/3183/18 3213/3164/18 3212/3163/18
f 3233/3184/18 3214/3185/18 3213/3164/18
f 3234/3186/18 3215/3165/18 3214/3185/18
f 3235/3187/18 3216/3166/18 3215/3165/18
f 3216/3166/18 3237/3188/18 3217/3167/18
f 3217/3167/18 3238/3189/18 3218/3168/18
f 3218/3168/18 3239/3190/18 3219/3169/18
f 3239/3190/18 3220/2843/18 3219/3169/18
f 2784/3191/18 3221/3171/18 2785/3170/18
f 3241/3192/18 3222/3172/18 3221/3171/18
f 3242/3193/18 3223/3173/18 3222/3172/18
f 3243/3194/18 3224/3174/18 3223/3173/18
f 3244/3195/18 3225/3175/18 3224/3174/18
f 3245/3196/18 3226/3176/18 3225/3175/18
f 3246/3197/18 3227/3177/18 3226/3176/18
f 3247/3198/18 3228/3179/18 3227/3177/18
f 3248/3199/18 3229/3180/18 3228/3179/18
f 3249/3200/18 3230/3181/18 3229/3180/18
f 3250/3201/18 3231/3182/18 3230/3181/18
f 3251/3202/18 3232/3183/18 3231/3182/18
f 3252/3203/18 3233/3184/18 3232/3183/18
f 3253/3204/18 3234/3186/18 3233/3184/18
f 3254/3205/18 3235/3187/18 3234/3186/18
f 3255/3206/18 3236/3207/18 3235/3187/18
f 3256/3208/18 3237/3188/18 3236/3207/18
f 3237/3188/18 3258/3209/18 3238/3189/18
f 3238/3189/18 3259/3210/18 3239/3190/18
f 3259/3210/18 3240/2845/18 3239/3190/18
f 2783/3211/18 3241/3192/18 2784/3191/18
f 3261/3212/18 3242/3193/18 3241/3192/18
f 3262/3213/18 3243/3194/18 3242/3193/18
f 3263/3214/18 3244/3195/18 3243/3194/18
f 3264/3215/18 3245/3196/18 3244/3195/18
f 3265/3216/18 3246/3197/18 3245/3196/18
f 3266/3217/18 3247/3198/18 3246/3197/18
f 3267/3218/18 3248/3199/18 3247/3198/18
f 3268/3219/18 3249/3200/18 3248/3199/18
f 3269/3220/18 3250/3201/18 3249/3200/18
f 3270/3221/18 3251/3202/18 3250/3201/18
f 3271/3222/18 3252/3203/18 3251/3202/18
f 3272/3223/18 3253/3204/18 3252/3203/18
f 3273/3224/18 3254/3205/18 3253/3204/18
f 3274/3225/18 3255/3206/18 3254/3205/18
f 3275/3226/18 3256/3208/18 3255/3206/18
f 3276/3227/18 3257/3228/18 3256/3208/18
f 3277/3229/18 3258/3209/18 3257/3228/18
f 3258/3209/18 3279/3230/18 3259/3210/18
f 3259/3210/18 3280/2849/18 3260/2847/18
f 2782/3231/18 3261/3212/18 2783/3211/18
f 3281/3232/18 3262/3213/18 3261/3212/18
f 3282/3233/18 3263/3214/18 3262/3213/18
f 3283/3234/18 3264/3215/18 3263/3214/18
f 3284/3235/18 3265/3216/18 3264/3215/18
f 3285/3236/18 3266/3217/18 3265/3216/18
f 3286/3237/18 3267/3218/18 3266/3217/18
f 3287/3238/18 3268/3219/18 3267/3218/18
f 3288/3239/18 3269/3220/18 3268/3219/18
f 3289/3240/18 3270/3221/18 3269/3220/18
f 3290/3241/18 3271/3222/18 3270/3221/18
f 3291/3242/18 3272/3223/18 3271/3222/18
f 3292/3243/18 3273/3224/18 3272/3223/18
f 3293/3244/18 3274/3225/18 3273/3224/18
f 3294/3245/18 3275/3226/18 3274/3225/18
f 3295/3246/18 3276/3227/18 3275/3226/18
f 3296/3247/18 3277/3229/18 3276/3227/18
f 3297/3248/18 3278/3249/18 3277/3229/18
f 3298/3250/18 3279/3230/18 3278/3249/18
f 3299/3251/18 3280/2849/18 3279/3230/18
f 2781/3252/18 3281/3232/18 2782/3231/18
f 3301/3253/18 3282/3233/18 3281/3232/18
f 3302/3254/18 3283/3234/18 3282/3233/18
f 3303/3255/18 3284/3235/18 3283/3234/18
f 3304/3256/18 3285/3236/18 3284/3235/18
f 3305/3257/18 3286/3237/18 3285/3236/18
f 3306/3258/18 3287/3238/18 3286/3237/18
f 3307/3259/18 3288/3239/18 3287/3238/18
f 3308/3260/18 3289/3240/18 3288/3239/18
f 3309/3261/18 3290/3241/18 3289/3240/18
f 3310/3262/18 3291/3242/18 3290/3241/18
f 3311/3263/18 3292/3243/18 3291/3242/18
f 3312/3264/18 3293/3244/18 3292/3243/18
f 3313/3265/18 3294/3245/18 3293/3244/18
f 3314/3266/18 3295/3246/18 3294/3245/18
f 3315/3267/18 3296/3247/18 3295/3246/18
f 3316/3268/18 3297/3248/18 3296/3247/18
f 3317/3269/18 3298/3250/18 3297/3248/18
f 3318/3270/18 3299/3251/18 3298/3250/18
f 3319/3271/18 3300/2851/18 3299/3251/18
f 2676/3272/18 3301/3253/18 2781/3252/18
f 2740/3273/18 3302/3254/18 3301/3253/18
f 2739/3274/18 3303/3255/18 3302/3254/18
f 2738/3275/18 3304/3256/18 3303/3255/18
f 2737/3276/18 3305/3257/18 3304/3256/18
f 2736/3277/18 3306/3258/18 3305/3257/18
f 2735/3278/18 3307/3259/18 3306/3258/18
f 2734/3279/18 3308/3260/18 3307/3259/18
f 2733/3280/18 3309/3261/18 3308/3260/18
f 2732/3281/18 3310/3262/18 3309/3261/18
f 2731/3282/18 3311/3263/18 3310/3262/18
f 2730/3283/18 3312/3264/18 3311/3263/18
f 2729/3284/18 3313/3265/18 3312/3264/18
f 2728/3285/18 3314/3266/18 3313/3265/18
f 2727/3286/18 3315/3267/18 3314/3266/18
f 2726/3287/18 3316/3268/18 3315/3267/18
f 2725/3288/18 3317/3269/18 3316/3268/18
f 2724/3289/18 3318/3270/18 3317/3269/18
f 2723/3290/18 3319/3271/18 3318/3270/18
f 2722/3291/18 3320/2812/18 3319/3271/18
f 3340/3292/17 2673/3293/17 2700/3294/17
f 3360/3295/17 2881/3296/17 3340/3292/17
f 3360/3295/17 2883/3297/17 2882/3298/17
f 3380/3299/17 2884/3300/17 2883/3297/17
f 3400/3301/17 2885/3302/17 2884/3300/17
f 3420/3303/17 2886/3304/17 2885/3302/17
f 3440/3305/17 2887/3306/17 2886/3304/17
f 3460/3307/17 2888/3308/17 2887/3306/17
f 3480/3309/17 2889/3310/17 2888/3308/17
f 3520/3311/17 2889/3310/17 3500/3312/17
f 3540/3313/17 2890/3314/17 3520/3311/17
f 3560/3315/17 2891/3316/17 3540/3313/17
f 3580/3317/17 2892/3318/17 3560/3315/17
f 3600/3319/17 2893/3320/17 3580/3317/17
f 3620/3321/17 2894/3322/17 3600/3319/17
f 3640/3323/17 2895/3324/17 3620/3321/17
f 3640/3323/17 2897/3325/17 2896/3326/17
f 3660/3327/17 2898/3328/17 2897/3325/17
f 3680/3329/17 2899/3330/17 2898/3328/17
f 3700/3331/17 2900/2808/17 2899/3330/17
f 2780/3332/17 2681/3333/17 2675/3334/17
f 3321/3335/17 2682/3336/17 2681/3333/17
f 3322/3337/17 2683/3338/17 2682/3336/17
f 3323/3339/17 2684/3340/17 2683/3338/17
f 2684/3340/17 3325/3341/17 2685/3342/17
f 2685/3342/17 3326/3343/17 2686/3344/17
f 2686/3344/17 3327/3345/17 2687/3346/17
f 2687/3346/17 3328/3347/17 2688/3348/17
f 2688/3348/17 3329/3349/17 2689/3350/17
f 2689/3350/17 3330/3351/17 2690/3352/17
f 3330/3351/17 2691/3353/17 2690/3352/17
f 3331/3354/17 2692/3355/17 2691/3353/17
f 3332/3356/17 2693/3357/17 2692/3355/17
f 3333/3358/17 2694/3359/17 2693/3357/17
f 3334/3360/17 2695/3361/17 2694/3359/17
f 3335/3362/17 2696/3363/17 2695/3361/17
f 3336/3364/17 2697/3365/17 2696/3363/17
f 3337/3366/17 2698/3367/17 2697/3365/17
f 3338/3368/17 2699/3369/17 2698/3367/17
f 2699/3369/17 3340/3292/17 2700/3294/17
f 2779/3370/17 3321/3335/17 2780/3332/17
f 3341/3371/17 3322/3337/17 3321/3335/17
f 3342/3372/17 3323/3339/17 3322/3337/17
f 3343/3373/17 3324/3374/17 3323/3339/17
f 3344/3375/17 3325/3341/17 3324/3374/17
f 3345/3376/17 3326/3343/17 3325/3341/17
f 3346/3377/17 3327/3345/17 3326/3343/17
f 3347/3378/17 3328/3347/17 3327/3345/17
f 3348/3379/17 3329/3349/17 3328/3347/17
f 3349/3380/17 3330/3351/17 3329/3349/17
f 3350/3381/17 3331/3354/17 3330/3351/17
f 3351/3382/17 3332/3356/17 3331/3354/17
f 3352/3383/17 3333/3358/17 3332/3356/17
f 3353/3384/17 3334/3360/17 3333/3358/17
f 3354/3385/17 3335/3362/17 3334/3360/17
f 3355/3386/17 3336/3364/17 3335/3362/17
f 3356/3387/17 3337/3366/17 3336/3364/17
f 3357/3388/17 3338/3368/17 3337/3366/17
f 3338/3368/17 3359/3389/17 3339/3390/17
f 3339/3390/17 3360/3295/17 3340/3292/17
f 2778/3391/17 3341/3371/17 2779/3370/17
f 3361/3392/17 3342/3372/17 3341/3371/17
f 3362/3393/17 3343/3373/17 3342/3372/17
f 3363/3394/17 3344/3375/17 3343/3373/17
f 3364/3395/17 3345/3376/17 3344/3375/17
f 3365/3396/17 3346/3377/17 3345/3376/17
f 3346/3377/17 3367/3397/17 3347/3378/17
f 3347/3378/17 3368/3398/17 3348/3379/17
f 3348/3379/17 3369/3399/17 3349/3380/17
f 3349/3380/17 3370/3400/17 3350/3381/17
f 3350/3381/17 3371/3401/17 3351/3382/17
f 3371/3401/17 3352/3383/17 3351/3382/17
f 3372/3402/17 3353/3384/17 3352/3383/17
f 3373/3403/17 3354/3385/17 3353/3384/17
f 3374/3404/17 3355/3386/17 3354/3385/17
f 3375/3405/17 3356/3387/17 3355/3386/17
f 3376/3406/17 3357/3388/17 3356/3387/17
f 3377/3407/17 3358/3408/17 3357/3388/17
f 3358/3408/17 3379/3409/17 3359/3389/17
f 3359/3389/17 3380/3299/17 3360/3295/17
f 2777/3410/17 3361/3392/17 2778/3391/17
f 3381/3411/17 3362/3393/17 3361/3392/17
f 3382/3412/17 3363/3394/17 3362/3393/17
f 3383/3413/17 3364/3395/17 3363/3394/17
f 3384/3414/17 3365/3396/17 3364/3395/17
f 3365/3396/17 3386/3415/17 3366/3416/17
f 3366/3416/17 3387/3417/17 3367/3397/17
f 3367/3397/17 3388/3418/17 3368/3398/17
f 3368/3398/17 3389/3419/17 3369/3399/17
f 3369/3399/17 3390/3420/17 3370/3400/17
f 3370/3400/17 3391/3421/17 3371/3401/17
f 3391/3421/17 3372/3402/17 3371/3401/17
f 3392/3422/17 3373/3403/17 3372/3402/17
f 3393/3423/17 3374/3404/17 3373/3403/17
f 3394/3424/17 3375/3405/17 3374/3404/17
f 3395/3425/17 3376/3406/17 3375/3405/17
f 3376/3406/17 3397/3426/17 3377/3407/17
f 3377/3407/17 3398/3427/17 3378/3428/17
f 3378/3428/17 3399/3429/17 3379/3409/17
f 3379/3409/17 3400/3301/17 3380/3299/17
f 2776/3430/17 3381/3411/17 2777/3410/17
f 3401/3431/17 3382/3412/17 3381/3411/17
f 3402/3432/17 3383/3413/17 3382/3412/17
f 3403/3433/17 3384/3414/17 3383/3413/17
f 3404/3434/17 3385/3435/17 3384/3414/17
f 3405/3436/17 3386/3415/17 3385/3435/17
f 3386/3415/17 3407/3437/17 3387/3417/17
f 3387/3417/17 3408/3438/17 3388/3418/17
f 3388/3418/17 3409/3439/17 3389/3419/17
f 3409/3439/17 3390/3420/17 3389/3419/17
f 3390/3420/17 3411/3440/17 3391/3421/17
f 3391/3421/17 3412/3441/17 3392/3422/17
f 3412/3441/17 3393/3423/17 3392/3422/17
f 3413/3442/17 3394/3424/17 3393/3423/17
f 3414/3443/17 3395/3425/17 3394/3424/17
f 3415/3444/17 3396/3445/17 3395/3425/17
f 3396/3445/17 3417/3446/17 3397/3426/17
f 3397/3426/17 3418/3447/17 3398/3427/17
f 3398/3427/17 3419/3448/17 3399/3429/17
f 3399/3429/17 3420/3303/17 3400/3301/17
f 2775/3449/17 3401/3431/17 2776/3430/17
f 3421/3450/17 3402/3432/17 3401/3431/17
f 3422/3451/17 3403/3433/17 3402/3432/17
f 3423/3452/17 3404/3434/17 3403/3433/17
f 3424/3453/17 3405/3436/17 3404/3434/17
f 3425/3454/17 3406/3455/17 3405/3436/17
f 3406/3455/17 3427/3456/17 3407/3437/17
f 3407/3437/17 3428/3457/17 3408/3438/17
f 3408/3438/17 3429/3458/17 3409/3439/17
f 3429/3458/17 3410/3459/17 3409/3439/17
f 3430/3460/17 3411/3440/17 3410/3459/17
f 3431/3461/17 3412/3441/17 3411/3440/17
f 3432/3462/17 3413/3442/17 3412/3441/17
f 3433/3463/17 3414/3443/17 3413/3442/17
f 3434/3464/17 3415/3444/17 3414/3443/17
f 3435/3465/17 3416/3466/17 3415/3444/17
f 3416/3466/17 3437/3467/17 3417/3446/17
f 3417/3446/17 3438/3468/17 3418/3447/17
f 3418/3447/17 3439/3469/17 3419/3448/17
f 3419/3448/17 3440/3305/17 3420/3303/17
f 2774/3470/17 3421/3450/17 2775/3449/17
f 3441/3471/17 3422/3451/17 3421/3450/17
f 3442/3472/17 3423/3452/17 3422/3451/17
f 3443/3473/17 3424/3453/17 3423/3452/17
f 3444/3474/17 3425/3454/17 3424/3453/17
f 3445/3475/17 3426/3476/17 3425/3454/17
f 3426/3476/17 3447/3477/17 3427/3456/17
f 3427/3456/17 3448/3478/17 3428/3457/17
f 3448/3478/17 3429/3458/17 3428/3457/17
f 3449/3479/17 3430/3460/17 3429/3458/17
f 3450/3480/17 3431/3461/17 3430/3460/17
f 3451/3481/17 3432/3462/17 3431/3461/17
f 3452/3482/17 3433/3463/17 3432/3462/17
f 3453/3483/17 3434/3464/17 3433/3463/17
f 3454/3484/17 3435/3465/17 3434/3464/17
f 3455/3485/17 3436/3486/17 3435/3465/17
f 3436/3486/17 3457/3487/17 3437/3467/17
f 3437/3467/17 3458/3488/17 3438/3468/17
f 3438/3468/17 3459/3489/17 3439/3469/17
f 3439/3469/17 3460/3307/17 3440/3305/17
f 2773/3490/17 3441/3471/17 2774/3470/17
f 3461/3491/17 3442/3472/17 3441/3471/17
f 3462/3492/17 3443/3473/17 3442/3472/17
f 3463/3493/17 3444/3474/17 3443/3473/17
f 3464/3494/17 3445/3475/17 3444/3474/17
f 3465/3495/17 3446/3496/17 3445/3475/17
f 3446/3496/17 3467/3497/17 3447/3477/17
f 3447/3477/17 3468/3498/17 3448/3478/17
f 3448/3478/17 3469/3499/17 3449/3479/17
f 3469/3499/17 3450/3480/17 3449/3479/17
f 3450/3480/17 3471/3500/17 3451/3481/17
f 3471/3500/17 3452/3482/17 3451/3481/17
f 3472/3501/17 3453/3483/17 3452/3482/17
f 3473/3502/17 3454/3484/17 3453/3483/17
f 3474/3503/17 3455/3485/17 3454/3484/17
f 3475/3504/17 3456/3505/17 3455/3485/17
f 3456/3505/17 3477/3506/17 3457/3487/17
f 3457/3487/17 3478/3507/17 3458/3488/17
f 3458/3488/17 3479/3508/17 3459/3489/17
f 3459/3489/17 3480/3309/17 3460/3307/17
f 2772/3509/17 3461/3491/17 2773/3490/17
f 3481/3510/17 3462/3492/17 3461/3491/17
f 3482/3511/17 3463/3493/17 3462/3492/17
f 3483/3512/17 3464/3494/17 3463/3493/17
f 3484/3513/17 3465/3495/17 3464/3494/17
f 3485/3514/17 3466/3515/17 3465/3495/17
f 3466/3515/17 3487/3516/17 3467/3497/17
f 3467/3497/17 3488/3517/17 3468/3498/17
f 3468/3498/17 3489/3518/17 3469/3499/17
f 3489/3518/17 3470/3519/17 3469/3499/17
f 3470/3519/17 3491/3520/17 3471/3500/17
f 3491/3520/17 3472/3501/17 3471/3500/17
f 3492/3521/17 3473/3502/17 3472/3501/17
f 3493/3522/17 3474/3503/17 3473/3502/17
f 3494/3523/17 3475/3504/17 3474/3503/17
f 3475/3504/17 3496/3524/17 3476/3525/17
f 3496/3524/17 3477/3506/17 3476/3525/17
f 3497/3526/17 3478/3507/17 3477/3506/17
f 3498/3527/17 3479/3508/17 3478/3507/17
f 3499/3528/17 3480/3309/17 3479/3508/17
f 2771/3529/17 3481/3510/17 2772/3509/17
f 3501/3530/17 3482/3511/17 3481/3510/17
f 3502/3531/17 3483/3512/17 3482/3511/17
f 3503/3532/17 3484/3513/17 3483/3512/17
f 3504/3533/17 3485/3514/17 3484/3513/17
f 3505/3534/17 3486/3535/17 3485/3514/17
f 3486/3535/17 3507/3536/17 3487/3516/17
f 3487/3516/17 3508/3537/17 3488/3517/17
f 3488/3517/17 3509/3538/17 3489/3518/17
f 3509/3538/17 3490/3539/17 3489/3518/17
f 3510/3540/17 3491/3520/17 3490/3539/17
f 3511/3541/17 3492/3521/17 3491/3520/17
f 3512/3542/17 3493/3522/17 3492/3521/17
f 3513/3543/17 3494/3523/17 3493/3522/17
f 3514/3544/17 3495/3545/17 3494/3523/17
f 3515/3546/17 3496/3524/17 3495/3545/17
f 3516/3547/17 3497/3526/17 3496/3524/17
f 3517/3548/17 3498/3527/17 3497/3526/17
f 3518/3549/17 3499/3528/17 3498/3527/17
f 3499/3528/17 3520/3311/17 3500/3312/17
f 2770/3550/17 3501/3530/17 2771/3529/17
f 3521/3551/17 3502/3531/17 3501/3530/17
f 3522/3552/17 3503/3532/17 3502/3531/17
f 3523/3553/17 3504/3533/17 3503/3532/17
f 3524/3554/17 3505/3534/17 3504/3533/17
f 3525/3555/17 3506/3556/17 3505/3534/17
f 3506/3556/17 3527/3557/17 3507/3536/17
f 3507/3536/17 3528/3558/17 3508/3537/17
f 3508/3537/17 3529/3559/17 3509/3538/17
f 3529/3559/17 3510/3540/17 3509/3538/17
f 3530/3560/17 3511/3541/17 3510/3540/17
f 3531/3561/17 3512/3542/17 3511/3541/17
f 3532/3562/17 3513/3543/17 3512/3542/17
f 3513/3543/17 3534/3563/17 3514/3544/17
f 3534/3563/17 3515/3546/17 3514/3544/17
f 3535/3564/17 3516/3547/17 3515/3546/17
f 3536/3565/17 3517/3548/17 3516/3547/17
f 3537/3566/17 3518/3549/17 3517/3548/17
f 3538/3567/17 3519/3568/17 3518/3549/17
f 3519/3568/17 3540/3313/17 3520/3311/17
f 2769/3569/17 3521/3551/17 2770/3550/17
f 3541/3570/17 3522/3552/17 3521/3551/17
f 3542/3571/17 3523/3553/17 3522/3552/17
f 3543/3572/17 3524/3554/17 3523/3553/17
f 3544/3573/17 3525/3555/17 3524/3554/17
f 3545/3574/17 3526/3575/17 3525/3555/17
f 3546/3576/17 3527/3557/17 3526/3575/17
f 3547/3577/17 3528/3558/17 3527/3557/17
f 3548/3578/17 3529/3559/17 3528/3558/17
f 3549/3579/17 3530/3560/17 3529/3559/17
f 3550/3580/17 3531/3561/17 3530/3560/17
f 3551/3581/17 3532/3562/17 3531/3561/17
f 3552/3582/17 3533/3583/17 3532/3562/17
f 3553/3584/17 3534/3563/17 3533/3583/17
f 3554/3585/17 3535/3564/17 3534/3563/17
f 3555/3586/17 3536/3565/17 3535/3564/17
f 3556/3587/17 3537/3566/17 3536/3565/17
f 3557/3588/17 3538/3567/17 3537/3566/17
f 3558/3589/17 3539/3590/17 3538/3567/17
f 3539/3590/17 3560/3315/17 3540/3313/17
f 2768/3591/17 3541/3570/17 2769/3569/17
f 3561/3592/17 3542/3571/17 3541/3570/17
f 3542/3571/17 3563/3593/17 3543/3572/17
f 3543/3572/17 3564/3594/17 3544/3573/17
f 3564/3594/17 3545/3574/17 3544/3573/17
f 3565/3595/17 3546/3576/17 3545/3574/17
f 3546/3576/17 3567/3596/17 3547/3577/17
f 3547/3577/17 3568/3597/17 3548/3578/17
f 3548/3578/17 3569/3598/17 3549/3579/17
f 3569/3598/17 3550/3580/17 3549/3579/17
f 3570/3599/17 3551/3581/17 3550/3580/17
f 3571/3600/17 3552/3582/17 3551/3581/17
f 3572/3601/17 3553/3584/17 3552/3582/17
f 3553/3584/17 3574/3602/17 3554/3585/17
f 3574/3602/17 3555/3586/17 3554/3585/17
f 3575/3603/17 3556/3587/17 3555/3586/17
f 3556/3587/17 3577/3604/17 3557/3588/17
f 3557/3588/17 3578/3605/17 3558/3589/17
f 3558/3589/17 3579/3606/17 3559/3607/17
f 3559/3607/17 3580/3317/17 3560/3315/17
f 2767/3608/17 3561/3592/17 2768/3591/17
f 3581/3609/17 3562/3610/17 3561/3592/17
f 3582/3611/17 3563/3593/17 3562/3610/17
f 3583/3612/17 3564/3594/17 3563/3593/17
f 3584/3613/17 3565/3595/17 3564/3594/17
f 3585/3614/17 3566/3615/17 3565/3595/17
f 3566/3615/17 3587/3616/17 3567/3596/17
f 3567/3596/17 3588/3617/17 3568/3597/17
f 3568/3597/17 3589/3618/17 3569/3598/17
f 3569/3598/17 3590/3619/17 3570/3599/17
f 3570/3599/17 3591/3620/17 3571/3600/17
f 3571/3600/17 3592/3621/17 3572/3601/17
f 3572/3601/17 3593/3622/17 3573/3623/17
f 3573/3623/17 3594/3624/17 3574/3602/17
f 3574/3602/17 3595/3625/17 3575/3603/17
f 3595/3625/17 3576/3626/17 3575/3603/17
f 3576/3626/17 3597/3627/17 3577/3604/17
f 3597/3627/17 3578/3605/17 3577/3604/17
f 3598/3628/17 3579/3606/17 3578/3605/17
f 3579/3606/17 3600/3319/17 3580/3317/17
f 2766/3629/17 3581/3609/17 2767/3608/17
f 3601/3630/17 3582/3611/17 3581/3609/17
f 3602/3631/17 3583/3612/17 3582/3611/17
f 3603/3632/17 3584/3613/17 3583/3612/17
f 3604/3633/17 3585/3614/17 3584/3613/17
f 3605/3634/17 3586/3635/17 3585/3614/17
f 3606/3636/17 3587/3616/17 3586/3635/17
f 3607/3637/17 3588/3617/17 3587/3616/17
f 3608/3638/17 3589/3618/17 3588/3617/17
f 3609/3639/17 3590/3619/17 3589/3618/17
f 3590/3619/17 3611/3640/17 3591/3620/17
f 3611/3640/17 3592/3621/17 3591/3620/17
f 3612/3641/17 3593/3622/17 3592/3621/17
f 3613/3642/17 3594/3624/17 3593/3622/17
f 3594/3624/17 3615/3643/17 3595/3625/17
f 3615/3643/17 3596/3644/17 3595/3625/17
f 3616/3645/17 3597/3627/17 3596/3644/17
f 3617/3646/17 3598/3628/17 3597/3627/17
f 3618/3647/17 3599/3648/17 3598/3628/17
f 3599/3648/17 3620/3321/17 3600/3319/17
f 2766/3629/17 3621/3649/17 3601/3630/17
f 3621/3649/17 3602/3631/17 3601/3630/17
f 3622/3650/17 3603/3632/17 3602/3631/17
f 3623/3651/17 3604/3633/17 3603/3632/17
f 3624/3652/17 3605/3634/17 3604/3633/17
f 3625/3653/17 3606/3636/17 3605/3634/17
f 3626/3654/17 3607/3637/17 3606/3636/17
f 3607/3637/17 3628/3655/17 3608/3638/17
f 3608/3638/17 3629/3656/17 3609/3639/17
f 3609/3639/17 3630/3657/17 3610/3658/17
f 3610/3658/17 3631/3659/17 3611/3640/17
f 3631/3659/17 3612/3641/17 3611/3640/17
f 3632/3660/17 3613/3642/17 3612/3641/17
f 3633/3661/17 3614/3662/17 3613/3642/17
f 3614/3662/17 3635/3663/17 3615/3643/17
f 3635/3663/17 3616/3645/17 3615/3643/17
f 3636/3664/17 3617/3646/17 3616/3645/17
f 3637/3665/17 3618/3647/17 3617/3646/17
f 3638/3666/17 3619/3667/17 3618/3647/17
f 3619/3667/17 3640/3323/17 3620/3321/17
f 2765/3668/17 3641/3669/17 3621/3649/17
f 3641/3669/17 3622/3650/17 3621/3649/17
f 3642/3670/17 3623/3651/17 3622/3650/17
f 3643/3671/17 3624/3652/17 3623/3651/17
f 3644/3672/17 3625/3653/17 3624/3652/17
f 3645/3673/17 3626/3654/17 3625/3653/17
f 3646/3674/17 3627/3675/17 3626/3654/17
f 3627/3675/17 3648/3676/17 3628/3655/17
f 3628/3655/17 3649/3677/17 3629/3656/17
f 3629/3656/17 3650/3678/17 3630/3657/17
f 3630/3657/17 3651/3679/17 3631/3659/17
f 3651/3679/17 3632/3660/17 3631/3659/17
f 3652/3680/17 3633/3661/17 3632/3660/17
f 3653/3681/17 3634/3682/17 3633/3661/17
f 3634/3682/17 3655/3683/17 3635/3663/17
f 3655/3683/17 3636/3664/17 3635/3663/17
f 3656/3684/17 3637/3665/17 3636/3664/17
f 3657/3685/17 3638/3666/17 3637/3665/17
f 3658/3686/17 3639/3687/17 3638/3666/17
f 3639/3687/17 3660/3327/17 3640/3323/17
f 2763/3688/17 3641/3669/17 2764/3689/17
f 3661/3690/17 3642/3670/17 3641/3669/17
f 3662/3691/17 3643/3671/17 3642/3670/17
f 3663/3692/17 3644/3672/17 3643/3671/17
f 3664/3693/17 3645/3673/17 3644/3672/17
f 3665/3694/17 3646/3674/17 3645/3673/17
f 3666/3695/17 3647/3696/17 3646/3674/17
f 3667/3697/17 3648/3676/17 3647/3696/17
f 3648/3676/17 3669/3698/17 3649/3677/17
f 3649/3677/17 3670/3699/17 3650/3678/17
f 3650/3678/17 3671/3700/17 3651/3679/17
f 3671/3700/17 3652/3680/17 3651/3679/17
f 3672/3701/17 3653/3681/17 3652/3680/17
f 3673/3702/17 3654/3703/17 3653/3681/17
f 3674/3704/17 3655/3683/17 3654/3703/17
f 3655/3683/17 3676/3705/17 3656/3684/17
f 3676/3705/17 3657/3685/17 3656/3684/17
f 3677/3706/17 3658/3686/17 3657/3685/17
f 3678/3707/17 3659/3708/17 3658/3686/17
f 3659/3708/17 3680/3329/17 3660/3327/17
f 2762/3709/17 3661/3690/17 2763/3688/17
f 3681/3710/17 3662/3691/17 3661/3690/17
f 3682/3711/17 3663/3692/17 3662/3691/17
f 3683/3712/17 3664/3693/17 3663/3692/17
f 3684/3713/17 3665/3694/17 3664/3693/17
f 3685/3714/17 3666/3695/17 3665/3694/17
f 3686/3715/17 3667/3697/17 3666/3695/17
f 3687/3716/17 3668/3717/17 3667/3697/17
f 3668/3717/17 3689/3718/17 3669/3698/17
f 3669/3698/17 3690/3719/17 3670/3699/17
f 3670/3699/17 3691/3720/17 3671/3700/17
f 3691/3720/17 3672/3701/17 3671/3700/17
f 3692/3721/17 3673/3702/17 3672/3701/17
f 3693/3722/17 3674/3704/17 3673/3702/17
f 3694/3723/17 3675/3724/17 3674/3704/17
f 3675/3724/17 3696/3725/17 3676/3705/17
f 3696/3725/17 3677/3706/17 3676/3705/17
f 3697/3726/17 3678/3707/17 3677/3706/17
f 3698/3727/17 3679/3728/17 3678/3707/17
f 3679/3728/17 3700/3331/17 3680/3329/17
f 2761/3729/17 3681/3710/17 2762/3709/17
f 3701/3730/17 3682/3711/17 3681/3710/17
f 3702/3731/17 3683/3712/17 3682/3711/17
f 3703/3732/17 3684/3713/17 3683/3712/17
f 3704/3733/17 3685/3714/17 3684/3713/17
f 3705/3734/17 3686/3715/17 3685/3714/17
f 3706/3735/17 3687/3716/17 3686/3715/17
f 3707/3736/17 3688/3737/17 3687/3716/17
f 3688/3737/17 3709/3738/17 3689/3718/17
f 3689/3718/17 3710/3739/17 3690/3719/17
f 3690/3719/17 3711/3740/17 3691/3720/17
f 3711/3740/17 3692/3721/17 3691/3720/17
f 3712/3741/17 3693/3722/17 3692/3721/17
f 3713/3742/17 3694/3723/17 3693/3722/17
f 3714/3743/17 3695/3744/17 3694/3723/17
f 3695/3744/17 3716/3745/17 3696/3725/17
f 3716/3745/17 3697/3726/17 3696/3725/17
f 3717/3746/17 3698/3727/17 3697/3726/17
f 3718/3747/17 3699/3748/17 3698/3727/17
f 3699/3748/17 3720/2809/17 3700/3331/17
f 2679/3749/17 3701/3730/17 2761/3729/17
f 2840/3750/17 3702/3731/17 3701/3730/17
f 2839/3751/17 3703/3732/17 3702/3731/17
f 2838/3752/17 3704/3733/17 3703/3732/17
f 2837/3753/17 3705/3734/17 3704/3733/17
f 2836/3754/17 3706/3735/17 3705/3734/17
f 2835/3755/17 3707/3736/17 3706/3735/17
f 2834/3756/17 3708/3757/17 3707/3736/17
f 2833/3758/17 3709/3738/17 3708/3757/17
f 2832/3759/17 3710/3739/17 3709/3738/17
f 2831/3760/17 3711/3740/17 3710/3739/17
f 2830/3761/17 3712/3741/17 3711/3740/17
f 2829/3762/17 3713/3742/17 3712/3741/17
f 2828/3763/17 3714/3743/17 3713/3742/17
f 2827/3764/17 3715/3765/17 3714/3743/17
f 2826/3766/17 3716/3745/17 3715/3765/17
f 2825/3767/17 3717/3746/17 3716/3745/17
f 2824/3768/17 3718/3747/17 3717/3746/17
f 2823/3769/17 3719/3770/17 3718/3747/17
f 2822/3771/17 3720/2809/17 3719/3770/17
f 3740/3772/16 2673/3773/16 2881/3774/16
f 3760/3775/16 2701/3776/16 3740/3772/16
f 3780/3777/16 2702/3778/16 3760/3775/16
f 3800/3779/16 2703/3780/16 3780/3777/16
f 3820/3781/16 2704/3782/16 3800/3779/16
f 3840/3783/16 2705/3784/16 3820/3781/16
f 3840/3783/16 2707/3785/16 2706/3786/16
f 3860/3787/16 2708/3788/16 2707/3785/16
f 3900/3789/16 2708/3788/16 3880/3790/16
f 3920/3791/16 2709/3792/16 3900/3789/16
f 3940/3793/16 2710/3794/16 3920/3791/16
f 3940/3793/16 2712/3795/16 2711/3796/16
f 3960/3797/16 2713/3798/16 2712/3795/16
f 3980/3799/16 2714/3800/16 2713/3798/16
f 4000/3801/16 2715/3802/16 2714/3800/16
f 4020/3803/16 2716/3804/16 2715/3802/16
f 4040/3805/16 2717/3806/16 2716/3804/16
f 4060/3807/16 2718/3808/16 2717/3806/16
f 4080/3809/16 2719/3810/16 2718/3808/16
f 4100/3811/16 2720/2805/16 2719/3810/16
f 2880/3812/16 2900/3813/16 2677/3814/16
f 2900/3813/16 3722/3815/16 2899/3816/16
f 2899/3816/16 3723/3817/16 2898/3818/16
f 2898/3818/16 3724/3819/16 2897/3820/16
f 2897/3820/16 3725/3821/16 2896/3822/16
f 2896/3822/16 3726/3823/16 2895/3824/16
f 2895/3824/16 3727/3825/16 2894/3826/16
f 2894/3826/16 3728/3827/16 2893/3828/16
f 2893/3828/16 3729/3829/16 2892/3830/16
f 2892/3830/16 3730/3831/16 2891/3832/16
f 2891/3832/16 3731/3833/16 2890/3834/16
f 2890/3834/16 3732/3835/16 2889/3836/16
f 2889/3836/16 3733/3837/16 2888/3838/16
f 2888/3838/16 3734/3839/16 2887/3840/16
f 2887/3840/16 3735/3841/16 2886/3842/16
f 2886/3842/16 3736/3843/16 2885/3844/16
f 2885/3844/16 3737/3845/16 2884/3846/16
f 2884/3846/16 3738/3847/16 2883/3848/16
f 2883/3848/16 3739/3849/16 2882/3850/16
f 2882/3850/16 3740/3772/16 2881/3774/16
f 2879/3851/16 3721/3852/16 2880/3812/16
f 3741/3853/16 3722/3815/16 3721/3852/16
f 3742/3854/16 3723/3817/16 3722/3815/16
f 3743/3855/16 3724/3819/16 3723/3817/16
f 3744/3856/16 3725/3821/16 3724/3819/16
f 3745/3857/16 3726/3823/16 3725/3821/16
f 3746/3858/16 3727/3825/16 3726/3823/16
f 3747/3859/16 3728/3827/16 3727/3825/16
f 3748/3860/16 3729/3829/16 3728/3827/16
f 3749/3861/16 3730/3831/16 3729/3829/16
f 3750/3862/16 3731/3833/16 3730/3831/16
f 3751/3863/16 3732/3835/16 3731/3833/16
f 3752/3864/16 3733/3837/16 3732/3835/16
f 3753/3865/16 3734/3839/16 3733/3837/16
f 3754/3866/16 3735/3841/16 3734/3839/16
f 3755/3867/16 3736/3843/16 3735/3841/16
f 3756/3868/16 3737/3845/16 3736/3843/16
f 3757/3869/16 3738/3847/16 3737/3845/16
f 3758/3870/16 3739/3849/16 3738/3847/16
f 3739/3849/16 3760/3775/16 3740/3772/16
f 2878/3871/16 3741/3853/16 2879/3851/16
f 3761/3872/16 3742/3854/16 3741/3853/16
f 3762/3873/16 3743/3855/16 3742/3854/16
f 3763/3874/16 3744/3856/16 3743/3855/16
f 3764/3875/16 3745/3857/16 3744/3856/16
f 3765/3876/16 3746/3858/16 3745/3857/16
f 3766/3877/16 3747/3859/16 3746/3858/16
f 3767/3878/16 3748/3860/16 3747/3859/16
f 3768/3879/16 3749/3861/16 3748/3860/16
f 3769/3880/16 3750/3862/16 3749/3861/16
f 3770/3881/16 3751/3863/16 3750/3862/16
f 3771/3882/16 3752/3864/16 3751/3863/16
f 3772/3883/16 3753/3865/16 3752/3864/16
f 3773/3884/16 3754/3866/16 3753/3865/16
f 3774/3885/16 3755/3867/16 3754/3866/16
f 3775/3886/16 3756/3868/16 3755/3867/16
f 3776/3887/16 3757/3869/16 3756/3868/16
f 3777/3888/16 3758/3870/16 3757/3869/16
f 3778/3889/16 3759/3890/16 3758/3870/16
f 3759/3890/16 3780/3777/16 3760/3775/16
f 2877/3891/16 3761/3872/16 2878/3871/16
f 3781/3892/16 3762/3873/16 3761/3872/16
f 3782/3893/16 3763/3874/16 3762/3873/16
f 3783/3894/16 3764/3875/16 3763/3874/16
f 3784/3895/16 3765/3876/16 3764/3875/16
f 3785/3896/16 3766/3877/16 3765/3876/16
f 3786/3897/16 3767/3878/16 3766/3877/16
f 3787/3898/16 3768/3879/16 3767/3878/16
f 3788/3899/16 3769/3880/16 3768/3879/16
f 3789/3900/16 3770/3881/16 3769/3880/16
f 3790/3901/16 3771/3882/16 3770/3881/16
f 3791/3902/16 3772/3883/16 3771/3882/16
f 3792/3903/16 3773/3884/16 3772/3883/16
f 3793/3904/16 3774/3885/16 3773/3884/16
f 3794/3905/16 3775/3886/16 3774/3885/16
f 3795/3906/16 3776/3887/16 3775/3886/16
f 3796/3907/16 3777/3888/16 3776/3887/16
f 3797/3908/16 3778/3889/16 3777/3888/16
f 3798/3909/16 3779/3910/16 3778/3889/16
f 3779/3910/16 3800/3779/16 3780/3777/16
f 2876/3911/16 3781/3892/16 2877/3891/16
f 3801/3912/16 3782/3893/16 3781/3892/16
f 3802/3913/16 3783/3894/16 3782/3893/16
f 3803/3914/16 3784/3895/16 3783/3894/16
f 3804/3915/16 3785/3896/16 3784/3895/16
f 3805/3916/16 3786/3897/16 3785/3896/16
f 3806/3917/16 3787/3898/16 3786/3897/16
f 3807/3918/16 3788/3899/16 3787/3898/16
f 3808/3919/16 3789/3900/16 3788/3899/16
f 3809/3920/16 3790/3901/16 3789/3900/16
f 3810/3921/16 3791/3902/16 3790/3901/16
f 3811/3922/16 3792/3903/16 3791/3902/16
f 3812/3923/16 3793/3904/16 3792/3903/16
f 3813/3924/16 3794/3905/16 3793/3904/16
f 3814/3925/16 3795/3906/16 3794/3905/16
f 3815/3926/16 3796/3907/16 3795/3906/16
f 3816/3927/16 3797/3908/16 3796/3907/16
f 3817/3928/16 3798/3909/16 3797/3908/16
f 3818/3929/16 3799/3930/16 3798/3909/16
f 3799/3930/16 3820/3781/16 3800/3779/16
f 2875/3931/16 3801/3912/16 2876/3911/16
f 3821/3932/16 3802/3913/16 3801/3912/16
f 3822/3933/16 3803/3914/16 3802/3913/16
f 3823/3934/16 3804/3915/16 3803/3914/16
f 3824/3935/16 3805/3916/16 3804/3915/16
f 3825/3936/16 3806/3917/16 3805/3916/16
f 3826/3937/16 3807/3918/16 3806/3917/16
f 3827/3938/16 3808/3919/16 3807/3918/16
f 3828/3939/16 3809/3920/16 3808/3919/16
f 3829/3940/16 3810/3921/16 3809/3920/16
f 3830/3941/16 3811/3922/16 3810/3921/16
f 3831/3942/16 3812/3923/16 3811/3922/16
f 3832/3943/16 3813/3924/16 3812/3923/16
f 3833/3944/16 3814/3925/16 3813/3924/16
f 3834/3945/16 3815/3926/16 3814/3925/16
f 3835/3946/16 3816/3927/16 3815/3926/16
f 3836/3947/16 3817/3928/16 3816/3927/16
f 3837/3948/16 3818/3929/16 3817/3928/16
f 3838/3949/16 3819/3950/16 3818/3929/16
f 3819/3950/16 3840/3783/16 3820/3781/16
f 2874/3951/16 3821/3932/16 2875/3931/16
f 3841/3952/16 3822/3933/16 3821/3932/16
f 3842/3953/16 3823/3934/16 3822/3933/16
f 3843/3954/16 3824/3935/16 3823/3934/16
f 3844/3955/16 3825/3936/16 3824/3935/16
f 3845/3956/16 3826/3937/16 3825/3936/16
f 3846/3957/16 3827/3938/16 3826/3937/16
f 3847/3958/16 3828/3939/16 3827/3938/16
f 3848/3959/16 3829/3940/16 3828/3939/16
f 3849/3960/16 3830/3941/16 3829/3940/16
f 3850/3961/16 3831/3942/16 3830/3941/16
f 3851/3962/16 3832/3943/16 3831/3942/16
f 3852/3963/16 3833/3944/16 3832/3943/16
f 3853/3964/16 3834/3945/16 3833/3944/16
f 3854/3965/16 3835/3946/16 3834/3945/16
f 3855/3966/16 3836/3947/16 3835/3946/16
f 3856/3967/16 3837/3948/16 3836/3947/16
f 3857/3968/16 3838/3949/16 3837/3948/16
f 3858/3969/16 3839/3970/16 3838/3949/16
f 3839/3970/16 3860/3787/16 3840/3783/16
f 2873/3971/16 3841/3952/16 2874/3951/16
f 3861/3972/16 3842/3953/16 3841/3952/16
f 3862/3973/16 3843/3954/16 3842/3953/16
f 3863/3974/16 3844/3955/16 3843/3954/16
f 3864/3975/16 3845/3956/16 3844/3955/16
f 3865/3976/16 3846/3957/16 3845/3956/16
f 3866/3977/16 3847/3958/16 3846/3957/16
f 3867/3978/16 3848/3959/16 3847/3958/16
f 3868/3979/16 3849/3960/16 3848/3959/16
f 3869/3980/16 3850/3961/16 3849/3960/16
f 3870/3981/16 3851/3962/16 3850/3961/16
f 3871/3982/16 3852/3963/16 3851/3962/16
f 3872/3983/16 3853/3964/16 3852/3963/16
f 3873/3984/16 3854/3965/16 3853/3964/16
f 3874/3985/16 3855/3966/16 3854/3965/16
f 3875/3986/16 3856/3967/16 3855/3966/16
f 3876/3987/16 3857/3968/16 3856/3967/16
f 3877/3988/16 3858/3969/16 3857/3968/16
f 3878/3989/16 3859/3990/16 3858/3969/16
f 3859/3990/16 3880/3790/16 3860/3787/16
f 2872/3991/16 3861/3972/16 2873/3971/16
f 3881/3992/16 3862/3973/16 3861/3972/16
f 3882/3993/16 3863/3974/16 3862/3973/16
f 3883/3994/16 3864/3975/16 3863/3974/16
f 3884/3995/16 3865/3976/16 3864/3975/16
f 3885/3996/16 3866/3977/16 3865/3976/16
f 3886/3997/16 3867/3978/16 3866/3977/16
f 3887/3998/16 3868/3979/16 3867/3978/16
f 3888/3999/16 3869/3980/16 3868/3979/16
f 3889/4000/16 3870/3981/16 3869/3980/16
f 3890/4001/16 3871/3982/16 3870/3981/16
f 3891/4002/16 3872/3983/16 3871/3982/16
f 3892/4003/16 3873/3984/16 3872/3983/16
f 3893/4004/16 3874/3985/16 3873/3984/16
f 3894/4005/16 3875/3986/16 3874/3985/16
f 3895/4006/16 3876/3987/16 3875/3986/16
f 3896/4007/16 3877/3988/16 3876/3987/16
f 3897/4008/16 3878/3989/16 3877/3988/16
f 3898/4009/16 3879/4010/16 3878/3989/16
f 3879/4010/16 3900/3789/16 3880/3790/16
f 2871/4011/16 3881/3992/16 2872/3991/16
f 3901/4012/16 3882/3993/16 3881/3992/16
f 3902/4013/16 3883/3994/16 3882/3993/16
f 3903/4014/16 3884/3995/16 3883/3994/16
f 3904/4015/16 3885/3996/16 3884/3995/16
f 3905/4016/16 3886/3997/16 3885/3996/16
f 3906/4017/16 3887/3998/16 3886/3997/16
f 3907/4018/16 3888/3999/16 3887/3998/16
f 3908/4019/16 3889/4000/16 3888/3999/16
f 3909/4020/16 3890/4001/16 3889/4000/16
f 3910/4021/16 3891/4002/16 3890/4001/16
f 3911/4022/16 3892/4003/16 3891/4002/16
f 3912/4023/16 3893/4004/16 3892/4003/16
f 3913/4024/16 3894/4005/16 3893/4004/16
f 3914/4025/16 3895/4006/16 3894/4005/16
f 3915/4026/16 3896/4007/16 3895/4006/16
f 3916/4027/16 3897/4008/16 3896/4007/16
f 3917/4028/16 3898/4009/16 3897/4008/16
f 3918/4029/16 3899/4030/16 3898/4009/16
f 3899/4030/16 3920/3791/16 3900/3789/16
f 2870/4031/16 3901/4012/16 2871/4011/16
f 3921/4032/16 3902/4013/16 3901/4012/16
f 3922/4033/16 3903/4014/16 3902/4013/16
f 3923/4034/16 3904/4015/16 3903/4014/16
f 3924/4035/16 3905/4016/16 3904/4015/16
f 3925/4036/16 3906/4017/16 3905/4016/16
f 3926/4037/16 3907/4018/16 3906/4017/16
f 3927/4038/16 3908/4019/16 3907/4018/16
f 3928/4039/16 3909/4020/16 3908/4019/16
f 3929/4040/16 3910/4021/16 3909/4020/16
f 3930/4041/16 3911/4022/16 3910/4021/16
f 3931/4042/16 3912/4023/16 3911/4022/16
f 3932/4043/16 3913/4024/16 3912/4023/16
f 3933/4044/16 3914/4025/16 3913/4024/16
f 3934/4045/16 3915/4026/16 3914/4025/16
f 3935/4046/16 3916/4027/16 3915/4026/16
f 3936/4047/16 3917/4028/16 3916/4027/16
f 3937/4048/16 3918/4029/16 3917/4028/16
f 3938/4049/16 3919/4050/16 3918/4029/16
f 3939/4051/16 3920/3791/16 3919/4050/16
f 2869/4052/16 3921/4032/16 2870/4031/16
f 3941/4053/16 3922/4033/16 3921/4032/16
f 3942/4054/16 3923/4034/16 3922/4033/16
f 3943/4055/16 3924/4035/16 3923/4034/16
f 3944/4056/16 3925/4036/16 3924/4035/16
f 3945/4057/16 3926/4037/16 3925/4036/16
f 3946/4058/16 3927/4038/16 3926/4037/16
f 3947/4059/16 3928/4039/16 3927/4038/16
f 3948/4060/16 3929/4040/16 3928/4039/16
f 3949/4061/16 3930/4041/16 3929/4040/16
f 3950/4062/16 3931/4042/16 3930/4041/16
f 3951/4063/16 3932/4043/16 3931/4042/16
f 3952/4064/16 3933/4044/16 3932/4043/16
f 3953/4065/16 3934/4045/16 3933/4044/16
f 3954/4066/16 3935/4046/16 3934/4045/16
f 3935/4046/16 3956/4067/16 3936/4047/16
f 3956/4067/16 3937/4048/16 3936/4047/16
f 3957/4068/16 3938/4049/16 3937/4048/16
f 3938/4049/16 3959/4069/16 3939/4051/16
f 3959/4069/16 3940/3793/16 3939/4051/16
f 2868/4070/16 3941/4053/16 2869/4052/16
f 3961/4071/16 3942/4054/16 3941/4053/16
f 3962/4072/16 3943/4055/16 3942/4054/16
f 3963/4073/16 3944/4056/16 3943/4055/16
f 3964/4074/16 3945/4057/16 3944/4056/16
f 3965/4075/16 3946/4058/16 3945/4057/16
f 3966/4076/16 3947/4059/16 3946/4058/16
f 3967/4077/16 3948/4060/16 3947/4059/16
f 3968/4078/16 3949/4061/16 3948/4060/16
f 3969/4079/16 3950/4062/16 3949/4061/16
f 3970/4080/16 3951/4063/16 3950/4062/16
f 3971/4081/16 3952/4064/16 3951/4063/16
f 3972/4082/16 3953/4065/16 3952/4064/16
f 3973/4083/16 3954/4066/16 3953/4065/16
f 3974/4084/16 3955/4085/16 3954/4066/16
f 3975/4086/16 3956/4067/16 3955/4085/16
f 3976/4087/16 3957/4068/16 3956/4067/16
f 3977/4088/16 3958/4089/16 3957/4068/16
f 3978/4090/16 3959/4069/16 3958/4089/16
f 3979/4091/16 3960/3797/16 3959/4069/16
f 2867/4092/16 3961/4071/16 2868/4070/16
f 3981/4093/16 3962/4072/16 3961/4071/16
f 3982/4094/16 3963/4073/16 3962/4072/16
f 3983/4095/16 3964/4074/16 3963/4073/16
f 3984/4096/16 3965/4075/16 3964/4074/16
f 3985/4097/16 3966/4076/16 3965/4075/16
f 3986/4098/16 3967/4077/16 3966/4076/16
f 3987/4099/16 3968/4078/16 3967/4077/16
f 3988/4100/16 3969/4079/16 3968/4078/16
f 3989/4101/16 3970/4080/16 3969/4079/16
f 3990/4102/16 3971/4081/16 3970/4080/16
f 3991/4103/16 3972/4082/16 3971/4081/16
f 3992/4104/16 3973/4083/16 3972/4082/16
f 3993/4105/16 3974/4084/16 3973/4083/16
f 3994/4106/16 3975/4086/16 3974/4084/16
f 3995/4107/16 3976/4087/16 3975/4086/16
f 3996/4108/16 3977/4088/16 3976/4087/16
f 3997/4109/16 3978/4090/16 3977/4088/16
f 3998/4110/16 3979/4091/16 3978/4090/16
f 3979/4091/16 4000/3801/16 3980/3799/16
f 2866/4111/16 3981/4093/16 2867/4092/16
f 4001/4112/16 3982/4094/16 3981/4093/16
f 4002/4113/16 3983/4095/16 3982/4094/16
f 4003/4114/16 3984/4096/16 3983/4095/16
f 4004/4115/16 3985/4097/16 3984/4096/16
f 4005/4116/16 3986/4098/16 3985/4097/16
f 4006/4117/16 3987/4099/16 3986/4098/16
f 4007/4118/16 3988/4100/16 3987/4099/16
f 4008/4119/16 3989/4101/16 3988/4100/16
f 4009/4120/16 3990/4102/16 3989/4101/16
f 4010/4121/16 3991/4103/16 3990/4102/16
f 4011/4122/16 3992/4104/16 3991/4103/16
f 4012/4123/16 3993/4105/16 3992/4104/16
f 4013/4124/16 3994/4106/16 3993/4105/16
f 4014/4125/16 3995/4107/16 3994/4106/16
f 4015/4126/16 3996/4108/16 3995/4107/16
f 4016/4127/16 3997/4109/16 3996/4108/16
f 4017/4128/16 3998/4110/16 3997/4109/16
f 4018/4129/16 3999/4130/16 3998/4110/16
f 3999/4130/16 4020/3803/16 4000/3801/16
f 2865/4131/16 4001/4112/16 2866/4111/16
f 4021/4132/16 4002/4113/16 4001/4112/16
f 4022/4133/16 4003/4114/16 4002/4113/16
f 4023/4134/16 4004/4115/16 4003/4114/16
f 4024/4135/16 4005/4116/16 4004/4115/16
f 4025/4136/16 4006/4117/16 4005/4116/16
f 4026/4137/16 4007/4118/16 4006/4117/16
f 4027/4138/16 4008/4119/16 4007/4118/16
f 4028/4139/16 4009/4120/16 4008/4119/16
f 4029/4140/16 4010/4121/16 4009/4120/16
f 4030/4141/16 4011/4122/16 4010/4121/16
f 4031/4142/16 4012/4123/16 4011/4122/16
f 4032/4143/16 4013/4124/16 4012/4123/16
f 4033/4144/16 4014/4125/16 4013/4124/16
f 4034/4145/16 4015/4126/16 4014/4125/16
f 4035/4146/16 4016/4127/16 4015/4126/16
f 4036/4147/16 4017/4128/16 4016/4127/16
f 4037/4148/16 4018/4129/16 4017/4128/16
f 4038/4149/16 4019/4150/16 4018/4129/16
f 4039/4151/16 4020/3803/16 4019/4150/16
f 2864/4152/16 4021/4132/16 2865/4131/16
f 4041/4153/16 4022/4133/16 4021/4132/16
f 4042/4154/16 4023/4134/16 4022/4133/16
f 4043/4155/16 4024/4135/16 4023/4134/16
f 4044/4156/16 4025/4136/16 4024/4135/16
f 4045/4157/16 4026/4137/16 4025/4136/16
f 4046/4158/16 4027/4138/16 4026/4137/16
f 4047/4159/16 4028/4139/16 4027/4138/16
f 4048/4160/16 4029/4140/16 4028/4139/16
f 4049/4161/16 4030/4141/16 4029/4140/16
f 4050/4162/16 4031/4142/16 4030/4141/16
f 4051/4163/16 4032/4143/16 4031/4142/16
f 4052/4164/16 4033/4144/16 4032/4143/16
f 4053/4165/16 4034/4145/16 4033/4144/16
f 4054/4166/16 4035/4146/16 4034/4145/16
f 4055/4167/16 4036/4147/16 4035/4146/16
f 4056/4168/16 4037/4148/16 4036/4147/16
f 4057/4169/16 4038/4149/16 4037/4148/16
f 4058/4170/16 4039/4151/16 4038/4149/16
f 4059/4171/16 4040/3805/16 4039/4151/16
f 2863/4172/16 4041/4153/16 2864/4152/16
f 4061/4173/16 4042/4154/16 4041/4153/16
f 4062/4174/16 4043/4155/16 4042/4154/16
f 4063/4175/16 4044/4156/16 4043/4155/16
f 4064/4176/16 4045/4157/16 4044/4156/16
f 4065/4177/16 4046/4158/16 4045/4157/16
f 4066/4178/16 4047/4159/16 4046/4158/16
f 4067/4179/16 4048/4160/16 4047/4159/16
f 4068/4180/16 4049/4161/16 4048/4160/16
f 4069/4181/16 4050/4162/16 4049/4161/16
f 4070/4182/16 4051/4163/16 4050/4162/16
f 4071/4183/16 4052/4164/16 4051/4163/16
f 4072/4184/16 4053/4165/16 4052/4164/16
f 4073/4185/16 4054/4166/16 4053/4165/16
f 4074/4186/16 4055/4167/16 4054/4166/16
f 4075/4187/16 4056/4168/16 4055/4167/16
f 4076/4188/16 4057/4169/16 4056/4168/16
f 4077/4189/16 4058/4170/16 4057/4169/16
f 4078/4190/16 4059/4171/16 4058/4170/16
f 4079/4191/16 4060/3807/16 4059/4171/16
f 2862/4192/16 4061/4173/16 2863/4172/16
f 4081/4193/16 4062/4174/16 4061/4173/16
f 4082/4194/16 4063/4175/16 4062/4174/16
f 4083/4195/16 4064/4176/16 4063/4175/16
f 4084/4196/16 4065/4177/16 4064/4176/16
f 4085/4197/16 4066/4178/16 4065/4177/16
f 4086/4198/16 4067/4179/16 4066/4178/16
f 4087/4199/16 4068/4180/16 4067/4179/16
f 4088/4200/16 4069/4181/16 4068/4180/16
f 4089/4201/16 4070/4182/16 4069/4181/16
f 4090/4202/16 4071/4183/16 4070/4182/16
f 4091/4203/16 4072/4184/16 4071/4183/16
f 4092/4204/16 4073/4185/16 4072/4184/16
f 4093/4205/16 4074/4186/16 4073/4185/16
f 4094/4206/16 4075/4187/16 4074/4186/16
f 4095/4207/16 4076/4188/16 4075/4187/16
f 4096/4208/16 4077/4189/16 4076/4188/16
f 4097/4209/16 4078/4190/16 4077/4189/16
f 4098/4210/16 4079/4191/16 4078/4190/16
f 4099/4211/16 4080/3809/16 4079/4191/16
f 2861/2802/16 4081/4193/16 2862/4192/16
f 4101/4212/16 4082/4194/16 4081/4193/16
f 4102/4213/16 4083/4195/16 4082/4194/16
f 4103/4214/16 4084/4196/16 4083/4195/16
f 4104/4215/16 4085/4197/16 4084/4196/16
f 4105/4216/16 4086/4198/16 4085/4197/16
f 4106/4217/16 4087/4199/16 4086/4198/16
f 4107/4218/16 4088/4200/16 4087/4199/16
f 4108/4219/16 4089/4201/16 4088/4200/16
f 4109/4220/16 4090/4202/16 4089/4201/16
f 4110/4221/16 4091/4203/16 4090/4202/16
f 4111/4222/16 4092/4204/16 4091/4203/16
f 4112/4223/16 4093/4205/16 4092/4204/16
f 4113/4224/16 4094/4206/16 4093/4205/16
f 4114/4225/16 4095/4207/16 4094/4206/16
f 4115/4226/16 4096/4208/16 4095/4207/16
f 4116/4227/16 4097/4209/16 4096/4208/16
f 4117/4228/16 4098/4210/16 4097/4209/16
f 4118/4229/16 4099/4211/16 4098/4210/16
f 4119/4230/16 4100/3811/16 4099/4211/16
f 2678/2814/16 4101/4212/16 2861/2802/16
f 2901/4231/16 4102/4213/16 4101/4212/16
f 2902/4232/16 4103/4214/16 4102/4213/16
f 2903/4233/16 4104/4215/16 4103/4214/16
f 2904/4234/16 4105/4216/16 4104/4215/16
f 2905/4235/16 4106/4217/16 4105/4216/16
f 2906/4236/16 4107/4218/16 4106/4217/16
f 2907/4237/16 4108/4219/16 4107/4218/16
f 2908/4238/16 4109/4220/16 4108/4219/16
f 2909/4239/16 4110/4221/16 4109/4220/16
f 2910/4240/16 4111/4222/16 4110/4221/16
f 2911/4241/16 4112/4223/16 4111/4222/16
f 2912/4242/16 4113/4224/16 4112/4223/16
f 2913/4243/16 4114/4225/16 4113/4224/16
f 2914/4244/16 4115/4226/16 4114/4225/16
f 2915/4245/16 4116/4227/16 4115/4226/16
f 2916/4246/16 4117/4228/16 4116/4227/16
f 2917/4247/16 4118/4229/16 4117/4228/16
f 2918/4248/16 4119/4230/16 4118/4229/16
f 2919/4249/16 4120/2806/16 4119/4230/16
f 4140/4250/15 2677/3814/15 2821/2807/15
f 4160/4251/15 2880/3812/15 4140/4250/15
f 4180/4252/15 2879/3851/15 4160/4251/15
f 4200/4253/15 2878/3871/15 4180/4252/15
f 4220/4254/15 2877/3891/15 4200/4253/15
f 4240/4255/15 2876/3911/15 4220/4254/15
f 4260/4256/15 2875/3931/15 4240/4255/15
f 4280/4257/15 2874/3951/15 4260/4256/15
f 4300/4258/15 2873/3971/15 4280/4257/15
f 4320/4259/15 2872/3991/15 4300/4258/15
f 4340/4260/15 2871/4011/15 4320/4259/15
f 4360/4261/15 2870/4031/15 4340/4260/15
f 4380/4262/15 2869/4052/15 4360/4261/15
f 4400/4263/15 2868/4070/15 4380/4262/15
f 4420/4264/15 2867/4092/15 4400/4263/15
f 4440/4265/15 2866/4111/15 4420/4264/15
f 4460/4266/15 2865/4131/15 4440/4265/15
f 4480/4267/15 2864/4152/15 4460/4266/15
f 4500/4268/15 2863/4172/15 4480/4267/15
f 4520/2803/15 2862/4192/15 4500/4268/15
f 2820/4269/15 2840/3750/15 2679/3749/15
f 2840/3750/15 4122/4270/15 2839/3751/15
f 2839/3751/15 4123/4271/15 2838/3752/15
f 2838/3752/15 4124/4272/15 2837/3753/15
f 2837/3753/15 4125/4273/15 2836/3754/15
f 2836/3754/15 4126/4274/15 2835/3755/15
f 2835/3755/15 4127/4275/15 2834/3756/15
f 2834/3756/15 4128/4276/15 2833/3758/15
f 2833/3758/15 4129/4277/15 2832/3759/15
f 2832/3759/15 4130/4278/15 2831/3760/15
f 2831/3760/15 4131/4279/15 2830/3761/15
f 2830/3761/15 4132/4280/15 2829/3762/15
f 2829/3762/15 4133/4281/15 2828/3763/15
f 2828/3763/15 4134/4282/15 2827/3764/15
f 2827/3764/15 4135/4283/15 2826/3766/15
f 2826/3766/15 4136/4284/15 2825/3767/15
f 2825/3767/15 4137/4285/15 2824/3768/15
f 2824/3768/15 4138/4286/15 2823/3769/15
f 2823/3769/15 4139/4287/15 2822/3771/15
f 2822/3771/15 4140/4250/15 2821/2807/15
f 2819/4288/15 4121/4289/15 2820/4269/15
f 4141/4290/15 4122/4270/15 4121/4289/15
f 4142/4291/15 4123/4271/15 4122/4270/15
f 4143/4292/15 4124/4272/15 4123/4271/15
f 4144/4293/15 4125/4273/15 4124/4272/15
f 4145/4294/15 4126/4274/15 4125/4273/15
f 4146/4295/15 4127/4275/15 4126/4274/15
f 4147/4296/15 4128/4276/15 4127/4275/15
f 4148/4297/15 4129/4277/15 4128/4276/15
f 4149/4298/15 4130/4278/15 4129/4277/15
f 4150/4299/15 4131/4279/15 4130/4278/15
f 4151/4300/15 4132/4280/15 4131/4279/15
f 4152/4301/15 4133/4281/15 4132/4280/15
f 4153/4302/15 4134/4282/15 4133/4281/15
f 4154/4303/15 4135/4283/15 4134/4282/15
f 4155/4304/15 4136/4284/15 4135/4283/15
f 4156/4305/15 4137/4285/15 4136/4284/15
f 4157/4306/15 4138/4286/15 4137/4285/15
f 4158/4307/15 4139/4287/15 4138/4286/15
f 4159/4308/15 4140/4250/15 4139/4287/15
f 2818/4309/15 4141/4290/15 2819/4288/15
f 4161/4310/15 4142/4291/15 4141/4290/15
f 4162/4311/15 4143/4292/15 4142/4291/15
f 4163/4312/15 4144/4293/15 4143/4292/15
f 4164/4313/15 4145/4294/15 4144/4293/15
f 4165/4314/15 4146/4295/15 4145/4294/15
f 4166/4315/15 4147/4296/15 4146/4295/15
f 4167/4316/15 4148/4297/15 4147/4296/15
f 4168/4317/15 4149/4298/15 4148/4297/15
f 4169/4318/15 4150/4299/15 4149/4298/15
f 4170/4319/15 4151/4300/15 4150/4299/15
f 4171/4320/15 4152/4301/15 4151/4300/15
f 4172/4321/15 4153/4302/15 4152/4301/15
f 4173/4322/15 4154/4303/15 4153/4302/15
f 4174/4323/15 4155/4304/15 4154/4303/15
f 4175/4324/15 4156/4305/15 4155/4304/15
f 4176/4325/15 4157/4306/15 4156/4305/15
f 4177/4326/15 4158/4307/15 4157/4306/15
f 4178/4327/15 4159/4308/15 4158/4307/15
f 4179/4328/15 4160/4251/15 4159/4308/15
f 2817/4329/15 4161/4310/15 2818/4309/15
f 4181/4330/15 4162/4311/15 4161/4310/15
f 4182/4331/15 4163/4312/15 4162/4311/15
f 4183/4332/15 4164/4313/15 4163/4312/15
f 4184/4333/15 4165/4314/15 4164/4313/15
f 4185/4334/15 4166/4315/15 4165/4314/15
f 4186/4335/15 4167/4316/15 4166/4315/15
f 4187/4336/15 4168/4317/15 4167/4316/15
f 4188/4337/15 4169/4318/15 4168/4317/15
f 4189/4338/15 4170/4319/15 4169/4318/15
f 4190/4339/15 4171/4320/15 4170/4319/15
f 4191/4340/15 4172/4321/15 4171/4320/15
f 4192/4341/15 4173/4322/15 4172/4321/15
f 4193/4342/15 4174/4323/15 4173/4322/15
f 4194/4343/15 4175/4324/15 4174/4323/15
f 4195/4344/15 4176/4325/15 4175/4324/15
f 4196/4345/15 4177/4326/15 4176/4325/15
f 4197/4346/15 4178/4327/15 4177/4326/15
f 4198/4347/15 4179/4328/15 4178/4327/15
f 4199/4348/15 4180/4252/15 4179/4328/15
f 2816/4349/15 4181/4330/15 2817/4329/15
f 4201/4350/15 4182/4331/15 4181/4330/15
f 4202/4351/15 4183/4332/15 4182/4331/15
f 4203/4352/15 4184/4333/15 4183/4332/15
f 4204/4353/15 4185/4334/15 4184/4333/15
f 4205/4354/15 4186/4335/15 4185/4334/15
f 4206/4355/15 4187/4336/15 4186/4335/15
f 4207/4356/15 4188/4337/15 4187/4336/15
f 4208/4357/15 4189/4338/15 4188/4337/15
f 4209/4358/15 4190/4339/15 4189/4338/15
f 4210/4359/15 4191/4340/15 4190/4339/15
f 4211/4360/15 4192/4341/15 4191/4340/15
f 4212/4361/15 4193/4342/15 4192/4341/15
f 4213/4362/15 4194/4343/15 4193/4342/15
f 4214/4363/15 4195/4344/15 4194/4343/15
f 4215/4364/15 4196/4345/15 4195/4344/15
f 4216/4365/15 4197/4346/15 4196/4345/15
f 4217/4366/15 4198/4347/15 4197/4346/15
f 4218/4367/15 4199/4348/15 4198/4347/15
f 4219/4368/15 4200/4253/15 4199/4348/15
f 2815/4369/15 4201/4350/15 2816/4349/15
f 4221/4370/15 4202/4351/15 4201/4350/15
f 4222/4371/15 4203/4352/15 4202/4351/15
f 4223/4372/15 4204/4353/15 4203/4352/15
f 4224/4373/15 4205/4354/15 4204/4353/15
f 4225/4374/15 4206/4355/15 4205/4354/15
f 4226/4375/15 4207/4356/15 4206/4355/15
f 4227/4376/15 4208/4357/15 4207/4356/15
f 4228/4377/15 4209/4358/15 4208/4357/15
f 4229/4378/15 4210/4359/15 4209/4358/15
f 4230/4379/15 4211/4360/15 4210/4359/15
f 4231/4380/15 4212/4361/15 4211/4360/15
f 4232/4381/15 4213/4362/15 4212/4361/15
f 4233/4382/15 4214/4363/15 4213/4362/15
f 4234/4383/15 4215/4364/15 4214/4363/15
f 4235/4384/15 4216/4365/15 4215/4364/15
f 4236/4385/15 4217/4366/15 4216/4365/15
f 4237/4386/15 4218/4367/15 4217/4366/15
f 4238/4387/15 4219/4368/15 4218/4367/15
f 4239/4388/15 4220/4254/15 4219/4368/15
f 2814/4389/15 4221/4370/15 2815/4369/15
f 4241/4390/15 4222/4371/15 4221/4370/15
f 4242/4391/15 4223/4372/15 4222/4371/15
f 4243/4392/15 4224/4373/15 4223/4372/15
f 4244/4393/15 4225/4374/15 4224/4373/15
f 4245/4394/15 4226/4375/15 4225/4374/15
f 4246/4395/15 4227/4376/15 4226/4375/15
f 4247/4396/15 4228/4377/15 4227/4376/15
f 4248/4397/15 4229/4378/15 4228/4377/15
f 4249/4398/15 4230/4379/15 4229/4378/15
f 4250/4399/15 4231/4380/15 4230/4379/15
f 4251/4400/15 4232/4381/15 4231/4380/15
f 4252/4401/15 4233/4382/15 4232/4381/15
f 4253/4402/15 4234/4383/15 4233/4382/15
f 4254/4403/15 4235/4384/15 4234/4383/15
f 4255/4404/15 4236/4385/15 4235/4384/15
f 4256/4405/15 4237/4386/15 4236/4385/15
f 4257/4406/15 4238/4387/15 4237/4386/15
f 4258/4407/15 4239/4388/15 4238/4387/15
f 4259/4408/15 4240/4255/15 4239/4388/15
f 2813/4409/15 4241/4390/15 2814/4389/15
f 4261/4410/15 4242/4391/15 4241/4390/15
f 4262/4411/15 4243/4392/15 4242/4391/15
f 4263/4412/15 4244/4393/15 4243/4392/15
f 4264/4413/15 4245/4394/15 4244/4393/15
f 4265/4414/15 4246/4395/15 4245/4394/15
f 4266/4415/15 4247/4396/15 4246/4395/15
f 4267/4416/15 4248/4397/15 4247/4396/15
f 4268/4417/15 4249/4398/15 4248/4397/15
f 4269/4418/15 4250/4399/15 4249/4398/15
f 4270/4419/15 4251/4400/15 4250/4399/15
f 4271/4420/15 4252/4401/15 4251/4400/15
f 4272/4421/15 4253/4402/15 4252/4401/15
f 4273/4422/15 4254/4403/15 4253/4402/15
f 4274/4423/15 4255/4404/15 4254/4403/15
f 4275/4424/15 4256/4405/15 4255/4404/15
f 4276/4425/15 4257/4406/15 4256/4405/15
f 4277/4426/15 4258/4407/15 4257/4406/15
f 4278/4427/15 4259/4408/15 4258/4407/15
f 4279/4428/15 4260/4256/15 4259/4408/15
f 2812/4429/15 4261/4410/15 2813/4409/15
f 4281/4430/15 4262/4411/15 4261/4410/15
f 4282/4431/15 4263/4412/15 4262/4411/15
f 4283/4432/15 4264/4413/15 4263/4412/15
f 4284/4433/15 4265/4414/15 4264/4413/15
f 4285/4434/15 4266/4415/15 4265/4414/15
f 4286/4435/15 4267/4416/15 4266/4415/15
f 4287/4436/15 4268/4417/15 4267/4416/15
f 4288/4437/15 4269/4418/15 4268/4417/15
f 4289/4438/15 4270/4419/15 4269/4418/15
f 4290/4439/15 4271/4420/15 4270/4419/15
f 4291/4440/15 4272/4421/15 4271/4420/15
f 4292/4441/15 4273/4422/15 4272/4421/15
f 4293/4442/15 4274/4423/15 4273/4422/15
f 4294/4443/15 4275/4424/15 4274/4423/15
f 4295/4444/15 4276/4425/15 4275/4424/15
f 4296/4445/15 4277/4426/15 4276/4425/15
f 4297/4446/15 4278/4427/15 4277/4426/15
f 4298/4447/15 4279/4428/15 4278/4427/15
f 4299/4448/15 4280/4257/15 4279/4428/15
f 2811/4449/15 4281/4430/15 2812/4429/15
f 4301/4450/15 4282/4431/15 4281/4430/15
f 4302/4451/15 4283/4432/15 4282/4431/15
f 4303/4452/15 4284/4433/15 4283/4432/15
f 4304/4453/15 4285/4434/15 4284/4433/15
f 4305/4454/15 4286/4435/15 4285/4434/15
f 4306/4455/15 4287/4436/15 4286/4435/15
f 4307/4456/15 4288/4437/15 4287/4436/15
f 4308/4457/15 4289/4438/15 4288/4437/15
f 4309/4458/15 4290/4439/15 4289/4438/15
f 4310/4459/15 4291/4440/15 4290/4439/15
f 4311/4460/15 4292/4441/15 4291/4440/15
f 4312/4461/15 4293/4442/15 4292/4441/15
f 4313/4462/15 4294/4443/15 4293/4442/15
f 4314/4463/15 4295/4444/15 4294/4443/15
f 4315/4464/15 4296/4445/15 4295/4444/15
f 4316/4465/15 4297/4446/15 4296/4445/15
f 4317/4466/15 4298/4447/15 4297/4446/15
f 4318/4467/15 4299/4448/15 4298/4447/15
f 4319/4468/15 4300/4258/15 4299/4448/15
f 2810/4469/15 4301/4450/15 2811/4449/15
f 4321/4470/15 4302/4451/15 4301/4450/15
f 4322/4471/15 4303/4452/15 4302/4451/15
f 4323/4472/15 4304/4453/15 4303/4452/15
f 4324/4473/15 4305/4454/15 4304/4453/15
f 4325/4474/15 4306/4455/15 4305/4454/15
f 4326/4475/15 4307/4456/15 4306/4455/15
f 4327/4476/15 4308/4457/15 4307/4456/15
f 4328/4477/15 4309/4458/15 4308/4457/15
f 4329/4478/15 4310/4459/15 4309/4458/15
f 4330/4479/15 4311/4460/15 4310/4459/15
f 4331/4480/15 4312/4461/15 4311/4460/15
f 4332/4481/15 4313/4462/15 4312/4461/15
f 4333/4482/15 4314/4463/15 4313/4462/15
f 4334/4483/15 4315/4464/15 4314/4463/15
f 4335/4484/15 4316/4465/15 4315/4464/15
f 4336/4485/15 4317/4466/15 4316/4465/15
f 4337/4486/15 4318/4467/15 4317/4466/15
f 4338/4487/15 4319/4468/15 4318/4467/15
f 4339/4488/15 4320/4259/15 4319/4468/15
f 2809/4489/15 4321/4470/15 2810/4469/15
f 4341/4490/15 4322/4471/15 4321/4470/15
f 4342/4491/15 4323/4472/15 4322/4471/15
f 4343/4492/15 4324/4473/15 4323/4472/15
f 4344/4493/15 4325/4474/15 4324/4473/15
f 4345/4494/15 4326/4475/15 4325/4474/15
f 4346/4495/15 4327/4476/15 4326/4475/15
f 4347/4496/15 4328/4477/15 4327/4476/15
f 4348/4497/15 4329/4478/15 4328/4477/15
f 4349/4498/15 4330/4479/15 4329/4478/15
f 4350/4499/15 4331/4480/15 4330/4479/15
f 4351/4500/15 4332/4481/15 4331/4480/15
f 4352/4501/15 4333/4482/15 4332/4481/15
f 4353/4502/15 4334/4483/15 4333/4482/15
f 4354/4503/15 4335/4484/15 4334/4483/15
f 4355/4504/15 4336/4485/15 4335/4484/15
f 4356/4505/15 4337/4486/15 4336/4485/15
f 4357/4506/15 4338/4487/15 4337/4486/15
f 4358/4507/15 4339/4488/15 4338/4487/15
f 4359/4508/15 4340/4260/15 4339/4488/15
f 2808/4509/15 4341/4490/15 2809/4489/15
f 4361/4510/15 4342/4491/15 4341/4490/15
f 4362/4511/15 4343/4492/15 4342/4491/15
f 4363/4512/15 4344/4493/15 4343/4492/15
f 4364/4513/15 4345/4494/15 4344/4493/15
f 4365/4514/15 4346/4495/15 4345/4494/15
f 4366/4515/15 4347/4496/15 4346/4495/15
f 4367/4516/15 4348/4497/15 4347/4496/15
f 4368/4517/15 4349/4498/15 4348/4497/15
f 4369/4518/15 4350/4499/15 4349/4498/15
f 4370/4519/15 4351/4500/15 4350/4499/15
f 4371/4520/15 4352/4501/15 4351/4500/15
f 4372/4521/15 4353/4502/15 4352/4501/15
f 4373/4522/15 4354/4503/15 4353/4502/15
f 4374/4523/15 4355/4504/15 4354/4503/15
f 4375/4524/15 4356/4505/15 4355/4504/15
f 4376/4525/15 4357/4506/15 4356/4505/15
f 4377/4526/15 4358/4507/15 4357/4506/15
f 4378/4527/15 4359/4508/15 4358/4507/15
f 4379/4528/15 4360/4261/15 4359/4508/15
f 2807/4529/15 4361/4510/15 2808/4509/15
f 4381/4530/15 4362/4511/15 4361/4510/15
f 4382/4531/15 4363/4512/15 4362/4511/15
f 4383/4532/15 4364/4513/15 4363/4512/15
f 4384/4533/15 4365/4514/15 4364/4513/15
f 4385/4534/15 4366/4515/15 4365/4514/15
f 4386/4535/15 4367/4516/15 4366/4515/15
f 4387/4536/15 4368/4517/15 4367/4516/15
f 4388/4537/15 4369/4518/15 4368/4517/15
f 4389/4538/15 4370/4519/15 4369/4518/15
f 4390/4539/15 4371/4520/15 4370/4519/15
f 4391/4540/15 4372/4521/15 4371/4520/15
f 4392/4541/15 4373/4522/15 4372/4521/15
f 4393/4542/15 4374/4523/15 4373/4522/15
f 4394/4543/15 4375/4524/15 4374/4523/15
f 4395/4544/15 4376/4525/15 4375/4524/15
f 4396/4545/15 4377/4526/15 4376/4525/15
f 4397/4546/15 4378/4527/15 4377/4526/15
f 4398/4547/15 4379/4528/15 4378/4527/15
f 4399/4548/15 4380/4262/15 4379/4528/15
f 2806/4549/15 4381/4530/15 2807/4529/15
f 4401/4550/15 4382/4531/15 4381/4530/15
f 4402/4551/15 4383/4532/15 4382/4531/15
f 4403/4552/15 4384/4533/15 4383/4532/15
f 4404/4553/15 4385/4534/15 4384/4533/15
f 4405/4554/15 4386/4535/15 4385/4534/15
f 4406/4555/15 4387/4536/15 4386/4535/15
f 4407/4556/15 4388/4537/15 4387/4536/15
f 4408/4557/15 4389/4538/15 4388/4537/15
f 4409/4558/15 4390/4539/15 4389/4538/15
f 4410/4559/15 4391/4540/15 4390/4539/15
f 4411/4560/15 4392/4541/15 4391/4540/15
f 4412/4561/15 4393/4542/15 4392/4541/15
f 4413/4562/15 4394/4543/15 4393/4542/15
f 4414/4563/15 4395/4544/15 4394/4543/15
f 4415/4564/15 4396/4545/15 4395/4544/15
f 4416/4565/15 4397/4546/15 4396/4545/15
f 4417/4566/15 4398/4547/15 4397/4546/15
f 4418/4567/15 4399/4548/15 4398/4547/15
f 4419/4568/15 4400/4263/15 4399/4548/15
f 2805/4569/15 4401/4550/15 2806/4549/15
f 4421/4570/15 4402/4551/15 4401/4550/15
f 4422/4571/15 4403/4552/15 4402/4551/15
f 4423/4572/15 4404/4553/15 4403/4552/15
f 4424/4573/15 4405/4554/15 4404/4553/15
f 4425/4574/15 4406/4555/15 4405/4554/15
f 4426/4575/15 4407/4556/15 4406/4555/15
f 4427/4576/15 4408/4557/15 4407/4556/15
f 4428/4577/15 4409/4558/15 4408/4557/15
f 4429/4578/15 4410/4559/15 4409/4558/15
f 4430/4579/15 4411/4560/15 4410/4559/15
f 4431/4580/15 4412/4561/15 4411/4560/15
f 4432/4581/15 4413/4562/15 4412/4561/15
f 4433/4582/15 4414/4563/15 4413/4562/15
f 4434/4583/15 4415/4564/15 4414/4563/15
f 4435/4584/15 4416/4565/15 4415/4564/15
f 4436/4585/15 4417/4566/15 4416/4565/15
f 4437/4586/15 4418/4567/15 4417/4566/15
f 4438/4587/15 4419/4568/15 4418/4567/15
f 4439/4588/15 4420/4264/15 4419/4568/15
f 2804/4589/15 4421/4570/15 2805/4569/15
f 4441/4590/15 4422/4571/15 4421/4570/15
f 4442/4591/15 4423/4572/15 4422/4571/15
f 4443/4592/15 4424/4573/15 4423/4572/15
f 4444/4593/15 4425/4574/15 4424/4573/15
f 4445/4594/15 4426/4575/15 4425/4574/15
f 4446/4595/15 4427/4576/15 4426/4575/15
f 4447/4596/15 4428/4577/15 4427/4576/15
f 4448/4597/15 4429/4578/15 4428/4577/15
f 4449/4598/15 4430/4579/15 4429/4578/15
f 4450/4599/15 4431/4580/15 4430/4579/15
f 4451/4600/15 4432/4581/15 4431/4580/15
f 4452/4601/15 4433/4582/15 4432/4581/15
f 4453/4602/15 4434/4583/15 4433/4582/15
f 4454/4603/15 4435/4584/15 4434/4583/15
f 4455/4604/15 4436/4585/15 4435/4584/15
f 4456/4605/15 4437/4586/15 4436/4585/15
f 4457/4606/15 4438/4587/15 4437/4586/15
f 4458/4607/15 4439/4588/15 4438/4587/15
f 4459/4608/15 4440/4265/15 4439/4588/15
f 2803/4609/15 4441/4590/15 2804/4589/15
f 4461/4610/15 4442/4591/15 4441/4590/15
f 4462/4611/15 4443/4592/15 4442/4591/15
f 4463/4612/15 4444/4593/15 4443/4592/15
f 4464/4613/15 4445/4594/15 4444/4593/15
f 4465/4614/15 4446/4595/15 4445/4594/15
f 4466/4615/15 4447/4596/15 4446/4595/15
f 4467/4616/15 4448/4597/15 4447/4596/15
f 4468/4617/15 4449/4598/15 4448/4597/15
f 4469/4618/15 4450/4599/15 4449/4598/15
f 4470/4619/15 4451/4600/15 4450/4599/15
f 4471/4620/15 4452/4601/15 4451/4600/15
f 4472/4621/15 4453/4602/15 4452/4601/15
f 4473/4622/15 4454/4603/15 4453/4602/15
f 4474/4623/15 4455/4604/15 4454/4603/15
f 4475/4624/15 4456/4605/15 4455/4604/15
f 4476/4625/15 4457/4606/15 4456/4605/15
f 4477/4626/15 4458/4607/15 4457/4606/15
f 4478/4627/15 4459/4608/15 4458/4607/15
f 4479/4628/15 4460/4266/15 4459/4608/15
f 2802/4629/15 4461/4610/15 2803/4609/15
f 4481/4630/15 4462/4611/15 4461/4610/15
f 4482/4631/15 4463/4612/15 4462/4611/15
f 4483/4632/15 4464/4613/15 4463/4612/15
f 4484/4633/15 4465/4614/15 4464/4613/15
f 4485/4634/15 4466/4615/15 4465/4614/15
f 4486/4635/15 4467/4616/15 4466/4615/15
f 4487/4636/15 4468/4617/15 4467/4616/15
f 4488/4637/15 4469/4618/15 4468/4617/15
f 4489/4638/15 4470/4619/15 4469/4618/15
f 4490/4639/15 4471/4620/15 4470/4619/15
f 4491/4640/15 4472/4621/15 4471/4620/15
f 4492/4641/15 4473/4622/15 4472/4621/15
f 4493/4642/15 4474/4623/15 4473/4622/15
f 4494/4643/15 4475/4624/15 4474/4623/15
f 4495/4644/15 4476/4625/15 4475/4624/15
f 4496/4645/15 4477/4626/15 4476/4625/15
f 4497/4646/15 4478/4627/15 4477/4626/15
f 4498/4647/15 4479/4628/15 4478/4627/15
f 4499/4648/15 4480/4267/15 4479/4628/15
f 2801/2799/15 4481/4630/15 2802/4629/15
f 4501/4649/15 4482/4631/15 4481/4630/15
f 4502/4650/15 4483/4632/15 4482/4631/15
f 4503/4651/15 4484/4633/15 4483/4632/15
f 4504/4652/15 4485/4634/15 4484/4633/15
f 4505/4653/15 4486/4635/15 4485/4634/15
f 4506/4654/15 4487/4636/15 4486/4635/15
f 4507/4655/15 4488/4637/15 4487/4636/15
f 4508/4656/15 4489/4638/15 4488/4637/15
f 4509/4657/15 4490/4639/15 4489/4638/15
f 4510/4658/15 4491/4640/15 4490/4639/15
f 4511/4659/15 4492/4641/15 4491/4640/15
f 4512/4660/15 4493/4642/15 4492/4641/15
f 4513/4661/15 4494/4643/15 4493/4642/15
f 4514/4662/15 4495/4644/15 4494/4643/15
f 4515/4663/15 4496/4645/15 4495/4644/15
f 4516/4664/15 4497/4646/15 4496/4645/15
f 4517/4665/15 4498/4647/15 4497/4646/15
f 4518/4666/15 4499/4648/15 4498/4647/15
f 4519/4667/15 4500/4268/15 4499/4648/15
f 2680/2854/15 4501/4649/15 2801/2799/15
f 2841/2853/15 4502/4650/15 4501/4649/15
f 2842/2856/15 4503/4651/15 4502/4650/15
f 2843/2858/15 4504/4652/15 4503/4651/15
f 2844/2860/15 4505/4653/15 4504/4652/15
f 2845/2862/15 4506/4654/15 4505/4653/15
f 2846/2864/15 4507/4655/15 4506/4654/15
f 2847/2866/15 4508/4656/15 4507/4655/15
f 2848/2868/15 4509/4657/15 4508/4656/15
f 2849/2870/15 4510/4658/15 4509/4657/15
f 2850/2872/15 4511/4659/15 4510/4658/15
f 2851/2874/15 4512/4660/15 4511/4659/15
f 2852/2876/15 4513/4661/15 4512/4660/15
f 2853/2878/15 4514/4662/15 4513/4661/15
f 2854/2880/15 4515/4663/15 4514/4662/15
f 2855/2882/15 4516/4664/15 4515/4663/15
f 2856/2884/15 4517/4665/15 4516/4664/15
f 2857/2886/15 4518/4666/15 4517/4665/15
f 2858/2888/15 4519/4667/15 4518/4666/15
f 2859/2890/15 4520/2803/15 4519/4667/15
f 4540/4668/14 2679/3749/14 2761/4669/14
f 4560/4670/14 2820/4269/14 4540/4668/14
f 4580/4671/14 2819/4288/14 4560/4670/14
f 4600/4672/14 2818/4309/14 4580/4671/14
f 4620/4673/14 2817/4329/14 4600/4672/14
f 4640/4674/14 2816/4349/14 4620/4673/14
f 4660/4675/14 2815/4369/14 4640/4674/14
f 4680/4676/14 2814/4389/14 4660/4675/14
f 4700/4677/14 2813/4409/14 4680/4676/14
f 4720/4678/14 2812/4429/14 4700/4677/14
f 4740/4679/14 2811/4449/14 4720/4678/14
f 4760/4680/14 2810/4469/14 4740/4679/14
f 4780/4681/14 2809/4489/14 4760/4680/14
f 4800/4682/14 2808/4509/14 4780/4681/14
f 4820/4683/14 2807/4529/14 4800/4682/14
f 4840/4684/14 2806/4549/14 4820/4683/14
f 4860/4685/14 2805/4569/14 4840/4684/14
f 4880/4686/14 2804/4589/14 4860/4685/14
f 4900/4687/14 2803/4609/14 4880/4686/14
f 4920/2800/14 2802/4629/14 4900/4687/14
f 2760/4688/14 2780/4689/14 2675/4690/14
f 2780/4689/14 4522/4691/14 2779/4692/14
f 2779/4692/14 4523/4693/14 2778/4694/14
f 2778/4694/14 4524/4695/14 2777/4696/14
f 2777/4696/14 4525/4697/14 2776/4698/14
f 2776/4698/14 4526/4699/14 2775/4700/14
f 2775/4700/14 4527/4701/14 2774/4702/14
f 2774/4702/14 4528/4703/14 2773/4704/14
f 2773/4704/14 4529/4705/14 2772/4706/14
f 2772/4706/14 4530/4707/14 2771/4708/14
f 2771/4708/14 4531/4709/14 2770/4710/14
f 2770/4710/14 4532/4711/14 2769/4712/14
f 2769/4712/14 4533/4713/14 2768/4714/14
f 2768/4714/14 4534/4715/14 2767/4716/14
f 2767/4716/14 4535/4717/14 2766/4718/14
f 2766/4718/14 4536/4719/14 2765/4720/14
f 2765/4720/14 4537/4721/14 2764/4722/14
f 2764/4722/14 4538/4723/14 2763/4724/14
f 2763/4724/14 4539/4725/14 2762/4726/14
f 2762/4726/14 4540/4668/14 2761/4669/14
f 2759/4727/14 4521/4728/14 2760/4688/14
f 4541/4729/14 4522/4691/14 4521/4728/14
f 4542/4730/14 4523/4693/14 4522/4691/14
f 4543/4731/14 4524/4695/14 4523/4693/14
f 4544/4732/14 4525/4697/14 4524/4695/14
f 4545/4733/14 4526/4699/14 4525/4697/14
f 4546/4734/14 4527/4701/14 4526/4699/14
f 4547/4735/14 4528/4703/14 4527/4701/14
f 4548/4736/14 4529/4705/14 4528/4703/14
f 4549/4737/14 4530/4707/14 4529/4705/14
f 4550/4738/14 4531/4709/14 4530/4707/14
f 4551/4739/14 4532/4711/14 4531/4709/14
f 4552/4740/14 4533/4713/14 4532/4711/14
f 4553/4741/14 4534/4715/14 4533/4713/14
f 4554/4742/14 4535/4717/14 4534/4715/14
f 4555/4743/14 4536/4719/14 4535/4717/14
f 4556/4744/14 4537/4721/14 4536/4719/14
f 4557/4745/14 4538/4723/14 4537/4721/14
f 4558/4746/14 4539/4725/14 4538/4723/14
f 4559/4747/14 4540/4668/14 4539/4725/14
f 2758/4748/14 4541/4729/14 2759/4727/14
f 4561/4749/14 4542/4730/14 4541/4729/14
f 4562/4750/14 4543/4731/14 4542/4730/14
f 4563/4751/14 4544/4732/14 4543/4731/14
f 4564/4752/14 4545/4733/14 4544/4732/14
f 4565/4753/14 4546/4734/14 4545/4733/14
f 4566/4754/14 4547/4735/14 4546/4734/14
f 4567/4755/14 4548/4736/14 4547/4735/14
f 4568/4756/14 4549/4737/14 4548/4736/14
f 4569/4757/14 4550/4738/14 4549/4737/14
f 4570/4758/14 4551/4739/14 4550/4738/14
f 4571/4759/14 4552/4740/14 4551/4739/14
f 4572/4760/14 4553/4741/14 4552/4740/14
f 4573/4761/14 4554/4742/14 4553/4741/14
f 4574/4762/14 4555/4743/14 4554/4742/14
f 4575/4763/14 4556/4744/14 4555/4743/14
f 4576/4764/14 4557/4745/14 4556/4744/14
f 4577/4765/14 4558/4746/14 4557/4745/14
f 4578/4766/14 4559/4747/14 4558/4746/14
f 4579/4767/14 4560/4670/14 4559/4747/14
f 2757/4768/14 4561/4749/14 2758/4748/14
f 4581/4769/14 4562/4750/14 4561/4749/14
f 4582/4770/14 4563/4751/14 4562/4750/14
f 4583/4771/14 4564/4752/14 4563/4751/14
f 4584/4772/14 4565/4753/14 4564/4752/14
f 4585/4773/14 4566/4754/14 4565/4753/14
f 4586/4774/14 4567/4755/14 4566/4754/14
f 4587/4775/14 4568/4756/14 4567/4755/14
f 4588/4776/14 4569/4757/14 4568/4756/14
f 4589/4777/14 4570/4758/14 4569/4757/14
f 4590/4778/14 4571/4759/14 4570/4758/14
f 4591/4779/14 4572/4760/14 4571/4759/14
f 4592/4780/14 4573/4761/14 4572/4760/14
f 4593/4781/14 4574/4762/14 4573/4761/14
f 4594/4782/14 4575/4763/14 4574/4762/14
f 4595/4783/14 4576/4764/14 4575/4763/14
f 4596/4784/14 4577/4765/14 4576/4764/14
f 4597/4785/14 4578/4766/14 4577/4765/14
f 4598/4786/14 4579/4767/14 4578/4766/14
f 4599/4787/14 4580/4671/14 4579/4767/14
f 2756/4788/14 4581/4769/14 2757/4768/14
f 4601/4789/14 4582/4770/14 4581/4769/14
f 4602/4790/14 4583/4771/14 4582/4770/14
f 4603/4791/14 4584/4772/14 4583/4771/14
f 4604/4792/14 4585/4773/14 4584/4772/14
f 4605/4793/14 4586/4774/14 4585/4773/14
f 4606/4794/14 4587/4775/14 4586/4774/14
f 4607/4795/14 4588/4776/14 4587/4775/14
f 4608/4796/14 4589/4777/14 4588/4776/14
f 4609/4797/14 4590/4778/14 4589/4777/14
f 4610/4798/14 4591/4779/14 4590/4778/14
f 4611/4799/14 4592/4780/14 4591/4779/14
f 4612/4800/14 4593/4781/14 4592/4780/14
f 4613/4801/14 4594/4782/14 4593/4781/14
f 4614/4802/14 4595/4783/14 4594/4782/14
f 4615/4803/14 4596/4784/14 4595/4783/14
f 4616/4804/14 4597/4785/14 4596/4784/14
f 4617/4805/14 4598/4786/14 4597/4785/14
f 4618/4806/14 4599/4787/14 4598/4786/14
f 4619/4807/14 4600/4672/14 4599/4787/14
f 2755/4808/14 4601/4789/14 2756/4788/14
f 4621/4809/14 4602/4790/14 4601/4789/14
f 4622/4810/14 4603/4791/14 4602/4790/14
f 4623/4811/14 4604/4792/14 4603/4791/14
f 4624/4812/14 4605/4793/14 4604/4792/14
f 4625/4813/14 4606/4794/14 4605/4793/14
f 4626/4814/14 4607/4795/14 4606/4794/14
f 4627/4815/14 4608/4796/14 4607/4795/14
f 4628/4816/14 4609/4797/14 4608/4796/14
f 4629/4817/14 4610/4798/14 4609/4797/14
f 4630/4818/14 4611/4799/14 4610/4798/14
f 4631/4819/14 4612/4800/14 4611/4799/14
f 4632/4820/14 4613/4801/14 4612/4800/14
f 4633/4821/14 4614/4802/14 4613/4801/14
f 4634/4822/14 4615/4803/14 4614/4802/14
f 4635/4823/14 4616/4804/14 4615/4803/14
f 4636/4824/14 4617/4805/14 4616/4804/14
f 4637/4825/14 4618/4806/14 4617/4805/14
f 4638/4826/14 4619/4807/14 4618/4806/14
f 4639/4827/14 4620/4673/14 4619/4807/14
f 2754/4828/14 4621/4809/14 2755/4808/14
f 4641/4829/14 4622/4810/14 4621/4809/14
f 4642/4830/14 4623/4811/14 4622/4810/14
f 4643/4831/14 4624/4812/14 4623/4811/14
f 4644/4832/14 4625/4813/14 4624/4812/14
f 4645/4833/14 4626/4814/14 4625/4813/14
f 4646/4834/14 4627/4815/14 4626/4814/14
f 4647/4835/14 4628/4816/14 4627/4815/14
f 4648/4836/14 4629/4817/14 4628/4816/14
f 4649/4837/14 4630/4818/14 4629/4817/14
f 4650/4838/14 4631/4819/14 4630/4818/14
f 4651/4839/14 4632/4820/14 4631/4819/14
f 4652/4840/14 4633/4821/14 4632/4820/14
f 4653/4841/14 4634/4822/14 4633/4821/14
f 4654/4842/14 4635/4823/14 4634/4822/14
f 4655/4843/14 4636/4824/14 4635/4823/14
f 4656/4844/14 4637/4825/14 4636/4824/14
f 4657/4845/14 4638/4826/14 4637/4825/14
f 4658/4846/14 4639/4827/14 4638/4826/14
f 4659/4847/14 4640/4674/14 4639/4827/14
f 2753/4848/14 4641/4829/14 2754/4828/14
f 4661/4849/14 4642/4830/14 4641/4829/14
f 4662/4850/14 4643/4831/14 4642/4830/14
f 4663/4851/14 4644/4832/14 4643/4831/14
f 4664/4852/14 4645/4833/14 4644/4832/14
f 4665/4853/14 4646/4834/14 4645/4833/14
f 4666/4854/14 4647/4835/14 4646/4834/14
f 4667/4855/14 4648/4836/14 4647/4835/14
f 4668/4856/14 4649/4837/14 4648/4836/14
f 4669/4857/14 4650/4838/14 4649/4837/14
f 4670/4858/14 4651/4839/14 4650/4838/14
f 4671/4859/14 4652/4840/14 4651/4839/14
f 4672/4860/14 4653/4841/14 4652/4840/14
f 4673/4861/14 4654/4842/14 4653/4841/14
f 4674/4862/14 4655/4843/14 4654/4842/14
f 4675/4863/14 4656/4844/14 4655/4843/14
f 4676/4864/14 4657/4845/14 4656/4844/14
f 4677/4865/14 4658/4846/14 4657/4845/14
f 4678/4866/14 4659/4847/14 4658/4846/14
f 4679/4867/14 4660/4675/14 4659/4847/14
f 2752/4868/14 4661/4849/14 2753/4848/14
f 4681/4869/14 4662/4850/14 4661/4849/14
f 4682/4870/14 4663/4851/14 4662/4850/14
f 4683/4871/14 4664/4852/14 4663/4851/14
f 4684/4872/14 4665/4853/14 4664/4852/14
f 4685/4873/14 4666/4854/14 4665/4853/14
f 4686/4874/14 4667/4855/14 4666/4854/14
f 4687/4875/14 4668/4856/14 4667/4855/14
f 4688/4876/14 4669/4857/14 4668/4856/14
f 4689/4877/14 4670/4858/14 4669/4857/14
f 4690/4878/14 4671/4859/14 4670/4858/14
f 4691/4879/14 4672/4860/14 4671/4859/14
f 4692/4880/14 4673/4861/14 4672/4860/14
f 4693/4881/14 4674/4862/14 4673/4861/14
f 4694/4882/14 4675/4863/14 4674/4862/14
f 4695/4883/14 4676/4864/14 4675/4863/14
f 4696/4884/14 4677/4865/14 4676/4864/14
f 4697/4885/14 4678/4866/14 4677/4865/14
f 4698/4886/14 4679/4867/14 4678/4866/14
f 4699/4887/14 4680/4676/14 4679/4867/14
f 2751/4888/14 4681/4869/14 2752/4868/14
f 4701/4889/14 4682/4870/14 4681/4869/14
f 4702/4890/14 4683/4871/14 4682/4870/14
f 4703/4891/14 4684/4872/14 4683/4871/14
f 4704/4892/14 4685/4873/14 4684/4872/14
f 4705/4893/14 4686/4874/14 4685/4873/14
f 4706/4894/14 4687/4875/14 4686/4874/14
f 4707/4895/14 4688/4876/14 4687/4875/14
f 4708/4896/14 4689/4877/14 4688/4876/14
f 4709/4897/14 4690/4878/14 4689/4877/14
f 4710/4898/14 4691/4879/14 4690/4878/14
f 4711/4899/14 4692/4880/14 4691/4879/14
f 4712/4900/14 4693/4881/14 4692/4880/14
f 4713/4901/14 4694/4882/14 4693/4881/14
f 4714/4902/14 4695/4883/14 4694/4882/14
f 4715/4903/14 4696/4884/14 4695/4883/14
f 4716/4904/14 4697/4885/14 4696/4884/14
f 4717/4905/14 4698/4886/14 4697/4885/14
f 4718/4906/14 4699/4887/14 4698/4886/14
f 4719/4907/14 4700/4677/14 4699/4887/14
f 2750/4908/14 4701/4889/14 2751/4888/14
f 4721/4909/14 4702/4890/14 4701/4889/14
f 4722/4910/14 4703/4891/14 4702/4890/14
f 4723/4911/14 4704/4892/14 4703/4891/14
f 4724/4912/14 4705/4893/14 4704/4892/14
f 4725/4913/14 4706/4894/14 4705/4893/14
f 4726/4914/14 4707/4895/14 4706/4894/14
f 4727/4915/14 4708/4896/14 4707/4895/14
f 4728/4916/14 4709/4897/14 4708/4896/14
f 4729/4917/14 4710/4898/14 4709/4897/14
f 4730/4918/14 4711/4899/14 4710/4898/14
f 4731/4919/14 4712/4900/14 4711/4899/14
f 4732/4920/14 4713/4901/14 4712/4900/14
f 4733/4921/14 4714/4902/14 4713/4901/14
f 4734/4922/14 4715/4903/14 4714/4902/14
f 4735/4923/14 4716/4904/14 4715/4903/14
f 4736/4924/14 4717/4905/14 4716/4904/14
f 4737/4925/14 4718/4906/14 4717/4905/14
f 4738/4926/14 4719/4907/14 4718/4906/14
f 4739/4927/14 4720/4678/14 4719/4907/14
f 2749/4928/14 4721/4909/14 2750/4908/14
f 4741/4929/14 4722/4910/14 4721/4909/14
f 4742/4930/14 4723/4911/14 4722/4910/14
f 4743/4931/14 4724/4912/14 4723/4911/14
f 4744/4932/14 4725/4913/14 4724/4912/14
f 4745/4933/14 4726/4914/14 4725/4913/14
f 4746/4934/14 4727/4915/14 4726/4914/14
f 4747/4935/14 4728/4916/14 4727/4915/14
f 4748/4936/14 4729/4917/14 4728/4916/14
f 4749/4937/14 4730/4918/14 4729/4917/14
f 4750/4938/14 4731/4919/14 4730/4918/14
f 4751/4939/14 4732/4920/14 4731/4919/14
f 4752/4940/14 4733/4921/14 4732/4920/14
f 4753/4941/14 4734/4922/14 4733/4921/14
f 4754/4942/14 4735/4923/14 4734/4922/14
f 4755/4943/14 4736/4924/14 4735/4923/14
f 4756/4944/14 4737/4925/14 4736/4924/14
f 4757/4945/14 4738/4926/14 4737/4925/14
f 4758/4946/14 4739/4927/14 4738/4926/14
f 4759/4947/14 4740/4679/14 4739/4927/14
f 2748/4948/14 4741/4929/14 2749/4928/14
f 4761/4949/14 4742/4930/14 4741/4929/14
f 4762/4950/14 4743/4931/14 4742/4930/14
f 4763/4951/14 4744/4932/14 4743/4931/14
f 4764/4952/14 4745/4933/14 4744/4932/14
f 4765/4953/14 4746/4934/14 4745/4933/14
f 4766/4954/14 4747/4935/14 4746/4934/14
f 4767/4955/14 4748/4936/14 4747/4935/14
f 4768/4956/14 4749/4937/14 4748/4936/14
f 4769/4957/14 4750/4938/14 4749/4937/14
f 4770/4958/14 4751/4939/14 4750/4938/14
f 4771/4959/14 4752/4940/14 4751/4939/14
f 4772/4960/14 4753/4941/14 4752/4940/14
f 4773/4961/14 4754/4942/14 4753/4941/14
f 4774/4962/14 4755/4943/14 4754/4942/14
f 4775/4963/14 4756/4944/14 4755/4943/14
f 4776/4964/14 4757/4945/14 4756/4944/14
f 4777/4965/14 4758/4946/14 4757/4945/14
f 4778/4966/14 4759/4947/14 4758/4946/14
f 4779/4967/14 4760/4680/14 4759/4947/14
f 2747/4968/14 4761/4949/14 2748/4948/14
f 4781/4969/14 4762/4950/14 4761/4949/14
f 4782/4970/14 4763/4951/14 4762/4950/14
f 4783/4971/14 4764/4952/14 4763/4951/14
f 4784/4972/14 4765/4953/14 4764/4952/14
f 4785/4973/14 4766/4954/14 4765/4953/14
f 4786/4974/14 4767/4955/14 4766/4954/14
f 4787/4975/14 4768/4956/14 4767/4955/14
f 4788/4976/14 4769/4957/14 4768/4956/14
f 4789/4977/14 4770/4958/14 4769/4957/14
f 4790/4978/14 4771/4959/14 4770/4958/14
f 4791/4979/14 4772/4960/14 4771/4959/14
f 4792/4980/14 4773/4961/14 4772/4960/14
f 4793/4981/14 4774/4962/14 4773/4961/14
f 4794/4982/14 4775/4963/14 4774/4962/14
f 4795/4983/14 4776/4964/14 4775/4963/14
f 4796/4984/14 4777/4965/14 4776/4964/14
f 4797/4985/14 4778/4966/14 4777/4965/14
f 4798/4986/14 4779/4967/14 4778/4966/14
f 4799/4987/14 4780/4681/14 4779/4967/14
f 2746/4988/14 4781/4969/14 2747/4968/14
f 4801/4989/14 4782/4970/14 4781/4969/14
f 4802/4990/14 4783/4971/14 4782/4970/14
f 4803/4991/14 4784/4972/14 4783/4971/14
f 4804/4992/14 4785/4973/14 4784/4972/14
f 4805/4993/14 4786/4974/14 4785/4973/14
f 4806/4994/14 4787/4975/14 4786/4974/14
f 4807/4995/14 4788/4976/14 4787/4975/14
f 4808/4996/14 4789/4977/14 4788/4976/14
f 4809/4997/14 4790/4978/14 4789/4977/14
f 4810/4998/14 4791/4979/14 4790/4978/14
f 4811/4999/14 4792/4980/14 4791/4979/14
f 4812/5000/14 4793/4981/14 4792/4980/14
f 4813/5001/14 4794/4982/14 4793/4981/14
f 4814/5002/14 4795/4983/14 4794/4982/14
f 4815/5003/14 4796/4984/14 4795/4983/14
f 4816/5004/14 4797/4985/14 4796/4984/14
f 4817/5005/14 4798/4986/14 4797/4985/14
f 4818/5006/14 4799/4987/14 4798/4986/14
f 4819/5007/14 4800/4682/14 4799/4987/14
f 2745/5008/14 4801/4989/14 2746/4988/14
f 4821/5009/14 4802/4990/14 4801/4989/14
f 4822/5010/14 4803/4991/14 4802/4990/14
f 4823/5011/14 4804/4992/14 4803/4991/14
f 4824/5012/14 4805/4993/14 4804/4992/14
f 4825/5013/14 4806/4994/14 4805/4993/14
f 4826/5014/14 4807/4995/14 4806/4994/14
f 4827/5015/14 4808/4996/14 4807/4995/14
f 4828/5016/14 4809/4997/14 4808/4996/14
f 4829/5017/14 4810/4998/14 4809/4997/14
f 4830/5018/14 4811/4999/14 4810/4998/14
f 4831/5019/14 4812/5000/14 4811/4999/14
f 4832/5020/14 4813/5001/14 4812/5000/14
f 4833/5021/14 4814/5002/14 4813/5001/14
f 4834/5022/14 4815/5003/14 4814/5002/14
f 4835/5023/14 4816/5004/14 4815/5003/14
f 4836/5024/14 4817/5005/14 4816/5004/14
f 4837/5025/14 4818/5006/14 4817/5005/14
f 4838/5026/14 4819/5007/14 4818/5006/14
f 4839/5027/14 4820/4683/14 4819/5007/14
f 2744/5028/14 4821/5009/14 2745/5008/14
f 4841/5029/14 4822/5010/14 4821/5009/14
f 4842/5030/14 4823/5011/14 4822/5010/14
f 4843/5031/14 4824/5012/14 4823/5011/14
f 4844/5032/14 4825/5013/14 4824/5012/14
f 4845/5033/14 4826/5014/14 4825/5013/14
f 4846/5034/14 4827/5015/14 4826/5014/14
f 4847/5035/14 4828/5016/14 4827/5015/14
f 4848/5036/14 4829/5017/14 4828/5016/14
f 4849/5037/14 4830/5018/14 4829/5017/14
f 4850/5038/14 4831/5019/14 4830/5018/14
f 4851/5039/14 4832/5020/14 4831/5019/14
f 4852/5040/14 4833/5021/14 4832/5020/14
f 4853/5041/14 4834/5022/14 4833/5021/14
f 4854/5042/14 4835/5023/14 4834/5022/14
f 4855/5043/14 4836/5024/14 4835/5023/14
f 4856/5044/14 4837/5025/14 4836/5024/14
f 4857/5045/14 4838/5026/14 4837/5025/14
f 4858/5046/14 4839/5027/14 4838/5026/14
f 4859/5047/14 4840/4684/14 4839/5027/14
f 2743/5048/14 4841/5029/14 2744/5028/14
f 4861/5049/14 4842/5030/14 4841/5029/14
f 4862/5050/14 4843/5031/14 4842/5030/14
f 4863/5051/14 4844/5032/14 4843/5031/14
f 4864/5052/14 4845/5033/14 4844/5032/14
f 4865/5053/14 4846/5034/14 4845/5033/14
f 4866/5054/14 4847/5035/14 4846/5034/14
f 4867/5055/14 4848/5036/14 4847/5035/14
f 4868/5056/14 4849/5037/14 4848/5036/14
f 4869/5057/14 4850/5038/14 4849/5037/14
f 4870/5058/14 4851/5039/14 4850/5038/14
f 4871/5059/14 4852/5040/14 4851/5039/14
f 4872/5060/14 4853/5041/14 4852/5040/14
f 4873/5061/14 4854/5042/14 4853/5041/14
f 4874/5062/14 4855/5043/14 4854/5042/14
f 4875/5063/14 4856/5044/14 4855/5043/14
f 4876/5064/14 4857/5045/14 4856/5044/14
f 4877/5065/14 4858/5046/14 4857/5045/14
f 4878/5066/14 4859/5047/14 4858/5046/14
f 4879/5067/14 4860/4685/14 4859/5047/14
f 2742/5068/14 4861/5049/14 2743/5048/14
f 4881/5069/14 4862/5050/14 4861/5049/14
f 4882/5070/14 4863/5051/14 4862/5050/14
f 4883/5071/14 4864/5052/14 4863/5051/14
f 4884/5072/14 4865/5053/14 4864/5052/14
f 4885/5073/14 4866/5054/14 4865/5053/14
f 4886/5074/14 4867/5055/14 4866/5054/14
f 4887/5075/14 4868/5056/14 4867/5055/14
f 4888/5076/14 4869/5057/14 4868/5056/14
f 4889/5077/14 4870/5058/14 4869/5057/14
f 4890/5078/14 4871/5059/14 4870/5058/14
f 4891/5079/14 4872/5060/14 4871/5059/14
f 4892/5080/14 4873/5061/14 4872/5060/14
f 4893/5081/14 4874/5062/14 4873/5061/14
f 4894/5082/14 4875/5063/14 4874/5062/14
f 4895/5083/14 4876/5064/14 4875/5063/14
f 4896/5084/14 4877/5065/14 4876/5064/14
f 4897/5085/14 4878/5066/14 4877/5065/14
f 4898/5086/14 4879/5067/14 4878/5066/14
f 4899/5087/14 4880/4686/14 4879/5067/14
f 2741/2796/14 4881/5069/14 2742/5068/14
f 4901/5088/14 4882/5070/14 4881/5069/14
f 4902/5089/14 4883/5071/14 4882/5070/14
f 4903/5090/14 4884/5072/14 4883/5071/14
f 4904/5091/14 4885/5073/14 4884/5072/14
f 4905/5092/14 4886/5074/14 4885/5073/14
f 4906/5093/14 4887/5075/14 4886/5074/14
f 4907/5094/14 4888/5076/14 4887/5075/14
f 4908/5095/14 4889/5077/14 4888/5076/14
f 4909/5096/14 4890/5078/14 4889/5077/14
f 4910/5097/14 4891/5079/14 4890/5078/14
f 4911/5098/14 4892/5080/14 4891/5079/14
f 4912/5099/14 4893/5081/14 4892/5080/14
f 4913/5100/14 4894/5082/14 4893/5081/14
f 4914/5101/14 4895/5083/14 4894/5082/14
f 4915/5102/14 4896/5084/14 4895/5083/14
f 4916/5103/14 4897/5085/14 4896/5084/14
f 4917/5104/14 4898/5086/14 4897/5085/14
f 4918/5105/14 4899/5087/14 4898/5086/14
f 4919/5106/14 4900/4687/14 4899/5087/14
f 2676/5107/14 4901/5088/14 2741/2796/14
f 2781/5108/14 4902/5089/14 4901/5088/14
f 2782/5109/14 4903/5090/14 4902/5089/14
f 2783/5110/14 4904/5091/14 4903/5090/14
f 2784/5111/14 4905/5092/14 4904/5091/14
f 2785/5112/14 4906/5093/14 4905/5092/14
f 2786/5113/14 4907/5094/14 4906/5093/14
f 2787/5114/14 4908/5095/14 4907/5094/14
f 2788/5115/14 4909/5096/14 4908/5095/14
f 2789/5116/14 4910/5097/14 4909/5096/14
f 2790/5117/14 4911/5098/14 4910/5097/14
f 2791/5118/14 4912/5099/14 4911/5098/14
f 2792/5119/14 4913/5100/14 4912/5099/14
f 2793/5120/14 4914/5101/14 4913/5100/14
f 2794/5121/14 4915/5102/14 4914/5101/14
f 2795/5122/14 4916/5103/14 4915/5102/14
f 2796/5123/14 4917/5104/14 4916/5103/14
f 2797/5124/14 4918/5105/14 4917/5104/14
f 2798/5125/14 4919/5106/14 4918/5105/14
f 2799/5126/14 4920/2800/14 4919/5106/14
f 4940/5127/13 2675/4690/13 2681/5128/13
f 4960/5129/13 2760/4688/13 4940/5127/13
f 4980/5130/13 2759/4727/13 4960/5129/13
f 5000/5131/13 2758/4748/13 4980/5130/13
f 5020/5132/13 2757/4768/13 5000/5131/13
f 5040/5133/13 2756/4788/13 5020/5132/13
f 5060/5134/13 2755/4808/13 5040/5133/13
f 5080/5135/13 2754/4828/13 5060/5134/13
f 5100/5136/13 2753/4848/13 5080/5135/13
f 5120/5137/13 2752/4868/13 5100/5136/13
f 5140/5138/13 2751/4888/13 5120/5137/13
f 5160/5139/13 2750/4908/13 5140/5138/13
f 5180/5140/13 2749/4928/13 5160/5139/13
f 5200/5141/13 2748/4948/13 5180/5140/13
f 5220/5142/13 2747/4968/13 5200/5141/13
f 5240/5143/13 2746/4988/13 5220/5142/13
f 5260/5144/13 2745/5008/13 5240/5143/13
f 5280/5145/13 2744/5028/13 5260/5144/13
f 5300/5146/13 2743/5048/13 5280/5145/13
f 5320/2797/13 2742/5068/13 5300/5146/13
f 2701/5147/13 2700/5148/13 2673/5149/13
f 2700/5148/13 4922/5150/13 2699/5151/13
f 2699/5151/13 4923/5152/13 2698/5153/13
f 2698/5153/13 4924/5154/13 2697/5155/13
f 2697/5155/13 4925/5156/13 2696/5157/13
f 2696/5157/13 4926/5158/13 2695/5159/13
f 2695/5159/13 4927/5160/13 2694/5161/13
f 2694/5161/13 4928/5162/13 2693/5163/13
f 2693/5163/13 4929/5164/13 2692/5165/13
f 2692/5165/13 4930/5166/13 2691/5167/13
f 2691/5167/13 4931/5168/13 2690/5169/13
f 2690/5169/13 4932/5170/13 2689/5171/13
f 2689/5171/13 4933/5172/13 2688/5173/13
f 2688/5173/13 4934/5174/13 2687/5175/13
f 2687/5175/13 4935/5176/13 2686/5177/13
f 2686/5177/13 4936/5178/13 2685/5179/13
f 2685/5179/13 4937/5180/13 2684/5181/13
f 2684/5181/13 4938/5182/13 2683/5183/13
f 2683/5183/13 4939/5184/13 2682/5185/13
f 2682/5185/13 4940/5127/13 2681/5128/13
f 2702/5186/13 4921/5187/13 2701/5147/13
f 4941/5188/13 4922/5150/13 4921/5187/13
f 4942/5189/13 4923/5152/13 4922/5150/13
f 4943/5190/13 4924/5154/13 4923/5152/13
f 4944/5191/13 4925/5156/13 4924/5154/13
f 4945/5192/13 4926/5158/13 4925/5156/13
f 4946/5193/13 4927/5160/13 4926/5158/13
f 4947/5194/13 4928/5162/13 4927/5160/13
f 4948/5195/13 4929/5164/13 4928/5162/13
f 4949/5196/13 4930/5166/13 4929/5164/13
f 4950/5197/13 4931/5168/13 4930/5166/13
f 4951/5198/13 4932/5170/13 4931/5168/13
f 4952/5199/13 4933/5172/13 4932/5170/13
f 4953/5200/13 4934/5174/13 4933/5172/13
f 4954/5201/13 4935/5176/13 4934/5174/13
f 4955/5202/13 4936/5178/13 4935/5176/13
f 4956/5203/13 4937/5180/13 4936/5178/13
f 4957/5204/13 4938/5182/13 4937/5180/13
f 4958/5205/13 4939/5184/13 4938/5182/13
f 4959/5206/13 4940/5127/13 4939/5184/13
f 2703/5207/13 4941/5188/13 2702/5186/13
f 4961/5208/13 4942/5189/13 4941/5188/13
f 4962/5209/13 4943/5190/13 4942/5189/13
f 4963/5210/13 4944/5191/13 4943/5190/13
f 4964/5211/13 4945/5192/13 4944/5191/13
f 4965/5212/13 4946/5193/13 4945/5192/13
f 4966/5213/13 4947/5194/13 4946/5193/13
f 4967/5214/13 4948/5195/13 4947/5194/13
f 4968/5215/13 4949/5196/13 4948/5195/13
f 4969/5216/13 4950/5197/13 4949/5196/13
f 4970/5217/13 4951/5198/13 4950/5197/13
f 4971/5218/13 4952/5199/13 4951/5198/13
f 4972/5219/13 4953/5200/13 4952/5199/13
f 4973/5220/13 4954/5201/13 4953/5200/13
f 4974/5221/13 4955/5202/13 4954/5201/13
f 4975/5222/13 4956/5203/13 4955/5202/13
f 4976/5223/13 4957/5204/13 4956/5203/13
f 4977/5224/13 4958/5205/13 4957/5204/13
f 4978/5225/13 4959/5206/13 4958/5205/13
f 4979/5226/13 4960/5129/13 4959/5206/13
f 2704/5227/13 4961/5208/13 2703/5207/13
f 4981/5228/13 4962/5209/13 4961/5208/13
f 4982/5229/13 4963/5210/13 4962/5209/13
f 4983/5230/13 4964/5211/13 4963/5210/13
f 4984/5231/13 4965/5212/13 4964/5211/13
f 4985/5232/13 4966/5213/13 4965/5212/13
f 4986/5233/13 4967/5214/13 4966/5213/13
f 4987/5234/13 4968/5215/13 4967/5214/13
f 4988/5235/13 4969/5216/13 4968/5215/13
f 4989/5236/13 4970/5217/13 4969/5216/13
f 4990/5237/13 4971/5218/13 4970/5217/13
f 4991/5238/13 4972/5219/13 4971/5218/13
f 4992/5239/13 4973/5220/13 4972/5219/13
f 4993/5240/13 4974/5221/13 4973/5220/13
f 4994/5241/13 4975/5222/13 4974/5221/13
f 4995/5242/13 4976/5223/13 4975/5222/13
f 4996/5243/13 4977/5224/13 4976/5223/13
f 4997/5244/13 4978/5225/13 4977/5224/13
f 4998/5245/13 4979/5226/13 4978/5225/13
f 4999/5246/13 4980/5130/13 4979/5226/13
f 2705/5247/13 4981/5228/13 2704/5227/13
f 5001/5248/13 4982/5229/13 4981/5228/13
f 5002/5249/13 4983/5230/13 4982/5229/13
f 5003/5250/13 4984/5231/13 4983/5230/13
f 5004/5251/13 4985/5232/13 4984/5231/13
f 5005/5252/13 4986/5233/13 4985/5232/13
f 5006/5253/13 4987/5234/13 4986/5233/13
f 5007/5254/13 4988/5235/13 4987/5234/13
f 5008/5255/13 4989/5236/13 4988/5235/13
f 5009/5256/13 4990/5237/13 4989/5236/13
f 5010/5257/13 4991/5238/13 4990/5237/13
f 5011/5258/13 4992/5239/13 4991/5238/13
f 5012/5259/13 4993/5240/13 4992/5239/13
f 5013/5260/13 4994/5241/13 4993/5240/13
f 5014/5261/13 4995/5242/13 4994/5241/13
f 5015/5262/13 4996/5243/13 4995/5242/13
f 5016/5263/13 4997/5244/13 4996/5243/13
f 5017/5264/13 4998/5245/13 4997/5244/13
f 5018/5265/13 4999/5246/13 4998/5245/13
f 5019/5266/13 5000/5131/13 4999/5246/13
f 2706/5267/13 5001/5248/13 2705/5247/13
f 5021/5268/13 5002/5249/13 5001/5248/13
f 5022/5269/13 5003/5250/13 5002/5249/13
f 5023/5270/13 5004/5251/13 5003/5250/13
f 5024/5271/13 5005/5252/13 5004/5251/13
f 5025/5272/13 5006/5253/13 5005/5252/13
f 5026/5273/13 5007/5254/13 5006/5253/13
f 5027/5274/13 5008/5255/13 5007/5254/13
f 5028/5275/13 5009/5256/13 5008/5255/13
f 5029/5276/13 5010/5257/13 5009/5256/13
f 5030/5277/13 5011/5258/13 5010/5257/13
f 5031/5278/13 5012/5259/13 5011/5258/13
f 5032/5279/13 5013/5260/13 5012/5259/13
f 5033/5280/13 5014/5261/13 5013/5260/13
f 5034/5281/13 5015/5262/13 5014/5261/13
f 5035/5282/13 5016/5263/13 5015/5262/13
f 5036/5283/13 5017/5264/13 5016/5263/13
f 5037/5284/13 5018/5265/13 5017/5264/13
f 5038/5285/13 5019/5266/13 5018/5265/13
f 5039/5286/13 5020/5132/13 5019/5266/13
f 2707/5287/13 5021/5268/13 2706/5267/13
f 5041/5288/13 5022/5269/13 5021/5268/13
f 5042/5289/13 5023/5270/13 5022/5269/13
f 5043/5290/13 5024/5271/13 5023/5270/13
f 5044/5291/13 5025/5272/13 5024/5271/13
f 5045/5292/13 5026/5273/13 5025/5272/13
f 5046/5293/13 5027/5274/13 5026/5273/13
f 5047/5294/13 5028/5275/13 5027/5274/13
f 5048/5295/13 5029/5276/13 5028/5275/13
f 5049/5296/13 5030/5277/13 5029/5276/13
f 5050/5297/13 5031/5278/13 5030/5277/13
f 5051/5298/13 5032/5279/13 5031/5278/13
f 5052/5299/13 5033/5280/13 5032/5279/13
f 5053/5300/13 5034/5281/13 5033/5280/13
f 5054/5301/13 5035/5282/13 5034/5281/13
f 5055/5302/13 5036/5283/13 5035/5282/13
f 5056/5303/13 5037/5284/13 5036/5283/13
f 5057/5304/13 5038/5285/13 5037/5284/13
f 5058/5305/13 5039/5286/13 5038/5285/13
f 5059/5306/13 5040/5133/13 5039/5286/13
f 2708/5307/13 5041/5288/13 2707/5287/13
f 5061/5308/13 5042/5289/13 5041/5288/13
f 5062/5309/13 5043/5290/13 5042/5289/13
f 5063/5310/13 5044/5291/13 5043/5290/13
f 5064/5311/13 5045/5292/13 5044/5291/13
f 5065/5312/13 5046/5293/13 5045/5292/13
f 5066/5313/13 5047/5294/13 5046/5293/13
f 5067/5314/13 5048/5295/13 5047/5294/13
f 5068/5315/13 5049/5296/13 5048/5295/13
f 5069/5316/13 5050/5297/13 5049/5296/13
f 5070/5317/13 5051/5298/13 5050/5297/13
f 5071/5318/13 5052/5299/13 5051/5298/13
f 5072/5319/13 5053/5300/13 5052/5299/13
f 5073/5320/13 5054/5301/13 5053/5300/13
f 5074/5321/13 5055/5302/13 5054/5301/13
f 5075/5322/13 5056/5303/13 5055/5302/13
f 5076/5323/13 5057/5304/13 5056/5303/13
f 5077/5324/13 5058/5305/13 5057/5304/13
f 5078/5325/13 5059/5306/13 5058/5305/13
f 5079/5326/13 5060/5134/13 5059/5306/13
f 2709/5327/13 5061/5308/13 2708/5307/13
f 5081/5328/13 5062/5309/13 5061/5308/13
f 5082/5329/13 5063/5310/13 5062/5309/13
f 5083/5330/13 5064/5311/13 5063/5310/13
f 5084/5331/13 5065/5312/13 5064/5311/13
f 5085/5332/13 5066/5313/13 5065/5312/13
f 5086/5333/13 5067/5314/13 5066/5313/13
f 5087/5334/13 5068/5315/13 5067/5314/13
f 5088/5335/13 5069/5316/13 5068/5315/13
f 5089/5336/13 5070/5317/13 5069/5316/13
f 5090/5337/13 5071/5318/13 5070/5317/13
f 5091/5338/13 5072/5319/13 5071/5318/13
f 5092/5339/13 5073/5320/13 5072/5319/13
f 5093/5340/13 5074/5321/13 5073/5320/13
f 5094/5341/13 5075/5322/13 5074/5321/13
f 5095/5342/13 5076/5323/13 5075/5322/13
f 5096/5343/13 5077/5324/13 5076/5323/13
f 5097/5344/13 5078/5325/13 5077/5324/13
f 5098/5345/13 5079/5326/13 5078/5325/13
f 5099/5346/13 5080/5135/13 5079/5326/13
f 2710/5347/13 5081/5328/13 2709/5327/13
f 5101/5348/13 5082/5329/13 5081/5328/13
f 5102/5349/13 5083/5330/13 5082/5329/13
f 5103/5350/13 5084/5331/13 5083/5330/13
f 5104/5351/13 5085/5332/13 5084/5331/13
f 5105/5352/13 5086/5333/13 5085/5332/13
f 5106/5353/13 5087/5334/13 5086/5333/13
f 5107/5354/13 5088/5335/13 5087/5334/13
f 5108/5355/13 5089/5336/13 5088/5335/13
f 5109/5356/13 5090/5337/13 5089/5336/13
f 5110/5357/13 5091/5338/13 5090/5337/13
f 5111/5358/13 5092/5339/13 5091/5338/13
f 5112/5359/13 5093/5340/13 5092/5339/13
f 5113/5360/13 5094/5341/13 5093/5340/13
f 5114/5361/13 5095/5342/13 5094/5341/13
f 5115/5362/13 5096/5343/13 5095/5342/13
f 5116/5363/13 5097/5344/13 5096/5343/13
f 5117/5364/13 5098/5345/13 5097/5344/13
f 5118/5365/13 5099/5346/13 5098/5345/13
f 5119/5366/13 5100/5136/13 5099/5346/13
f 2711/5367/13 5101/5348/13 2710/5347/13
f 5121/5368/13 5102/5349/13 5101/5348/13
f 5122/5369/13 5103/5350/13 5102/5349/13
f 5123/5370/13 5104/5351/13 5103/5350/13
f 5124/5371/13 5105/5352/13 5104/5351/13
f 5125/5372/13 5106/5353/13 5105/5352/13
f 5126/5373/13 5107/5354/13 5106/5353/13
f 5127/5374/13 5108/5355/13 5107/5354/13
f 5128/5375/13 5109/5356/13 5108/5355/13
f 5129/5376/13 5110/5357/13 5109/5356/13
f 5130/5377/13 5111/5358/13 5110/5357/13
f 5131/5378/13 5112/5359/13 5111/5358/13
f 5132/5379/13 5113/5360/13 5112/5359/13
f 5133/5380/13 5114/5361/13 5113/5360/13
f 5134/5381/13 5115/5362/13 5114/5361/13
f 5135/5382/13 5116/5363/13 5115/5362/13
f 5136/5383/13 5117/5364/13 5116/5363/13
f 5137/5384/13 5118/5365/13 5117/5364/13
f 5138/5385/13 5119/5366/13 5118/5365/13
f 5139/5386/13 5120/5137/13 5119/5366/13
f 2712/5387/13 5121/5368/13 2711/5367/13
f 5141/5388/13 5122/5369/13 5121/5368/13
f 5142/5389/13 5123/5370/13 5122/5369/13
f 5143/5390/13 5124/5371/13 5123/5370/13
f 5144/5391/13 5125/5372/13 5124/5371/13
f 5145/5392/13 5126/5373/13 5125/5372/13
f 5146/5393/13 5127/5374/13 5126/5373/13
f 5147/5394/13 5128/5375/13 5127/5374/13
f 5148/5395/13 5129/5376/13 5128/5375/13
f 5149/5396/13 5130/5377/13 5129/5376/13
f 5150/5397/13 5131/5378/13 5130/5377/13
f 5151/5398/13 5132/5379/13 5131/5378/13
f 5152/5399/13 5133/5380/13 5132/5379/13
f 5153/5400/13 5134/5381/13 5133/5380/13
f 5154/5401/13 5135/5382/13 5134/5381/13
f 5155/5402/13 5136/5383/13 5135/5382/13
f 5156/5403/13 5137/5384/13 5136/5383/13
f 5157/5404/13 5138/5385/13 5137/5384/13
f 5158/5405/13 5139/5386/13 5138/5385/13
f 5159/5406/13 5140/5138/13 5139/5386/13
f 2713/5407/13 5141/5388/13 2712/5387/13
f 5161/5408/13 5142/5389/13 5141/5388/13
f 5162/5409/13 5143/5390/13 5142/5389/13
f 5163/5410/13 5144/5391/13 5143/5390/13
f 5164/5411/13 5145/5392/13 5144/5391/13
f 5165/5412/13 5146/5393/13 5145/5392/13
f 5166/5413/13 5147/5394/13 5146/5393/13
f 5167/5414/13 5148/5395/13 5147/5394/13
f 5168/5415/13 5149/5396/13 5148/5395/13
f 5169/5416/13 5150/5397/13 5149/5396/13
f 5170/5417/13 5151/5398/13 5150/5397/13
f 5171/5418/13 5152/5399/13 5151/5398/13
f 5172/5419/13 5153/5400/13 5152/5399/13
f 5173/5420/13 5154/5401/13 5153/5400/13
f 5174/5421/13 5155/5402/13 5154/5401/13
f 5175/5422/13 5156/5403/13 5155/5402/13
f 5176/5423/13 5157/5404/13 5156/5403/13
f 5177/5424/13 5158/5405/13 5157/5404/13
f 5178/5425/13 5159/5406/13 5158/5405/13
f 5179/5426/13 5160/5139/13 5159/5406/13
f 2714/5427/13 5161/5408/13 2713/5407/13
f 5181/5428/13 5162/5409/13 5161/5408/13
f 5182/5429/13 5163/5410/13 5162/5409/13
f 5183/5430/13 5164/5411/13 5163/5410/13
f 5184/5431/13 5165/5412/13 5164/5411/13
f 5185/5432/13 5166/5413/13 5165/5412/13
f 5186/5433/13 5167/5414/13 5166/5413/13
f 5187/5434/13 5168/5415/13 5167/5414/13
f 5188/5435/13 5169/5416/13 5168/5415/13
f 5189/5436/13 5170/5417/13 5169/5416/13
f 5190/5437/13 5171/5418/13 5170/5417/13
f 5191/5438/13 5172/5419/13 5171/5418/13
f 5192/5439/13 5173/5420/13 5172/5419/13
f 5193/5440/13 5174/5421/13 5173/5420/13
f 5194/5441/13 5175/5422/13 5174/5421/13
f 5195/5442/13 5176/5423/13 5175/5422/13
f 5196/5443/13 5177/5424/13 5176/5423/13
f 5197/5444/13 5178/5425/13 5177/5424/13
f 5198/5445/13 5179/5426/13 5178/5425/13
f 5199/5446/13 5180/5140/13 5179/5426/13
f 2715/5447/13 5181/5428/13 2714/5427/13
f 5201/5448/13 5182/5429/13 5181/5428/13
f 5202/5449/13 5183/5430/13 5182/5429/13
f 5203/5450/13 5184/5431/13 5183/5430/13
f 5204/5451/13 5185/5432/13 5184/5431/13
f 5205/5452/13 5186/5433/13 5185/5432/13
f 5206/5453/13 5187/5434/13 5186/5433/13
f 5207/5454/13 5188/5435/13 5187/5434/13
f 5208/5455/13 5189/5436/13 5188/5435/13
f 5209/5456/13 5190/5437/13 5189/5436/13
f 5210/5457/13 5191/5438/13 5190/5437/13
f 5211/5458/13 5192/5439/13 5191/5438/13
f 5212/5459/13 5193/5440/13 5192/5439/13
f 5213/5460/13 5194/5441/13 5193/5440/13
f 5214/5461/13 5195/5442/13 5194/5441/13
f 5215/5462/13 5196/5443/13 5195/5442/13
f 5216/5463/13 5197/5444/13 5196/5443/13
f 5217/5464/13 5198/5445/13 5197/5444/13
f 5218/5465/13 5199/5446/13 5198/5445/13
f 5219/5466/13 5200/5141/13 5199/5446/13
f 2716/5467/13 5201/5448/13 2715/5447/13
f 5221/5468/13 5202/5449/13 5201/5448/13
f 5222/5469/13 5203/5450/13 5202/5449/13
f 5223/5470/13 5204/5451/13 5203/5450/13
f 5224/5471/13 5205/5452/13 5204/5451/13
f 5225/5472/13 5206/5453/13 5205/5452/13
f 5226/5473/13 5207/5454/13 5206/5453/13
f 5227/5474/13 5208/5455/13 5207/5454/13
f 5228/5475/13 5209/5456/13 5208/5455/13
f 5229/5476/13 5210/5457/13 5209/5456/13
f 5230/5477/13 5211/5458/13 5210/5457/13
f 5231/5478/13 5212/5459/13 5211/5458/13
f 5232/5479/13 5213/5460/13 5212/5459/13
f 5233/5480/13 5214/5461/13 5213/5460/13
f 5234/5481/13 5215/5462/13 5214/5461/13
f 5235/5482/13 5216/5463/13 5215/5462/13
f 5236/5483/13 5217/5464/13 5216/5463/13
f 5237/5484/13 5218/5465/13 5217/5464/13
f 5238/5485/13 5219/5466/13 5218/5465/13
f 5239/5486/13 5220/5142/13 5219/5466/13
f 2717/5487/13 5221/5468/13 2716/5467/13
f 5241/5488/13 5222/5469/13 5221/5468/13
f 5242/5489/13 5223/5470/13 5222/5469/13
f 5243/5490/13 5224/5471/13 5223/5470/13
f 5244/5491/13 5225/5472/13 5224/5471/13
f 5245/5492/13 5226/5473/13 5225/5472/13
f 5246/5493/13 5227/5474/13 5226/5473/13
f 5247/5494/13 5228/5475/13 5227/5474/13
f 5248/5495/13 5229/5476/13 5228/5475/13
f 5249/5496/13 5230/5477/13 5229/5476/13
f 5250/5497/13 5231/5478/13 5230/5477/13
f 5251/5498/13 5232/5479/13 5231/5478/13
f 5252/5499/13 5233/5480/13 5232/5479/13
f 5253/5500/13 5234/5481/13 5233/5480/13
f 5254/5501/13 5235/5482/13 5234/5481/13
f 5255/5502/13 5236/5483/13 5235/5482/13
f 5256/5503/13 5237/5484/13 5236/5483/13
f 5257/5504/13 5238/5485/13 5237/5484/13
f 5258/5505/13 5239/5486/13 5238/5485/13
f 5259/5506/13 5240/5143/13 5239/5486/13
f 2718/5507/13 5241/5488/13 2717/5487/13
f 5261/5508/13 5242/5489/13 5241/5488/13
f 5262/5509/13 5243/5490/13 5242/5489/13
f 5263/5510/13 5244/5491/13 5243/5490/13
f 5264/5511/13 5245/5492/13 5244/5491/13
f 5265/5512/13 5246/5493/13 5245/5492/13
f 5266/5513/13 5247/5494/13 5246/5493/13
f 5267/5514/13 5248/5495/13 5247/5494/13
f 5268/5515/13 5249/5496/13 5248/5495/13
f 5269/5516/13 5250/5497/13 5249/5496/13
f 5270/5517/13 5251/5498/13 5250/5497/13
f 5271/5518/13 5252/5499/13 5251/5498/13
f 5272/5519/13 5253/5500/13 5252/5499/13
f 5273/5520/13 5254/5501/13 5253/5500/13
f 5274/5521/13 5255/5502/13 5254/5501/13
f 5275/5522/13 5256/5503/13 5255/5502/13
f 5276/5523/13 5257/5504/13 5256/5503/13
f 5277/5524/13 5258/5505/13 5257/5504/13
f 5278/5525/13 5259/5506/13 5258/5505/13
f 5279/5526/13 5260/5144/13 5259/5506/13
f 2719/5527/13 5261/5508/13 2718/5507/13
f 5281/5528/13 5262/5509/13 5261/5508/13
f 5282/5529/13 5263/5510/13 5262/5509/13
f 5283/5530/13 5264/5511/13 5263/5510/13
f 5284/5531/13 5265/5512/13 5264/5511/13
f 5285/5532/13 5266/5513/13 5265/5512/13
f 5286/5533/13 5267/5514/13 5266/5513/13
f 5287/5534/13 5268/5515/13 5267/5514/13
f 5288/5535/13 5269/5516/13 5268/5515/13
f 5289/5536/13 5270/5517/13 5269/5516/13
f 5290/5537/13 5271/5518/13 5270/5517/13
f 5291/5538/13 5272/5519/13 5271/5518/13
f 5292/5539/13 5273/5520/13 5272/5519/13
f 5293/5540/13 5274/5521/13 5273/5520/13
f 5294/5541/13 5275/5522/13 5274/5521/13
f 5295/5542/13 5276/5523/13 5275/5522/13
f 5296/5543/13 5277/5524/13 5276/5523/13
f 5297/5544/13 5278/5525/13 5277/5524/13
f 5298/5545/13 5279/5526/13 5278/5525/13
f 5299/5546/13 5280/5145/13 5279/5526/13
f 2720/5547/13 5281/5528/13 2719/5527/13
f 5301/5548/13 5282/5529/13 5281/5528/13
f 5302/5549/13 5283/5530/13 5282/5529/13
f 5303/5550/13 5284/5531/13 5283/5530/13
f 5304/5551/13 5285/5532/13 5284/5531/13
f 5305/5552/13 5286/5533/13 5285/5532/13
f 5306/5553/13 5287/5534/13 5286/5533/13
f 5307/5554/13 5288/5535/13 5287/5534/13
f 5308/5555/13 5289/5536/13 5288/5535/13
f 5309/5556/13 5290/5537/13 5289/5536/13
f 5310/5557/13 5291/5538/13 5290/5537/13
f 5311/5558/13 5292/5539/13 5291/5538/13
f 5312/5559/13 5293/5540/13 5292/5539/13
f 5313/5560/13 5294/5541/13 5293/5540/13
f 5314/5561/13 5295/5542/13 5294/5541/13
f 5315/5562/13 5296/5543/13 5295/5542/13
f 5316/5563/13 5297/5544/13 5296/5543/13
f 5317/5564/13 5298/5545/13 5297/5544/13
f 5318/5565/13 5299/5546/13 5298/5545/13
f 5319/5566/13 5300/5146/13 5299/5546/13
f 2674/5567/13 5301/5548/13 2720/5547/13
f 2721/5568/13 5302/5549/13 5301/5548/13
f 2722/5569/13 5303/5550/13 5302/5549/13
f 2723/5570/13 5304/5551/13 5303/5550/13
f 2724/5571/13 5305/5552/13 5304/5551/13
f 2725/5572/13 5306/5553/13 5305/5552/13
f 2726/5573/13 5307/5554/13 5306/5553/13
f 2727/5574/13 5308/5555/13 5307/5554/13
f 2728/5575/13 5309/5556/13 5308/5555/13
f 2729/5576/13 5310/5557/13 5309/5556/13
f 2730/5577/13 5311/5558/13 5310/5557/13
f 2731/5578/13 5312/5559/13 5311/5558/13
f 2732/5579/13 5313/5560/13 5312/5559/13
f 2733/5580/13 5314/5561/13 5313/5560/13
f 2734/5581/13 5315/5562/13 5314/5561/13
f 2735/5582/13 5316/5563/13 5315/5562/13
f 2736/5583/13 5317/5564/13 5316/5563/13
f 2737/5584/13 5318/5565/13 5317/5564/13
f 2738/5585/13 5319/5566/13 5318/5565/13
f 2739/5586/13 5320/2797/13 5319/5566/13
f 2740/2795/13 2676/5107/13 2741/2796/13
f 2800/2798/14 2680/2854/14 2801/2799/14
f 2860/2801/15 2678/2814/15 2861/2802/15
f 2920/2804/16 2674/5587/16 2720/2805/16
f 2821/2807/17 2677/3814/17 2900/2808/17
f 2721/2810/18 2674/5588/18 2920/2811/18
f 2940/2813/18 2901/2816/18 2678/2814/18
f 2960/2815/18 2902/2818/18 2901/2816/18
f 2980/2817/18 2903/2820/18 2902/2818/18
f 3000/2819/18 2904/2822/18 2903/2820/18
f 3020/2821/18 2905/2824/18 2904/2822/18
f 3040/2823/18 2906/2826/18 2905/2824/18
f 3060/2825/18 2907/2828/18 2906/2826/18
f 3080/2827/18 2908/2830/18 2907/2828/18
f 3100/2829/18 2909/2832/18 2908/2830/18
f 3100/2829/18 3120/2833/18 2910/2831/18
f 3120/2833/18 3140/2835/18 2911/2834/18
f 3140/2835/18 3160/2837/18 2912/2836/18
f 3160/2837/18 3180/2839/18 2913/2838/18
f 3180/2839/18 3200/2841/18 2914/2840/18
f 3200/2841/18 3220/2843/18 2915/2842/18
f 3220/2843/18 3240/2845/18 2916/2844/18
f 3240/2845/18 3260/2847/18 2917/2846/18
f 3260/2847/18 3280/2849/18 2918/2848/18
f 3280/2849/18 3300/2851/18 2919/2850/18
f 3300/2851/18 3320/2812/18 2920/2811/18
f 2800/2852/18 2921/2855/18 2841/2853/18
f 2921/2855/18 2922/2857/18 2842/2856/18
f 2922/2857/18 2923/2859/18 2843/2858/18
f 2923/2859/18 2924/2861/18 2844/2860/18
f 2924/2861/18 2925/2863/18 2845/2862/18
f 2925/2863/18 2926/2865/18 2846/2864/18
f 2926/2865/18 2927/2867/18 2847/2866/18
f 2927/2867/18 2928/2869/18 2848/2868/18
f 2928/2869/18 2929/2871/18 2849/2870/18
f 2929/2871/18 2930/2873/18 2850/2872/18
f 2930/2873/18 2931/2875/18 2851/2874/18
f 2931/2875/18 2932/2877/18 2852/2876/18
f 2932/2877/18 2933/2879/18 2853/2878/18
f 2933/2879/18 2934/2881/18 2854/2880/18
f 2934/2881/18 2935/2883/18 2855/2882/18
f 2935/2883/18 2936/2885/18 2856/2884/18
f 2936/2885/18 2937/2887/18 2857/2886/18
f 2937/2887/18 2938/2889/18 2858/2888/18
f 2938/2889/18 2939/2891/18 2859/2890/18
f 2939/2891/18 2940/2813/18 2860/2801/18
f 2800/2852/18 2799/2912/18 2941/2892/18
f 2921/2855/18 2941/2892/18 2942/2893/18
f 2922/2857/18 2942/2893/18 2943/2894/18
f 2923/2859/18 2943/2894/18 2944/2895/18
f 2924/2861/18 2944/2895/18 2945/2896/18
f 2925/2863/18 2945/2896/18 2946/2897/18
f 2926/2865/18 2946/2897/18 2947/2898/18
f 2927/2867/18 2947/2898/18 2948/2899/18
f 2928/2869/18 2948/2899/18 2949/2900/18
f 2929/2871/18 2949/2900/18 2950/2901/18
f 2930/2873/18 2950/2901/18 2951/2902/18
f 2931/2875/18 2951/2902/18 2952/2903/18
f 2932/2877/18 2952/2903/18 2953/2904/18
f 2953/2904/18 2954/2905/18 2934/2881/18
f 2954/2905/18 2955/2906/18 2935/2883/18
f 2955/2906/18 2956/2907/18 2936/2885/18
f 2956/2907/18 2957/2908/18 2937/2887/18
f 2957/2908/18 2958/2909/18 2938/2889/18
f 2958/2909/18 2959/2910/18 2939/2891/18
f 2959/2910/18 2960/2815/18 2940/2813/18
f 2798/2911/18 2961/2913/18 2941/2892/18
f 2961/2913/18 2962/2914/18 2942/2893/18
f 2962/2914/18 2963/2915/18 2943/2894/18
f 2963/2915/18 2964/2916/18 2944/2895/18
f 2964/2916/18 2965/2917/18 2945/2896/18
f 2965/2917/18 2966/2918/18 2946/2897/18
f 2966/2918/18 2967/2919/18 2947/2898/18
f 2967/2919/18 2968/2920/18 2948/2899/18
f 2968/2920/18 2969/2921/18 2949/2900/18
f 2969/2921/18 2970/2922/18 2950/2901/18
f 2970/2922/18 2971/2923/18 2951/2902/18
f 2971/2923/18 2972/2943/18 2952/2903/18
f 2952/2903/18 2972/2943/18 2973/2924/18
f 2953/2904/18 2973/2924/18 2974/2925/18
f 2954/2905/18 2974/2925/18 2975/2926/18
f 2955/2906/18 2975/2926/18 2976/2927/18
f 2976/2927/18 2977/2928/18 2957/2908/18
f 2977/2928/18 2978/2929/18 2958/2909/18
f 2978/2929/18 2979/2930/18 2959/2910/18
f 2979/2930/18 2980/2817/18 2960/2815/18
f 2797/2931/18 2981/2932/18 2961/2913/18
f 2981/2932/18 2982/2933/18 2962/2914/18
f 2982/2933/18 2983/2934/18 2963/2915/18
f 2983/2934/18 2984/2935/18 2964/2916/18
f 2984/2935/18 2985/2936/18 2965/2917/18
f 2985/2936/18 2986/2937/18 2966/2918/18
f 2986/2937/18 2987/2938/18 2967/2919/18
f 2987/2938/18 2988/2939/18 2968/2920/18
f 2988/2939/18 2989/2940/18 2969/2921/18
f 2989/2940/18 2990/2941/18 2970/2922/18
f 2990/2941/18 2991/2942/18 2971/2923/18
f 2991/2942/18 2992/2944/18 2972/2943/18
f 2992/2944/18 2993/2945/18 2973/2924/18
f 2993/2945/18 2994/2946/18 2974/2925/18
f 2994/2946/18 2995/2965/18 2975/2926/18
f 2975/2926/18 2995/2965/18 2996/2947/18
f 2976/2927/18 2996/2947/18 2997/2948/18
f 2977/2928/18 2997/2948/18 2998/2949/18
f 2978/2929/18 2998/2949/18 2999/2950/18
f 2999/2950/18 3000/2819/18 2980/2817/18
f 2797/2931/18 2796/2970/18 3001/2951/18
f 3001/2951/18 3002/2952/18 2982/2933/18
f 3002/2952/18 3003/2953/18 2983/2934/18
f 3003/2953/18 3004/2954/18 2984/2935/18
f 3004/2954/18 3005/2955/18 2985/2936/18
f 3005/2955/18 3006/2956/18 2986/2937/18
f 3006/2956/18 3007/2957/18 2987/2938/18
f 3007/2957/18 3008/2958/18 2988/2939/18
f 3008/2958/18 3009/2959/18 2989/2940/18
f 3009/2959/18 3010/2960/18 2990/2941/18
f 3010/2960/18 3011/2961/18 2991/2942/18
f 3011/2961/18 3012/2962/18 2992/2944/18
f 3012/2962/18 3013/2963/18 2993/2945/18
f 3013/2963/18 3014/2964/18 2994/2946/18
f 3014/2964/18 3015/2966/18 2995/2965/18
f 3015/2966/18 3016/2967/18 2996/2947/18
f 3016/2967/18 3017/2968/18 2997/2948/18
f 3017/2968/18 3018/2987/18 2998/2949/18
f 2998/2949/18 3018/2987/18 3019/2969/18
f 2999/2950/18 3019/2969/18 3020/2821/18
f 2796/2970/18 2795/2989/18 3021/2971/18
f 3001/2951/18 3021/2971/18 3022/2972/18
f 3002/2952/18 3022/2972/18 3023/2973/18
f 3003/2953/18 3023/2973/18 3024/2974/18
f 3004/2954/18 3024/2974/18 3025/2975/18
f 3005/2955/18 3025/2975/18 3026/2976/18
f 3006/2956/18 3026/2976/18 3027/2977/18
f 3027/2977/18 3028/2978/18 3008/2958/18
f 3028/2978/18 3029/2979/18 3009/2959/18
f 3029/2979/18 3030/2999/18 3010/2960/18
f 3010/2960/18 3030/2999/18 3031/2980/18
f 3031/2980/18 3032/2981/18 3012/2962/18
f 3032/2981/18 3033/2982/18 3013/2963/18
f 3033/2982/18 3034/2983/18 3014/2964/18
f 3034/2983/18 3035/2984/18 3015/2966/18
f 3035/2984/18 3036/2985/18 3016/2967/18
f 3036/2985/18 3037/2986/18 3017/2968/18
f 3037/2986/18 3038/2988/18 3018/2987/18
f 3038/2988/18 3039/3008/18 3019/2969/18
f 3019/2969/18 3039/3008/18 3040/2823/18
f 2795/2989/18 2794/3009/18 3041/2990/18
f 3021/2971/18 3041/2990/18 3042/2991/18
f 3022/2972/18 3042/2991/18 3043/2992/18
f 3043/2992/18 3044/2993/18 3024/2974/18
f 3044/2993/18 3045/2994/18 3025/2975/18
f 3045/2994/18 3046/2995/18 3026/2976/18
f 3046/2995/18 3047/2996/18 3027/2977/18
f 3047/2996/18 3048/2997/18 3028/2978/18
f 3048/2997/18 3049/2998/18 3029/2979/18
f 3049/2998/18 3050/3019/18 3030/2999/18
f 3030/2999/18 3050/3019/18 3051/3000/18
f 3031/2980/18 3051/3000/18 3052/3001/18
f 3032/2981/18 3052/3001/18 3053/3002/18
f 3033/2982/18 3053/3002/18 3054/3003/18
f 3054/3003/18 3055/3004/18 3035/2984/18
f 3055/3004/18 3056/3005/18 3036/2985/18
f 3056/3005/18 3057/3006/18 3037/2986/18
f 3057/3006/18 3058/3007/18 3038/2988/18
f 3058/3007/18 3059/3029/18 3039/3008/18
f 3039/3008/18 3059/3029/18 3060/2825/18
f 2794/3009/18 2793/3030/18 3061/3010/18
f 3041/2990/18 3061/3010/18 3062/3011/18
f 3042/2991/18 3062/3011/18 3063/3012/18
f 3043/2992/18 3063/3012/18 3064/3013/18
f 3044/2993/18 3064/3013/18 3065/3014/18
f 3065/3014/18 3066/3015/18 3046/2995/18
f 3066/3015/18 3067/3016/18 3047/2996/18
f 3067/3016/18 3068/3017/18 3048/2997/18
f 3068/3017/18 3069/3018/18 3049/2998/18
f 3069/3018/18 3070/3020/18 3050/3019/18
f 3070/3020/18 3071/3021/18 3051/3000/18
f 3071/3021/18 3072/3022/18 3052/3001/18
f 3072/3022/18 3073/3023/18 3053/3002/18
f 3073/3023/18 3074/3024/18 3054/3003/18
f 3074/3024/18 3075/3025/18 3055/3004/18
f 3075/3025/18 3076/3026/18 3056/3005/18
f 3076/3026/18 3077/3027/18 3057/3006/18
f 3077/3027/18 3078/3028/18 3058/3007/18
f 3078/3028/18 3079/3048/18 3059/3029/18
f 3059/3029/18 3079/3048/18 3080/2827/18
f 2793/3030/18 2792/3049/18 3081/3031/18
f 3061/3010/18 3081/3031/18 3082/3032/18
f 3062/3011/18 3082/3032/18 3083/3033/18
f 3063/3012/18 3083/3033/18 3084/3034/18
f 3064/3013/18 3084/3034/18 3085/3035/18
f 3065/3014/18 3085/3035/18 3086/3036/18
f 3066/3015/18 3086/3036/18 3087/3037/18
f 3067/3016/18 3087/3037/18 3088/3038/18
f 3088/3038/18 3089/3059/18 3069/3018/18
f 3069/3018/18 3089/3059/18 3090/3039/18
f 3070/3020/18 3090/3039/18 3091/3040/18
f 3071/3021/18 3091/3040/18 3092/3041/18
f 3072/3022/18 3092/3041/18 3093/3042/18
f 3093/3042/18 3094/3043/18 3074/3024/18
f 3094/3043/18 3095/3044/18 3075/3025/18
f 3095/3044/18 3096/3045/18 3076/3026/18
f 3096/3045/18 3097/3046/18 3077/3027/18
f 3097/3046/18 3098/3067/18 3078/3028/18
f 3078/3028/18 3098/3067/18 3099/3047/18
f 3079/3048/18 3099/3047/18 3100/2829/18
f 2792/3049/18 2791/3069/18 3101/3050/18
f 3081/3031/18 3101/3050/18 3102/3051/18
f 3082/3032/18 3102/3051/18 3103/3052/18
f 3083/3033/18 3103/3052/18 3104/3053/18
f 3084/3034/18 3104/3053/18 3105/3054/18
f 3085/3035/18 3105/3054/18 3106/3055/18
f 3086/3036/18 3106/3055/18 3107/3056/18
f 3087/3037/18 3107/3056/18 3108/3057/18
f 3088/3038/18 3108/3057/18 3109/3058/18
f 3089/3059/18 3109/3058/18 3110/3060/18
f 3090/3039/18 3110/3060/18 3111/3061/18
f 3091/3040/18 3111/3061/18 3112/3062/18
f 3092/3041/18 3112/3062/18 3113/3063/18
f 3113/3063/18 3114/3083/18 3094/3043/18
f 3094/3043/18 3114/3083/18 3115/3064/18
f 3095/3044/18 3115/3064/18 3116/3065/18
f 3116/3065/18 3117/3066/18 3097/3046/18
f 3117/3066/18 3118/3088/18 3098/3067/18
f 3098/3067/18 3118/3088/18 3119/3068/18
f 3099/3047/18 3119/3068/18 3120/2833/18
f 2791/3069/18 2790/3090/18 3121/3070/18
f 3101/3050/18 3121/3070/18 3122/3071/18
f 3102/3051/18 3122/3071/18 3123/3072/18
f 3103/3052/18 3123/3072/18 3124/3073/18
f 3104/3053/18 3124/3073/18 3125/3074/18
f 3105/3054/18 3125/3074/18 3126/3075/18
f 3106/3055/18 3126/3075/18 3127/3076/18
f 3107/3056/18 3127/3076/18 3128/3077/18
f 3108/3057/18 3128/3077/18 3129/3078/18
f 3109/3058/18 3129/3078/18 3130/3079/18
f 3110/3060/18 3130/3079/18 3131/3080/18
f 3111/3061/18 3131/3080/18 3132/3081/18
f 3112/3062/18 3132/3081/18 3133/3082/18
f 3133/3082/18 3134/3105/18 3114/3083/18
f 3114/3083/18 3134/3105/18 3135/3084/18
f 3115/3064/18 3135/3084/18 3136/3085/18
f 3116/3065/18 3136/3085/18 3137/3086/18
f 3117/3066/18 3137/3086/18 3138/3087/18
f 3118/3088/18 3138/3087/18 3139/3089/18
f 3139/3089/18 3140/2835/18 3120/2833/18
f 2790/3090/18 2789/3112/18 3141/3091/18
f 3121/3070/18 3141/3091/18 3142/3092/18
f 3122/3071/18 3142/3092/18 3143/3093/18
f 3123/3072/18 3143/3093/18 3144/3094/18
f 3124/3073/18 3144/3094/18 3145/3095/18
f 3125/3074/18 3145/3095/18 3146/3096/18
f 3126/3075/18 3146/3096/18 3147/3097/18
f 3127/3076/18 3147/3097/18 3148/3098/18
f 3128/3077/18 3148/3098/18 3149/3099/18
f 3129/3078/18 3149/3099/18 3150/3100/18
f 3130/3079/18 3150/3100/18 3151/3101/18
f 3131/3080/18 3151/3101/18 3152/3102/18
f 3132/3081/18 3152/3102/18 3153/3103/18
f 3133/3082/18 3153/3103/18 3154/3104/18
f 3134/3105/18 3154/3104/18 3155/3106/18
f 3135/3084/18 3155/3106/18 3156/3107/18
f 3136/3085/18 3156/3107/18 3157/3108/18
f 3137/3086/18 3157/3108/18 3158/3109/18
f 3138/3087/18 3158/3109/18 3159/3110/18
f 3139/3089/18 3159/3110/18 3160/2837/18
f 2788/3111/18 3161/3113/18 3141/3091/18
f 3161/3113/18 3162/3114/18 3142/3092/18
f 3162/3114/18 3163/3115/18 3143/3093/18
f 3163/3115/18 3164/3116/18 3144/3094/18
f 3164/3116/18 3165/3117/18 3145/3095/18
f 3165/3117/18 3166/3118/18 3146/3096/18
f 3166/3118/18 3167/3119/18 3147/3097/18
f 3167/3119/18 3168/3120/18 3148/3098/18
f 3168/3120/18 3169/3140/18 3149/3099/18
f 3149/3099/18 3169/3140/18 3170/3121/18
f 3150/3100/18 3170/3121/18 3171/3122/18
f 3151/3101/18 3171/3122/18 3172/3123/18
f 3152/3102/18 3172/3123/18 3173/3124/18
f 3153/3103/18 3173/3124/18 3174/3125/18
f 3154/3104/18 3174/3125/18 3175/3126/18
f 3155/3106/18 3175/3126/18 3176/3127/18
f 3156/3107/18 3176/3127/18 3177/3128/18
f 3157/3108/18 3177/3128/18 3178/3129/18
f 3158/3109/18 3178/3129/18 3179/3130/18
f 3159/3110/18 3179/3130/18 3180/2839/18
f 2787/3131/18 3181/3132/18 3161/3113/18
f 3181/3132/18 3182/3133/18 3162/3114/18
f 3182/3133/18 3183/3134/18 3163/3115/18
f 3183/3134/18 3184/3135/18 3164/3116/18
f 3184/3135/18 3185/3136/18 3165/3117/18
f 3185/3136/18 3186/3137/18 3166/3118/18
f 3186/3137/18 3187/3138/18 3167/3119/18
f 3187/3138/18 3188/3139/18 3168/3120/18
f 3188/3139/18 3189/3141/18 3169/3140/18
f 3189/3141/18 3190/3142/18 3170/3121/18
f 3190/3142/18 3191/3162/18 3171/3122/18
f 3171/3122/18 3191/3162/18 3192/3143/18
f 3172/3123/18 3192/3143/18 3193/3144/18
f 3173/3124/18 3193/3144/18 3194/3145/18
f 3174/3125/18 3194/3145/18 3195/3146/18
f 3175/3126/18 3195/3146/18 3196/3147/18
f 3176/3127/18 3196/3147/18 3197/3148/18
f 3177/3128/18 3197/3148/18 3198/3149/18
f 3178/3129/18 3198/3149/18 3199/3150/18
f 3199/3150/18 3200/2841/18 3180/2839/18
f 2786/3151/18 3201/3152/18 3181/3132/18
f 3201/3152/18 3202/3153/18 3182/3133/18
f 3202/3153/18 3203/3154/18 3183/3134/18
f 3203/3154/18 3204/3155/18 3184/3135/18
f 3204/3155/18 3205/3156/18 3185/3136/18
f 3205/3156/18 3206/3157/18 3186/3137/18
f 3206/3157/18 3207/3158/18 3187/3138/18
f 3207/3158/18 3208/3178/18 3188/3139/18
f 3188/3139/18 3208/3178/18 3209/3159/18
f 3189/3141/18 3209/3159/18 3210/3160/18
f 3190/3142/18 3210/3160/18 3211/3161/18
f 3191/3162/18 3211/3161/18 3212/3163/18
f 3212/3163/18 3213/3164/18 3193/3144/18
f 3213/3164/18 3214/3185/18 3194/3145/18
f 3194/3145/18 3214/3185/18 3215/3165/18
f 3195/3146/18 3215/3165/18 3216/3166/18
f 3196/3147/18 3216/3166/18 3217/3167/18
f 3197/3148/18 3217/3167/18 3218/3168/18
f 3198/3149/18 3218/3168/18 3219/3169/18
f 3219/3169/18 3220/2843/18 3200/2841/18
f 2785/3170/18 3221/3171/18 3201/3152/18
f 3221/3171/18 3222/3172/18 3202/3153/18
f 3222/3172/18 3223/3173/18 3203/3154/18
f 3223/3173/18 3224/3174/18 3204/3155/18
f 3224/3174/18 3225/3175/18 3205/3156/18
f 3225/3175/18 3226/3176/18 3206/3157/18
f 3226/3176/18 3227/3177/18 3207/3158/18
f 3227/3177/18 3228/3179/18 3208/3178/18
f 3228/3179/18 3229/3180/18 3209/3159/18
f 3229/3180/18 3230/3181/18 3210/3160/18
f 3230/3181/18 3231/3182/18 3211/3161/18
f 3231/3182/18 3232/3183/18 3212/3163/18
f 3232/3183/18 3233/3184/18 3213/3164/18
f 3233/3184/18 3234/3186/18 3214/3185/18
f 3234/3186/18 3235/3187/18 3215/3165/18
f 3235/3187/18 3236/3207/18 3216/3166/18
f 3216/3166/18 3236/3207/18 3237/3188/18
f 3217/3167/18 3237/3188/18 3238/3189/18
f 3218/3168/18 3238/3189/18 3239/3190/18
f 3239/3190/18 3240/2845/18 3220/2843/18
f 2784/3191/18 3241/3192/18 3221/3171/18
f 3241/3192/18 3242/3193/18 3222/3172/18
f 3242/3193/18 3243/3194/18 3223/3173/18
f 3243/3194/18 3244/3195/18 3224/3174/18
f 3244/3195/18 3245/3196/18 3225/3175/18
f 3245/3196/18 3246/3197/18 3226/3176/18
f 3246/3197/18 3247/3198/18 3227/3177/18
f 3247/3198/18 3248/3199/18 3228/3179/18
f 3248/3199/18 3249/3200/18 3229/3180/18
f 3249/3200/18 3250/3201/18 3230/3181/18
f 3250/3201/18 3251/3202/18 3231/3182/18
f 3251/3202/18 3252/3203/18 3232/3183/18
f 3252/3203/18 3253/3204/18 3233/3184/18
f 3253/3204/18 3254/3205/18 3234/3186/18
f 3254/3205/18 3255/3206/18 3235/3187/18
f 3255/3206/18 3256/3208/18 3236/3207/18
f 3256/3208/18 3257/3228/18 3237/3188/18
f 3237/3188/18 3257/3228/18 3258/3209/18
f 3238/3189/18 3258/3209/18 3259/3210/18
f 3259/3210/18 3260/2847/18 3240/2845/18
f 2783/3211/18 3261/3212/18 3241/3192/18
f 3261/3212/18 3262/3213/18 3242/3193/18
f 3262/3213/18 3263/3214/18 3243/3194/18
f 3263/3214/18 3264/3215/18 3244/3195/18
f 3264/3215/18 3265/3216/18 3245/3196/18
f 3265/3216/18 3266/3217/18 3246/3197/18
f 3266/3217/18 3267/3218/18 3247/3198/18
f 3267/3218/18 3268/3219/18 3248/3199/18
f 3268/3219/18 3269/3220/18 3249/3200/18
f 3269/3220/18 3270/3221/18 3250/3201/18
f 3270/3221/18 3271/3222/18 3251/3202/18
f 3271/3222/18 3272/3223/18 3252/3203/18
f 3272/3223/18 3273/3224/18 3253/3204/18
f 3273/3224/18 3274/3225/18 3254/3205/18
f 3274/3225/18 3275/3226/18 3255/3206/18
f 3275/3226/18 3276/3227/18 3256/3208/18
f 3276/3227/18 3277/3229/18 3257/3228/18
f 3277/3229/18 3278/3249/18 3258/3209/18
f 3258/3209/18 3278/3249/18 3279/3230/18
f 3259/3210/18 3279/3230/18 3280/2849/18
f 2782/3231/18 3281/3232/18 3261/3212/18
f 3281/3232/18 3282/3233/18 3262/3213/18
f 3282/3233/18 3283/3234/18 3263/3214/18
f 3283/3234/18 3284/3235/18 3264/3215/18
f 3284/3235/18 3285/3236/18 3265/3216/18
f 3285/3236/18 3286/3237/18 3266/3217/18
f 3286/3237/18 3287/3238/18 3267/3218/18
f 3287/3238/18 3288/3239/18 3268/3219/18
f 3288/3239/18 3289/3240/18 3269/3220/18
f 3289/3240/18 3290/3241/18 3270/3221/18
f 3290/3241/18 3291/3242/18 3271/3222/18
f 3291/3242/18 3292/3243/18 3272/3223/18
f 3292/3243/18 3293/3244/18 3273/3224/18
f 3293/3244/18 3294/3245/18 3274/3225/18
f 3294/3245/18 3295/3246/18 3275/3226/18
f 3295/3246/18 3296/3247/18 3276/3227/18
f 3296/3247/18 3297/3248/18 3277/3229/18
f 3297/3248/18 3298/3250/18 3278/3249/18
f 3298/3250/18 3299/3251/18 3279/3230/18
f 3299/3251/18 3300/2851/18 3280/2849/18
f 2781/3252/18 3301/3253/18 3281/3232/18
f 3301/3253/18 3302/3254/18 3282/3233/18
f 3302/3254/18 3303/3255/18 3283/3234/18
f 3303/3255/18 3304/3256/18 3284/3235/18
f 3304/3256/18 3305/3257/18 3285/3236/18
f 3305/3257/18 3306/3258/18 3286/3237/18
f 3306/3258/18 3307/3259/18 3287/3238/18
f 3307/3259/18 3308/3260/18 3288/3239/18
f 3308/3260/18 3309/3261/18 3289/3240/18
f 3309/3261/18 3310/3262/18 3290/3241/18
f 3310/3262/18 3311/3263/18 3291/3242/18
f 3311/3263/18 3312/3264/18 3292/3243/18
f 3312/3264/18 3313/3265/18 3293/3244/18
f 3313/3265/18 3314/3266/18 3294/3245/18
f 3314/3266/18 3315/3267/18 3295/3246/18
f 3315/3267/18 3316/3268/18 3296/3247/18
f 3316/3268/18 3317/3269/18 3297/3248/18
f 3317/3269/18 3318/3270/18 3298/3250/18
f 3318/3270/18 3319/3271/18 3299/3251/18
f 3319/3271/18 3320/2812/18 3300/2851/18
f 2676/3272/18 2740/3273/18 3301/3253/18
f 2740/3273/18 2739/3274/18 3302/3254/18
f 2739/3274/18 2738/3275/18 3303/3255/18
f 2738/3275/18 2737/3276/18 3304/3256/18
f 2737/3276/18 2736/3277/18 3305/3257/18
f 2736/3277/18 2735/3278/18 3306/3258/18
f 2735/3278/18 2734/3279/18 3307/3259/18
f 2734/3279/18 2733/3280/18 3308/3260/18
f 2733/3280/18 2732/3281/18 3309/3261/18
f 2732/3281/18 2731/3282/18 3310/3262/18
f 2731/3282/18 2730/3283/18 3311/3263/18
f 2730/3283/18 2729/3284/18 3312/3264/18
f 2729/3284/18 2728/3285/18 3313/3265/18
f 2728/3285/18 2727/3286/18 3314/3266/18
f 2727/3286/18 2726/3287/18 3315/3267/18
f 2726/3287/18 2725/3288/18 3316/3268/18
f 2725/3288/18 2724/3289/18 3317/3269/18
f 2724/3289/18 2723/3290/18 3318/3270/18
f 2723/3290/18 2722/3291/18 3319/3271/18
f 2722/3291/18 2721/2810/18 3320/2812/18
f 3340/3292/17 2881/3296/17 2673/3293/17
f 3360/3295/17 2882/3298/17 2881/3296/17
f 3360/3295/17 3380/3299/17 2883/3297/17
f 3380/3299/17 3400/3301/17 2884/3300/17
f 3400/3301/17 3420/3303/17 2885/3302/17
f 3420/3303/17 3440/3305/17 2886/3304/17
f 3440/3305/17 3460/3307/17 2887/3306/17
f 3460/3307/17 3480/3309/17 2888/3308/17
f 3480/3309/17 3500/3312/17 2889/3310/17
f 3520/3311/17 2890/3314/17 2889/3310/17
f 3540/3313/17 2891/3316/17 2890/3314/17
f 3560/3315/17 2892/3318/17 2891/3316/17
f 3580/3317/17 2893/3320/17 2892/3318/17
f 3600/3319/17 2894/3322/17 2893/3320/17
f 3620/3321/17 2895/3324/17 2894/3322/17
f 3640/3323/17 2896/3326/17 2895/3324/17
f 3640/3323/17 3660/3327/17 2897/3325/17
f 3660/3327/17 3680/3329/17 2898/3328/17
f 3680/3329/17 3700/3331/17 2899/3330/17
f 3700/3331/17 3720/2809/17 2900/2808/17
f 2780/3332/17 3321/3335/17 2681/3333/17
f 3321/3335/17 3322/3337/17 2682/3336/17
f 3322/3337/17 3323/3339/17 2683/3338/17
f 3323/3339/17 3324/3374/17 2684/3340/17
f 2684/3340/17 3324/3374/17 3325/3341/17
f 2685/3342/17 3325/3341/17 3326/3343/17
f 2686/3344/17 3326/3343/17 3327/3345/17
f 2687/3346/17 3327/3345/17 3328/3347/17
f 2688/3348/17 3328/3347/17 3329/3349/17
f 2689/3350/17 3329/3349/17 3330/3351/17
f 3330/3351/17 3331/3354/17 2691/3353/17
f 3331/3354/17 3332/3356/17 2692/3355/17
f 3332/3356/17 3333/3358/17 2693/3357/17
f 3333/3358/17 3334/3360/17 2694/3359/17
f 3334/3360/17 3335/3362/17 2695/3361/17
f 3335/3362/17 3336/3364/17 2696/3363/17
f 3336/3364/17 3337/3366/17 2697/3365/17
f 3337/3366/17 3338/3368/17 2698/3367/17
f 3338/3368/17 3339/3390/17 2699/3369/17
f 2699/3369/17 3339/3390/17 3340/3292/17
f 2779/3370/17 3341/3371/17 3321/3335/17
f 3341/3371/17 3342/3372/17 3322/3337/17
f 3342/3372/17 3343/3373/17 3323/3339/17
f 3343/3373/17 3344/3375/17 3324/3374/17
f 3344/3375/17 3345/3376/17 3325/3341/17
f 3345/3376/17 3346/3377/17 3326/3343/17
f 3346/3377/17 3347/3378/17 3327/3345/17
f 3347/3378/17 3348/3379/17 3328/3347/17
f 3348/3379/17 3349/3380/17 3329/3349/17
f 3349/3380/17 3350/3381/17 3330/3351/17
f 3350/3381/17 3351/3382/17 3331/3354/17
f 3351/3382/17 3352/3383/17 3332/3356/17
f 3352/3383/17 3353/3384/17 3333/3358/17
f 3353/3384/17 3354/3385/17 3334/3360/17
f 3354/3385/17 3355/3386/17 3335/3362/17
f 3355/3386/17 3356/3387/17 3336/3364/17
f 3356/3387/17 3357/3388/17 3337/3366/17
f 3357/3388/17 3358/3408/17 3338/3368/17
f 3338/3368/17 3358/3408/17 3359/3389/17
f 3339/3390/17 3359/3389/17 3360/3295/17
f 2778/3391/17 3361/3392/17 3341/3371/17
f 3361/3392/17 3362/3393/17 3342/3372/17
f 3362/3393/17 3363/3394/17 3343/3373/17
f 3363/3394/17 3364/3395/17 3344/3375/17
f 3364/3395/17 3365/3396/17 3345/3376/17
f 3365/3396/17 3366/3416/17 3346/3377/17
f 3346/3377/17 3366/3416/17 3367/3397/17
f 3347/3378/17 3367/3397/17 3368/3398/17
f 3348/3379/17 3368/3398/17 3369/3399/17
f 3349/3380/17 3369/3399/17 3370/3400/17
f 3350/3381/17 3370/3400/17 3371/3401/17
f 3371/3401/17 3372/3402/17 3352/3383/17
f 3372/3402/17 3373/3403/17 3353/3384/17
f 3373/3403/17 3374/3404/17 3354/3385/17
f 3374/3404/17 3375/3405/17 3355/3386/17
f 3375/3405/17 3376/3406/17 3356/3387/17
f 3376/3406/17 3377/3407/17 3357/3388/17
f 3377/3407/17 3378/3428/17 3358/3408/17
f 3358/3408/17 3378/3428/17 3379/3409/17
f 3359/3389/17 3379/3409/17 3380/3299/17
f 2777/3410/17 3381/3411/17 3361/3392/17
f 3381/3411/17 3382/3412/17 3362/3393/17
f 3382/3412/17 3383/3413/17 3363/3394/17
f 3383/3413/17 3384/3414/17 3364/3395/17
f 3384/3414/17 3385/3435/17 3365/3396/17
f 3365/3396/17 3385/3435/17 3386/3415/17
f 3366/3416/17 3386/3415/17 3387/3417/17
f 3367/3397/17 3387/3417/17 3388/3418/17
f 3368/3398/17 3388/3418/17 3389/3419/17
f 3369/3399/17 3389/3419/17 3390/3420/17
f 3370/3400/17 3390/3420/17 3391/3421/17
f 3391/3421/17 3392/3422/17 3372/3402/17
f 3392/3422/17 3393/3423/17 3373/3403/17
f 3393/3423/17 3394/3424/17 3374/3404/17
f 3394/3424/17 3395/3425/17 3375/3405/17
f 3395/3425/17 3396/3445/17 3376/3406/17
f 3376/3406/17 3396/3445/17 3397/3426/17
f 3377/3407/17 3397/3426/17 3398/3427/17
f 3378/3428/17 3398/3427/17 3399/3429/17
f 3379/3409/17 3399/3429/17 3400/3301/17
f 2776/3430/17 3401/3431/17 3381/3411/17
f 3401/3431/17 3402/3432/17 3382/3412/17
f 3402/3432/17 3403/3433/17 3383/3413/17
f 3403/3433/17 3404/3434/17 3384/3414/17
f 3404/3434/17 3405/3436/17 3385/3435/17
f 3405/3436/17 3406/3455/17 3386/3415/17
f 3386/3415/17 3406/3455/17 3407/3437/17
f 3387/3417/17 3407/3437/17 3408/3438/17
f 3388/3418/17 3408/3438/17 3409/3439/17
f 3409/3439/17 3410/3459/17 3390/3420/17
f 3390/3420/17 3410/3459/17 3411/3440/17
f 3391/3421/17 3411/3440/17 3412/3441/17
f 3412/3441/17 3413/3442/17 3393/3423/17
f 3413/3442/17 3414/3443/17 3394/3424/17
f 3414/3443/17 3415/3444/17 3395/3425/17
f 3415/3444/17 3416/3466/17 3396/3445/17
f 3396/3445/17 3416/3466/17 3417/3446/17
f 3397/3426/17 3417/3446/17 3418/3447/17
f 3398/3427/17 3418/3447/17 3419/3448/17
f 3399/3429/17 3419/3448/17 3420/3303/17
f 2775/3449/17 3421/3450/17 3401/3431/17
f 3421/3450/17 3422/3451/17 3402/3432/17
f 3422/3451/17 3423/3452/17 3403/3433/17
f 3423/3452/17 3424/3453/17 3404/3434/17
f 3424/3453/17 3425/3454/17 3405/3436/17
f 3425/3454/17 3426/3476/17 3406/3455/17
f 3406/3455/17 3426/3476/17 3427/3456/17
f 3407/3437/17 3427/3456/17 3428/3457/17
f 3408/3438/17 3428/3457/17 3429/3458/17
f 3429/3458/17 3430/3460/17 3410/3459/17
f 3430/3460/17 3431/3461/17 3411/3440/17
f 3431/3461/17 3432/3462/17 3412/3441/17
f 3432/3462/17 3433/3463/17 3413/3442/17
f 3433/3463/17 3434/3464/17 3414/3443/17
f 3434/3464/17 3435/3465/17 3415/3444/17
f 3435/3465/17 3436/3486/17 3416/3466/17
f 3416/3466/17 3436/3486/17 3437/3467/17
f 3417/3446/17 3437/3467/17 3438/3468/17
f 3418/3447/17 3438/3468/17 3439/3469/17
f 3419/3448/17 3439/3469/17 3440/3305/17
f 2774/3470/17 3441/3471/17 3421/3450/17
f 3441/3471/17 3442/3472/17 3422/3451/17
f 3442/3472/17 3443/3473/17 3423/3452/17
f 3443/3473/17 3444/3474/17 3424/3453/17
f 3444/3474/17 3445/3475/17 3425/3454/17
f 3445/3475/17 3446/3496/17 3426/3476/17
f 3426/3476/17 3446/3496/17 3447/3477/17
f 3427/3456/17 3447/3477/17 3448/3478/17
f 3448/3478/17 3449/3479/17 3429/3458/17
f 3449/3479/17 3450/3480/17 3430/3460/17
f 3450/3480/17 3451/3481/17 3431/3461/17
f 3451/3481/17 3452/3482/17 3432/3462/17
f 3452/3482/17 3453/3483/17 3433/3463/17
f 3453/3483/17 3454/3484/17 3434/3464/17
f 3454/3484/17 3455/3485/17 3435/3465/17
f 3455/3485/17 3456/3505/17 3436/3486/17
f 3436/3486/17 3456/3505/17 3457/3487/17
f 3437/3467/17 3457/3487/17 3458/3488/17
f 3438/3468/17 3458/3488/17 3459/3489/17
f 3439/3469/17 3459/3489/17 3460/3307/17
f 2773/3490/17 3461/3491/17 3441/3471/17
f 3461/3491/17 3462/3492/17 3442/3472/17
f 3462/3492/17 3463/3493/17 3443/3473/17
f 3463/3493/17 3464/3494/17 3444/3474/17
f 3464/3494/17 3465/3495/17 3445/3475/17
f 3465/3495/17 3466/3515/17 3446/3496/17
f 3446/3496/17 3466/3515/17 3467/3497/17
f 3447/3477/17 3467/3497/17 3468/3498/17
f 3448/3478/17 3468/3498/17 3469/3499/17
f 3469/3499/17 3470/3519/17 3450/3480/17
f 3450/3480/17 3470/3519/17 3471/3500/17
f 3471/3500/17 3472/3501/17 3452/3482/17
f 3472/3501/17 3473/3502/17 3453/3483/17
f 3473/3502/17 3474/3503/17 3454/3484/17
f 3474/3503/17 3475/3504/17 3455/3485/17
f 3475/3504/17 3476/3525/17 3456/3505/17
f 3456/3505/17 3476/3525/17 3477/3506/17
f 3457/3487/17 3477/3506/17 3478/3507/17
f 3458/3488/17 3478/3507/17 3479/3508/17
f 3459/3489/17 3479/3508/17 3480/3309/17
f 2772/3509/17 3481/3510/17 3461/3491/17
f 3481/3510/17 3482/3511/17 3462/3492/17
f 3482/3511/17 3483/3512/17 3463/3493/17
f 3483/3512/17 3484/3513/17 3464/3494/17
f 3484/3513/17 3485/3514/17 3465/3495/17
f 3485/3514/17 3486/3535/17 3466/3515/17
f 3466/3515/17 3486/3535/17 3487/3516/17
f 3467/3497/17 3487/3516/17 3488/3517/17
f 3468/3498/17 3488/3517/17 3489/3518/17
f 3489/3518/17 3490/3539/17 3470/3519/17
f 3470/3519/17 3490/3539/17 3491/3520/17
f 3491/3520/17 3492/3521/17 3472/3501/17
f 3492/3521/17 3493/3522/17 3473/3502/17
f 3493/3522/17 3494/3523/17 3474/3503/17
f 3494/3523/17 3495/3545/17 3475/3504/17
f 3475/3504/17 3495/3545/17 3496/3524/17
f 3496/3524/17 3497/3526/17 3477/3506/17
f 3497/3526/17 3498/3527/17 3478/3507/17
f 3498/3527/17 3499/3528/17 3479/3508/17
f 3499/3528/17 3500/3312/17 3480/3309/17
f 2771/3529/17 3501/3530/17 3481/3510/17
f 3501/3530/17 3502/3531/17 3482/3511/17
f 3502/3531/17 3503/3532/17 3483/3512/17
f 3503/3532/17 3504/3533/17 3484/3513/17
f 3504/3533/17 3505/3534/17 3485/3514/17
f 3505/3534/17 3506/3556/17 3486/3535/17
f 3486/3535/17 3506/3556/17 3507/3536/17
f 3487/3516/17 3507/3536/17 3508/3537/17
f 3488/3517/17 3508/3537/17 3509/3538/17
f 3509/3538/17 3510/3540/17 3490/3539/17
f 3510/3540/17 3511/3541/17 3491/3520/17
f 3511/3541/17 3512/3542/17 3492/3521/17
f 3512/3542/17 3513/3543/17 3493/3522/17
f 3513/3543/17 3514/3544/17 3494/3523/17
f 3514/3544/17 3515/3546/17 3495/3545/17
f 3515/3546/17 3516/3547/17 3496/3524/17
f 3516/3547/17 3517/3548/17 3497/3526/17
f 3517/3548/17 3518/3549/17 3498/3527/17
f 3518/3549/17 3519/3568/17 3499/3528/17
f 3499/3528/17 3519/3568/17 3520/3311/17
f 2770/3550/17 3521/3551/17 3501/3530/17
f 3521/3551/17 3522/3552/17 3502/3531/17
f 3522/3552/17 3523/3553/17 3503/3532/17
f 3523/3553/17 3524/3554/17 3504/3533/17
f 3524/3554/17 3525/3555/17 3505/3534/17
f 3525/3555/17 3526/3575/17 3506/3556/17
f 3506/3556/17 3526/3575/17 3527/3557/17
f 3507/3536/17 3527/3557/17 3528/3558/17
f 3508/3537/17 3528/3558/17 3529/3559/17
f 3529/3559/17 3530/3560/17 3510/3540/17
f 3530/3560/17 3531/3561/17 3511/3541/17
f 3531/3561/17 3532/3562/17 3512/3542/17
f 3532/3562/17 3533/3583/17 3513/3543/17
f 3513/3543/17 3533/3583/17 3534/3563/17
f 3534/3563/17 3535/3564/17 3515/3546/17
f 3535/3564/17 3536/3565/17 3516/3547/17
f 3536/3565/17 3537/3566/17 3517/3548/17
f 3537/3566/17 3538/3567/17 3518/3549/17
f 3538/3567/17 3539/3590/17 3519/3568/17
f 3519/3568/17 3539/3590/17 3540/3313/17
f 2769/3569/17 3541/3570/17 3521/3551/17
f 3541/3570/17 3542/3571/17 3522/3552/17
f 3542/3571/17 3543/3572/17 3523/3553/17
f 3543/3572/17 3544/3573/17 3524/3554/17
f 3544/3573/17 3545/3574/17 3525/3555/17
f 3545/3574/17 3546/3576/17 3526/3575/17
f 3546/3576/17 3547/3577/17 3527/3557/17
f 3547/3577/17 3548/3578/17 3528/3558/17
f 3548/3578/17 3549/3579/17 3529/3559/17
f 3549/3579/17 3550/3580/17 3530/3560/17
f 3550/3580/17 3551/3581/17 3531/3561/17
f 3551/3581/17 3552/3582/17 3532/3562/17
f 3552/3582/17 3553/3584/17 3533/3583/17
f 3553/3584/17 3554/3585/17 3534/3563/17
f 3554/3585/17 3555/3586/17 3535/3564/17
f 3555/3586/17 3556/3587/17 3536/3565/17
f 3556/3587/17 3557/3588/17 3537/3566/17
f 3557/3588/17 3558/3589/17 3538/3567/17
f 3558/3589/17 3559/3607/17 3539/3590/17
f 3539/3590/17 3559/3607/17 3560/3315/17
f 2768/3591/17 3561/3592/17 3541/3570/17
f 3561/3592/17 3562/3610/17 3542/3571/17
f 3542/3571/17 3562/3610/17 3563/3593/17
f 3543/3572/17 3563/3593/17 3564/3594/17
f 3564/3594/17 3565/3595/17 3545/3574/17
f 3565/3595/17 3566/3615/17 3546/3576/17
f 3546/3576/17 3566/3615/17 3567/3596/17
f 3547/3577/17 3567/3596/17 3568/3597/17
f 3548/3578/17 3568/3597/17 3569/3598/17
f 3569/3598/17 3570/3599/17 3550/3580/17
f 3570/3599/17 3571/3600/17 3551/3581/17
f 3571/3600/17 3572/3601/17 3552/3582/17
f 3572/3601/17 3573/3623/17 3553/3584/17
f 3553/3584/17 3573/3623/17 3574/3602/17
f 3574/3602/17 3575/3603/17 3555/3586/17
f 3575/3603/17 3576/3626/17 3556/3587/17
f 3556/3587/17 3576/3626/17 3577/3604/17
f 3557/3588/17 3577/3604/17 3578/3605/17
f 3558/3589/17 3578/3605/17 3579/3606/17
f 3559/3607/17 3579/3606/17 3580/3317/17
f 2767/3608/17 3581/3609/17 3561/3592/17
f 3581/3609/17 3582/3611/17 3562/3610/17
f 3582/3611/17 3583/3612/17 3563/3593/17
f 3583/3612/17 3584/3613/17 3564/3594/17
f 3584/3613/17 3585/3614/17 3565/3595/17
f 3585/3614/17 3586/3635/17 3566/3615/17
f 3566/3615/17 3586/3635/17 3587/3616/17
f 3567/3596/17 3587/3616/17 3588/3617/17
f 3568/3597/17 3588/3617/17 3589/3618/17
f 3569/3598/17 3589/3618/17 3590/3619/17
f 3570/3599/17 3590/3619/17 3591/3620/17
f 3571/3600/17 3591/3620/17 3592/3621/17
f 3572/3601/17 3592/3621/17 3593/3622/17
f 3573/3623/17 3593/3622/17 3594/3624/17
f 3574/3602/17 3594/3624/17 3595/3625/17
f 3595/3625/17 3596/3644/17 3576/3626/17
f 3576/3626/17 3596/3644/17 3597/3627/17
f 3597/3627/17 3598/3628/17 3578/3605/17
f 3598/3628/17 3599/3648/17 3579/3606/17
f 3579/3606/17 3599/3648/17 3600/3319/17
f 2766/3629/17 3601/3630/17 3581/3609/17
f 3601/3630/17 3602/3631/17 3582/3611/17
f 3602/3631/17 3603/3632/17 3583/3612/17
f 3603/3632/17 3604/3633/17 3584/3613/17
f 3604/3633/17 3605/3634/17 3585/3614/17
f 3605/3634/17 3606/3636/17 3586/3635/17
f 3606/3636/17 3607/3637/17 3587/3616/17
f 3607/3637/17 3608/3638/17 3588/3617/17
f 3608/3638/17 3609/3639/17 3589/3618/17
f 3609/3639/17 3610/3658/17 3590/3619/17
f 3590/3619/17 3610/3658/17 3611/3640/17
f 3611/3640/17 3612/3641/17 3592/3621/17
f 3612/3641/17 3613/3642/17 3593/3622/17
f 3613/3642/17 3614/3662/17 3594/3624/17
f 3594/3624/17 3614/3662/17 3615/3643/17
f 3615/3643/17 3616/3645/17 3596/3644/17
f 3616/3645/17 3617/3646/17 3597/3627/17
f 3617/3646/17 3618/3647/17 3598/3628/17
f 3618/3647/17 3619/3667/17 3599/3648/17
f 3599/3648/17 3619/3667/17 3620/3321/17
f 2766/3629/17 2765/3668/17 3621/3649/17
f 3621/3649/17 3622/3650/17 3602/3631/17
f 3622/3650/17 3623/3651/17 3603/3632/17
f 3623/3651/17 3624/3652/17 3604/3633/17
f 3624/3652/17 3625/3653/17 3605/3634/17
f 3625/3653/17 3626/3654/17 3606/3636/17
f 3626/3654/17 3627/3675/17 3607/3637/17
f 3607/3637/17 3627/3675/17 3628/3655/17
f 3608/3638/17 3628/3655/17 3629/3656/17
f 3609/3639/17 3629/3656/17 3630/3657/17
f 3610/3658/17 3630/3657/17 3631/3659/17
f 3631/3659/17 3632/3660/17 3612/3641/17
f 3632/3660/17 3633/3661/17 3613/3642/17
f 3633/3661/17 3634/3682/17 3614/3662/17
f 3614/3662/17 3634/3682/17 3635/3663/17
f 3635/3663/17 3636/3664/17 3616/3645/17
f 3636/3664/17 3637/3665/17 3617/3646/17
f 3637/3665/17 3638/3666/17 3618/3647/17
f 3638/3666/17 3639/3687/17 3619/3667/17
f 3619/3667/17 3639/3687/17 3640/3323/17
f 2765/3668/17 2764/3689/17 3641/3669/17
f 3641/3669/17 3642/3670/17 3622/3650/17
f 3642/3670/17 3643/3671/17 3623/3651/17
f 3643/3671/17 3644/3672/17 3624/3652/17
f 3644/3672/17 3645/3673/17 3625/3653/17
f 3645/3673/17 3646/3674/17 3626/3654/17
f 3646/3674/17 3647/3696/17 3627/3675/17
f 3627/3675/17 3647/3696/17 3648/3676/17
f 3628/3655/17 3648/3676/17 3649/3677/17
f 3629/3656/17 3649/3677/17 3650/3678/17
f 3630/3657/17 3650/3678/17 3651/3679/17
f 3651/3679/17 3652/3680/17 3632/3660/17
f 3652/3680/17 3653/3681/17 3633/3661/17
f 3653/3681/17 3654/3703/17 3634/3682/17
f 3634/3682/17 3654/3703/17 3655/3683/17
f 3655/3683/17 3656/3684/17 3636/3664/17
f 3656/3684/17 3657/3685/17 3637/3665/17
f 3657/3685/17 3658/3686/17 3638/3666/17
f 3658/3686/17 3659/3708/17 3639/3687/17
f 3639/3687/17 3659/3708/17 3660/3327/17
f 2763/3688/17 3661/3690/17 3641/3669/17
f 3661/3690/17 3662/3691/17 3642/3670/17
f 3662/3691/17 3663/3692/17 3643/3671/17
f 3663/3692/17 3664/3693/17 3644/3672/17
f 3664/3693/17 3665/3694/17 3645/3673/17
f 3665/3694/17 3666/3695/17 3646/3674/17
f 3666/3695/17 3667/3697/17 3647/3696/17
f 3667/3697/17 3668/3717/17 3648/3676/17
f 3648/3676/17 3668/3717/17 3669/3698/17
f 3649/3677/17 3669/3698/17 3670/3699/17
f 3650/3678/17 3670/3699/17 3671/3700/17
f 3671/3700/17 3672/3701/17 3652/3680/17
f 3672/3701/17 3673/3702/17 3653/3681/17
f 3673/3702/17 3674/3704/17 3654/3703/17
f 3674/3704/17 3675/3724/17 3655/3683/17
f 3655/3683/17 3675/3724/17 3676/3705/17
f 3676/3705/17 3677/3706/17 3657/3685/17
f 3677/3706/17 3678/3707/17 3658/3686/17
f 3678/3707/17 3679/3728/17 3659/3708/17
f 3659/3708/17 3679/3728/17 3680/3329/17
f 2762/3709/17 3681/3710/17 3661/3690/17
f 3681/3710/17 3682/3711/17 3662/3691/17
f 3682/3711/17 3683/3712/17 3663/3692/17
f 3683/3712/17 3684/3713/17 3664/3693/17
f 3684/3713/17 3685/3714/17 3665/3694/17
f 3685/3714/17 3686/3715/17 3666/3695/17
f 3686/3715/17 3687/3716/17 3667/3697/17
f 3687/3716/17 3688/3737/17 3668/3717/17
f 3668/3717/17 3688/3737/17 3689/3718/17
f 3669/3698/17 3689/3718/17 3690/3719/17
f 3670/3699/17 3690/3719/17 3691/3720/17
f 3691/3720/17 3692/3721/17 3672/3701/17
f 3692/3721/17 3693/3722/17 3673/3702/17
f 3693/3722/17 3694/3723/17 3674/3704/17
f 3694/3723/17 3695/3744/17 3675/3724/17
f 3675/3724/17 3695/3744/17 3696/3725/17
f 3696/3725/17 3697/3726/17 3677/3706/17
f 3697/3726/17 3698/3727/17 3678/3707/17
f 3698/3727/17 3699/3748/17 3679/3728/17
f 3679/3728/17 3699/3748/17 3700/3331/17
f 2761/3729/17 3701/3730/17 3681/3710/17
f 3701/3730/17 3702/3731/17 3682/3711/17
f 3702/3731/17 3703/3732/17 3683/3712/17
f 3703/3732/17 3704/3733/17 3684/3713/17
f 3704/3733/17 3705/3734/17 3685/3714/17
f 3705/3734/17 3706/3735/17 3686/3715/17
f 3706/3735/17 3707/3736/17 3687/3716/17
f 3707/3736/17 3708/3757/17 3688/3737/17
f 3688/3737/17 3708/3757/17 3709/3738/17
f 3689/3718/17 3709/3738/17 3710/3739/17
f 3690/3719/17 3710/3739/17 3711/3740/17
f 3711/3740/17 3712/3741/17 3692/3721/17
f 3712/3741/17 3713/3742/17 3693/3722/17
f 3713/3742/17 3714/3743/17 3694/3723/17
f 3714/3743/17 3715/3765/17 3695/3744/17
f 3695/3744/17 3715/3765/17 3716/3745/17
f 3716/3745/17 3717/3746/17 3697/3726/17
f 3717/3746/17 3718/3747/17 3698/3727/17
f 3718/3747/17 3719/3770/17 3699/3748/17
f 3699/3748/17 3719/3770/17 3720/2809/17
f 2679/3749/17 2840/3750/17 3701/3730/17
f 2840/3750/17 2839/3751/17 3702/3731/17
f 2839/3751/17 2838/3752/17 3703/3732/17
f 2838/3752/17 2837/3753/17 3704/3733/17
f 2837/3753/17 2836/3754/17 3705/3734/17
f 2836/3754/17 2835/3755/17 3706/3735/17
f 2835/3755/17 2834/3756/17 3707/3736/17
f 2834/3756/17 2833/3758/17 3708/3757/17
f 2833/3758/17 2832/3759/17 3709/3738/17
f 2832/3759/17 2831/3760/17 3710/3739/17
f 2831/3760/17 2830/3761/17 3711/3740/17
f 2830/3761/17 2829/3762/17 3712/3741/17
f 2829/3762/17 2828/3763/17 3713/3742/17
f 2828/3763/17 2827/3764/17 3714/3743/17
f 2827/3764/17 2826/3766/17 3715/3765/17
f 2826/3766/17 2825/3767/17 3716/3745/17
f 2825/3767/17 2824/3768/17 3717/3746/17
f 2824/3768/17 2823/3769/17 3718/3747/17
f 2823/3769/17 2822/3771/17 3719/3770/17
f 2822/3771/17 2821/2807/17 3720/2809/17
f 3740/3772/16 2701/3776/16 2673/3773/16
f 3760/3775/16 2702/3778/16 2701/3776/16
f 3780/3777/16 2703/3780/16 2702/3778/16
f 3800/3779/16 2704/3782/16 2703/3780/16
f 3820/3781/16 2705/3784/16 2704/3782/16
f 3840/3783/16 2706/3786/16 2705/3784/16
f 3840/3783/16 3860/3787/16 2707/3785/16
f 3860/3787/16 3880/3790/16 2708/3788/16
f 3900/3789/16 2709/3792/16 2708/3788/16
f 3920/3791/16 2710/3794/16 2709/3792/16
f 3940/3793/16 2711/3796/16 2710/3794/16
f 3940/3793/16 3960/3797/16 2712/3795/16
f 3960/3797/16 3980/3799/16 2713/3798/16
f 3980/3799/16 4000/3801/16 2714/3800/16
f 4000/3801/16 4020/3803/16 2715/3802/16
f 4020/3803/16 4040/3805/16 2716/3804/16
f 4040/3805/16 4060/3807/16 2717/3806/16
f 4060/3807/16 4080/3809/16 2718/3808/16
f 4080/3809/16 4100/3811/16 2719/3810/16
f 4100/3811/16 4120/2806/16 2720/2805/16
f 2880/3812/16 3721/3852/16 2900/3813/16
f 2900/3813/16 3721/3852/16 3722/3815/16
f 2899/3816/16 3722/3815/16 3723/3817/16
f 2898/3818/16 3723/3817/16 3724/3819/16
f 2897/3820/16 3724/3819/16 3725/3821/16
f 2896/3822/16 3725/3821/16 3726/3823/16
f 2895/3824/16 3726/3823/16 3727/3825/16
f 2894/3826/16 3727/3825/16 3728/3827/16
f 2893/3828/16 3728/3827/16 3729/3829/16
f 2892/3830/16 3729/3829/16 3730/3831/16
f 2891/3832/16 3730/3831/16 3731/3833/16
f 2890/3834/16 3731/3833/16 3732/3835/16
f 2889/3836/16 3732/3835/16 3733/3837/16
f 2888/3838/16 3733/3837/16 3734/3839/16
f 2887/3840/16 3734/3839/16 3735/3841/16
f 2886/3842/16 3735/3841/16 3736/3843/16
f 2885/3844/16 3736/3843/16 3737/3845/16
f 2884/3846/16 3737/3845/16 3738/3847/16
f 2883/3848/16 3738/3847/16 3739/3849/16
f 2882/3850/16 3739/3849/16 3740/3772/16
f 2879/3851/16 3741/3853/16 3721/3852/16
f 3741/3853/16 3742/3854/16 3722/3815/16
f 3742/3854/16 3743/3855/16 3723/3817/16
f 3743/3855/16 3744/3856/16 3724/3819/16
f 3744/3856/16 3745/3857/16 3725/3821/16
f 3745/3857/16 3746/3858/16 3726/3823/16
f 3746/3858/16 3747/3859/16 3727/3825/16
f 3747/3859/16 3748/3860/16 3728/3827/16
f 3748/3860/16 3749/3861/16 3729/3829/16
f 3749/3861/16 3750/3862/16 3730/3831/16
f 3750/3862/16 3751/3863/16 3731/3833/16
f 3751/3863/16 3752/3864/16 3732/3835/16
f 3752/3864/16 3753/3865/16 3733/3837/16
f 3753/3865/16 3754/3866/16 3734/3839/16
f 3754/3866/16 3755/3867/16 3735/3841/16
f 3755/3867/16 3756/3868/16 3736/3843/16
f 3756/3868/16 3757/3869/16 3737/3845/16
f 3757/3869/16 3758/3870/16 3738/3847/16
f 3758/3870/16 3759/3890/16 3739/3849/16
f 3739/3849/16 3759/3890/16 3760/3775/16
f 2878/3871/16 3761/3872/16 3741/3853/16
f 3761/3872/16 3762/3873/16 3742/3854/16
f 3762/3873/16 3763/3874/16 3743/3855/16
f 3763/3874/16 3764/3875/16 3744/3856/16
f 3764/3875/16 3765/3876/16 3745/3857/16
f 3765/3876/16 3766/3877/16 3746/3858/16
f 3766/3877/16 3767/3878/16 3747/3859/16
f 3767/3878/16 3768/3879/16 3748/3860/16
f 3768/3879/16 3769/3880/16 3749/3861/16
f 3769/3880/16 3770/3881/16 3750/3862/16
f 3770/3881/16 3771/3882/16 3751/3863/16
f 3771/3882/16 3772/3883/16 3752/3864/16
f 3772/3883/16 3773/3884/16 3753/3865/16
f 3773/3884/16 3774/3885/16 3754/3866/16
f 3774/3885/16 3775/3886/16 3755/3867/16
f 3775/3886/16 3776/3887/16 3756/3868/16
f 3776/3887/16 3777/3888/16 3757/3869/16
f 3777/3888/16 3778/3889/16 3758/3870/16
f 3778/3889/16 3779/3910/16 3759/3890/16
f 3759/3890/16 3779/3910/16 3780/3777/16
f 2877/3891/16 3781/3892/16 3761/3872/16
f 3781/3892/16 3782/3893/16 3762/3873/16
f 3782/3893/16 3783/3894/16 3763/3874/16
f 3783/3894/16 3784/3895/16 3764/3875/16
f 3784/3895/16 3785/3896/16 3765/3876/16
f 3785/3896/16 3786/3897/16 3766/3877/16
f 3786/3897/16 3787/3898/16 3767/3878/16
f 3787/3898/16 3788/3899/16 3768/3879/16
f 3788/3899/16 3789/3900/16 3769/3880/16
f 3789/3900/16 3790/3901/16 3770/3881/16
f 3790/3901/16 3791/3902/16 3771/3882/16
f 3791/3902/16 3792/3903/16 3772/3883/16
f 3792/3903/16 3793/3904/16 3773/3884/16
f 3793/3904/16 3794/3905/16 3774/3885/16
f 3794/3905/16 3795/3906/16 3775/3886/16
f 3795/3906/16 3796/3907/16 3776/3887/16
f 3796/3907/16 3797/3908/16 3777/3888/16
f 3797/3908/16 3798/3909/16 3778/3889/16
f 3798/3909/16 3799/3930/16 3779/3910/16
f 3779/3910/16 3799/3930/16 3800/3779/16
f 2876/3911/16 3801/3912/16 3781/3892/16
f 3801/3912/16 3802/3913/16 3782/3893/16
f 3802/3913/16 3803/3914/16 3783/3894/16
f 3803/3914/16 3804/3915/16 3784/3895/16
f 3804/3915/16 3805/3916/16 3785/3896/16
f 3805/3916/16 3806/3917/16 3786/3897/16
f 3806/3917/16 3807/3918/16 3787/3898/16
f 3807/3918/16 3808/3919/16 3788/3899/16
f 3808/3919/16 3809/3920/16 3789/3900/16
f 3809/3920/16 3810/3921/16 3790/3901/16
f 3810/3921/16 3811/3922/16 3791/3902/16
f 3811/3922/16 3812/3923/16 3792/3903/16
f 3812/3923/16 3813/3924/16 3793/3904/16
f 3813/3924/16 3814/3925/16 3794/3905/16
f 3814/3925/16 3815/3926/16 3795/3906/16
f 3815/3926/16 3816/3927/16 3796/3907/16
f 3816/3927/16 3817/3928/16 3797/3908/16
f 3817/3928/16 3818/3929/16 3798/3909/16
f 3818/3929/16 3819/3950/16 3799/3930/16
f 3799/3930/16 3819/3950/16 3820/3781/16
f 2875/3931/16 3821/3932/16 3801/3912/16
f 3821/3932/16 3822/3933/16 3802/3913/16
f 3822/3933/16 3823/3934/16 3803/3914/16
f 3823/3934/16 3824/3935/16 3804/3915/16
f 3824/3935/16 3825/3936/16 3805/3916/16
f 3825/3936/16 3826/3937/16 3806/3917/16
f 3826/3937/16 3827/3938/16 3807/3918/16
f 3827/3938/16 3828/3939/16 3808/3919/16
f 3828/3939/16 3829/3940/16 3809/3920/16
f 3829/3940/16 3830/3941/16 3810/3921/16
f 3830/3941/16 3831/3942/16 3811/3922/16
f 3831/3942/16 3832/3943/16 3812/3923/16
f 3832/3943/16 3833/3944/16 3813/3924/16
f 3833/3944/16 3834/3945/16 3814/3925/16
f 3834/3945/16 3835/3946/16 3815/3926/16
f 3835/3946/16 3836/3947/16 3816/3927/16
f 3836/3947/16 3837/3948/16 3817/3928/16
f 3837/3948/16 3838/3949/16 3818/3929/16
f 3838/3949/16 3839/3970/16 3819/3950/16
f 3819/3950/16 3839/3970/16 3840/3783/16
f 2874/3951/16 3841/3952/16 3821/3932/16
f 3841/3952/16 3842/3953/16 3822/3933/16
f 3842/3953/16 3843/3954/16 3823/3934/16
f 3843/3954/16 3844/3955/16 3824/3935/16
f 3844/3955/16 3845/3956/16 3825/3936/16
f 3845/3956/16 3846/3957/16 3826/3937/16
f 3846/3957/16 3847/3958/16 3827/3938/16
f 3847/3958/16 3848/3959/16 3828/3939/16
f 3848/3959/16 3849/3960/16 3829/3940/16
f 3849/3960/16 3850/3961/16 3830/3941/16
f 3850/3961/16 3851/3962/16 3831/3942/16
f 3851/3962/16 3852/3963/16 3832/3943/16
f 3852/3963/16 3853/3964/16 3833/3944/16
f 3853/3964/16 3854/3965/16 3834/3945/16
f 3854/3965/16 3855/3966/16 3835/3946/16
f 3855/3966/16 3856/3967/16 3836/3947/16
f 3856/3967/16 3857/3968/16 3837/3948/16
f 3857/3968/16 3858/3969/16 3838/3949/16
f 3858/3969/16 3859/3990/16 3839/3970/16
f 3839/3970/16 3859/3990/16 3860/3787/16
f 2873/3971/16 3861/3972/16 3841/3952/16
f 3861/3972/16 3862/3973/16 3842/3953/16
f 3862/3973/16 3863/3974/16 3843/3954/16
f 3863/3974/16 3864/3975/16 3844/3955/16
f 3864/3975/16 3865/3976/16 3845/3956/16
f 3865/3976/16 3866/3977/16 3846/3957/16
f 3866/3977/16 3867/3978/16 3847/3958/16
f 3867/3978/16 3868/3979/16 3848/3959/16
f 3868/3979/16 3869/3980/16 3849/3960/16
f 3869/3980/16 3870/3981/16 3850/3961/16
f 3870/3981/16 3871/3982/16 3851/3962/16
f 3871/3982/16 3872/3983/16 3852/3963/16
f 3872/3983/16 3873/3984/16 3853/3964/16
f 3873/3984/16 3874/3985/16 3854/3965/16
f 3874/3985/16 3875/3986/16 3855/3966/16
f 3875/3986/16 3876/3987/16 3856/3967/16
f 3876/3987/16 3877/3988/16 3857/3968/16
f 3877/3988/16 3878/3989/16 3858/3969/16
f 3878/3989/16 3879/4010/16 3859/3990/16
f 3859/3990/16 3879/4010/16 3880/3790/16
f 2872/3991/16 3881/3992/16 3861/3972/16
f 3881/3992/16 3882/3993/16 3862/3973/16
f 3882/3993/16 3883/3994/16 3863/3974/16
f 3883/3994/16 3884/3995/16 3864/3975/16
f 3884/3995/16 3885/3996/16 3865/3976/16
f 3885/3996/16 3886/3997/16 3866/3977/16
f 3886/3997/16 3887/3998/16 3867/3978/16
f 3887/3998/16 3888/3999/16 3868/3979/16
f 3888/3999/16 3889/4000/16 3869/3980/16
f 3889/4000/16 3890/4001/16 3870/3981/16
f 3890/4001/16 3891/4002/16 3871/3982/16
f 3891/4002/16 3892/4003/16 3872/3983/16
f 3892/4003/16 3893/4004/16 3873/3984/16
f 3893/4004/16 3894/4005/16 3874/3985/16
f 3894/4005/16 3895/4006/16 3875/3986/16
f 3895/4006/16 3896/4007/16 3876/3987/16
f 3896/4007/16 3897/4008/16 3877/3988/16
f 3897/4008/16 3898/4009/16 3878/3989/16
f 3898/4009/16 3899/4030/16 3879/4010/16
f 3879/4010/16 3899/4030/16 3900/3789/16
f 2871/4011/16 3901/4012/16 3881/3992/16
f 3901/4012/16 3902/4013/16 3882/3993/16
f 3902/4013/16 3903/4014/16 3883/3994/16
f 3903/4014/16 3904/4015/16 3884/3995/16
f 3904/4015/16 3905/4016/16 3885/3996/16
f 3905/4016/16 3906/4017/16 3886/3997/16
f 3906/4017/16 3907/4018/16 3887/3998/16
f 3907/4018/16 3908/4019/16 3888/3999/16
f 3908/4019/16 3909/4020/16 3889/4000/16
f 3909/4020/16 3910/4021/16 3890/4001/16
f 3910/4021/16 3911/4022/16 3891/4002/16
f 3911/4022/16 3912/4023/16 3892/4003/16
f 3912/4023/16 3913/4024/16 3893/4004/16
f 3913/4024/16 3914/4025/16 3894/4005/16
f 3914/4025/16 3915/4026/16 3895/4006/16
f 3915/4026/16 3916/4027/16 3896/4007/16
f 3916/4027/16 3917/4028/16 3897/4008/16
f 3917/4028/16 3918/4029/16 3898/4009/16
f 3918/4029/16 3919/4050/16 3899/4030/16
f 3899/4030/16 3919/4050/16 3920/3791/16
f 2870/4031/16 3921/4032/16 3901/4012/16
f 3921/4032/16 3922/4033/16 3902/4013/16
f 3922/4033/16 3923/4034/16 3903/4014/16
f 3923/4034/16 3924/4035/16 3904/4015/16
f 3924/4035/16 3925/4036/16 3905/4016/16
f 3925/4036/16 3926/4037/16 3906/4017/16
f 3926/4037/16 3927/4038/16 3907/4018/16
f 3927/4038/16 3928/4039/16 3908/4019/16
f 3928/4039/16 3929/4040/16 3909/4020/16
f 3929/4040/16 3930/4041/16 3910/4021/16
f 3930/4041/16 3931/4042/16 3911/4022/16
f 3931/4042/16 3932/4043/16 3912/4023/16
f 3932/4043/16 3933/4044/16 3913/4024/16
f 3933/4044/16 3934/4045/16 3914/4025/16
f 3934/4045/16 3935/4046/16 3915/4026/16
f 3935/4046/16 3936/4047/16 3916/4027/16
f 3936/4047/16 3937/4048/16 3917/4028/16
f 3937/4048/16 3938/4049/16 3918/4029/16
f 3938/4049/16 3939/4051/16 3919/4050/16
f 3939/4051/16 3940/3793/16 3920/3791/16
f 2869/4052/16 3941/4053/16 3921/4032/16
f 3941/4053/16 3942/4054/16 3922/4033/16
f 3942/4054/16 3943/4055/16 3923/4034/16
f 3943/4055/16 3944/4056/16 3924/4035/16
f 3944/4056/16 3945/4057/16 3925/4036/16
f 3945/4057/16 3946/4058/16 3926/4037/16
f 3946/4058/16 3947/4059/16 3927/4038/16
f 3947/4059/16 3948/4060/16 3928/4039/16
f 3948/4060/16 3949/4061/16 3929/4040/16
f 3949/4061/16 3950/4062/16 3930/4041/16
f 3950/4062/16 3951/4063/16 3931/4042/16
f 3951/4063/16 3952/4064/16 3932/4043/16
f 3952/4064/16 3953/4065/16 3933/4044/16
f 3953/4065/16 3954/4066/16 3934/4045/16
f 3954/4066/16 3955/4085/16 3935/4046/16
f 3935/4046/16 3955/4085/16 3956/4067/16
f 3956/4067/16 3957/4068/16 3937/4048/16
f 3957/4068/16 3958/4089/16 3938/4049/16
f 3938/4049/16 3958/4089/16 3959/4069/16
f 3959/4069/16 3960/3797/16 3940/3793/16
f 2868/4070/16 3961/4071/16 3941/4053/16
f 3961/4071/16 3962/4072/16 3942/4054/16
f 3962/4072/16 3963/4073/16 3943/4055/16
f 3963/4073/16 3964/4074/16 3944/4056/16
f 3964/4074/16 3965/4075/16 3945/4057/16
f 3965/4075/16 3966/4076/16 3946/4058/16
f 3966/4076/16 3967/4077/16 3947/4059/16
f 3967/4077/16 3968/4078/16 3948/4060/16
f 3968/4078/16 3969/4079/16 3949/4061/16
f 3969/4079/16 3970/4080/16 3950/4062/16
f 3970/4080/16 3971/4081/16 3951/4063/16
f 3971/4081/16 3972/4082/16 3952/4064/16
f 3972/4082/16 3973/4083/16 3953/4065/16
f 3973/4083/16 3974/4084/16 3954/4066/16
f 3974/4084/16 3975/4086/16 3955/4085/16
f 3975/4086/16 3976/4087/16 3956/4067/16
f 3976/4087/16 3977/4088/16 3957/4068/16
f 3977/4088/16 3978/4090/16 3958/4089/16
f 3978/4090/16 3979/4091/16 3959/4069/16
f 3979/4091/16 3980/3799/16 3960/3797/16
f 2867/4092/16 3981/4093/16 3961/4071/16
f 3981/4093/16 3982/4094/16 3962/4072/16
f 3982/4094/16 3983/4095/16 3963/4073/16
f 3983/4095/16 3984/4096/16 3964/4074/16
f 3984/4096/16 3985/4097/16 3965/4075/16
f 3985/4097/16 3986/4098/16 3966/4076/16
f 3986/4098/16 3987/4099/16 3967/4077/16
f 3987/4099/16 3988/4100/16 3968/4078/16
f 3988/4100/16 3989/4101/16 3969/4079/16
f 3989/4101/16 3990/4102/16 3970/4080/16
f 3990/4102/16 3991/4103/16 3971/4081/16
f 3991/4103/16 3992/4104/16 3972/4082/16
f 3992/4104/16 3993/4105/16 3973/4083/16
f 3993/4105/16 3994/4106/16 3974/4084/16
f 3994/4106/16 3995/4107/16 3975/4086/16
f 3995/4107/16 3996/4108/16 3976/4087/16
f 3996/4108/16 3997/4109/16 3977/4088/16
f 3997/4109/16 3998/4110/16 3978/4090/16
f 3998/4110/16 3999/4130/16 3979/4091/16
f 3979/4091/16 3999/4130/16 4000/3801/16
f 2866/4111/16 4001/4112/16 3981/4093/16
f 4001/4112/16 4002/4113/16 3982/4094/16
f 4002/4113/16 4003/4114/16 3983/4095/16
f 4003/4114/16 4004/4115/16 3984/4096/16
f 4004/4115/16 4005/4116/16 3985/4097/16
f 4005/4116/16 4006/4117/16 3986/4098/16
f 4006/4117/16 4007/4118/16 3987/4099/16
f 4007/4118/16 4008/4119/16 3988/4100/16
f 4008/4119/16 4009/4120/16 3989/4101/16
f 4009/4120/16 4010/4121/16 3990/4102/16
f 4010/4121/16 4011/4122/16 3991/4103/16
f 4011/4122/16 4012/4123/16 3992/4104/16
f 4012/4123/16 4013/4124/16 3993/4105/16
f 4013/4124/16 4014/4125/16 3994/4106/16
f 4014/4125/16 4015/4126/16 3995/4107/16
f 4015/4126/16 4016/4127/16 3996/4108/16
f 4016/4127/16 4017/4128/16 3997/4109/16
f 4017/4128/16 4018/4129/16 3998/4110/16
f 4018/4129/16 4019/4150/16 3999/4130/16
f 3999/4130/16 4019/4150/16 4020/3803/16
f 2865/4131/16 4021/4132/16 4001/4112/16
f 4021/4132/16 4022/4133/16 4002/4113/16
f 4022/4133/16 4023/4134/16 4003/4114/16
f 4023/4134/16 4024/4135/16 4004/4115/16
f 4024/4135/16 4025/4136/16 4005/4116/16
f 4025/4136/16 4026/4137/16 4006/4117/16
f 4026/4137/16 4027/4138/16 4007/4118/16
f 4027/4138/16 4028/4139/16 4008/4119/16
f 4028/4139/16 4029/4140/16 4009/4120/16
f 4029/4140/16 4030/4141/16 4010/4121/16
f 4030/4141/16 4031/4142/16 4011/4122/16
f 4031/4142/16 4032/4143/16 4012/4123/16
f 4032/4143/16 4033/4144/16 4013/4124/16
f 4033/4144/16 4034/4145/16 4014/4125/16
f 4034/4145/16 4035/4146/16 4015/4126/16
f 4035/4146/16 4036/4147/16 4016/4127/16
f 4036/4147/16 4037/4148/16 4017/4128/16
f 4037/4148/16 4038/4149/16 4018/4129/16
f 4038/4149/16 4039/4151/16 4019/4150/16
f 4039/4151/16 4040/3805/16 4020/3803/16
f 2864/4152/16 4041/4153/16 4021/4132/16
f 4041/4153/16 4042/4154/16 4022/4133/16
f 4042/4154/16 4043/4155/16 4023/4134/16
f 4043/4155/16 4044/4156/16 4024/4135/16
f 4044/4156/16 4045/4157/16 4025/4136/16
f 4045/4157/16 4046/4158/16 4026/4137/16
f 4046/4158/16 4047/4159/16 4027/4138/16
f 4047/4159/16 4048/4160/16 4028/4139/16
f 4048/4160/16 4049/4161/16 4029/4140/16
f 4049/4161/16 4050/4162/16 4030/4141/16
f 4050/4162/16 4051/4163/16 4031/4142/16
f 4051/4163/16 4052/4164/16 4032/4143/16
f 4052/4164/16 4053/4165/16 4033/4144/16
f 4053/4165/16 4054/4166/16 4034/4145/16
f 4054/4166/16 4055/4167/16 4035/4146/16
f 4055/4167/16 4056/4168/16 4036/4147/16
f 4056/4168/16 4057/4169/16 4037/4148/16
f 4057/4169/16 4058/4170/16 4038/4149/16
f 4058/4170/16 4059/4171/16 4039/4151/16
f 4059/4171/16 4060/3807/16 4040/3805/16
f 2863/4172/16 4061/4173/16 4041/4153/16
f 4061/4173/16 4062/4174/16 4042/4154/16
f 4062/4174/16 4063/4175/16 4043/4155/16
f 4063/4175/16 4064/4176/16 4044/4156/16
f 4064/4176/16 4065/4177/16 4045/4157/16
f 4065/4177/16 4066/4178/16 4046/4158/16
f 4066/4178/16 4067/4179/16 4047/4159/16
f 4067/4179/16 4068/4180/16 4048/4160/16
f 4068/4180/16 4069/4181/16 4049/4161/16
f 4069/4181/16 4070/4182/16 4050/4162/16
f 4070/4182/16 4071/4183/16 4051/4163/16
f 4071/4183/16 4072/4184/16 4052/4164/16
f 4072/4184/16 4073/4185/16 4053/4165/16
f 4073/4185/16 4074/4186/16 4054/4166/16
f 4074/4186/16 4075/4187/16 4055/4167/16
f 4075/4187/16 4076/4188/16 4056/4168/16
f 4076/4188/16 4077/4189/16 4057/4169/16
f 4077/4189/16 4078/4190/16 4058/4170/16
f 4078/4190/16 4079/4191/16 4059/4171/16
f 4079/4191/16 4080/3809/16 4060/3807/16
f 2862/4192/16 4081/4193/16 4061/4173/16
f 4081/4193/16 4082/4194/16 4062/4174/16
f 4082/4194/16 4083/4195/16 4063/4175/16
f 4083/4195/16 4084/4196/16 4064/4176/16
f 4084/4196/16 4085/4197/16 4065/4177/16
f 4085/4197/16 4086/4198/16 4066/4178/16
f 4086/4198/16 4087/4199/16 4067/4179/16
f 4087/4199/16 4088/4200/16 4068/4180/16
f 4088/4200/16 4089/4201/16 4069/4181/16
f 4089/4201/16 4090/4202/16 4070/4182/16
f 4090/4202/16 4091/4203/16 4071/4183/16
f 4091/4203/16 4092/4204/16 4072/4184/16
f 4092/4204/16 4093/4205/16 4073/4185/16
f 4093/4205/16 4094/4206/16 4074/4186/16
f 4094/4206/16 4095/4207/16 4075/4187/16
f 4095/4207/16 4096/4208/16 4076/4188/16
f 4096/4208/16 4097/4209/16 4077/4189/16
f 4097/4209/16 4098/4210/16 4078/4190/16
f 4098/4210/16 4099/4211/16 4079/4191/16
f 4099/4211/16 4100/3811/16 4080/3809/16
f 2861/2802/16 4101/4212/16 4081/4193/16
f 4101/4212/16 4102/4213/16 4082/4194/16
f 4102/4213/16 4103/4214/16 4083/4195/16
f 4103/4214/16 4104/4215/16 4084/4196/16
f 4104/4215/16 4105/4216/16 4085/4197/16
f 4105/4216/16 4106/4217/16 4086/4198/16
f 4106/4217/16 4107/4218/16 4087/4199/16
f 4107/4218/16 4108/4219/16 4088/4200/16
f 4108/4219/16 4109/4220/16 4089/4201/16
f 4109/4220/16 4110/4221/16 4090/4202/16
f 4110/4221/16 4111/4222/16 4091/4203/16
f 4111/4222/16 4112/4223/16 4092/4204/16
f 4112/4223/16 4113/4224/16 4093/4205/16
f 4113/4224/16 4114/4225/16 4094/4206/16
f 4114/4225/16 4115/4226/16 4095/4207/16
f 4115/4226/16 4116/4227/16 4096/4208/16
f 4116/4227/16 4117/4228/16 4097/4209/16
f 4117/4228/16 4118/4229/16 4098/4210/16
f 4118/4229/16 4119/4230/16 4099/4211/16
f 4119/4230/16 4120/2806/16 4100/3811/16
f 2678/2814/16 2901/4231/16 4101/4212/16
f 2901/4231/16 2902/4232/16 4102/4213/16
f 2902/4232/16 2903/4233/16 4103/4214/16
f 2903/4233/16 2904/4234/16 4104/4215/16
f 2904/4234/16 2905/4235/16 4105/4216/16
f 2905/4235/16 2906/4236/16 4106/4217/16
f 2906/4236/16 2907/4237/16 4107/4218/16
f 2907/4237/16 2908/4238/16 4108/4219/16
f 2908/4238/16 2909/4239/16 4109/4220/16
f 2909/4239/16 2910/4240/16 4110/4221/16
f 2910/4240/16 2911/4241/16 4111/4222/16
f 2911/4241/16 2912/4242/16 4112/4223/16
f 2912/4242/16 2913/4243/16 4113/4224/16
f 2913/4243/16 2914/4244/16 4114/4225/16
f 2914/4244/16 2915/4245/16 4115/4226/16
f 2915/4245/16 2916/4246/16 4116/4227/16
f 2916/4246/16 2917/4247/16 4117/4228/16
f 2917/4247/16 2918/4248/16 4118/4229/16
f 2918/4248/16 2919/4249/16 4119/4230/16
f 2919/4249/16 2920/2804/16 4120/2806/16
f 4140/4250/15 2880/3812/15 2677/3814/15
f 4160/4251/15 2879/3851/15 2880/3812/15
f 4180/4252/15 2878/3871/15 2879/3851/15
f 4200/4253/15 2877/3891/15 2878/3871/15
f 4220/4254/15 2876/3911/15 2877/3891/15
f 4240/4255/15 2875/3931/15 2876/3911/15
f 4260/4256/15 2874/3951/15 2875/3931/15
f 4280/4257/15 2873/3971/15 2874/3951/15
f 4300/4258/15 2872/3991/15 2873/3971/15
f 4320/4259/15 2871/4011/15 2872/3991/15
f 4340/4260/15 2870/4031/15 2871/4011/15
f 4360/4261/15 2869/4052/15 2870/4031/15
f 4380/4262/15 2868/4070/15 2869/4052/15
f 4400/4263/15 2867/4092/15 2868/4070/15
f 4420/4264/15 2866/4111/15 2867/4092/15
f 4440/4265/15 2865/4131/15 2866/4111/15
f 4460/4266/15 2864/4152/15 2865/4131/15
f 4480/4267/15 2863/4172/15 2864/4152/15
f 4500/4268/15 2862/4192/15 2863/4172/15
f 4520/2803/15 2861/2802/15 2862/4192/15
f 2820/4269/15 4121/4289/15 2840/3750/15
f 2840/3750/15 4121/4289/15 4122/4270/15
f 2839/3751/15 4122/4270/15 4123/4271/15
f 2838/3752/15 4123/4271/15 4124/4272/15
f 2837/3753/15 4124/4272/15 4125/4273/15
f 2836/3754/15 4125/4273/15 4126/4274/15
f 2835/3755/15 4126/4274/15 4127/4275/15
f 2834/3756/15 4127/4275/15 4128/4276/15
f 2833/3758/15 4128/4276/15 4129/4277/15
f 2832/3759/15 4129/4277/15 4130/4278/15
f 2831/3760/15 4130/4278/15 4131/4279/15
f 2830/3761/15 4131/4279/15 4132/4280/15
f 2829/3762/15 4132/4280/15 4133/4281/15
f 2828/3763/15 4133/4281/15 4134/4282/15
f 2827/3764/15 4134/4282/15 4135/4283/15
f 2826/3766/15 4135/4283/15 4136/4284/15
f 2825/3767/15 4136/4284/15 4137/4285/15
f 2824/3768/15 4137/4285/15 4138/4286/15
f 2823/3769/15 4138/4286/15 4139/4287/15
f 2822/3771/15 4139/4287/15 4140/4250/15
f 2819/4288/15 4141/4290/15 4121/4289/15
f 4141/4290/15 4142/4291/15 4122/4270/15
f 4142/4291/15 4143/4292/15 4123/4271/15
f 4143/4292/15 4144/4293/15 4124/4272/15
f 4144/4293/15 4145/4294/15 4125/4273/15
f 4145/4294/15 4146/4295/15 4126/4274/15
f 4146/4295/15 4147/4296/15 4127/4275/15
f 4147/4296/15 4148/4297/15 4128/4276/15
f 4148/4297/15 4149/4298/15 4129/4277/15
f 4149/4298/15 4150/4299/15 4130/4278/15
f 4150/4299/15 4151/4300/15 4131/4279/15
f 4151/4300/15 4152/4301/15 4132/4280/15
f 4152/4301/15 4153/4302/15 4133/4281/15
f 4153/4302/15 4154/4303/15 4134/4282/15
f 4154/4303/15 4155/4304/15 4135/4283/15
f 4155/4304/15 4156/4305/15 4136/4284/15
f 4156/4305/15 4157/4306/15 4137/4285/15
f 4157/4306/15 4158/4307/15 4138/4286/15
f 4158/4307/15 4159/4308/15 4139/4287/15
f 4159/4308/15 4160/4251/15 4140/4250/15
f 2818/4309/15 4161/4310/15 4141/4290/15
f 4161/4310/15 4162/4311/15 4142/4291/15
f 4162/4311/15 4163/4312/15 4143/4292/15
f 4163/4312/15 4164/4313/15 4144/4293/15
f 4164/4313/15 4165/4314/15 4145/4294/15
f 4165/4314/15 4166/4315/15 4146/4295/15
f 4166/4315/15 4167/4316/15 4147/4296/15
f 4167/4316/15 4168/4317/15 4148/4297/15
f 4168/4317/15 4169/4318/15 4149/4298/15
f 4169/4318/15 4170/4319/15 4150/4299/15
f 4170/4319/15 4171/4320/15 4151/4300/15
f 4171/4320/15 4172/4321/15 4152/4301/15
f 4172/4321/15 4173/4322/15 4153/4302/15
f 4173/4322/15 4174/4323/15 4154/4303/15
f 4174/4323/15 4175/4324/15 4155/4304/15
f 4175/4324/15 4176/4325/15 4156/4305/15
f 4176/4325/15 4177/4326/15 4157/4306/15
f 4177/4326/15 4178/4327/15 4158/4307/15
f 4178/4327/15 4179/4328/15 4159/4308/15
f 4179/4328/15 4180/4252/15 4160/4251/15
f 2817/4329/15 4181/4330/15 4161/4310/15
f 4181/4330/15 4182/4331/15 4162/4311/15
f 4182/4331/15 4183/4332/15 4163/4312/15
f 4183/4332/15 4184/4333/15 4164/4313/15
f 4184/4333/15 4185/4334/15 4165/4314/15
f 4185/4334/15 4186/4335/15 4166/4315/15
f 4186/4335/15 4187/4336/15 4167/4316/15
f 4187/4336/15 4188/4337/15 4168/4317/15
f 4188/4337/15 4189/4338/15 4169/4318/15
f 4189/4338/15 4190/4339/15 4170/4319/15
f 4190/4339/15 4191/4340/15 4171/4320/15
f 4191/4340/15 4192/4341/15 4172/4321/15
f 4192/4341/15 4193/4342/15 4173/4322/15
f 4193/4342/15 4194/4343/15 4174/4323/15
f 4194/4343/15 4195/4344/15 4175/4324/15
f 4195/4344/15 4196/4345/15 4176/4325/15
f 4196/4345/15 4197/4346/15 4177/4326/15
f 4197/4346/15 4198/4347/15 4178/4327/15
f 4198/4347/15 4199/4348/15 4179/4328/15
f 4199/4348/15 4200/4253/15 4180/4252/15
f 2816/4349/15 4201/4350/15 4181/4330/15
f 4201/4350/15 4202/4351/15 4182/4331/15
f 4202/4351/15 4203/4352/15 4183/4332/15
f 4203/4352/15 4204/4353/15 4184/4333/15
f 4204/4353/15 4205/4354/15 4185/4334/15
f 4205/4354/15 4206/4355/15 4186/4335/15
f 4206/4355/15 4207/4356/15 4187/4336/15
f 4207/4356/15 4208/4357/15 4188/4337/15
f 4208/4357/15 4209/4358/15 4189/4338/15
f 4209/4358/15 4210/4359/15 4190/4339/15
f 4210/4359/15 4211/4360/15 4191/4340/15
f 4211/4360/15 4212/4361/15 4192/4341/15
f 4212/4361/15 4213/4362/15 4193/4342/15
f 4213/4362/15 4214/4363/15 4194/4343/15
f 4214/4363/15 4215/4364/15 4195/4344/15
f 4215/4364/15 4216/4365/15 4196/4345/15
f 4216/4365/15 4217/4366/15 4197/4346/15
f 4217/4366/15 4218/4367/15 4198/4347/15
f 4218/4367/15 4219/4368/15 4199/4348/15
f 4219/4368/15 4220/4254/15 4200/4253/15
f 2815/4369/15 4221/4370/15 4201/4350/15
f 4221/4370/15 4222/4371/15 4202/4351/15
f 4222/4371/15 4223/4372/15 4203/4352/15
f 4223/4372/15 4224/4373/15 4204/4353/15
f 4224/4373/15 4225/4374/15 4205/4354/15
f 4225/4374/15 4226/4375/15 4206/4355/15
f 4226/4375/15 4227/4376/15 4207/4356/15
f 4227/4376/15 4228/4377/15 4208/4357/15
f 4228/4377/15 4229/4378/15 4209/4358/15
f 4229/4378/15 4230/4379/15 4210/4359/15
f 4230/4379/15 4231/4380/15 4211/4360/15
f 4231/4380/15 4232/4381/15 4212/4361/15
f 4232/4381/15 4233/4382/15 4213/4362/15
f 4233/4382/15 4234/4383/15 4214/4363/15
f 4234/4383/15 4235/4384/15 4215/4364/15
f 4235/4384/15 4236/4385/15 4216/4365/15
f 4236/4385/15 4237/4386/15 4217/4366/15
f 4237/4386/15 4238/4387/15 4218/4367/15
f 4238/4387/15 4239/4388/15 4219/4368/15
f 4239/4388/15 4240/4255/15 4220/4254/15
f 2814/4389/15 4241/4390/15 4221/4370/15
f 4241/4390/15 4242/4391/15 4222/4371/15
f 4242/4391/15 4243/4392/15 4223/4372/15
f 4243/4392/15 4244/4393/15 4224/4373/15
f 4244/4393/15 4245/4394/15 4225/4374/15
f 4245/4394/15 4246/4395/15 4226/4375/15
f 4246/4395/15 4247/4396/15 4227/4376/15
f 4247/4396/15 4248/4397/15 4228/4377/15
f 4248/4397/15 4249/4398/15 4229/4378/15
f 4249/4398/15 4250/4399/15 4230/4379/15
f 4250/4399/15 4251/4400/15 4231/4380/15
f 4251/4400/15 4252/4401/15 4232/4381/15
f 4252/4401/15 4253/4402/15 4233/4382/15
f 4253/4402/15 4254/4403/15 4234/4383/15
f 4254/4403/15 4255/4404/15 4235/4384/15
f 4255/4404/15 4256/4405/15 4236/4385/15
f 4256/4405/15 4257/4406/15 4237/4386/15
f 4257/4406/15 4258/4407/15 4238/4387/15
f 4258/4407/15 4259/4408/15 4239/4388/15
f 4259/4408/15 4260/4256/15 4240/4255/15
f 2813/4409/15 4261/4410/15 4241/4390/15
f 4261/4410/15 4262/4411/15 4242/4391/15
f 4262/4411/15 4263/4412/15 4243/4392/15
f 4263/4412/15 4264/4413/15 4244/4393/15
f 4264/4413/15 4265/4414/15 4245/4394/15
f 4265/4414/15 4266/4415/15 4246/4395/15
f 4266/4415/15 4267/4416/15 4247/4396/15
f 4267/4416/15 4268/4417/15 4248/4397/15
f 4268/4417/15 4269/4418/15 4249/4398/15
f 4269/4418/15 4270/4419/15 4250/4399/15
f 4270/4419/15 4271/4420/15 4251/4400/15
f 4271/4420/15 4272/4421/15 4252/4401/15
f 4272/4421/15 4273/4422/15 4253/4402/15
f 4273/4422/15 4274/4423/15 4254/4403/15
f 4274/4423/15 4275/4424/15 4255/4404/15
f 4275/4424/15 4276/4425/15 4256/4405/15
f 4276/4425/15 4277/4426/15 4257/4406/15
f 4277/4426/15 4278/4427/15 4258/4407/15
f 4278/4427/15 4279/4428/15 4259/4408/15
f 4279/4428/15 4280/4257/15 4260/4256/15
f 2812/4429/15 4281/4430/15 4261/4410/15
f 4281/4430/15 4282/4431/15 4262/4411/15
f 4282/4431/15 4283/4432/15 4263/4412/15
f 4283/4432/15 4284/4433/15 4264/4413/15
f 4284/4433/15 4285/4434/15 4265/4414/15
f 4285/4434/15 4286/4435/15 4266/4415/15
f 4286/4435/15 4287/4436/15 4267/4416/15
f 4287/4436/15 4288/4437/15 4268/4417/15
f 4288/4437/15 4289/4438/15 4269/4418/15
f 4289/4438/15 4290/4439/15 4270/4419/15
f 4290/4439/15 4291/4440/15 4271/4420/15
f 4291/4440/15 4292/4441/15 4272/4421/15
f 4292/4441/15 4293/4442/15 4273/4422/15
f 4293/4442/15 4294/4443/15 4274/4423/15
f 4294/4443/15 4295/4444/15 4275/4424/15
f 4295/4444/15 4296/4445/15 4276/4425/15
f 4296/4445/15 4297/4446/15 4277/4426/15
f 4297/4446/15 4298/4447/15 4278/4427/15
f 4298/4447/15 4299/4448/15 4279/4428/15
f 4299/4448/15 4300/4258/15 4280/4257/15
f 2811/4449/15 4301/4450/15 4281/4430/15
f 4301/4450/15 4302/4451/15 4282/4431/15
f 4302/4451/15 4303/4452/15 4283/4432/15
f 4303/4452/15 4304/4453/15 4284/4433/15
f 4304/4453/15 4305/4454/15 4285/4434/15
f 4305/4454/15 4306/4455/15 4286/4435/15
f 4306/4455/15 4307/4456/15 4287/4436/15
f 4307/4456/15 4308/4457/15 4288/4437/15
f 4308/4457/15 4309/4458/15 4289/4438/15
f 4309/4458/15 4310/4459/15 4290/4439/15
f 4310/4459/15 4311/4460/15 4291/4440/15
f 4311/4460/15 4312/4461/15 4292/4441/15
f 4312/4461/15 4313/4462/15 4293/4442/15
f 4313/4462/15 4314/4463/15 4294/4443/15
f 4314/4463/15 4315/4464/15 4295/4444/15
f 4315/4464/15 4316/4465/15 4296/4445/15
f 4316/4465/15 4317/4466/15 4297/4446/15
f 4317/4466/15 4318/4467/15 4298/4447/15
f 4318/4467/15 4319/4468/15 4299/4448/15
f 4319/4468/15 4320/4259/15 4300/4258/15
f 2810/4469/15 4321/4470/15 4301/4450/15
f 4321/4470/15 4322/4471/15 4302/4451/15
f 4322/4471/15 4323/4472/15 4303/4452/15
f 4323/4472/15 4324/4473/15 4304/4453/15
f 4324/4473/15 4325/4474/15 4305/4454/15
f 4325/4474/15 4326/4475/15 4306/4455/15
f 4326/4475/15 4327/4476/15 4307/4456/15
f 4327/4476/15 4328/4477/15 4308/4457/15
f 4328/4477/15 4329/4478/15 4309/4458/15
f 4329/4478/15 4330/4479/15 4310/4459/15
f 4330/4479/15 4331/4480/15 4311/4460/15
f 4331/4480/15 4332/4481/15 4312/4461/15
f 4332/4481/15 4333/4482/15 4313/4462/15
f 4333/4482/15 4334/4483/15 4314/4463/15
f 4334/4483/15 4335/4484/15 4315/4464/15
f 4335/4484/15 4336/4485/15 4316/4465/15
f 4336/4485/15 4337/4486/15 4317/4466/15
f 4337/4486/15 4338/4487/15 4318/4467/15
f 4338/4487/15 4339/4488/15 4319/4468/15
f 4339/4488/15 4340/4260/15 4320/4259/15
f 2809/4489/15 4341/4490/15 4321/4470/15
f 4341/4490/15 4342/4491/15 4322/4471/15
f 4342/4491/15 4343/4492/15 4323/4472/15
f 4343/4492/15 4344/4493/15 4324/4473/15
f 4344/4493/15 4345/4494/15 4325/4474/15
f 4345/4494/15 4346/4495/15 4326/4475/15
f 4346/4495/15 4347/4496/15 4327/4476/15
f 4347/4496/15 4348/4497/15 4328/4477/15
f 4348/4497/15 4349/4498/15 4329/4478/15
f 4349/4498/15 4350/4499/15 4330/4479/15
f 4350/4499/15 4351/4500/15 4331/4480/15
f 4351/4500/15 4352/4501/15 4332/4481/15
f 4352/4501/15 4353/4502/15 4333/4482/15
f 4353/4502/15 4354/4503/15 4334/4483/15
f 4354/4503/15 4355/4504/15 4335/4484/15
f 4355/4504/15 4356/4505/15 4336/4485/15
f 4356/4505/15 4357/4506/15 4337/4486/15
f 4357/4506/15 4358/4507/15 4338/4487/15
f 4358/4507/15 4359/4508/15 4339/4488/15
f 4359/4508/15 4360/4261/15 4340/4260/15
f 2808/4509/15 4361/4510/15 4341/4490/15
f 4361/4510/15 4362/4511/15 4342/4491/15
f 4362/4511/15 4363/4512/15 4343/4492/15
f 4363/4512/15 4364/4513/15 4344/4493/15
f 4364/4513/15 4365/4514/15 4345/4494/15
f 4365/4514/15 4366/4515/15 4346/4495/15
f 4366/4515/15 4367/4516/15 4347/4496/15
f 4367/4516/15 4368/4517/15 4348/4497/15
f 4368/4517/15 4369/4518/15 4349/4498/15
f 4369/4518/15 4370/4519/15 4350/4499/15
f 4370/4519/15 4371/4520/15 4351/4500/15
f 4371/4520/15 4372/4521/15 4352/4501/15
f 4372/4521/15 4373/4522/15 4353/4502/15
f 4373/4522/15 4374/4523/15 4354/4503/15
f 4374/4523/15 4375/4524/15 4355/4504/15
f 4375/4524/15 4376/4525/15 4356/4505/15
f 4376/4525/15 4377/4526/15 4357/4506/15
f 4377/4526/15 4378/4527/15 4358/4507/15
f 4378/4527/15 4379/4528/15 4359/4508/15
f 4379/4528/15 4380/4262/15 4360/4261/15
f 2807/4529/15 4381/4530/15 4361/4510/15
f 4381/4530/15 4382/4531/15 4362/4511/15
f 4382/4531/15 4383/4532/15 4363/4512/15
f 4383/4532/15 4384/4533/15 4364/4513/15
f 4384/4533/15 4385/4534/15 4365/4514/15
f 4385/4534/15 4386/4535/15 4366/4515/15
f 4386/4535/15 4387/4536/15 4367/4516/15
f 4387/4536/15 4388/4537/15 4368/4517/15
f 4388/4537/15 4389/4538/15 4369/4518/15
f 4389/4538/15 4390/4539/15 4370/4519/15
f 4390/4539/15 4391/4540/15 4371/4520/15
f 4391/4540/15 4392/4541/15 4372/4521/15
f 4392/4541/15 4393/4542/15 4373/4522/15
f 4393/4542/15 4394/4543/15 4374/4523/15
f 4394/4543/15 4395/4544/15 4375/4524/15
f 4395/4544/15 4396/4545/15 4376/4525/15
f 4396/4545/15 4397/4546/15 4377/4526/15
f 4397/4546/15 4398/4547/15 4378/4527/15
f 4398/4547/15 4399/4548/15 4379/4528/15
f 4399/4548/15 4400/4263/15 4380/4262/15
f 2806/4549/15 4401/4550/15 4381/4530/15
f 4401/4550/15 4402/4551/15 4382/4531/15
f 4402/4551/15 4403/4552/15 4383/4532/15
f 4403/4552/15 4404/4553/15 4384/4533/15
f 4404/4553/15 4405/4554/15 4385/4534/15
f 4405/4554/15 4406/4555/15 4386/4535/15
f 4406/4555/15 4407/4556/15 4387/4536/15
f 4407/4556/15 4408/4557/15 4388/4537/15
f 4408/4557/15 4409/4558/15 4389/4538/15
f 4409/4558/15 4410/4559/15 4390/4539/15
f 4410/4559/15 4411/4560/15 4391/4540/15
f 4411/4560/15 4412/4561/15 4392/4541/15
f 4412/4561/15 4413/4562/15 4393/4542/15
f 4413/4562/15 4414/4563/15 4394/4543/15
f 4414/4563/15 4415/4564/15 4395/4544/15
f 4415/4564/15 4416/4565/15 4396/4545/15
f 4416/4565/15 4417/4566/15 4397/4546/15
f 4417/4566/15 4418/4567/15 4398/4547/15
f 4418/4567/15 4419/4568/15 4399/4548/15
f 4419/4568/15 4420/4264/15 4400/4263/15
f 2805/4569/15 4421/4570/15 4401/4550/15
f 4421/4570/15 4422/4571/15 4402/4551/15
f 4422/4571/15 4423/4572/15 4403/4552/15
f 4423/4572/15 4424/4573/15 4404/4553/15
f 4424/4573/15 4425/4574/15 4405/4554/15
f 4425/4574/15 4426/4575/15 4406/4555/15
f 4426/4575/15 4427/4576/15 4407/4556/15
f 4427/4576/15 4428/4577/15 4408/4557/15
f 4428/4577/15 4429/4578/15 4409/4558/15
f 4429/4578/15 4430/4579/15 4410/4559/15
f 4430/4579/15 4431/4580/15 4411/4560/15
f 4431/4580/15 4432/4581/15 4412/4561/15
f 4432/4581/15 4433/4582/15 4413/4562/15
f 4433/4582/15 4434/4583/15 4414/4563/15
f 4434/4583/15 4435/4584/15 4415/4564/15
f 4435/4584/15 4436/4585/15 4416/4565/15
f 4436/4585/15 4437/4586/15 4417/4566/15
f 4437/4586/15 4438/4587/15 4418/4567/15
f 4438/4587/15 4439/4588/15 4419/4568/15
f 4439/4588/15 4440/4265/15 4420/4264/15
f 2804/4589/15 4441/4590/15 4421/4570/15
f 4441/4590/15 4442/4591/15 4422/4571/15
f 4442/4591/15 4443/4592/15 4423/4572/15
f 4443/4592/15 4444/4593/15 4424/4573/15
f 4444/4593/15 4445/4594/15 4425/4574/15
f 4445/4594/15 4446/4595/15 4426/4575/15
f 4446/4595/15 4447/4596/15 4427/4576/15
f 4447/4596/15 4448/4597/15 4428/4577/15
f 4448/4597/15 4449/4598/15 4429/4578/15
f 4449/4598/15 4450/4599/15 4430/4579/15
f 4450/4599/15 4451/4600/15 4431/4580/15
f 4451/4600/15 4452/4601/15 4432/4581/15
f 4452/4601/15 4453/4602/15 4433/4582/15
f 4453/4602/15 4454/4603/15 4434/4583/15
f 4454/4603/15 4455/4604/15 4435/4584/15
f 4455/4604/15 4456/4605/15 4436/4585/15
f 4456/4605/15 4457/4606/15 4437/4586/15
f 4457/4606/15 4458/4607/15 4438/4587/15
f 4458/4607/15 4459/4608/15 4439/4588/15
f 4459/4608/15 4460/4266/15 4440/4265/15
f 2803/4609/15 4461/4610/15 4441/4590/15
f 4461/4610/15 4462/4611/15 4442/4591/15
f 4462/4611/15 4463/4612/15 4443/4592/15
f 4463/4612/15 4464/4613/15 4444/4593/15
f 4464/4613/15 4465/4614/15 4445/4594/15
f 4465/4614/15 4466/4615/15 4446/4595/15
f 4466/4615/15 4467/4616/15 4447/4596/15
f 4467/4616/15 4468/4617/15 4448/4597/15
f 4468/4617/15 4469/4618/15 4449/4598/15
f 4469/4618/15 4470/4619/15 4450/4599/15
f 4470/4619/15 4471/4620/15 4451/4600/15
f 4471/4620/15 4472/4621/15 4452/4601/15
f 4472/4621/15 4473/4622/15 4453/4602/15
f 4473/4622/15 4474/4623/15 4454/4603/15
f 4474/4623/15 4475/4624/15 4455/4604/15
f 4475/4624/15 4476/4625/15 4456/4605/15
f 4476/4625/15 4477/4626/15 4457/4606/15
f 4477/4626/15 4478/4627/15 4458/4607/15
f 4478/4627/15 4479/4628/15 4459/4608/15
f 4479/4628/15 4480/4267/15 4460/4266/15
f 2802/4629/15 4481/4630/15 4461/4610/15
f 4481/4630/15 4482/4631/15 4462/4611/15
f 4482/4631/15 4483/4632/15 4463/4612/15
f 4483/4632/15 4484/4633/15 4464/4613/15
f 4484/4633/15 4485/4634/15 4465/4614/15
f 4485/4634/15 4486/4635/15 4466/4615/15
f 4486/4635/15 4487/4636/15 4467/4616/15
f 4487/4636/15 4488/4637/15 4468/4617/15
f 4488/4637/15 4489/4638/15 4469/4618/15
f 4489/4638/15 4490/4639/15 4470/4619/15
f 4490/4639/15 4491/4640/15 4471/4620/15
f 4491/4640/15 4492/4641/15 4472/4621/15
f 4492/4641/15 4493/4642/15 4473/4622/15
f 4493/4642/15 4494/4643/15 4474/4623/15
f 4494/4643/15 4495/4644/15 4475/4624/15
f 4495/4644/15 4496/4645/15 4476/4625/15
f 4496/4645/15 4497/4646/15 4477/4626/15
f 4497/4646/15 4498/4647/15 4478/4627/15
f 4498/4647/15 4499/4648/15 4479/4628/15
f 4499/4648/15 4500/4268/15 4480/4267/15
f 2801/2799/15 4501/4649/15 4481/4630/15
f 4501/4649/15 4502/4650/15 4482/4631/15
f 4502/4650/15 4503/4651/15 4483/4632/15
f 4503/4651/15 4504/4652/15 4484/4633/15
f 4504/4652/15 4505/4653/15 4485/4634/15
f 4505/4653/15 4506/4654/15 4486/4635/15
f 4506/4654/15 4507/4655/15 4487/4636/15
f 4507/4655/15 4508/4656/15 4488/4637/15
f 4508/4656/15 4509/4657/15 4489/4638/15
f 4509/4657/15 4510/4658/15 4490/4639/15
f 4510/4658/15 4511/4659/15 4491/4640/15
f 4511/4659/15 4512/4660/15 4492/4641/15
f 4512/4660/15 4513/4661/15 4493/4642/15
f 4513/4661/15 4514/4662/15 4494/4643/15
f 4514/4662/15 4515/4663/15 4495/4644/15
f 4515/4663/15 4516/4664/15 4496/4645/15
f 4516/4664/15 4517/4665/15 4497/4646/15
f 4517/4665/15 4518/4666/15 4498/4647/15
f 4518/4666/15 4519/4667/15 4499/4648/15
f 4519/4667/15 4520/2803/15 4500/4268/15
f 2680/2854/15 2841/2853/15 4501/4649/15
f 2841/2853/15 2842/2856/15 4502/4650/15
f 2842/2856/15 2843/2858/15 4503/4651/15
f 2843/2858/15 2844/2860/15 4504/4652/15
f 2844/2860/15 2845/2862/15 4505/4653/15
f 2845/2862/15 2846/2864/15 4506/4654/15
f 2846/2864/15 2847/2866/15 4507/4655/15
f 2847/2866/15 2848/2868/15 4508/4656/15
f 2848/2868/15 2849/2870/15 4509/4657/15
f 2849/2870/15 2850/2872/15 4510/4658/15
f 2850/2872/15 2851/2874/15 4511/4659/15
f 2851/2874/15 2852/2876/15 4512/4660/15
f 2852/2876/15 2853/2878/15 4513/4661/15
f 2853/2878/15 2854/2880/15 4514/4662/15
f 2854/2880/15 2855/2882/15 4515/4663/15
f 2855/2882/15 2856/2884/15 4516/4664/15
f 2856/2884/15 2857/2886/15 4517/4665/15
f 2857/2886/15 2858/2888/15 4518/4666/15
f 2858/2888/15 2859/2890/15 4519/4667/15
f 2859/2890/15 2860/2801/15 4520/2803/15
f 4540/4668/14 2820/4269/14 2679/3749/14
f 4560/4670/14 2819/4288/14 2820/4269/14
f 4580/4671/14 2818/4309/14 2819/4288/14
f 4600/4672/14 2817/4329/14 2818/4309/14
f 4620/4673/14 2816/4349/14 2817/4329/14
f 4640/4674/14 2815/4369/14 2816/4349/14
f 4660/4675/14 2814/4389/14 2815/4369/14
f 4680/4676/14 2813/4409/14 2814/4389/14
f 4700/4677/14 2812/4429/14 2813/4409/14
f 4720/4678/14 2811/4449/14 2812/4429/14
f 4740/4679/14 2810/4469/14 2811/4449/14
f 4760/4680/14 2809/4489/14 2810/4469/14
f 4780/4681/14 2808/4509/14 2809/4489/14
f 4800/4682/14 2807/4529/14 2808/4509/14
f 4820/4683/14 2806/4549/14 2807/4529/14
f 4840/4684/14 2805/4569/14 2806/4549/14
f 4860/4685/14 2804/4589/14 2805/4569/14
f 4880/4686/14 2803/4609/14 2804/4589/14
f 4900/4687/14 2802/4629/14 2803/4609/14
f 4920/2800/14 2801/2799/14 2802/4629/14
f 2760/4688/14 4521/4728/14 2780/4689/14
f 2780/4689/14 4521/4728/14 4522/4691/14
f 2779/4692/14 4522/4691/14 4523/4693/14
f 2778/4694/14 4523/4693/14 4524/4695/14
f 2777/4696/14 4524/4695/14 4525/4697/14
f 2776/4698/14 4525/4697/14 4526/4699/14
f 2775/4700/14 4526/4699/14 4527/4701/14
f 2774/4702/14 4527/4701/14 4528/4703/14
f 2773/4704/14 4528/4703/14 4529/4705/14
f 2772/4706/14 4529/4705/14 4530/4707/14
f 2771/4708/14 4530/4707/14 4531/4709/14
f 2770/4710/14 4531/4709/14 4532/4711/14
f 2769/4712/14 4532/4711/14 4533/4713/14
f 2768/4714/14 4533/4713/14 4534/4715/14
f 2767/4716/14 4534/4715/14 4535/4717/14
f 2766/4718/14 4535/4717/14 4536/4719/14
f 2765/4720/14 4536/4719/14 4537/4721/14
f 2764/4722/14 4537/4721/14 4538/4723/14
f 2763/4724/14 4538/4723/14 4539/4725/14
f 2762/4726/14 4539/4725/14 4540/4668/14
f 2759/4727/14 4541/4729/14 4521/4728/14
f 4541/4729/14 4542/4730/14 4522/4691/14
f 4542/4730/14 4543/4731/14 4523/4693/14
f 4543/4731/14 4544/4732/14 4524/4695/14
f 4544/4732/14 4545/4733/14 4525/4697/14
f 4545/4733/14 4546/4734/14 4526/4699/14
f 4546/4734/14 4547/4735/14 4527/4701/14
f 4547/4735/14 4548/4736/14 4528/4703/14
f 4548/4736/14 4549/4737/14 4529/4705/14
f 4549/4737/14 4550/4738/14 4530/4707/14
f 4550/4738/14 4551/4739/14 4531/4709/14
f 4551/4739/14 4552/4740/14 4532/4711/14
f 4552/4740/14 4553/4741/14 4533/4713/14
f 4553/4741/14 4554/4742/14 4534/4715/14
f 4554/4742/14 4555/4743/14 4535/4717/14
f 4555/4743/14 4556/4744/14 4536/4719/14
f 4556/4744/14 4557/4745/14 4537/4721/14
f 4557/4745/14 4558/4746/14 4538/4723/14
f 4558/4746/14 4559/4747/14 4539/4725/14
f 4559/4747/14 4560/4670/14 4540/4668/14
f 2758/4748/14 4561/4749/14 4541/4729/14
f 4561/4749/14 4562/4750/14 4542/4730/14
f 4562/4750/14 4563/4751/14 4543/4731/14
f 4563/4751/14 4564/4752/14 4544/4732/14
f 4564/4752/14 4565/4753/14 4545/4733/14
f 4565/4753/14 4566/4754/14 4546/4734/14
f 4566/4754/14 4567/4755/14 4547/4735/14
f 4567/4755/14 4568/4756/14 4548/4736/14
f 4568/4756/14 4569/4757/14 4549/4737/14
f 4569/4757/14 4570/4758/14 4550/4738/14
f 4570/4758/14 4571/4759/14 4551/4739/14
f 4571/4759/14 4572/4760/14 4552/4740/14
f 4572/4760/14 4573/4761/14 4553/4741/14
f 4573/4761/14 4574/4762/14 4554/4742/14
f 4574/4762/14 4575/4763/14 4555/4743/14
f 4575/4763/14 4576/4764/14 4556/4744/14
f 4576/4764/14 4577/4765/14 4557/4745/14
f 4577/4765/14 4578/4766/14 4558/4746/14
f 4578/4766/14 4579/4767/14 4559/4747/14
f 4579/4767/14 4580/4671/14 4560/4670/14
f 2757/4768/14 4581/4769/14 4561/4749/14
f 4581/4769/14 4582/4770/14 4562/4750/14
f 4582/4770/14 4583/4771/14 4563/4751/14
f 4583/4771/14 4584/4772/14 4564/4752/14
f 4584/4772/14 4585/4773/14 4565/4753/14
f 4585/4773/14 4586/4774/14 4566/4754/14
f 4586/4774/14 4587/4775/14 4567/4755/14
f 4587/4775/14 4588/4776/14 4568/4756/14
f 4588/4776/14 4589/4777/14 4569/4757/14
f 4589/4777/14 4590/4778/14 4570/4758/14
f 4590/4778/14 4591/4779/14 4571/4759/14
f 4591/4779/14 4592/4780/14 4572/4760/14
f 4592/4780/14 4593/4781/14 4573/4761/14
f 4593/4781/14 4594/4782/14 4574/4762/14
f 4594/4782/14 4595/4783/14 4575/4763/14
f 4595/4783/14 4596/4784/14 4576/4764/14
f 4596/4784/14 4597/4785/14 4577/4765/14
f 4597/4785/14 4598/4786/14 4578/4766/14
f 4598/4786/14 4599/4787/14 4579/4767/14
f 4599/4787/14 4600/4672/14 4580/4671/14
f 2756/4788/14 4601/4789/14 4581/4769/14
f 4601/4789/14 4602/4790/14 4582/4770/14
f 4602/4790/14 4603/4791/14 4583/4771/14
f 4603/4791/14 4604/4792/14 4584/4772/14
f 4604/4792/14 4605/4793/14 4585/4773/14
f 4605/4793/14 4606/4794/14 4586/4774/14
f 4606/4794/14 4607/4795/14 4587/4775/14
f 4607/4795/14 4608/4796/14 4588/4776/14
f 4608/4796/14 4609/4797/14 4589/4777/14
f 4609/4797/14 4610/4798/14 4590/4778/14
f 4610/4798/14 4611/4799/14 4591/4779/14
f 4611/4799/14 4612/4800/14 4592/4780/14
f 4612/4800/14 4613/4801/14 4593/4781/14
f 4613/4801/14 4614/4802/14 4594/4782/14
f 4614/4802/14 4615/4803/14 4595/4783/14
f 4615/4803/14 4616/4804/14 4596/4784/14
f 4616/4804/14 4617/4805/14 4597/4785/14
f 4617/4805/14 4618/4806/14 4598/4786/14
f 4618/4806/14 4619/4807/14 4599/4787/14
f 4619/4807/14 4620/4673/14 4600/4672/14
f 2755/4808/14 4621/4809/14 4601/4789/14
f 4621/4809/14 4622/4810/14 4602/4790/14
f 4622/4810/14 4623/4811/14 4603/4791/14
f 4623/4811/14 4624/4812/14 4604/4792/14
f 4624/4812/14 4625/4813/14 4605/4793/14
f 4625/4813/14 4626/4814/14 4606/4794/14
f 4626/4814/14 4627/4815/14 4607/4795/14
f 4627/4815/14 4628/4816/14 4608/4796/14
f 4628/4816/14 4629/4817/14 4609/4797/14
f 4629/4817/14 4630/4818/14 4610/4798/14
f 4630/4818/14 4631/4819/14 4611/4799/14
f 4631/4819/14 4632/4820/14 4612/4800/14
f 4632/4820/14 4633/4821/14 4613/4801/14
f 4633/4821/14 4634/4822/14 4614/4802/14
f 4634/4822/14 4635/4823/14 4615/4803/14
f 4635/4823/14 4636/4824/14 4616/4804/14
f 4636/4824/14 4637/4825/14 4617/4805/14
f 4637/4825/14 4638/4826/14 4618/4806/14
f 4638/4826/14 4639/4827/14 4619/4807/14
f 4639/4827/14 4640/4674/14 4620/4673/14
f 2754/4828/14 4641/4829/14 4621/4809/14
f 4641/4829/14 4642/4830/14 4622/4810/14
f 4642/4830/14 4643/4831/14 4623/4811/14
f 4643/4831/14 4644/4832/14 4624/4812/14
f 4644/4832/14 4645/4833/14 4625/4813/14
f 4645/4833/14 4646/4834/14 4626/4814/14
f 4646/4834/14 4647/4835/14 4627/4815/14
f 4647/4835/14 4648/4836/14 4628/4816/14
f 4648/4836/14 4649/4837/14 4629/4817/14
f 4649/4837/14 4650/4838/14 4630/4818/14
f 4650/4838/14 4651/4839/14 4631/4819/14
f 4651/4839/14 4652/4840/14 4632/4820/14
f 4652/4840/14 4653/4841/14 4633/4821/14
f 4653/4841/14 4654/4842/14 4634/4822/14
f 4654/4842/14 4655/4843/14 4635/4823/14
f 4655/4843/14 4656/4844/14 4636/4824/14
f 4656/4844/14 4657/4845/14 4637/4825/14
f 4657/4845/14 4658/4846/14 4638/4826/14
f 4658/4846/14 4659/4847/14 4639/4827/14
f 4659/4847/14 4660/4675/14 4640/4674/14
f 2753/4848/14 4661/4849/14 4641/4829/14
f 4661/4849/14 4662/4850/14 4642/4830/14
f 4662/4850/14 4663/4851/14 4643/4831/14
f 4663/4851/14 4664/4852/14 4644/4832/14
f 4664/4852/14 4665/4853/14 4645/4833/14
f 4665/4853/14 4666/4854/14 4646/4834/14
f 4666/4854/14 4667/4855/14 4647/4835/14
f 4667/4855/14 4668/4856/14 4648/4836/14
f 4668/4856/14 4669/4857/14 4649/4837/14
f 4669/4857/14 4670/4858/14 4650/4838/14
f 4670/4858/14 4671/4859/14 4651/4839/14
f 4671/4859/14 4672/4860/14 4652/4840/14
f 4672/4860/14 4673/4861/14 4653/4841/14
f 4673/4861/14 4674/4862/14 4654/4842/14
f 4674/4862/14 4675/4863/14 4655/4843/14
f 4675/4863/14 4676/4864/14 4656/4844/14
f 4676/4864/14 4677/4865/14 4657/4845/14
f 4677/4865/14 4678/4866/14 4658/4846/14
f 4678/4866/14 4679/4867/14 4659/4847/14
f 4679/4867/14 4680/4676/14 4660/4675/14
f 2752/4868/14 4681/4869/14 4661/4849/14
f 4681/4869/14 4682/4870/14 4662/4850/14
f 4682/4870/14 4683/4871/14 4663/4851/14
f 4683/4871/14 4684/4872/14 4664/4852/14
f 4684/4872/14 4685/4873/14 4665/4853/14
f 4685/4873/14 4686/4874/14 4666/4854/14
f 4686/4874/14 4687/4875/14 4667/4855/14
f 4687/4875/14 4688/4876/14 4668/4856/14
f 4688/4876/14 4689/4877/14 4669/4857/14
f 4689/4877/14 4690/4878/14 4670/4858/14
f 4690/4878/14 4691/4879/14 4671/4859/14
f 4691/4879/14 4692/4880/14 4672/4860/14
f 4692/4880/14 4693/4881/14 4673/4861/14
f 4693/4881/14 4694/4882/14 4674/4862/14
f 4694/4882/14 4695/4883/14 4675/4863/14
f 4695/4883/14 4696/4884/14 4676/4864/14
f 4696/4884/14 4697/4885/14 4677/4865/14
f 4697/4885/14 4698/4886/14 4678/4866/14
f 4698/4886/14 4699/4887/14 4679/4867/14
f 4699/4887/14 4700/4677/14 4680/4676/14
f 2751/4888/14 4701/4889/14 4681/4869/14
f 4701/4889/14 4702/4890/14 4682/4870/14
f 4702/4890/14 4703/4891/14 4683/4871/14
f 4703/4891/14 4704/4892/14 4684/4872/14
f 4704/4892/14 4705/4893/14 4685/4873/14
f 4705/4893/14 4706/4894/14 4686/4874/14
f 4706/4894/14 4707/4895/14 4687/4875/14
f 4707/4895/14 4708/4896/14 4688/4876/14
f 4708/4896/14 4709/4897/14 4689/4877/14
f 4709/4897/14 4710/4898/14 4690/4878/14
f 4710/4898/14 4711/4899/14 4691/4879/14
f 4711/4899/14 4712/4900/14 4692/4880/14
f 4712/4900/14 4713/4901/14 4693/4881/14
f 4713/4901/14 4714/4902/14 4694/4882/14
f 4714/4902/14 4715/4903/14 4695/4883/14
f 4715/4903/14 4716/4904/14 4696/4884/14
f 4716/4904/14 4717/4905/14 4697/4885/14
f 4717/4905/14 4718/4906/14 4698/4886/14
f 4718/4906/14 4719/4907/14 4699/4887/14
f 4719/4907/14 4720/4678/14 4700/4677/14
f 2750/4908/14 4721/4909/14 4701/4889/14
f 4721/4909/14 4722/4910/14 4702/4890/14
f 4722/4910/14 4723/4911/14 4703/4891/14
f 4723/4911/14 4724/4912/14 4704/4892/14
f 4724/4912/14 4725/4913/14 4705/4893/14
f 4725/4913/14 4726/4914/14 4706/4894/14
f 4726/4914/14 4727/4915/14 4707/4895/14
f 4727/4915/14 4728/4916/14 4708/4896/14
f 4728/4916/14 4729/4917/14 4709/4897/14
f 4729/4917/14 4730/4918/14 4710/4898/14
f 4730/4918/14 4731/4919/14 4711/4899/14
f 4731/4919/14 4732/4920/14 4712/4900/14
f 4732/4920/14 4733/4921/14 4713/4901/14
f 4733/4921/14 4734/4922/14 4714/4902/14
f 4734/4922/14 4735/4923/14 4715/4903/14
f 4735/4923/14 4736/4924/14 4716/4904/14
f 4736/4924/14 4737/4925/14 4717/4905/14
f 4737/4925/14 4738/4926/14 4718/4906/14
f 4738/4926/14 4739/4927/14 4719/4907/14
f 4739/4927/14 4740/4679/14 4720/4678/14
f 2749/4928/14 4741/4929/14 4721/4909/14
f 4741/4929/14 4742/4930/14 4722/4910/14
f 4742/4930/14 4743/4931/14 4723/4911/14
f 4743/4931/14 4744/4932/14 4724/4912/14
f 4744/4932/14 4745/4933/14 4725/4913/14
f 4745/4933/14 4746/4934/14 4726/4914/14
f 4746/4934/14 4747/4935/14 4727/4915/14
f 4747/4935/14 4748/4936/14 4728/4916/14
f 4748/4936/14 4749/4937/14 4729/4917/14
f 4749/4937/14 4750/4938/14 4730/4918/14
f 4750/4938/14 4751/4939/14 4731/4919/14
f 4751/4939/14 4752/4940/14 4732/4920/14
f 4752/4940/14 4753/4941/14 4733/4921/14
f 4753/4941/14 4754/4942/14 4734/4922/14
f 4754/4942/14 4755/4943/14 4735/4923/14
f 4755/4943/14 4756/4944/14 4736/4924/14
f 4756/4944/14 4757/4945/14 4737/4925/14
f 4757/4945/14 4758/4946/14 4738/4926/14
f 4758/4946/14 4759/4947/14 4739/4927/14
f 4759/4947/14 4760/4680/14 4740/4679/14
f 2748/4948/14 4761/4949/14 4741/4929/14
f 4761/4949/14 4762/4950/14 4742/4930/14
f 4762/4950/14 4763/4951/14 4743/4931/14
f 4763/4951/14 4764/4952/14 4744/4932/14
f 4764/4952/14 4765/4953/14 4745/4933/14
f 4765/4953/14 4766/4954/14 4746/4934/14
f 4766/4954/14 4767/4955/14 4747/4935/14
f 4767/4955/14 4768/4956/14 4748/4936/14
f 4768/4956/14 4769/4957/14 4749/4937/14
f 4769/4957/14 4770/4958/14 4750/4938/14
f 4770/4958/14 4771/4959/14 4751/4939/14
f 4771/4959/14 4772/4960/14 4752/4940/14
f 4772/4960/14 4773/4961/14 4753/4941/14
f 4773/4961/14 4774/4962/14 4754/4942/14
f 4774/4962/14 4775/4963/14 4755/4943/14
f 4775/4963/14 4776/4964/14 4756/4944/14
f 4776/4964/14 4777/4965/14 4757/4945/14
f 4777/4965/14 4778/4966/14 4758/4946/14
f 4778/4966/14 4779/4967/14 4759/4947/14
f 4779/4967/14 4780/4681/14 4760/4680/14
f 2747/4968/14 4781/4969/14 4761/4949/14
f 4781/4969/14 4782/4970/14 4762/4950/14
f 4782/4970/14 4783/4971/14 4763/4951/14
f 4783/4971/14 4784/4972/14 4764/4952/14
f 4784/4972/14 4785/4973/14 4765/4953/14
f 4785/4973/14 4786/4974/14 4766/4954/14
f 4786/4974/14 4787/4975/14 4767/4955/14
f 4787/4975/14 4788/4976/14 4768/4956/14
f 4788/4976/14 4789/4977/14 4769/4957/14
f 4789/4977/14 4790/4978/14 4770/4958/14
f 4790/4978/14 4791/4979/14 4771/4959/14
f 4791/4979/14 4792/4980/14 4772/4960/14
f 4792/4980/14 4793/4981/14 4773/4961/14
f 4793/4981/14 4794/4982/14 4774/4962/14
f 4794/4982/14 4795/4983/14 4775/4963/14
f 4795/4983/14 4796/4984/14 4776/4964/14
f 4796/4984/14 4797/4985/14 4777/4965/14
f 4797/4985/14 4798/4986/14 4778/4966/14
f 4798/4986/14 4799/4987/14 4779/4967/14
f 4799/4987/14 4800/4682/14 4780/4681/14
f 2746/4988/14 4801/4989/14 4781/4969/14
f 4801/4989/14 4802/4990/14 4782/4970/14
f 4802/4990/14 4803/4991/14 4783/4971/14
f 4803/4991/14 4804/4992/14 4784/4972/14
f 4804/4992/14 4805/4993/14 4785/4973/14
f 4805/4993/14 4806/4994/14 4786/4974/14
f 4806/4994/14 4807/4995/14 4787/4975/14
f 4807/4995/14 4808/4996/14 4788/4976/14
f 4808/4996/14 4809/4997/14 4789/4977/14
f 4809/4997/14 4810/4998/14 4790/4978/14
f 4810/4998/14 4811/4999/14 4791/4979/14
f 4811/4999/14 4812/5000/14 4792/4980/14
f 4812/5000/14 4813/5001/14 4793/4981/14
f 4813/5001/14 4814/5002/14 4794/4982/14
f 4814/5002/14 4815/5003/14 4795/4983/14
f 4815/5003/14 4816/5004/14 4796/4984/14
f 4816/5004/14 4817/5005/14 4797/4985/14
f 4817/5005/14 4818/5006/14 4798/4986/14
f 4818/5006/14 4819/5007/14 4799/4987/14
f 4819/5007/14 4820/4683/14 4800/4682/14
f 2745/5008/14 4821/5009/14 4801/4989/14
f 4821/5009/14 4822/5010/14 4802/4990/14
f 4822/5010/14 4823/5011/14 4803/4991/14
f 4823/5011/14 4824/5012/14 4804/4992/14
f 4824/5012/14 4825/5013/14 4805/4993/14
f 4825/5013/14 4826/5014/14 4806/4994/14
f 4826/5014/14 4827/5015/14 4807/4995/14
f 4827/5015/14 4828/5016/14 4808/4996/14
f 4828/5016/14 4829/5017/14 4809/4997/14
f 4829/5017/14 4830/5018/14 4810/4998/14
f 4830/5018/14 4831/5019/14 4811/4999/14
f 4831/5019/14 4832/5020/14 4812/5000/14
f 4832/5020/14 4833/5021/14 4813/5001/14
f 4833/5021/14 4834/5022/14 4814/5002/14
f 4834/5022/14 4835/5023/14 4815/5003/14
f 4835/5023/14 4836/5024/14 4816/5004/14
f 4836/5024/14 4837/5025/14 4817/5005/14
f 4837/5025/14 4838/5026/14 4818/5006/14
f 4838/5026/14 4839/5027/14 4819/5007/14
f 4839/5027/14 4840/4684/14 4820/4683/14
f 2744/5028/14 4841/5029/14 4821/5009/14
f 4841/5029/14 4842/5030/14 4822/5010/14
f 4842/5030/14 4843/5031/14 4823/5011/14
f 4843/5031/14 4844/5032/14 4824/5012/14
f 4844/5032/14 4845/5033/14 4825/5013/14
f 4845/5033/14 4846/5034/14 4826/5014/14
f 4846/5034/14 4847/5035/14 4827/5015/14
f 4847/5035/14 4848/5036/14 4828/5016/14
f 4848/5036/14 4849/5037/14 4829/5017/14
f 4849/5037/14 4850/5038/14 4830/5018/14
f 4850/5038/14 4851/5039/14 4831/5019/14
f 4851/5039/14 4852/5040/14 4832/5020/14
f 4852/5040/14 4853/5041/14 4833/5021/14
f 4853/5041/14 4854/5042/14 4834/5022/14
f 4854/5042/14 4855/5043/14 4835/5023/14
f 4855/5043/14 4856/5044/14 4836/5024/14
f 4856/5044/14 4857/5045/14 4837/5025/14
f 4857/5045/14 4858/5046/14 4838/5026/14
f 4858/5046/14 4859/5047/14 4839/5027/14
f 4859/5047/14 4860/4685/14 4840/4684/14
f 2743/5048/14 4861/5049/14 4841/5029/14
f 4861/5049/14 4862/5050/14 4842/5030/14
f 4862/5050/14 4863/5051/14 4843/5031/14
f 4863/5051/14 4864/5052/14 4844/5032/14
f 4864/5052/14 4865/5053/14 4845/5033/14
f 4865/5053/14 4866/5054/14 4846/5034/14
f 4866/5054/14 4867/5055/14 4847/5035/14
f 4867/5055/14 4868/5056/14 4848/5036/14
f 4868/5056/14 4869/5057/14 4849/5037/14
f 4869/5057/14 4870/5058/14 4850/5038/14
f 4870/5058/14 4871/5059/14 4851/5039/14
f 4871/5059/14 4872/5060/14 4852/5040/14
f 4872/5060/14 4873/5061/14 4853/5041/14
f 4873/5061/14 4874/5062/14 4854/5042/14
f 4874/5062/14 4875/5063/14 4855/5043/14
f 4875/5063/14 4876/5064/14 4856/5044/14
f 4876/5064/14 4877/5065/14 4857/5045/14
f 4877/5065/14 4878/5066/14 4858/5046/14
f 4878/5066/14 4879/5067/14 4859/5047/14
f 4879/5067/14 4880/4686/14 4860/4685/14
f 2742/5068/14 4881/5069/14 4861/5049/14
f 4881/5069/14 4882/5070/14 4862/5050/14
f 4882/5070/14 4883/5071/14 4863/5051/14
f 4883/5071/14 4884/5072/14 4864/5052/14
f 4884/5072/14 4885/5073/14 4865/5053/14
f 4885/5073/14 4886/5074/14 4866/5054/14
f 4886/5074/14 4887/5075/14 4867/5055/14
f 4887/5075/14 4888/5076/14 4868/5056/14
f 4888/5076/14 4889/5077/14 4869/5057/14
f 4889/5077/14 4890/5078/14 4870/5058/14
f 4890/5078/14 4891/5079/14 4871/5059/14
f 4891/5079/14 4892/5080/14 4872/5060/14
f 4892/5080/14 4893/5081/14 4873/5061/14
f 4893/5081/14 4894/5082/14 4874/5062/14
f 4894/5082/14 4895/5083/14 4875/5063/14
f 4895/5083/14 4896/5084/14 4876/5064/14
f 4896/5084/14 4897/5085/14 4877/5065/14
f 4897/5085/14 4898/5086/14 4878/5066/14
f 4898/5086/14 4899/5087/14 4879/5067/14
f 4899/5087/14 4900/4687/14 4880/4686/14
f 2741/2796/14 4901/5088/14 4881/5069/14
f 4901/5088/14 4902/5089/14 4882/5070/14
f 4902/5089/14 4903/5090/14 4883/5071/14
f 4903/5090/14 4904/5091/14 4884/5072/14
f 4904/5091/14 4905/5092/14 4885/5073/14
f 4905/5092/14 4906/5093/14 4886/5074/14
f 4906/5093/14 4907/5094/14 4887/5075/14
f 4907/5094/14 4908/5095/14 4888/5076/14
f 4908/5095/14 4909/5096/14 4889/5077/14
f 4909/5096/14 4910/5097/14 4890/5078/14
f 4910/5097/14 4911/5098/14 4891/5079/14
f 4911/5098/14 4912/5099/14 4892/5080/14
f 4912/5099/14 4913/5100/14 4893/5081/14
f 4913/5100/14 4914/5101/14 4894/5082/14
f 4914/5101/14 4915/5102/14 4895/5083/14
f 4915/5102/14 4916/5103/14 4896/5084/14
f 4916/5103/14 4917/5104/14 4897/5085/14
f 4917/5104/14 4918/5105/14 4898/5086/14
f 4918/5105/14 4919/5106/14 4899/5087/14
f 4919/5106/14 4920/2800/14 4900/4687/14
f 2676/5107/14 2781/5108/14 4901/5088/14
f 2781/5108/14 2782/5109/14 4902/5089/14
f 2782/5109/14 2783/5110/14 4903/5090/14
f 2783/5110/14 2784/5111/14 4904/5091/14
f 2784/5111/14 2785/5112/14 4905/5092/14
f 2785/5112/14 2786/5113/14 4906/5093/14
f 2786/5113/14 2787/5114/14 4907/5094/14
f 2787/5114/14 2788/5115/14 4908/5095/14
f 2788/5115/14 2789/5116/14 4909/5096/14
f 2789/5116/14 2790/5117/14 4910/5097/14
f 2790/5117/14 2791/5118/14 4911/5098/14
f 2791/5118/14 2792/5119/14 4912/5099/14
f 2792/5119/14 2793/5120/14 4913/5100/14
f 2793/5120/14 2794/5121/14 4914/5101/14
f 2794/5121/14 2795/5122/14 4915/5102/14
f 2795/5122/14 2796/5123/14 4916/5103/14
f 2796/5123/14 2797/5124/14 4917/5104/14
f 2797/5124/14 2798/5125/14 4918/5105/14
f 2798/5125/14 2799/5126/14 4919/5106/14
f 2799/5126/14 2800/2798/14 4920/2800/14
f 4940/5127/13 2760/4688/13 2675/4690/13
f 4960/5129/13 2759/4727/13 2760/4688/13
f 4980/5130/13 2758/4748/13 2759/4727/13
f 5000/5131/13 2757/4768/13 2758/4748/13
f 5020/5132/13 2756/4788/13 2757/4768/13
f 5040/5133/13 2755/4808/13 2756/4788/13
f 5060/5134/13 2754/4828/13 2755/4808/13
f 5080/5135/13 2753/4848/13 2754/4828/13
f 5100/5136/13 2752/4868/13 2753/4848/13
f 5120/5137/13 2751/4888/13 2752/4868/13
f 5140/5138/13 2750/4908/13 2751/4888/13
f 5160/5139/13 2749/4928/13 2750/4908/13
f 5180/5140/13 2748/4948/13 2749/4928/13
f 5200/5141/13 2747/4968/13 2748/4948/13
f 5220/5142/13 2746/4988/13 2747/4968/13
f 5240/5143/13 2745/5008/13 2746/4988/13
f 5260/5144/13 2744/5028/13 2745/5008/13
f 5280/5145/13 2743/5048/13 2744/5028/13
f 5300/5146/13 2742/5068/13 2743/5048/13
f 5320/2797/13 2741/2796/13 2742/5068/13
f 2701/5147/13 4921/5187/13 2700/5148/13
f 2700/5148/13 4921/5187/13 4922/5150/13
f 2699/5151/13 4922/5150/13 4923/5152/13
f 2698/5153/13 4923/5152/13 4924/5154/13
f 2697/5155/13 4924/5154/13 4925/5156/13
f 2696/5157/13 4925/5156/13 4926/5158/13
f 2695/5159/13 4926/5158/13 4927/5160/13
f 2694/5161/13 4927/5160/13 4928/5162/13
f 2693/5163/13 4928/5162/13 4929/5164/13
f 2692/5165/13 4929/5164/13 4930/5166/13
f 2691/5167/13 4930/5166/13 4931/5168/13
f 2690/5169/13 4931/5168/13 4932/5170/13
f 2689/5171/13 4932/5170/13 4933/5172/13
f 2688/5173/13 4933/5172/13 4934/5174/13
f 2687/5175/13 4934/5174/13 4935/5176/13
f 2686/5177/13 4935/5176/13 4936/5178/13
f 2685/5179/13 4936/5178/13 4937/5180/13
f 2684/5181/13 4937/5180/13 4938/5182/13
f 2683/5183/13 4938/5182/13 4939/5184/13
f 2682/5185/13 4939/5184/13 4940/5127/13
f 2702/5186/13 4941/5188/13 4921/5187/13
f 4941/5188/13 4942/5189/13 4922/5150/13
f 4942/5189/13 4943/5190/13 4923/5152/13
f 4943/5190/13 4944/5191/13 4924/5154/13
f 4944/5191/13 4945/5192/13 4925/5156/13
f 4945/5192/13 4946/5193/13 4926/5158/13
f 4946/5193/13 4947/5194/13 4927/5160/13
f 4947/5194/13 4948/5195/13 4928/5162/13
f 4948/5195/13 4949/5196/13 4929/5164/13
f 4949/5196/13 4950/5197/13 4930/5166/13
f 4950/5197/13 4951/5198/13 4931/5168/13
f 4951/5198/13 4952/5199/13 4932/5170/13
f 4952/5199/13 4953/5200/13 4933/5172/13
f 4953/5200/13 4954/5201/13 4934/5174/13
f 4954/5201/13 4955/5202/13 4935/5176/13
f 4955/5202/13 4956/5203/13 4936/5178/13
f 4956/5203/13 4957/5204/13 4937/5180/13
f 4957/5204/13 4958/5205/13 4938/5182/13
f 4958/5205/13 4959/5206/13 4939/5184/13
f 4959/5206/13 4960/5129/13 4940/5127/13
f 2703/5207/13 4961/5208/13 4941/5188/13
f 4961/5208/13 4962/5209/13 4942/5189/13
f 4962/5209/13 4963/5210/13 4943/5190/13
f 4963/5210/13 4964/5211/13 4944/5191/13
f 4964/5211/13 4965/5212/13 4945/5192/13
f 4965/5212/13 4966/5213/13 4946/5193/13
f 4966/5213/13 4967/5214/13 4947/5194/13
f 4967/5214/13 4968/5215/13 4948/5195/13
f 4968/5215/13 4969/5216/13 4949/5196/13
f 4969/5216/13 4970/5217/13 4950/5197/13
f 4970/5217/13 4971/5218/13 4951/5198/13
f 4971/5218/13 4972/5219/13 4952/5199/13
f 4972/5219/13 4973/5220/13 4953/5200/13
f 4973/5220/13 4974/5221/13 4954/5201/13
f 4974/5221/13 4975/5222/13 4955/5202/13
f 4975/5222/13 4976/5223/13 4956/5203/13
f 4976/5223/13 4977/5224/13 4957/5204/13
f 4977/5224/13 4978/5225/13 4958/5205/13
f 4978/5225/13 4979/5226/13 4959/5206/13
f 4979/5226/13 4980/5130/13 4960/5129/13
f 2704/5227/13 4981/5228/13 4961/5208/13
f 4981/5228/13 4982/5229/13 4962/5209/13
f 4982/5229/13 4983/5230/13 4963/5210/13
f 4983/5230/13 4984/5231/13 4964/5211/13
f 4984/5231/13 4985/5232/13 4965/5212/13
f 4985/5232/13 4986/5233/13 4966/5213/13
f 4986/5233/13 4987/5234/13 4967/5214/13
f 4987/5234/13 4988/5235/13 4968/5215/13
f 4988/5235/13 4989/5236/13 4969/5216/13
f 4989/5236/13 4990/5237/13 4970/5217/13
f 4990/5237/13 4991/5238/13 4971/5218/13
f 4991/5238/13 4992/5239/13 4972/5219/13
f 4992/5239/13 4993/5240/13 4973/5220/13
f 4993/5240/13 4994/5241/13 4974/5221/13
f 4994/5241/13 4995/5242/13 4975/5222/13
f 4995/5242/13 4996/5243/13 4976/5223/13
f 4996/5243/13 4997/5244/13 4977/5224/13
f 4997/5244/13 4998/5245/13 4978/5225/13
f 4998/5245/13 4999/5246/13 4979/5226/13
f 4999/5246/13 5000/5131/13 4980/5130/13
f 2705/5247/13 5001/5248/13 4981/5228/13
f 5001/5248/13 5002/5249/13 4982/5229/13
f 5002/5249/13 5003/5250/13 4983/5230/13
f 5003/5250/13 5004/5251/13 4984/5231/13
f 5004/5251/13 5005/5252/13 4985/5232/13
f 5005/5252/13 5006/5253/13 4986/5233/13
f 5006/5253/13 5007/5254/13 4987/5234/13
f 5007/5254/13 5008/5255/13 4988/5235/13
f 5008/5255/13 5009/5256/13 4989/5236/13
f 5009/5256/13 5010/5257/13 4990/5237/13
f 5010/5257/13 5011/5258/13 4991/5238/13
f 5011/5258/13 5012/5259/13 4992/5239/13
f 5012/5259/13 5013/5260/13 4993/5240/13
f 5013/5260/13 5014/5261/13 4994/5241/13
f 5014/5261/13 5015/5262/13 4995/5242/13
f 5015/5262/13 5016/5263/13 4996/5243/13
f 5016/5263/13 5017/5264/13 4997/5244/13
f 5017/5264/13 5018/5265/13 4998/5245/13
f 5018/5265/13 5019/5266/13 4999/5246/13
f 5019/5266/13 5020/5132/13 5000/5131/13
f 2706/5267/13 5021/5268/13 5001/5248/13
f 5021/5268/13 5022/5269/13 5002/5249/13
f 5022/5269/13 5023/5270/13 5003/5250/13
f 5023/5270/13 5024/5271/13 5004/5251/13
f 5024/5271/13 5025/5272/13 5005/5252/13
f 5025/5272/13 5026/5273/13 5006/5253/13
f 5026/5273/13 5027/5274/13 5007/5254/13
f 5027/5274/13 5028/5275/13 5008/5255/13
f 5028/5275/13 5029/5276/13 5009/5256/13
f 5029/5276/13 5030/5277/13 5010/5257/13
f 5030/5277/13 5031/5278/13 5011/5258/13
f 5031/5278/13 5032/5279/13 5012/5259/13
f 5032/5279/13 5033/5280/13 5013/5260/13
f 5033/5280/13 5034/5281/13 5014/5261/13
f 5034/5281/13 5035/5282/13 5015/5262/13
f 5035/5282/13 5036/5283/13 5016/5263/13
f 5036/5283/13 5037/5284/13 5017/5264/13
f 5037/5284/13 5038/5285/13 5018/5265/13
f 5038/5285/13 5039/5286/13 5019/5266/13
f 5039/5286/13 5040/5133/13 5020/5132/13
f 2707/5287/13 5041/5288/13 5021/5268/13
f 5041/5288/13 5042/5289/13 5022/5269/13
f 5042/5289/13 5043/5290/13 5023/5270/13
f 5043/5290/13 5044/5291/13 5024/5271/13
f 5044/5291/13 5045/5292/13 5025/5272/13
f 5045/5292/13 5046/5293/13 5026/5273/13
f 5046/5293/13 5047/5294/13 5027/5274/13
f 5047/5294/13 5048/5295/13 5028/5275/13
f 5048/5295/13 5049/5296/13 5029/5276/13
f 5049/5296/13 5050/5297/13 5030/5277/13
f 5050/5297/13 5051/5298/13 5031/5278/13
f 5051/5298/13 5052/5299/13 5032/5279/13
f 5052/5299/13 5053/5300/13 5033/5280/13
f 5053/5300/13 5054/5301/13 5034/5281/13
f 5054/5301/13 5055/5302/13 5035/5282/13
f 5055/5302/13 5056/5303/13 5036/5283/13
f 5056/5303/13 5057/5304/13 5037/5284/13
f 5057/5304/13 5058/5305/13 5038/5285/13
f 5058/5305/13 5059/5306/13 5039/5286/13
f 5059/5306/13 5060/5134/13 5040/5133/13
f 2708/5307/13 5061/5308/13 5041/5288/13
f 5061/5308/13 5062/5309/13 5042/5289/13
f 5062/5309/13 5063/5310/13 5043/5290/13
f 5063/5310/13 5064/5311/13 5044/5291/13
f 5064/5311/13 5065/5312/13 5045/5292/13
f 5065/5312/13 5066/5313/13 5046/5293/13
f 5066/5313/13 5067/5314/13 5047/5294/13
f 5067/5314/13 5068/5315/13 5048/5295/13
f 5068/5315/13 5069/5316/13 5049/5296/13
f 5069/5316/13 5070/5317/13 5050/5297/13
f 5070/5317/13 5071/5318/13 5051/5298/13
f 5071/5318/13 5072/5319/13 5052/5299/13
f 5072/5319/13 5073/5320/13 5053/5300/13
f 5073/5320/13 5074/5321/13 5054/5301/13
f 5074/5321/13 5075/5322/13 5055/5302/13
f 5075/5322/13 5076/5323/13 5056/5303/13
f 5076/5323/13 5077/5324/13 5057/5304/13
f 5077/5324/13 5078/5325/13 5058/5305/13
f 5078/5325/13 5079/5326/13 5059/5306/13
f 5079/5326/13 5080/5135/13 5060/5134/13
f 2709/5327/13 5081/5328/13 5061/5308/13
f 5081/5328/13 5082/5329/13 5062/5309/13
f 5082/5329/13 5083/5330/13 5063/5310/13
f 5083/5330/13 5084/5331/13 5064/5311/13
f 5084/5331/13 5085/5332/13 5065/5312/13
f 5085/5332/13 5086/5333/13 5066/5313/13
f 5086/5333/13 5087/5334/13 5067/5314/13
f 5087/5334/13 5088/5335/13 5068/5315/13
f 5088/5335/13 5089/5336/13 5069/5316/13
f 5089/5336/13 5090/5337/13 5070/5317/13
f 5090/5337/13 5091/5338/13 5071/5318/13
f 5091/5338/13 5092/5339/13 5072/5319/13
f 5092/5339/13 5093/5340/13 5073/5320/13
f 5093/5340/13 5094/5341/13 5074/5321/13
f 5094/5341/13 5095/5342/13 5075/5322/13
f 5095/5342/13 5096/5343/13 5076/5323/13
f 5096/5343/13 5097/5344/13 5077/5324/13
f 5097/5344/13 5098/5345/13 5078/5325/13
f 5098/5345/13 5099/5346/13 5079/5326/13
f 5099/5346/13 5100/5136/13 5080/5135/13
f 2710/5347/13 5101/5348/13 5081/5328/13
f 5101/5348/13 5102/5349/13 5082/5329/13
f 5102/5349/13 5103/5350/13 5083/5330/13
f 5103/5350/13 5104/5351/13 5084/5331/13
f 5104/5351/13 5105/5352/13 5085/5332/13
f 5105/5352/13 5106/5353/13 5086/5333/13
f 5106/5353/13 5107/5354/13 5087/5334/13
f 5107/5354/13 5108/5355/13 5088/5335/13
f 5108/5355/13 5109/5356/13 5089/5336/13
f 5109/5356/13 5110/5357/13 5090/5337/13
f 5110/5357/13 5111/5358/13 5091/5338/13
f 5111/5358/13 5112/5359/13 5092/5339/13
f 5112/5359/13 5113/5360/13 5093/5340/13
f 5113/5360/13 5114/5361/13 5094/5341/13
f 5114/5361/13 5115/5362/13 5095/5342/13
f 5115/5362/13 5116/5363/13 5096/5343/13
f 5116/5363/13 5117/5364/13 5097/5344/13
f 5117/5364/13 5118/5365/13 5098/5345/13
f 5118/5365/13 5119/5366/13 5099/5346/13
f 5119/5366/13 5120/5137/13 5100/5136/13
f 2711/5367/13 5121/5368/13 5101/5348/13
f 5121/5368/13 5122/5369/13 5102/5349/13
f 5122/5369/13 5123/5370/13 5103/5350/13
f 5123/5370/13 5124/5371/13 5104/5351/13
f 5124/5371/13 5125/5372/13 5105/5352/13
f 5125/5372/13 5126/5373/13 5106/5353/13
f 5126/5373/13 5127/5374/13 5107/5354/13
f 5127/5374/13 5128/5375/13 5108/5355/13
f 5128/5375/13 5129/5376/13 5109/5356/13
f 5129/5376/13 5130/5377/13 5110/5357/13
f 5130/5377/13 5131/5378/13 5111/5358/13
f 5131/5378/13 5132/5379/13 5112/5359/13
f 5132/5379/13 5133/5380/13 5113/5360/13
f 5133/5380/13 5134/5381/13 5114/5361/13
f 5134/5381/13 5135/5382/13 5115/5362/13
f 5135/5382/13 5136/5383/13 5116/5363/13
f 5136/5383/13 5137/5384/13 5117/5364/13
f 5137/5384/13 5138/5385/13 5118/5365/13
f 5138/5385/13 5139/5386/13 5119/5366/13
f 5139/5386/13 5140/5138/13 5120/5137/13
f 2712/5387/13 5141/5388/13 5121/5368/13
f 5141/5388/13 5142/5389/13 5122/5369/13
f 5142/5389/13 5143/5390/13 5123/5370/13
f 5143/5390/13 5144/5391/13 5124/5371/13
f 5144/5391/13 5145/5392/13 5125/5372/13
f 5145/5392/13 5146/5393/13 5126/5373/13
f 5146/5393/13 5147/5394/13 5127/5374/13
f 5147/5394/13 5148/5395/13 5128/5375/13
f 5148/5395/13 5149/5396/13 5129/5376/13
f 5149/5396/13 5150/5397/13 5130/5377/13
f 5150/5397/13 5151/5398/13 5131/5378/13
f 5151/5398/13 5152/5399/13 5132/5379/13
f 5152/5399/13 5153/5400/13 5133/5380/13
f 5153/5400/13 5154/5401/13 5134/5381/13
f 5154/5401/13 5155/5402/13 5135/5382/13
f 5155/5402/13 5156/5403/13 5136/5383/13
f 5156/5403/13 5157/5404/13 5137/5384/13
f 5157/5404/13 5158/5405/13 5138/5385/13
f 5158/5405/13 5159/5406/13 5139/5386/13
f 5159/5406/13 5160/5139/13 5140/5138/13
f 2713/5407/13 5161/5408/13 5141/5388/13
f 5161/5408/13 5162/5409/13 5142/5389/13
f 5162/5409/13 5163/5410/13 5143/5390/13
f 5163/5410/13 5164/5411/13 5144/5391/13
f 5164/5411/13 5165/5412/13 5145/5392/13
f 5165/5412/13 5166/5413/13 5146/5393/13
f 5166/5413/13 5167/5414/13 5147/5394/13
f 5167/5414/13 5168/5415/13 5148/5395/13
f 5168/5415/13 5169/5416/13 5149/5396/13
f 5169/5416/13 5170/5417/13 5150/5397/13
f 5170/5417/13 5171/5418/13 5151/5398/13
f 5171/5418/13 5172/5419/13 5152/5399/13
f 5172/5419/13 5173/5420/13 5153/5400/13
f 5173/5420/13 5174/5421/13 5154/5401/13
f 5174/5421/13 5175/5422/13 5155/5402/13
f 5175/5422/13 5176/5423/13 5156/5403/13
f 5176/5423/13 5177/5424/13 5157/5404/13
f 5177/5424/13 5178/5425/13 5158/5405/13
f 5178/5425/13 5179/5426/13 5159/5406/13
f 5179/5426/13 5180/5140/13 5160/5139/13
f 2714/5427/13 5181/5428/13 5161/5408/13
f 5181/5428/13 5182/5429/13 5162/5409/13
f 5182/5429/13 5183/5430/13 5163/5410/13
f 5183/5430/13 5184/5431/13 5164/5411/13
f 5184/5431/13 5185/5432/13 5165/5412/13
f 5185/5432/13 5186/5433/13 5166/5413/13
f 5186/5433/13 5187/5434/13 5167/5414/13
f 5187/5434/13 5188/5435/13 5168/5415/13
f 5188/5435/13 5189/5436/13 5169/5416/13
f 5189/5436/13 5190/5437/13 5170/5417/13
f 5190/5437/13 5191/5438/13 5171/5418/13
f 5191/5438/13 5192/5439/13 5172/5419/13
f 5192/5439/13 5193/5440/13 5173/5420/13
f 5193/5440/13 5194/5441/13 5174/5421/13
f 5194/5441/13 5195/5442/13 5175/5422/13
f 5195/5442/13 5196/5443/13 5176/5423/13
f 5196/5443/13 5197/5444/13 5177/5424/13
f 5197/5444/13 5198/5445/13 5178/5425/13
f 5198/5445/13 5199/5446/13 5179/5426/13
f 5199/5446/13 5200/5141/13 5180/5140/13
f 2715/5447/13 5201/5448/13 5181/5428/13
f 5201/5448/13 5202/5449/13 5182/5429/13
f 5202/5449/13 5203/5450/13 5183/5430/13
f 5203/5450/13 5204/5451/13 5184/5431/13
f 5204/5451/13 5205/5452/13 5185/5432/13
f 5205/5452/13 5206/5453/13 5186/5433/13
f 5206/5453/13 5207/5454/13 5187/5434/13
f 5207/5454/13 5208/5455/13 5188/5435/13
f 5208/5455/13 5209/5456/13 5189/5436/13
f 5209/5456/13 5210/5457/13 5190/5437/13
f 5210/5457/13 5211/5458/13 5191/5438/13
f 5211/5458/13 5212/5459/13 5192/5439/13
f 5212/5459/13 5213/5460/13 5193/5440/13
f 5213/5460/13 5214/5461/13 5194/5441/13
f 5214/5461/13 5215/5462/13 5195/5442/13
f 5215/5462/13 5216/5463/13 5196/5443/13
f 5216/5463/13 5217/5464/13 5197/5444/13
f 5217/5464/13 5218/5465/13 5198/5445/13
f 5218/5465/13 5219/5466/13 5199/5446/13
f 5219/5466/13 5220/5142/13 5200/5141/13
f 2716/5467/13 5221/5468/13 5201/5448/13
f 5221/5468/13 5222/5469/13 5202/5449/13
f 5222/5469/13 5223/5470/13 5203/5450/13
f 5223/5470/13 5224/5471/13 5204/5451/13
f 5224/5471/13 5225/5472/13 5205/5452/13
f 5225/5472/13 5226/5473/13 5206/5453/13
f 5226/5473/13 5227/5474/13 5207/5454/13
f 5227/5474/13 5228/5475/13 5208/5455/13
f 5228/5475/13 5229/5476/13 5209/5456/13
f 5229/5476/13 5230/5477/13 5210/5457/13
f 5230/5477/13 5231/5478/13 5211/5458/13
f 5231/5478/13 5232/5479/13 5212/5459/13
f 5232/5479/13 5233/5480/13 5213/5460/13
f 5233/5480/13 5234/5481/13 5214/5461/13
f 5234/5481/13 5235/5482/13 5215/5462/13
f 5235/5482/13 5236/5483/13 5216/5463/13
f 5236/5483/13 5237/5484/13 5217/5464/13
f 5237/5484/13 5238/5485/13 5218/5465/13
f 5238/5485/13 5239/5486/13 5219/5466/13
f 5239/5486/13 5240/5143/13 5220/5142/13
f 2717/5487/13 5241/5488/13 5221/5468/13
f 5241/5488/13 5242/5489/13 5222/5469/13
f 5242/5489/13 5243/5490/13 5223/5470/13
f 5243/5490/13 5244/5491/13 5224/5471/13
f 5244/5491/13 5245/5492/13 5225/5472/13
f 5245/5492/13 5246/5493/13 5226/5473/13
f 5246/5493/13 5247/5494/13 5227/5474/13
f 5247/5494/13 5248/5495/13 5228/5475/13
f 5248/5495/13 5249/5496/13 5229/5476/13
f 5249/5496/13 5250/5497/13 5230/5477/13
f 5250/5497/13 5251/5498/13 5231/5478/13
f 5251/5498/13 5252/5499/13 5232/5479/13
f 5252/5499/13 5253/5500/13 5233/5480/13
f 5253/5500/13 5254/5501/13 5234/5481/13
f 5254/5501/13 5255/5502/13 5235/5482/13
f 5255/5502/13 5256/5503/13 5236/5483/13
f 5256/5503/13 5257/5504/13 5237/5484/13
f 5257/5504/13 5258/5505/13 5238/5485/13
f 5258/5505/13 5259/5506/13 5239/5486/13
f 5259/5506/13 5260/5144/13 5240/5143/13
f 2718/5507/13 5261/5508/13 5241/5488/13
f 5261/5508/13 5262/5509/13 5242/5489/13
f 5262/5509/13 5263/5510/13 5243/5490/13
f 5263/5510/13 5264/5511/13 5244/5491/13
f 5264/5511/13 5265/5512/13 5245/5492/13
f 5265/5512/13 5266/5513/13 5246/5493/13
f 5266/5513/13 5267/5514/13 5247/5494/13
f 5267/5514/13 5268/5515/13 5248/5495/13
f 5268/5515/13 5269/5516/13 5249/5496/13
f 5269/5516/13 5270/5517/13 5250/5497/13
f 5270/5517/13 5271/5518/13 5251/5498/13
f 5271/5518/13 5272/5519/13 5252/5499/13
f 5272/5519/13 5273/5520/13 5253/5500/13
f 5273/5520/13 5274/5521/13 5254/5501/13
f 5274/5521/13 5275/5522/13 5255/5502/13
f 5275/5522/13 5276/5523/13 5256/5503/13
f 5276/5523/13 5277/5524/13 5257/5504/13
f 5277/5524/13 5278/5525/13 5258/5505/13
f 5278/5525/13 5279/5526/13 5259/5506/13
f 5279/5526/13 5280/5145/13 5260/5144/13
f 2719/5527/13 5281/5528/13 5261/5508/13
f 5281/5528/13 5282/5529/13 5262/5509/13
f 5282/5529/13 5283/5530/13 5263/5510/13
f 5283/5530/13 5284/5531/13 5264/5511/13
f 5284/5531/13 5285/5532/13 5265/5512/13
f 5285/5532/13 5286/5533/13 5266/5513/13
f 5286/5533/13 5287/5534/13 5267/5514/13
f 5287/5534/13 5288/5535/13 5268/5515/13
f 5288/5535/13 5289/5536/13 5269/5516/13
f 5289/5536/13 5290/5537/13 5270/5517/13
f 5290/5537/13 5291/5538/13 5271/5518/13
f 5291/5538/13 5292/5539/13 5272/5519/13
f 5292/5539/13 5293/5540/13 5273/5520/13
f 5293/5540/13 5294/5541/13 5274/5521/13
f 5294/5541/13 5295/5542/13 5275/5522/13
f 5295/5542/13 5296/5543/13 5276/5523/13
f 5296/5543/13 5297/5544/13 5277/5524/13
f 5297/5544/13 5298/5545/13 5278/5525/13
f 5298/5545/13 5299/5546/13 5279/5526/13
f 5299/5546/13 5300/5146/13 5280/5145/13
f 2720/5547/13 5301/5548/13 5281/5528/13
f 5301/5548/13 5302/5549/13 5282/5529/13
f 5302/5549/13 5303/5550/13 5283/5530/13
f 5303/5550/13 5304/5551/13 5284/5531/13
f 5304/5551/13 5305/5552/13 5285/5532/13
f 5305/5552/13 5306/5553/13 5286/5533/13
f 5306/5553/13 5307/5554/13 5287/5534/13
f 5307/5554/13 5308/5555/13 5288/5535/13
f 5308/5555/13 5309/5556/13 5289/5536/13
f 5309/5556/13 5310/5557/13 5290/5537/13
f 5310/5557/13 5311/5558/13 5291/5538/13
f 5311/5558/13 5312/5559/13 5292/5539/13
f 5312/5559/13 5313/5560/13 5293/5540/13
f 5313/5560/13 5314/5561/13 5294/5541/13
f 5314/5561/13 5315/5562/13 5295/5542/13
f 5315/5562/13 5316/5563/13 5296/5543/13
f 5316/5563/13 5317/5564/13 5297/5544/13
f 5317/5564/13 5318/5565/13 5298/5545/13
f 5318/5565/13 5319/5566/13 5299/5546/13
f 5319/5566/13 5320/2797/13 5300/5146/13
f 2674/5567/13 2721/5568/13 5301/5548/13
f 2721/5568/13 2722/5569/13 5302/5549/13
f 2722/5569/13 2723/5570/13 5303/5550/13
f 2723/5570/13 2724/5571/13 5304/5551/13
f 2724/5571/13 2725/5572/13 5305/5552/13
f 2725/5572/13 2726/5573/13 5306/5553/13
f 2726/5573/13 2727/5574/13 5307/5554/13
f 2727/5574/13 2728/5575/13 5308/5555/13
f 2728/5575/13 2729/5576/13 5309/5556/13
f 2729/5576/13 2730/5577/13 5310/5557/13
f 2730/5577/13 2731/5578/13 5311/5558/13
f 2731/5578/13 2732/5579/13 5312/5559/13
f 2732/5579/13 2733/5580/13 5313/5560/13
f 2733/5580/13 2734/5581/13 5314/5561/13
f 2734/5581/13 2735/5582/13 5315/5562/13
f 2735/5582/13 2736/5583/13 5316/5563/13
f 2736/5583/13 2737/5584/13 5317/5564/13
f 2737/5584/13 2738/5585/13 5318/5565/13
f 2738/5585/13 2739/5586/13 5319/5566/13
f 2739/5586/13 2740/2795/13 5320/2797/13
